  0.197041     0.02068 -0.00516055   0.0142421  -0.237116 -0.0343113   0.949613
  0.201165   0.0254736 -0.00622581   0.0131769  -0.236139 -0.0290623   0.972684
  0.207041   0.0100273 -0.00516055  0.00944844  -0.244318 -0.0179539   0.999418
  0.211102  -0.0128759 -0.00569318  0.00572002  -0.246393 -0.0192966    1.00332
   0.21704   -0.011278 -0.00462792  0.00785054  -0.237726 -0.0219822   0.985136
  0.221499  0.00470098 -0.00196476   0.0137095  -0.234186 -0.0188084   0.966215
  0.226782  0.00683151 -0.00303002   0.0131769  -0.238337 -0.0238133   0.952055
  0.231122 0.000439926 -0.00516055  0.00785055  -0.238092 -0.0315037   0.948881
  0.237044  0.00203782 -0.00409528  0.00518738   -0.23736 -0.0252781   0.964506
  0.241362 -0.00222324 -0.00249739  0.00518738   -0.24383 -0.0173435   0.985014
  0.246984  -0.0176696 -0.00143212  0.00305685  -0.243586 -0.0217381   0.988798
  0.251244   -0.0150064 -0.000899491   0.00465475   -0.23443 -0.0214939   0.976224
   0.25704 -0.00754956 0.000698406  0.00625265  -0.231989 -0.0158787    0.96414
  0.261091   -0.0048864 -0.000899491   0.00678528  -0.235407 -0.0225925   0.957182
   0.26704  0.00470098 -0.00569318  0.00731791  -0.23443 -0.030405   0.95889
  0.271513  0.00150519 -0.00516055  0.00305685  -0.235895 -0.0240574   0.977079
   0.27704  -0.0118106 -0.00303002  0.00199159 -0.242975 -0.018198  0.997709
  0.281127  -0.0224633 -0.00249739  0.00305685  -0.241755 -0.0212498   0.996854
   0.28704  -0.0166043 -0.00143212  0.00785054  -0.232843 -0.0195408   0.977445
  0.291442  -0.0118106 0.000698406  0.00838318   -0.22967 -0.0173435   0.956937
   0.29704 -0.00808219  0.00176367  0.00518738   -0.23028 -0.0269871   0.944608
  0.301278   0.00896204 -0.000899491   0.00731791  -0.228571 -0.0337009    0.94827
  0.307041   0.0110926 -0.00356265  0.00731791  -0.233088 -0.0263767    0.96829
  0.311229  0.00363572 -0.00516055  0.00731791  -0.241022 -0.0223484   0.991727
  0.316983  0.00736415 -0.00782371   0.0131769  -0.240412 -0.0254002   0.999296
  0.321126  0.00470098 -0.00729108   0.0147748  -0.235773 -0.0222263   0.989164
  0.327041  -0.0048864 -0.00249739    0.011579  -0.235529 -0.0205174   0.970121
  0.331146  -0.0160717 0.000698406  0.00572002  -0.236628 -0.0291843   0.955961
   0.33704  -0.0123432 -0.00143212  0.00305685  -0.236628 -0.0344334   0.953519
  0.341449  0.00576625 -0.00569318  0.00891581  -0.239069 -0.0282078   0.962919
  0.347112 -0.00435376 -0.00409528  0.00678528  -0.244806 -0.0257664   0.980863
  0.351226 -0.00595166 -0.00409528  0.00944844 -0.245417 -0.028574  0.988309
  0.357042 0.000972558 -0.00303002   0.0105137  -0.239801 -0.0235691   0.977567
  0.361282 -0.00754956 0.000698406  0.00731791  -0.237238 -0.0221043   0.961942
  0.367041  -0.00382113 -0.000899491   0.00944844  -0.237238 -0.0307713   0.954496
  0.371307  0.00470098 -0.00303002  0.00625265  -0.237482 -0.0332127   0.955473
  0.377039  0.00523362 -0.00462792  0.00358948  -0.240656 -0.0273533   0.970609
  0.381332  0.00470098 -0.00675845  0.00785054  -0.245661 -0.0249119    0.99539
  0.387041 -0.00435376 -0.00675845  0.00838318  -0.245783 -0.0240574    1.00052
  0.391137  -0.0150064 -0.00356265  0.00518738  -0.239557 -0.0184422   0.982938
  0.397041  -0.0144738 0.000165774  0.00678528  -0.233942 -0.0173435   0.961698
  0.401631 -0.00808219  0.00123104  0.00838318  -0.232965 -0.0261326   0.948026
  0.406964 -0.000625339  -0.00196476   0.00731791   -0.23321 -0.0299168   0.943754
  0.411241 -0.000625339  -0.00462792   0.00305685  -0.234919 -0.0249119   0.956937
  0.417042 -0.00275587 -0.00462792  0.00199159  -0.241266 -0.0219822   0.984647
  0.421193 0.000972558 -0.00569318  0.00678528  -0.243708 -0.0197849   0.997343
  0.427042 -0.00115797 -0.00516055   0.0105137  -0.238703 -0.0152683   0.990263
  0.431533 -0.00115797 -0.00249739   0.0137095  -0.236505 -0.0155125   0.977201
  0.436794  0.00150519 -0.00143212   0.0126442  -0.238092 -0.0221043   0.961698
  0.441248 0.000439926 -0.00249739  0.00785055 -0.236383 -0.025034   0.95181
  0.447041  0.00310309 -0.00409528  0.00678528  -0.236994 -0.0223484   0.960355
  0.451423  0.00203782 -0.00516055  0.00625265   -0.24505 -0.0210056   0.980741
  0.457041 -0.00222324 -0.00462792  0.00625265  -0.246637 -0.0211277   0.987943
  0.461363  -0.0016906 -0.00356265   0.0110463  -0.238459 -0.0185642   0.977811
  0.466813  0.000439926 -0.000366859    0.0121116  -0.235285 -0.0183201   0.965849
  0.471214 -0.00382113  0.00123104  0.00785055  -0.237604 -0.0247898   0.955228
  0.477041  -0.0016906 -0.00196476  0.00678528  -0.235895 -0.0284519   0.949735
  0.481622  0.00416835 -0.00356265  0.00572002   -0.23736 -0.0258884   0.965849
  0.486917  0.00310309 -0.00569318  0.00625265  -0.247004 -0.0254002   0.993436
  0.491048  -0.0032885 -0.00729108  0.00785055  -0.248346 -0.0255222   0.999662
  0.497039 -0.00222324 -0.00462792   0.0110463  -0.240534 -0.0206394   0.987943
  0.501432   0.00150519 -0.000899491    0.0131769  -0.239435 -0.0190525   0.970853
  0.507126 -0.00435376 0.000165774  0.00891581  -0.239679 -0.0278416   0.950712
  0.511477  -0.00222324 -0.000899491   0.00572002  -0.234308 -0.0340672   0.939359
  0.517125  0.00523362 -0.00143212  0.00465475  -0.235407 -0.0299168   0.953153
  0.521221  -0.0016906 -0.00196476  0.00145896  -0.245783 -0.0279636   0.979765
  0.527125 -0.00808219 -0.00462792  0.00305685  -0.245661 -0.0286961   0.991361
  0.531251 -0.00754956 -0.00356265  0.00678528 -0.237482 -0.023325  0.991117
  0.537125  -0.0198001 0.000698406  0.00305685  -0.238337 -0.0203953    0.98306
  0.541341  -0.0134085 -0.00143212  0.00572001  -0.238825 -0.0277195   0.963041
  0.547124  0.00416835 -0.00462792  0.00998108  -0.233332 -0.0324802   0.951688
  0.551658  0.00150519 -0.00356265  0.00625265  -0.236017 -0.0271091   0.963041
  0.557126 -9.27066e-05  -0.00516055   0.00625265  -0.244806 -0.0258884    0.97952
   0.56151  -0.0048864 -0.00622581  0.00678528  -0.241877 -0.0282078    0.98599
  0.567126   -0.0182022 -0.000366858   0.00305685  -0.234186 -0.0212498   0.982084
  0.571185 -0.0144738 0.00123104 0.00572002  -0.234919 -0.0173435    0.97122
  0.577128 -0.00382113 -0.00196476  0.00944844  -0.232233 -0.0274754   0.954618
  0.581242  0.000439926 -0.000899491   0.00625265  -0.224787 -0.0315037   0.947538
  0.587125  0.00789678 -0.00143212  0.00572002   -0.23089 -0.0247898    0.96414
  0.591512  0.00736415 -0.00622581  0.00678528   -0.24151 -0.0252781   0.989042
  0.597032  0.00363572 -0.00782371  0.00838318  -0.238092 -0.0255222   0.999052
   0.60119 -0.00382113 -0.00356265  0.00891581  -0.233698 -0.0169773   0.995756
  0.607126   -0.0102127 -0.000899491   0.00998107  -0.236994 -0.0151463   0.980009
  0.611718 -0.00701693 -0.00249739   0.0110463 -0.232965 -0.025034  0.953397
  0.617043 -0.00115797 -0.00143212  0.00891581  -0.226496 -0.0288181   0.941801
   0.62125  0.00949467 -0.00249739   0.0105137  -0.233942 -0.0240574    0.95474
  0.627125   0.0190821 -0.00835634   0.0137095  -0.243219 -0.0258884   0.973661
    0.6312    0.024941 -0.00942161   0.0142421  -0.240046 -0.0260105   0.987821
  0.637126 -0.00115797 -0.00303002  0.00518738  -0.238337 -0.0160008   0.993192
  0.641598 -0.00914745 -0.00143212  0.00678528  -0.242975 -0.0149021   0.982572
  0.646946  0.00310309 -0.00409528   0.0131769  -0.238459 -0.0249119   0.964872
  0.651256 -9.27062e-05  -0.00249739   0.00838318  -0.233942 -0.0245457   0.955228
  0.657125  0.00789678 -0.00409528  0.00891581  -0.241632 -0.0200291   0.959501
  0.661654   0.0110926 -0.00675845  0.00998107   -0.24798 -0.0257664   0.974882
  0.666969  0.00470098 -0.00569318  0.00838318  -0.244806 -0.0245457   0.987821
  0.671267 -0.00541903 -0.00303002  0.00731791   -0.24383 -0.0140476   0.986845
  0.677126 -0.00861482 -0.00196476  0.00891581 -0.244318 -0.016367  0.970487
  0.681292 -0.00541903 -0.00143212  0.00944844 -0.236383 -0.026865  0.950712
  0.687126  0.00150519 0.000165774  0.00785054  -0.232843 -0.0263767   0.943021
  0.691417 -0.00701693 0.000698406 0.000926323  -0.240778 -0.0249119   0.954252
  0.697125  -0.0144738 -0.00196476 -0.00173684  -0.246637 -0.0308933   0.978788
  0.701257   -0.011278 -0.00356265 0.000926323  -0.245539 -0.0266209   0.997465
  0.707126  -0.0118106 -0.00249739  0.00465475  -0.245172 -0.0161228   0.999296
  0.711281  -0.0107454 -0.00143212  0.00944844  -0.245172 -0.0197849   0.983427
  0.717126  -0.00754956 -0.000366859   0.00891581  -0.238459 -0.0289402    0.95889
  0.721605 -0.00435376  0.00123104  0.00625265  -0.234308 -0.0279636   0.943388
  0.726973 -0.000625338 -0.000366859   0.00678528  -0.239679 -0.0286961   0.946683
  0.731267  0.00683151 -0.00462792  0.00838318   -0.24383 -0.0344334   0.963651
  0.736885   0.0196147 -0.00675845   0.0110463  -0.243586 -0.0289402   0.983671
  0.741225 -0.00595166 -0.00249739  0.00358949  -0.243952 -0.0191746   0.992338
  0.747125  -0.0144738 -0.00196476  0.00625265  -0.242487 -0.0222263   0.983793
  0.751353  0.00150519 -0.00356265   0.0126442  -0.237116 -0.0279636   0.967802
  0.757127 -0.00222324 -0.00143212  0.00731791  -0.235163 -0.0254002   0.956327
  0.761777  0.00842941 -0.00409528   0.0121116  -0.238825 -0.0269871   0.958524
  0.767128  0.00470098 -0.00569318  0.00944844  -0.242121 -0.0312595   0.973173
  0.771425   -0.0166043  -0.00356265 -0.000671573  -0.241877 -0.0247898   0.988798
  0.777128  -0.0102127 -0.00409528  0.00731791  -0.240168 -0.0173435   0.990995
  0.781133   0.0142884 -0.00516055   0.0201011  -0.237116 -0.0206394   0.976591
  0.786901  -0.0016906 0.000698406  0.00944844  -0.231012 -0.0254002   0.956693
  0.791301   -0.0176696   0.00336157 -0.000671573  -0.227961 -0.0244236   0.943632
  0.797125  -0.00222324 -0.000366859   0.00412212  -0.231867 -0.0260105   0.951444
  0.801456  0.00683151 -0.00462792  0.00678528   -0.23675 -0.0289402   0.975614
  0.807125  0.00203782 -0.00675845  0.00625265 -0.238459 -0.023325  0.993681
  0.811191 -9.27062e-05  -0.00409528   0.00785054  -0.237848 -0.0170994    1.00039
  0.817125 -0.00701693 -0.00196476  0.00944844  -0.237238 -0.0174656    0.99246
  0.821692 -0.00861482 -0.00249739   0.0131769  -0.232843 -0.0201511   0.970121
  0.827051  0.00949467 -0.00303002   0.0179706  -0.228083 -0.0219822   0.949613
    0.8313  0.00949467 -0.00143212   0.0110463  -0.231867 -0.0257664   0.949125
  0.837126  -0.00968009 -0.000899491 -0.000671573  -0.237848 -0.0283299   0.962431
  0.841287 -0.00701693 -0.00409528  0.00145896 -0.239191 -0.023447  0.975614
  0.847126 0.000972558 -0.00356265  0.00838318  -0.239069 -0.0179539   0.985258
  0.851487 -0.00382113 -0.00143212  0.00998107  -0.239801 -0.0194187   0.985014
  0.857126 -0.00541903 -0.00196476  0.00838318  -0.236383 -0.0225925   0.969755
  0.861319   -0.0032885 -0.000899491   0.00572002  -0.232111 -0.0232029   0.958402
  0.867125 -9.27066e-05 -0.000899491   0.00518738  -0.237482 -0.0260105    0.96182
  0.871535  0.00470098 -0.00356265  0.00518738 -0.243341 -0.028574  0.972684
  0.877131  0.00949467 -0.00622581  0.00891581  -0.241999 -0.0252781   0.986967
  0.881286  0.00523362 -0.00516055   0.0126442  -0.241632 -0.0194187   0.993925
  0.887125   -0.0107454 -0.000899491   0.00731791  -0.241999 -0.0194187   0.982084
  0.891215  -0.0309854   0.0022963 -0.00226947  -0.235163 -0.0230808   0.957182
  0.897125  -0.021398  0.0022963 -0.0012042  -0.228937 -0.0241795   0.943143
  0.901387  -0.0118106  0.00123104 -0.00173684  -0.234064 -0.0278416   0.950101
  0.907125    -0.021398 -0.000899491  -0.00812842  -0.239313 -0.0311375   0.964384
  0.911445  0.00416835 -0.00622581  0.00412212   -0.23797 -0.0264988   0.984403
  0.916977   0.0190821 -0.00675845   0.0137095  -0.239679 -0.0191746     1.0043
  0.921227  0.00310309 -0.00303002   0.0110463  -0.242365 -0.0191746   0.997465
  0.927126 0.000439926 -0.00196476   0.0121116  -0.235407 -0.0239353   0.972318
  0.931538  -0.00115797 -0.000366859    0.0105137  -0.229914 -0.0247898   0.954496
   0.93702   -0.0016906 -0.000899491   0.00891581   -0.23675 -0.0280857   0.951078
  0.941244  0.00203782 -0.00462792  0.00891581  -0.240656 -0.0326023   0.954618
  0.947051  0.00257045 -0.00516055  0.00838318  -0.238337 -0.0288181    0.97122
  0.951193 0.000439926 -0.00303002  0.00838318  -0.242487 -0.0219822   0.989896
  0.957125  -0.0048864 -0.00249739  0.00944844  -0.245539 -0.0240574   0.983915
  0.961391   -0.0102127 -0.000899491   0.00891581  -0.238092 -0.0271091   0.966703
  0.967126 -0.00861482  0.00123104  0.00678528  -0.235041 -0.0244236   0.960111
  0.971707  -0.00222324 -0.000899491   0.00518738  -0.242487 -0.0272312   0.960355
  0.977033  0.00310309 -0.00462792  0.00412212  -0.245172 -0.0327244   0.964506
  0.981255  0.00416835 -0.00516055  0.00518738  -0.244318 -0.0282078   0.982694
  0.987124  -0.0144738 -0.00249739  0.00145896  -0.249689 -0.0195408   0.997465
  0.991394   -0.0336485  -0.00196476 -0.000671569   -0.24859 -0.0211277   0.985014
  0.997126  -0.0245938 -0.00196476  0.00465475  -0.237238 -0.0240574   0.961332
    1.0012 -0.00914745  0.00123104  0.00785055   -0.23443 -0.0213718   0.947172
   1.00713 -0.00222324 0.000698406  0.00838318  -0.239679 -0.0267429   0.944486
   1.01158  0.00363572 -0.00409528  0.00731791  -0.238581 -0.0330906   0.954618
   1.01707  0.00789678 -0.00516055  0.00625265  -0.238825 -0.0245457   0.979765
   1.02113   0.0174842 -0.00675845   0.0153074  -0.246027 -0.0158787    1.00125
   1.02713   0.0260063 -0.00888897   0.0232969  -0.244928 -0.0195408    0.99661
   1.03163   0.0100273 -0.00409528   0.0153074  -0.235529 -0.0202732   0.977933
   1.03713 -0.0176696 0.00282893 0.00358948   -0.23443 -0.0168552   0.961576
   1.04137 -0.0203327 0.00123104 0.00145895  -0.239191 -0.0235691    0.95059
   1.04713  -0.0107454 -0.00249739  0.00305685   -0.23675 -0.0290623   0.952299
    1.0512 -0.00648429 -0.00196476  0.00145896  -0.237848 -0.0212498   0.971586
   1.05712  -0.0187348 0.000165774 -0.00226947  -0.245783 -0.0161228   0.988432
   1.06164  -0.0144738 -0.00196476  0.00465475  -0.243586 -0.0212498    0.98306
   1.06679 -0.00222324 -0.00196476  0.00891581  -0.235773 -0.0201511   0.969999
   1.07164 -0.0102127 0.00176367 0.00572002   -0.23675 -0.0173435   0.961698
   1.07713  -0.00435376 -0.000366859   0.00785055 -0.239313 -0.026865  0.956449
   1.08139  0.00416835 -0.00409528  0.00785055  -0.237116 -0.0317478   0.962431
   1.08713  0.00203782 -0.00569318  0.00678528  -0.241632 -0.0227146   0.984281
   1.09138  -0.0160717 -0.00356265  0.00252422  -0.247614 -0.0195408    1.00064
   1.09712  -0.0320506 -0.00303002  0.00252422  -0.242365 -0.0241795   0.991605
   1.10134  -0.0203327 -0.00303002  0.00838318  -0.233698 -0.0211277   0.970365
   1.10713  -0.00595166 -0.000366859    0.0105137  -0.231745 -0.0197849     0.9512
   1.11144  -0.00648429 -0.000366859   0.00785054  -0.231256 -0.0307713   0.943265
   1.11712   0.0126905 -0.00516055   0.0121116  -0.229425 -0.0351658   0.952665
   1.12152   0.0126905 -0.00516055  0.00838318  -0.234064 -0.0261326   0.976102
   1.12683 -0.00541903 -0.00462792  0.00412212  -0.239801 -0.0236912   0.997343
    1.1313   0.0110926 -0.00835634     0.01584  -0.236628 -0.0266209   0.998197
   1.13713   0.0185494 -0.00516055   0.0174379 -0.231867 -0.021616  0.985014
   1.14147  -0.00222324 -0.000366859   0.00998108  -0.231867 -0.0213718   0.967802
   1.14713  -0.0032885 -0.00196476  0.00998108 -0.231867 -0.031992  0.954618
    1.1513  0.00842941 -0.00356265  0.00944844  -0.231745 -0.0329685   0.953153
   1.15713   0.0105599 -0.00462792  0.00944844 -0.236872 -0.025034   0.96768
   1.16165   0.0116252 -0.00622581   0.0131769  -0.242853 -0.0257664   0.985624
   1.16713   0.0100273 -0.00569318   0.0137095   -0.24029 -0.0275974   0.987821
   1.17119 0.000439926 -0.00143212  0.00944844  -0.234919 -0.0207615   0.974638
   1.17712 -0.00861482  0.00176367  0.00572002  -0.234186 -0.0214939   0.960966
   1.18169 -0.0128759 0.00123104 0.00305685  -0.235163 -0.0315037   0.954984
   1.18706 -0.00435376 -0.00196476  0.00305685 -0.236505 -0.030283  0.959135
   1.19129 -0.00382113 -0.00462792  0.00358948  -0.241388 -0.0238133   0.979398
   1.19713  -0.0267243 -0.00303002  -0.0012042  -0.245783 -0.0235691   0.999784
   1.20139  -0.0219306 -0.00303002  0.00252422  -0.243097 -0.0212498   0.996854
   1.20713  -0.0150064 -0.00143212  0.00731791  -0.237604 -0.0158787   0.977323
   1.21135  -0.031518 0.00336157 0.00252422 -0.234186 -0.018198  0.956571
   1.21713  -0.021398 0.00176367 0.00358948   -0.23321 -0.0267429   0.944974
   1.22138    -0.011278 -0.000899491   0.00145896  -0.233942 -0.0275974   0.947172
   1.22713  -0.00754956  -0.00196476 -0.000671573  -0.237238 -0.0225925   0.966703
   1.23131  0.00416835 -0.00462792  0.00625265  -0.242487 -0.0214939   0.991361
   1.23713 -0.00595166 -0.00409528  0.00678528  -0.241999 -0.0195408   0.998197
   1.24166  -0.0176696 -0.00143212  0.00518738  -0.237726 -0.0149021   0.986234
   1.24713  -0.0171369 0.000165774  0.00572002  -0.236628 -0.0173435   0.970731
   1.25136   -0.0128759 -0.000899491   0.00518738 -0.238214 -0.025034  0.957548
   1.25712  0.00416835 -0.00356265  0.00838318  -0.238581 -0.0261326    0.95181
   1.26152   0.0100273 -0.00303002  0.00944844   -0.24151 -0.0235691   0.965482
   1.26713  0.00523362 -0.00462792   0.0105137   -0.24859 -0.0236912   0.985258
   1.27132 -0.000625338  -0.00569318   0.00785054  -0.247736 -0.0228367   0.986478
   1.27701 -0.000625338  -0.00303002   0.00838318  -0.241388 -0.0194187   0.972074
   1.28121   0.00203782 -0.000899491    0.0121116  -0.240168 -0.0213718   0.960111
   1.28713 -0.00701693 0.000698406  0.00518738  -0.241144 -0.0288181   0.952299
   1.29166 -0.00435376 -0.00143212  0.00252422  -0.239679 -0.0308933   0.952909
   1.29707 0.000972558 -0.00249739  0.00252422  -0.242975 -0.0277195   0.974393
    1.3012 -0.00968009 -0.00249739 0.000393692  -0.250666 -0.0262547   0.998075
   1.30713  -0.0261917 -0.00409528  0.00199159  -0.248346 -0.0243015   0.996122
   1.31144  -0.0208654 -0.00356265  0.00838318  -0.239679 -0.0202732   0.980985
   1.31708   -0.0016906 -0.000899491    0.0142421  -0.237116 -0.0221043   0.965726
   1.32122   0.00896204 -0.000899491    0.0147748  -0.235407 -0.0301609   0.946806
   1.32713  0.00949467 -0.00249739   0.0110463  -0.231134 -0.0332127   0.940336
   1.33135   0.0222778 -0.00516055   0.0142421  -0.235041 -0.0290623   0.960111
   1.33703      0.0308 -0.00675845   0.0163727  -0.244074 -0.0267429    0.98538
   1.34122  0.00629888 -0.00516055  0.00678528  -0.241632 -0.0264988   0.994413
   1.34713 -0.00435376 -0.00409528  0.00838318  -0.234674 -0.0218601   0.990385
   1.35152 -0.00541903 -0.00249739   0.0110463  -0.236628 -0.0224705   0.980741
   1.35712  -0.0032885 -0.00303002  0.00891581  -0.237116 -0.0297947   0.960844
   1.36157  0.00789678 -0.00409528  0.00998108  -0.231989 -0.0310154   0.951932
   1.36699 -0.00595166 -0.00196476  0.00358949  -0.235895 -0.0261326   0.967069
   1.37157 -0.00541903 -0.00462792  0.00625265   -0.24444 -0.0258884   0.984403
   1.37712 -0.00541903 -0.00622581  0.00891581  -0.246637 -0.0288181   0.991605
    1.3812   -0.0144738 -0.000899491   0.00518738  -0.239557 -0.0210056   0.983182
   1.38713 -0.00861482   0.0022963  0.00572002   -0.23382 -0.0185642   0.966215
   1.39164   -0.0192675   0.00176367 -0.000138938   -0.23089 -0.0290623   0.949979
   1.39713  -0.0182022 0.000698406  -0.0028021  -0.226252 -0.0293064   0.949125
   1.40136  0.00203782 -0.00249739  0.00358948  -0.233332 -0.0236912   0.972562
   1.40713 -0.00382113 -0.00569318  0.00358948  -0.241755 -0.0245457   0.995512
    1.4114  -0.0256591 -0.00409528 -0.00173684  -0.237238 -0.0221043    1.00052
   1.41703  -0.0352464 -0.00196476     -0.0044  -0.231745 -0.0180759   0.999174
   1.42122  -0.0405728 0.000698406  -0.0028021  -0.234308 -0.0200291   0.979154
   1.42712  -0.0352464 0.000698406 0.000393692  -0.231134 -0.0264988   0.947172
   1.43154  -0.00914745 -0.000899491   0.00518738  -0.227228 -0.0264988   0.940702
   1.43713  0.00629888 0.000165774  0.00838318  -0.229059 -0.0219822   0.946195
   1.44119   -0.0150064 -0.000899491 -0.000138938  -0.235895 -0.0252781   0.965238
   1.44713  -0.0102127 -0.00516055  0.00252422 -0.240412 -0.023325  0.989896
   1.45176 -0.00595166 -0.00356265  0.00572002   -0.24151 -0.0140476   0.991605
   1.45713  -0.0277896  0.00123104 -0.00226947  -0.244928 -0.0100193   0.987699
   1.46138   -0.0261917  0.000165774 -0.000671573  -0.24029 -0.019907  0.969877
   1.46706   -0.0245938 -0.000899491  0.000926323  -0.235651 -0.0297947   0.952055
   1.47122  -0.0107454 -0.00356265  0.00518738  -0.244562 -0.0272312   0.961454
   1.47712  0.00310309 -0.00622581  0.00944844  -0.253473 -0.0246677   0.970853
   1.48125  -0.0032885 -0.00462792  0.00785054  -0.24859 -0.021616  0.979887
   1.48713 -0.00968009 -0.00303002  0.00625265  -0.243708 -0.0185642    0.98892
   1.49128  -0.0198001 0.000165774  0.00145896  -0.242365 -0.0240574   0.970975
   1.49712  -0.0347138  0.00442683 -0.00546526  -0.236628 -0.0305271   0.947416
    1.5017  -0.0224633  0.00282893 -0.00173684  -0.235529 -0.0271091   0.945951
   1.50714 -0.00541903 0.000165774  0.00412212  -0.238825 -0.0227146   0.950101
   1.51131 -9.27066e-05  -0.00356265   0.00572002  -0.241144 -0.0284519   0.972929
   1.51721  0.00523362 -0.00729108  0.00731792  -0.243464 -0.0341892   0.995756
   1.52147  0.00150519 -0.00569318   0.0110463  -0.244684 -0.0243015    0.99246
   1.52712 -0.00222324 -0.00409528   0.0147748  -0.245905 -0.0144138   0.989164
   1.53122  -0.0032885 -0.00249739   0.0126442  -0.237482 -0.0221043   0.967069
   1.53721  -0.00435376 -0.000899491    0.0105137  -0.229059 -0.0297947   0.944974
   1.54146   0.0105599 -0.00249739   0.0126442 -0.235773 -0.031992  0.953275
   1.54714   0.0254736 -0.00409528   0.0147748  -0.242487 -0.0341892   0.961576
   1.55127   0.0116252 -0.00409528  0.00998107  -0.241755 -0.0263767   0.978788
   1.55721 -0.00222324 -0.00409528  0.00518738  -0.241022 -0.0185642      0.996
   1.56171  -0.0123432 -0.00249739  0.00358949  -0.239191 -0.0244236   0.982816
   1.56711   -0.0224633 -0.000899491   0.00199159  -0.23736 -0.030283  0.969633
   1.57129   -0.0144738 -0.000899491   0.00518738  -0.236872 -0.0267429   0.963651
   1.57721  -0.00648429 -0.000899491   0.00838318  -0.236383 -0.0232029    0.95767
   1.58183 -0.00701693 -0.00356265  0.00625265  -0.238092 -0.0264988   0.972684
   1.58708 -0.00754956 -0.00622581  0.00412212  -0.239801 -0.0297947   0.987699
   1.59122  -0.0102127 -0.00462792  0.00731791  -0.239557 -0.0236912   0.984647
   1.59721  -0.0128759 -0.00303002   0.0105137  -0.239313 -0.0175877   0.981596
   1.60149  0.00949467 -0.00303002   0.0153074  -0.232111 -0.0210056   0.961942
   1.60721   0.0318652 -0.00303002   0.0201011  -0.224909 -0.0244236   0.942289
   1.61161   0.0233431 -0.00356265   0.0137095  -0.229547 -0.0279636   0.956571
   1.61721    0.014821 -0.00409528  0.00731792  -0.234186 -0.0315037   0.970853
   1.62134   0.0153536 -0.00569318  0.00998108  -0.236017 -0.0225925   0.988554
   1.62721   0.0158863 -0.00729108   0.0126442  -0.237848 -0.0136814    1.00625
   1.63141 -0.00275587 -0.00409528  0.00944844  -0.235895 -0.0175877   0.991605
   1.63721    -0.021398 -0.000899491   0.00625265  -0.233942 -0.0214939   0.976957
   1.64171  -0.0171369 0.000165774  0.00465475  -0.231867 -0.0222263   0.960477
   1.64716 -0.0128759 0.00123104 0.00305685  -0.229792 -0.0229588   0.943998
   1.65122  -0.0032885 -0.00143212  0.00305685   -0.23443 -0.0241795    0.95889
   1.65721  0.00629888 -0.00409528  0.00305685  -0.239069 -0.0254002   0.973783
   1.66187  0.00310309 -0.00409528  0.00412212  -0.239923 -0.0210056   0.982938
   1.66688 -0.00222324 -0.00356265  0.00785055   -0.24151 -0.0175877   0.991117
   1.67155 -0.00808219 -0.00303002  0.00998107    -0.2409 -0.0218601   0.981474
   1.67688  0.00257045 -0.00409528   0.0126442  -0.236017 -0.0238133   0.964994
   1.68127   0.0201473 -0.00622581   0.0137095 -0.235163 -0.023325  0.956205
   1.68721   0.0233431 -0.00729108    0.011579  -0.241388 -0.0282078   0.960844
   1.69165  0.00896204 -0.00675845  0.00572002   -0.24505 -0.0297947   0.973173
   1.69697 -0.00754956 -0.00409528  0.00199159  -0.244196 -0.0240574   0.988798
   1.70139   -0.021398 0.000165774 0.000926323  -0.244074 -0.0203953    0.99246
   1.70721 -0.0251264 0.00123104 0.00252422   -0.24151 -0.0218601   0.975736
   1.71185  -0.0277896  0.00282893 0.000926327   -0.23382 -0.0245457   0.953764
   1.71705  -0.0224633  0.00336157 0.000393692  -0.231256 -0.0263767   0.944242
    1.7213   0.0185494 -0.00356265   0.0137095  -0.236872 -0.0308933   0.953153
   1.72721   0.0361263 -0.00888897   0.0163727   -0.24029 -0.0326023   0.971098
   1.73136   0.0281368 -0.00888897   0.0137095  -0.240534 -0.0258884   0.991727
   1.73714  0.00683151 -0.00462792  0.00944844  -0.243097 -0.0195408    1.00223
   1.74126  -0.0251264 0.000165774 0.000926323  -0.242731 -0.0211277   0.990873
   1.74721   -0.031518 0.000698406  0.00145895  -0.236139 -0.0239353    0.96536
   1.75144  -0.0208654 0.000698406  0.00358948 -0.234308 -0.025156  0.949247
   1.75721  -0.00968009 -0.000899491   0.00412212   -0.24151 -0.0294285    0.95059
   1.76174  0.00470098 -0.00516055  0.00678528   -0.24383 -0.0313816   0.958768
   1.76721   0.0110926 -0.00516055  0.00785055 -0.242365 -0.025156  0.976957
   1.77142 -0.00701693 -0.00249739  0.00465475 -0.246637 -0.019907  0.992094
   1.77713  -0.0240612 -0.00196476  0.00252422  -0.246149 -0.0221043   0.980253
   1.78122  -0.0123432 -0.00249739  0.00731791   -0.23797 -0.0228367   0.960844
   1.78691   -0.0016906 -0.000366859   0.00731791  -0.238459 -0.0221043   0.956693
   1.79164   -0.0102127 -0.000366859   0.00145896  -0.245295 -0.0264988   0.960111
   1.79721 -0.00914745 -0.00516055  0.00145896  -0.244928 -0.0289402   0.969877
   1.80127 0.000972558 -0.00622581  0.00572002  -0.245172 -0.0208836   0.990263
   1.80721  0.00203782 -0.00462792   0.0110463  -0.250177 -0.0152683    0.99954
   1.81149 0.000439926 -0.00462792   0.0153074 -0.246149 -0.019907  0.980253
   1.81721  0.00257045 -0.00249739     0.01584  -0.234674 -0.0224705   0.955595
   1.82152 0.00629888 0.00123104  0.0137095  -0.233942 -0.0213718   0.944486
   1.82721   0.0142884 -0.00249739   0.0126442  -0.238703 -0.0279636   0.946561
   1.83144   0.0169515 -0.00782371   0.0126442  -0.236872 -0.0315037   0.961454
   1.83721  0.00789678 -0.00622581  0.00944844  -0.238947 -0.0219822    0.98892
   1.84128  0.00736415 -0.00569318   0.0105137  -0.245783 -0.0175877    1.00577
   1.84721 -0.00275587 -0.00516055  0.00998107 -0.241632 -0.021616  0.992582
   1.85168  -0.0187348 0.000698406  0.00412212  -0.232355 -0.0207615   0.970243
   1.85721 -0.00648429  0.00176367  0.00731791   -0.23382 -0.0201511   0.956205
   1.86134   0.0100273 -0.00356265   0.0121116  -0.236628 -0.0290623   0.950101
   1.86721 0.000439926 -0.00409528  0.00572001  -0.233576 -0.0318699    0.95828
   1.87155  0.00683151 -0.00409528  0.00731791  -0.237238 -0.0218601   0.978544
   1.87721   0.0110926 -0.00462792   0.0126442  -0.242975 -0.0195408   0.987943
   1.88146  -0.0048864 -0.00196476  0.00731791   -0.23675 -0.0254002   0.980253
   1.88694 -9.27066e-05  -0.00143212   0.00785055  -0.229303 -0.0219822   0.969877
   1.89131  -0.00275587 -0.000899491   0.00891581  -0.232111 -0.0197849   0.962553
   1.89721 -0.00222324 -0.00249739  0.00891581  -0.234186 -0.0299168   0.957548
   1.90167   0.0164189 -0.00622581   0.0105137  -0.231989 -0.0310154    0.96768
   1.90721   0.0169515 -0.00729108  0.00998107  -0.238092 -0.0210056   0.991972
    1.9113 -0.00222324 -0.00622581  0.00838318  -0.242609 -0.0207615    1.00052
   1.91721  -0.0102127 -0.00409528  0.00838318  -0.234552 -0.0246677   0.984891
   1.92151 -0.00595166 -0.00143212  0.00891581  -0.228205 -0.0207615   0.964872
   1.92721  -0.0032885 0.000165774  0.00891581  -0.229547 -0.0223484   0.948148
   1.93149 -0.000625338  -0.00143212   0.00891581  -0.229181 -0.0333347   0.943143
   1.93721  0.00736415 -0.00409528  0.00678528  -0.229059 -0.0333347   0.958158
   1.94143  0.00896204 -0.00516055  0.00625265  -0.237482 -0.0238133   0.983793
   1.94695 -0.00435376 -0.00516055  0.00465475  -0.242365 -0.0239353   0.999296
   1.95129  -0.0123432 -0.00462792  0.00412212  -0.236872 -0.0255222   0.994779
   1.95721 -0.00595166 -0.00196476  0.00785054  -0.234552 -0.0188084   0.979276
   1.96173  0.00257045 -0.00303002   0.0131769  -0.236505 -0.0223484   0.962064
   1.96688  0.00150519 -0.00462792   0.0110463  -0.235285 -0.0332127     0.9512
   1.97162 -0.00222324 -0.00303002  0.00358949 -0.235895 -0.030405  0.958036
   1.97722 0.000972558 -0.00409528  0.00572002  -0.243464 -0.0229588   0.975858
   1.98148  0.00629888 -0.00569318    0.011579  -0.246759 -0.0252781   0.985746
   1.98721  -0.0150064 -0.00196476  0.00305685  -0.241266 -0.0244236   0.981962
   1.99136  -0.0182022 0.000165774  0.00358948  -0.237604 -0.0175877    0.96829
    1.9971  -0.00435376 -0.000899491   0.00998107  -0.238337 -0.0228367   0.955473
   2.00134  -0.0032885 -0.00303002  0.00678528  -0.238214 -0.0316258   0.952421
   2.00721   0.0116252 -0.00675845  0.00944844  -0.239557 -0.0260105   0.963407
   2.01156  0.00896204 -0.00675845  0.00838318  -0.246149 -0.0202732   0.987089
   2.01725  -0.0032885 -0.00569318  0.00678528  -0.248835 -0.0224705    1.00039
   2.02126 -0.00648429 -0.00356265  0.00678528  -0.244074 -0.0192966   0.990263
   2.02721   -0.0107454 -0.000366859   0.00625265  -0.239313 -0.0135593   0.969144
   2.03174 -0.00382113 0.000698406  0.00998107   -0.23736 -0.0194187   0.948515
   2.03721  0.00523362 -0.00196476   0.0105137  -0.235895 -0.0286961   0.941679
   2.04146   0.0110926 -0.00569318  0.00891581  -0.237116 -0.0258884   0.951688
   2.04721   0.0222778 -0.00729108   0.0121116 -0.243097 -0.021616  0.973783
   2.05132   0.0201473 -0.00675845   0.0137095  -0.246881 -0.0230808   0.993558
   2.05721  0.00683151 -0.00462792   0.0105137  -0.244684 -0.0197849   0.995634
   2.06185  -0.0192675 0.000165774  0.00252422   -0.24151 -0.0150242   0.981474
   2.06688   -0.015539 0.000698406  0.00678528  -0.240168 -0.0212498   0.964872
    2.0714   0.0100273 -0.00249739   0.0131769  -0.239679 -0.0290623   0.954374
   2.07721   0.0126905 -0.00462792  0.00998107 -0.239435 -0.026865  0.954862
   2.08161  0.00683151 -0.00516055  0.00891581  -0.243097 -0.0246677   0.970487
   2.08715 -0.00914745 -0.00303002  0.00518738  -0.247126 -0.0257664   0.987089
   2.09136  -0.0139411 -0.00249739  0.00465475  -0.242121 -0.0225925   0.983793
   2.09712  -0.00808219 -0.000899491   0.00785055  -0.235651 -0.0195408   0.968534
   2.10128 -0.0166043 0.00176367 0.00412212  -0.234674 -0.0247898   0.957792
   2.10721   -0.0128759 -0.000366859   0.00305685   -0.23382 -0.0305271     0.9512
   2.11167  0.00789678 -0.00409528  0.00944844  -0.233576 -0.0290623   0.957182
   2.11717   0.0180168 -0.00622581   0.0137095  -0.239557 -0.0275974   0.982816
   2.12122  0.00683151 -0.00675845   0.0121116   -0.24505 -0.0266209     1.0021
   2.12721 -0.00701693 -0.00569318  0.00944844  -0.239679 -0.0221043   0.994901
   2.13145  -0.0187348 -0.00143212  0.00572002  -0.233698 -0.0188084   0.977323
   2.13722 -0.0192675 0.00123104 0.00465475  -0.233454 -0.0243015   0.959257
   2.14164  -0.00382113 -0.000899491   0.00731792  -0.232111 -0.0322361   0.942533
   2.14712  0.00257045 -0.00249739  0.00625265  -0.231501 -0.0318699   0.943265
   2.15131 -0.00115797 -0.00303002  0.00305685  -0.238337 -0.0279636   0.968534
   2.15721 -0.00115797 -0.00462792  0.00465475  -0.244562 -0.0261326   0.991605
    2.1615 -0.00115797 -0.00569318  0.00838318  -0.240534 -0.0225925   0.995023
   2.16721 -0.00914745 -0.00249739  0.00785055 -0.236994 -0.018198  0.986845
   2.17143   -0.0107454 -0.000366859   0.00785055  -0.239435 -0.0225925   0.972562
   2.17718 -0.00435376 -0.00303002  0.00891581  -0.238337 -0.0299168   0.956693
    2.1815 -0.00115797 -0.00462792  0.00731791  -0.235895 -0.0277195   0.954374
   2.18721  0.00150519 -0.00516055  0.00625265  -0.243463 -0.0243015   0.972074
   2.19149  0.00363572 -0.00675845  0.00678528  -0.249079 -0.0260105    0.98599
   2.19721 -0.00382113 -0.00516055  0.00625265  -0.242243 -0.0229588   0.983549
   2.20125  -0.021398 0.00123104 0.00145896   -0.23797 -0.0166111    0.97476
   2.20721 -0.0224633 0.00336157 0.00305685  -0.238947 -0.0206394   0.960722
   2.21133   -0.0102127 -0.000366859   0.00731791   -0.23382 -0.0288181    0.94766
   2.21721  0.00150519 -0.00249739  0.00572002 -0.231867 -0.025034  0.953275
    2.2216     0.02068 -0.00622581   0.0110463  -0.241388 -0.0210056   0.978788
   2.22713  0.0233431 -0.0104869  0.0142421  -0.245783 -0.0235691   0.997953
   2.23131   0.0105599 -0.00942161   0.0126442  -0.238825 -0.0189304   0.997587
   2.23721 -0.00648429 -0.00303002  0.00998108  -0.235407 -0.0117283   0.987333
    2.2418   -0.0150064 -0.000366859   0.00785055  -0.235041 -0.0170994   0.965482
   2.24715 -0.00648429 -0.00143212  0.00891581  -0.228571 -0.0264988   0.942777
   2.25133  -0.00115797 -0.000899491   0.00625265  -0.227228 -0.0254002   0.945585
   2.25721  0.00150519 -0.00356265  0.00358948  -0.236872 -0.0228367   0.967435
   2.26142 -0.00541903 -0.00569318 0.000393692  -0.239435 -0.0255222   0.985258
   2.26708  0.00310309 -0.00516055  0.00625265  -0.234064 -0.0207615   0.993803
   2.27165  -0.00595166 -0.000899491   0.00731791  -0.235895 -0.0134373    0.99014
   2.27721   -0.0128759 -0.000899491   0.00678528   -0.23736 -0.0212498   0.973417
   2.28132  0.00789678 -0.00409528   0.0121116  -0.231379 -0.0301609    0.95828
   2.28721  0.00470098 -0.00143212  0.00731791  -0.232965 -0.0258884   0.957792
    2.2916  0.00257045 -0.00249739  0.00572002  -0.243219 -0.0247898   0.969144
   2.29721 -0.00115797 -0.00569318  0.00518738 -0.244928 -0.030405  0.981718
   2.30145 -0.00541903 -0.00409528  0.00625265 -0.240778 -0.025156  0.988065
   2.30721  -0.00754956 -0.000366859   0.00891581  -0.242975 -0.0189304   0.980863
   2.31128  -0.0150064 0.000698406  0.00625265  -0.241022 -0.0275974   0.960722
   2.31721 -0.00861482 0.000165774  0.00465475  -0.232111 -0.0329685   0.945829
   2.32154  0.00683151 0.000165774  0.00572002  -0.234919 -0.0275974   0.949857
   2.32721   0.0105599 -0.00303002  0.00625265  -0.244928 -0.0301609   0.969999
   2.33144  0.00523362 -0.00729108  0.00731792  -0.245417 -0.0330906   0.990751
   2.33708 -0.00968009 -0.00516055  0.00412212  -0.242731 -0.0225925      1.001
   2.34131   -0.0251264 -0.000899491   0.00199159  -0.244074 -0.0161228   0.992338
   2.34721  -0.0261917 0.000698406  0.00358948  -0.239069 -0.0240574   0.968046
    2.3516  -0.011278 0.00176367 0.00731791  -0.230768 -0.0290623    0.94705
   2.35721 0.00203782 0.00123104 0.00891581  -0.232721 -0.0252781   0.944974
   2.36166 0.000439926 -0.00356265  0.00572002  -0.239679 -0.0280857   0.958402
   2.36689   0.0100273 -0.00675845  0.00785054 -0.239557 -0.030405  0.976224
    2.3713 -0.00541903 -0.00303002  0.00199159  -0.239313 -0.0195408   0.992216
   2.37722 -0.00861482 -0.00356265  0.00678528  -0.243219 -0.0142918   0.990507
   2.38147  0.00257045 -0.00409528   0.0126442  -0.239557 -0.0243015   0.974027
   2.38721  -0.00754956 -0.000899491   0.00518738  -0.233454 -0.0255222   0.959379
   2.39172 -0.00115797 -0.00143212  0.00678528  -0.237238 -0.0205174   0.955961
   2.39722 -9.27057e-05  -0.00356265   0.00678528  -0.244196 -0.0260105   0.964994
   2.40147  0.00576625 -0.00516055  0.00678528  -0.245783 -0.0264988   0.980985
   2.40722  0.00470098 -0.00516055  0.00944844 -0.245905 -0.016489  0.990873
   2.41139 -0.00648429 -0.00303002  0.00944844  -0.247004 -0.0152683   0.982328
   2.41721  -0.0150064 0.000698406  0.00625265  -0.241755 -0.0243015   0.963041
   2.42142 -0.0107454 0.00123104 0.00731791  -0.235651 -0.0240574   0.946073
   2.42721   0.0110926 -0.00143212   0.0131769  -0.238459 -0.0218601   0.945219
   2.43154   0.0228105 -0.00569318   0.0137095  -0.243341 -0.0293064    0.96414
   2.43721   0.0212126 -0.00888897   0.0110463  -0.244562 -0.0284519     0.9866
   2.44139  0.00523362 -0.00675845  0.00891581  -0.245295 -0.0175877   0.999662
   2.44721   -0.015539 -0.00303002  0.00785054   -0.24444 -0.0156345   0.996366
   2.45165   -0.0203327 -0.000899491   0.00678528  -0.238337 -0.0212498   0.977201
   2.45721 -0.00808219 0.000165774  0.00731791  -0.232233 -0.0222263    0.95413
   2.46161   0.00416835 -0.000366859    0.0105137  -0.232233 -0.0245457   0.944974
   2.46711  0.00736415 -0.00249739  0.00944844  -0.235773 -0.0310154   0.955473
   2.47139  0.00789678 -0.00516055  0.00678528  -0.236994 -0.0288181   0.972074
   2.47721 0.000439926 -0.00462792  0.00625265   -0.23675 -0.0202732   0.985624
    2.4817 -0.00701693 -0.00303002  0.00838318  -0.237116 -0.0201511   0.989286
   2.48702  -0.0107454 -0.00303002  0.00891581  -0.234308 -0.0246677   0.977201
   2.49131 -0.00861482 -0.00196476  0.00785055  -0.230036 -0.0243015   0.962186
   2.49721  -0.00541903 -0.000366859   0.00518738  -0.231867 -0.0266209   0.957548
   2.50168 -0.000625338  -0.00249739   0.00572002  -0.237116 -0.0308933   0.967191
    2.5073  -0.0016906 -0.00569318  0.00572002   -0.24029 -0.0277195   0.983305
   2.51161 -0.00808219 -0.00462792  0.00572002  -0.241144 -0.0213718   0.994169
    2.5173 -0.00968009 -0.00249739   0.0105137  -0.241388 -0.0210056   0.989774
   2.52135 -9.27062e-05  -0.00356265    0.0147748   -0.23736 -0.0235691   0.968168
   2.52729  0.00683151 -0.00249739   0.0121116  -0.230158 -0.0244236   0.947172
   2.53159  0.00203782 0.000698406  0.00678528   -0.23089 -0.0271091   0.944974
   2.53729  0.00842941 -0.00303002  0.00838318 -0.237116 -0.031992  0.960233
   2.54156   0.0121578 -0.00835634  0.00891581  -0.239801 -0.0294285   0.978788
   2.54729   0.0137557 -0.00835634   0.0110463  -0.240412 -0.0211277   0.997221
    2.5515  0.00416835 -0.00516055   0.0110463  -0.241266 -0.0191746    1.00271
    2.5573  -0.0118106 -0.00303002  0.00785055   -0.23797 -0.0219822   0.984159
   2.56181 -0.00808219 -0.00196476    0.011579  -0.231012 -0.0236912   0.958646
   2.56725  -0.00115797 -0.000899491    0.0126442  -0.231989 -0.0262547   0.948759
   2.57144 -9.27066e-05  -0.00303002   0.00678528  -0.238581 -0.0300388   0.953519
   2.57714  -0.00648429  -0.00303002 -0.000138938 -0.239313 -0.028574  0.965482
   2.58134  0.00470098 -0.00356265  0.00518738  -0.239679 -0.0212498   0.983671
   2.58729  -0.0016906 -0.00356265  0.00731791  -0.243097 -0.0194187    0.99014
    2.5914   -0.011278 -0.00249739  0.00572002  -0.239801 -0.0229588    0.97537
    2.5973   -0.0118106 -0.000366859   0.00572002   -0.23321 -0.0232029   0.961332
   2.60198 -0.00595166 0.000165774  0.00678528   -0.23736 -0.0238133   0.958646
   2.60723    0.014821 -0.00516055    0.011579  -0.243952 -0.0278416   0.961942
   2.61145   0.0158863 -0.00782371   0.0105137  -0.243586 -0.0278416   0.975004
    2.6173   0.0190821 -0.00782371   0.0137095  -0.246271 -0.0213718   0.993681
   2.62152  0.00470098 -0.00622581   0.0126442  -0.250177 -0.0183201   0.993681
   2.62729 -0.00861482 -0.00516055    0.011579  -0.242853 -0.0211277   0.970609
   2.63137  -0.0102127 -0.00143212  0.00944844  -0.233698 -0.0217381   0.951322
    2.6373 -0.00275587 0.000698406  0.00891581  -0.236628 -0.0229588   0.945829
   2.64169  0.00896204 -0.00356265   0.0110463  -0.240656 -0.0306492   0.950712
   2.64729  0.00896204 -0.00569318  0.00572002 -0.239557 -0.030405  0.968656
   2.65138  0.00150519 -0.00356265  0.00305685  -0.242975 -0.0190525   0.995634
    2.6573 -0.00701693 -0.00356265  0.00625265  -0.247126 -0.0167332    1.00345
   2.66201 -0.00275587 -0.00516055   0.0121116  -0.240778 -0.0212498   0.984769
   2.66723  -0.0016906 -0.00249739   0.0126442   -0.23321 -0.0201511   0.965971
   2.67147  0.000439926 -0.000899491     0.011579  -0.236505 -0.0218601   0.954984
    2.6773  0.00683151 -0.00409528   0.0121116  -0.238825 -0.0300388   0.950101
   2.68139  0.00523362 -0.00462792  0.00731791  -0.236505 -0.0289402   0.962675
    2.6873  0.00789678 -0.00409528  0.00838318  -0.241144 -0.0191746   0.984403
   2.69175   0.0153536 -0.00622581   0.0169053   -0.24383 -0.0203953   0.987211
   2.69697  0.00629888 -0.00409528   0.0131769  -0.235651 -0.0247898   0.974271
   2.70143 -0.00382113 0.000165774  0.00731791  -0.230646 -0.0205174   0.965116
    2.7073 -0.00435376 0.000165774  0.00731791  -0.235651 -0.0225925   0.959867
   2.71184  0.00523362 -0.00409528  0.00891581  -0.236994 -0.0323582   0.957914
   2.71715    0.014821 -0.00675845   0.0105137  -0.235529 -0.0294285    0.97244
   2.72152  0.00629888 -0.00569318  0.00998107  -0.243463 -0.0207615   0.995878
    2.7273  -0.0118106 -0.00516055  0.00785055  -0.246149 -0.0230808   0.997099
   2.73149  -0.0272569 -0.00303002  0.00252422  -0.235895 -0.0249119   0.977567
    2.7373 -0.0224633 0.00123104 0.00145896  -0.231256 -0.0205174   0.959135
   2.74157 -0.00914745  0.00176367  0.00625265  -0.234186 -0.0255222   0.946195
    2.7473  0.00629888 -0.00303002   0.0110463  -0.232843 -0.0352879   0.945097
   2.75174   0.0137557 -0.00569318  0.00944844  -0.234552 -0.0306492   0.963041
    2.7573   0.0137557 -0.00675845  0.00944844   -0.24383 -0.0228367   0.989652
   2.76151  0.00789678 -0.00782371   0.0126442  -0.246027 -0.0255222    0.99893
    2.7673 -0.00701693 -0.00356265  0.00891581 -0.238703 -0.025034  0.989896
   2.77155 -0.00914745 0.000165774  0.00731791  -0.237238 -0.0191746   0.974882
    2.7773  -0.00808219 -0.000366859   0.00785054  -0.239313 -0.0258884   0.957792
    2.7813  -0.0032885 -0.00303002  0.00625265  -0.236872 -0.0349216   0.949125
   2.78714  0.00949467 -0.00516055  0.00891581  -0.239191 -0.0288181   0.961454
   2.79149  0.00736415 -0.00516055  0.00944844  -0.246637 -0.0221043   0.980253
    2.7973  -0.0187348 -0.00249739  0.00199159  -0.246637 -0.0261326   0.985258
   2.80147  -0.0192675 0.000165774  0.00145896  -0.239679 -0.0235691     0.9783
   2.80729  -0.0102127 0.000698406  0.00358948   -0.23736 -0.0173435   0.965482
   2.81184  0.00203782 -0.00196476  0.00944844  -0.237604 -0.0258884    0.95535
   2.81729   0.0281368 -0.00569318     0.01584  -0.235651 -0.0317478   0.954862
   2.82149   0.0212126 -0.00462792  0.00731791  -0.238459 -0.0238133   0.970975
    2.8273 -0.00701693 -0.00303002  -0.0012042  -0.245661 -0.0206394   0.994413
   2.83153   -0.0251264  -0.00303002 -0.000671569   -0.24505 -0.0235691    1.00015
    2.8373   -0.011278 -0.00409528  0.00785055   -0.23797 -0.0183201   0.985014
   2.84154   0.0116252 -0.00303002   0.0153074  -0.233942 -0.0139256   0.963163
    2.8473   0.0142884 -0.00143212   0.0153074  -0.232111 -0.0238133   0.947904
   2.85159   0.00203782 -0.000366859   0.00678528  -0.231256 -0.0307713   0.943754
   2.85729   -0.0118106 -0.000366859  -0.00173683  -0.234186 -0.0243015   0.956327
   2.86154 -0.00861482 -0.00409528  0.00199159  -0.240656 -0.0213718   0.983182
   2.86729  0.00257045 -0.00675845  0.00998108  -0.242365 -0.0228367   0.999784
   2.87171  0.00949467 -0.00622581   0.0131769 -0.238581 -0.016489  0.994169
    2.8773  -0.0032885 -0.00249739  0.00998107  -0.236017 -0.0140476   0.976835
   2.88166  -0.0176696 0.000165774  0.00572002  -0.235407 -0.0235691   0.961942
    2.8873   -0.0118106 -0.000899491   0.00572002 -0.235285 -0.028574  0.953275
   2.89145 -9.27062e-05  -0.00356265   0.00785054  -0.236994 -0.0238133    0.95828
    2.8973   0.0137557 -0.00675845   0.0142421  -0.242975 -0.0228367   0.976347
    2.9018 0.000972558 -0.00516055   0.0110463 -0.245295 -0.025034  0.987943
   2.90701 -0.00382113 -0.00303002  0.00944844  -0.239923 -0.0205174   0.980131
   2.91148   -0.011278 0.000165774  0.00731791  -0.235651 -0.0190525   0.965116
   2.91731  -0.021398 0.00123104 0.00358948  -0.235529 -0.0272312   0.956571
   2.92172  0.00576625 -0.00303002  0.00944844  -0.235651 -0.0305271   0.952421
    2.9273   0.0174842 -0.00356265  0.00785055  -0.237116 -0.0269871   0.963041
    2.9316  0.00896204 -0.00462792  0.00731791  -0.243708 -0.0272312   0.989896
    2.9373  0.00203782 -0.00622581  0.00998107  -0.246637 -0.0262547    1.00162
   2.94145  -0.0032885 -0.00516055    0.011579  -0.241144 -0.0208836    0.99014
    2.9473 -0.00435376 -0.00249739   0.0137095  -0.235895 -0.0194187   0.971586
   2.95143  0.00683151 -0.00249739   0.0163727   -0.23382 -0.0272312   0.953397
   2.95729   0.0260063 -0.00516055   0.0179706  -0.232233 -0.0328465   0.941801
   2.96184  0.00896204 -0.00356265  0.00625265  -0.232477 -0.0301609   0.950712
   2.96707  -0.0139411 -0.00303002  -0.0012042  -0.239679 -0.0274754   0.977567
    2.9715  -0.0048864 -0.00569318  0.00465475  -0.243097 -0.0257664   0.994047
    2.9773 -0.000625339  -0.00516055   0.00998107  -0.237726 -0.0222263   0.992216
    2.9817 -0.00808219 -0.00196476  0.00998107  -0.235163 -0.0206394   0.982572
   2.98719 -0.00808219 -0.00143212  0.00944844   -0.23675 -0.0252781   0.966459
   2.99143 -0.00275587 -0.00303002  0.00891581  -0.234674 -0.0294285   0.953397
    2.9973 -0.00754956 -0.00196476  0.00305685  -0.234797 -0.0274754   0.959745
   3.00142  0.00310309 -0.00409528  0.00731791  -0.243708 -0.0252781   0.978788
    3.0073   0.0180168 -0.00729108   0.0137095  -0.249323 -0.0254002   0.988676
    3.0114 -0.00754956 -0.00356265  0.00678528  -0.241877 -0.0214939   0.982938
    3.0173  -0.0160717 0.000165774  0.00625265  -0.236628 -0.0170994   0.970853
   3.02171  -0.00914745 -0.000366859   0.00838318   -0.23736 -0.0235691   0.956083
    3.0273 0.000439927 -0.00409528  0.00998107  -0.232233 -0.0300388   0.945951
   3.03155   0.0276042 -0.00729108   0.0169053  -0.233454 -0.0264988   0.959013
    3.0373   0.0329305 -0.00888897   0.0169053  -0.244074 -0.0238133   0.986723
   3.04154   0.0110926 -0.00835634  0.00998107  -0.246515 -0.0239353    0.99954
   3.04729 -0.00861482 -0.00622581  0.00412212  -0.243219 -0.0236912   0.999418
   3.05147  -0.0107454 -0.00303002  0.00678528 -0.241755 -0.019907  0.984769
    3.0573 -0.00382113 -0.00143212   0.0105137  -0.23736 -0.023325  0.956205
    3.0617   0.0169515 -0.00409528   0.0147748 -0.230646 -0.030283  0.938505
    3.0673   0.0286694 -0.00516055   0.0179706  -0.226862 -0.0300388   0.934721
   3.07138   0.0292021 -0.00782371   0.0190358  -0.237604 -0.0283299   0.959867
    3.0773    0.014821 -0.00835634   0.0137095  -0.243708 -0.0267429   0.988798
   3.08195 -0.00115797 -0.00409528  0.00838318  -0.238581 -0.0200291    0.99246
   3.08725 -0.00222324 -0.00196476  0.00944844  -0.238092 -0.0131931   0.992338
   3.09142 -0.00382113 -0.00409528    0.011579  -0.237726 -0.0225925   0.974393
    3.0973 -0.00541903 -0.00622581   0.0137095  -0.23736 -0.031992  0.956449
   3.10153   0.0110926 -0.00569318   0.0142421   -0.24029 -0.0267429   0.961698
    3.1073   0.0137557 -0.00516055   0.0105137  -0.246271 -0.0247898   0.974149
   3.11177 -0.00435376 -0.00462792  0.00572002  -0.244928 -0.0278416   0.984403
   3.11708 -0.00861482 -0.00409528  0.00518738  -0.240534 -0.0275974   0.987455
   3.12139   -0.0240612 -0.000899491   0.00199159 -0.241999 -0.023325  0.976224
    3.1273  -0.0405728  0.00176367 -0.00333473  -0.237238 -0.0264988   0.954984
   3.13188   -0.0198001 -0.000366859   0.00145896 -0.229792 -0.030283   0.94412
   3.13721  0.00203782 -0.00196476  0.00838318  -0.228571 -0.0266209   0.943265
   3.14147   0.0212126 -0.00675845   0.0147748   -0.23736 -0.0296726   0.966581
   3.14729  0.0403873 -0.0115521  0.0211664  -0.246149 -0.0327244   0.989896
   3.15156  0.00789678 -0.00675845  0.00998107  -0.244684 -0.0223484   0.995267
    3.1573  -0.0245938 -0.00196476 -0.00120421  -0.243219 -0.0119724    1.00064
   3.16151  -0.0032885 -0.00303002  0.00944844  -0.237116 -0.0223484   0.974393
    3.1673   0.0180168 -0.00409528   0.0201011  -0.231012 -0.0327244   0.948148
   3.17178   0.0105599 -0.00303002   0.0131769  -0.236628 -0.0286961   0.952055
   3.17706  0.00310309 -0.00196476  0.00625265  -0.242243 -0.0246677   0.955961
    3.1814 -0.00541903 -0.00303002  0.00252422 -0.240168 -0.025156  0.973051
    3.1873  -0.0139411 -0.00409528 -0.00120421  -0.238092 -0.0256443    0.99014
   3.19171  -0.0118106 -0.00409528  0.00625265 -0.240412 -0.025156  0.983549
    3.1973 -0.00968009 -0.00409528   0.0137095  -0.242731 -0.0246677   0.976957
   3.20147 -0.00382113 -0.00303002    0.011579  -0.238092 -0.0235691   0.966337
   3.20712  0.00203782 -0.00196476  0.00944844  -0.233454 -0.0224705   0.955717
   3.21162 -9.27062e-05  -0.00303002   0.00731791  -0.238459 -0.0284519   0.967313
   3.21729 -0.00222324 -0.00409528  0.00518738  -0.243464 -0.0344334    0.97891
   3.22148 -0.00595166 -0.00303002  0.00785055   -0.24383 -0.0244236   0.984037
    3.2273 -0.00968009 -0.00196476   0.0105137  -0.244196 -0.0144138   0.989164
   3.23162  -0.0107454 0.000165774  0.00944844  -0.237238 -0.0222263   0.967924
    3.2373 -0.0118106  0.0022963 0.00838318   -0.23028 -0.0300388   0.946683
   3.24177  0.00949467 -0.00143212   0.0131769  -0.236505 -0.0280857   0.951932
   3.24721      0.0308 -0.00516055   0.0179706  -0.242731 -0.0261326   0.957182
   3.25137   0.0292021 -0.00782371   0.0153074  -0.243952 -0.0225925   0.979398
    3.2573  0.0276042 -0.0104869  0.0126442  -0.245172 -0.0190525    1.00162
   3.26171   0.0190821 -0.00835634   0.0131769  -0.246027 -0.0144138    1.00064
   3.26708 -9.27062e-05  -0.00462792    0.0110463  -0.244562 -0.0139256   0.990507
    3.2716  -0.00914745 -0.000899491   0.00518738  -0.238459 -0.0173435   0.961942
    3.2773 -0.00754956  0.00123104  0.00199159  -0.234674 -0.0166111   0.942533
    3.2815  0.00789678 -0.00249739  0.00944844   -0.23797 -0.0227146   0.956205
   3.28731   0.0233431 -0.00622581   0.0169053  -0.241266 -0.0288181   0.969877
   3.29194  0.00629888 -0.00356265  0.00785054  -0.240534 -0.0224705   0.979398
   3.29694 -0.00115797 -0.00143212  0.00465475  -0.240046 -0.0134373   0.990385
   3.30167  -0.00595166 -0.000899491   0.00678528  -0.239313 -0.0168552   0.986112
   3.30718   -0.0134085 -0.000899491   0.00572002   -0.23443 -0.0222263    0.97122
   3.31138 -0.00435376 -0.00143212  0.00838318  -0.229425 -0.0201511   0.958524
    3.3173 0.000972558 -0.00249739  0.00785055  -0.231745 -0.0235691   0.958646
   3.32178  0.00576625 -0.00622581  0.00731792  -0.236017 -0.0282078   0.970731
   3.32717 0.000972558 -0.00729108  0.00625265 -0.237238 -0.023447  0.986967
   3.33144 -0.00541903 -0.00569318  0.00891581  -0.237482 -0.0178318   0.993803
   3.33725  0.00523362 -0.00622581   0.0174379  -0.236139 -0.0203953   0.984037
   3.34143 -0.00275587 -0.00356265    0.011579  -0.231134 -0.0246677   0.963895
    3.3473  -0.0203327 0.000165774  0.00199159  -0.226496 -0.0252781    0.94705
   3.35159  -0.0166043  0.00176367 0.000393692   -0.22967 -0.0295506   0.947904
    3.3573 -0.00115797 -0.00143212  0.00305685  -0.236261 -0.0351658   0.965604
   3.36163   0.0105599 -0.00675845  0.00785055  -0.239557 -0.0307713   0.985624
   3.36721   0.0121578 -0.00622581  0.00998108  -0.241755 -0.0235691    1.00076
   3.37136 -0.00222323 -0.00249739  0.00838318  -0.242853 -0.0239353   0.998197
    3.3773  -0.0304527  0.00176367 0.000926323  -0.238214 -0.0262547    0.97537
   3.38178  -0.0395075  0.00495946 -0.00173684  -0.233332 -0.0279636   0.953397
   3.38704 -0.0235285  0.0038942 0.00305685  -0.236505 -0.0326023   0.949003
   3.39147 -0.00222324 -0.00143212  0.00731792  -0.241755 -0.0354099   0.955595
    3.3973  0.00257045 -0.00409528  0.00625265  -0.242731 -0.0316258   0.970487
   3.40163  0.00523362 -0.00516055    0.011579  -0.244074 -0.0256443   0.987699
   3.40719   0.0105599 -0.00622581   0.0195685  -0.246149 -0.0252781   0.985258
    3.4114  0.00470098 -0.00462792   0.0169053  -0.241388 -0.0282078   0.968656
   3.41719 -0.00222324 -0.00143212  0.00944844  -0.236017 -0.0283299   0.958524
   3.42135  0.00310309 -0.00249739  0.00891581   -0.24029 -0.0299168    0.95889
    3.4273  0.00789678 -0.00569318  0.00785054  -0.245172 -0.0327244   0.964994
   3.43139 -0.00541903 -0.00409528 0.000393692  -0.244196 -0.0295506   0.980619
    3.4373   -0.0198001  -0.00143212 -0.000138938  -0.246149 -0.0225925   0.997099
   3.44161  -0.0176696 -0.00196476  0.00678528  -0.247614 -0.0205174   0.989774
    3.4473  -0.0123432 -0.00143212  0.00944844  -0.238947 -0.0230808   0.963895
    3.4516 -0.00754956  0.00176367  0.00838318  -0.231501 -0.0229588   0.946317
    3.4573 -0.00115797  0.00176367  0.00731791  -0.235529 -0.0246677   0.944852
   3.46168  0.00257045 -0.00249739  0.00412212  -0.238703 -0.0290623   0.954496
   3.46724  0.00416835 -0.00569318  0.00305685  -0.237116 -0.0247898   0.977201
   3.47137  -0.0134085 -0.00409528 0.000926323   -0.24151 -0.0156345    1.00259
    3.4773  -0.0229959 -0.00462792  0.00465475  -0.243952 -0.0144138    1.00247
    3.4814  -0.0048864 -0.00622581   0.0121116 -0.234919 -0.016367  0.980863
    3.4873    -0.011278 -0.000899491   0.00572001  -0.229059 -0.0153904   0.963163
    3.4914  -0.0166043 0.000165774  0.00305685 -0.234552 -0.019907  0.954252
    3.4973 -0.00382113 -0.00303002  0.00518738  -0.235773 -0.0261326   0.952177
    3.5018  0.00789678 -0.00462792  0.00625265  -0.232965 -0.0225925    0.96829
    3.5073  0.00842941 -0.00516055  0.00944844  -0.237848 -0.0155125   0.989408
   3.51157 -0.00382113 -0.00409528  0.00998107  -0.239069 -0.0185642   0.987333
   3.51738  0.00310309 -0.00303002   0.0110463 -0.229547 -0.021616  0.972929
   3.52155  0.00203782 0.000698406  0.00838318   -0.22613 -0.0175877    0.96414
   3.52738  -0.0123432 0.000698406  0.00358949  -0.232111 -0.0225925    0.95889
   3.53191  0.00310309 -0.00569318  0.00731791  -0.232965 -0.0313816   0.960844
   3.53722   0.0217452 -0.00782371   0.0126442 -0.233942 -0.026865  0.980985
   3.54139  0.00842941 -0.00569318  0.00998108  -0.242121 -0.0200291     1.0021
   3.54735 -0.00914745 -0.00462792  0.00785055 -0.242487 -0.023325  0.993925
   3.55144  -0.0134085 -0.00196476  0.00785055  -0.233454 -0.0252781   0.969511
   3.55738 -0.0160717  0.0022963 0.00518738  -0.232355 -0.0227146   0.952177
   3.56192 -0.00861482 0.000698406  0.00625265  -0.236994 -0.0301609   0.943021
   3.56725   -0.011278 -0.00196476  0.00199159  -0.236383 -0.0383396   0.948026
   3.57153   -0.015539 -0.00196476 -0.00173683  -0.239923 -0.0313816   0.973173
   3.57738  0.00683151 -0.00622581  0.00891581  -0.250055 -0.0240574   0.996732
   3.58158   0.0238757 -0.00942161   0.0185032  -0.249201 -0.0264988   0.996122
   3.58738   0.0153536 -0.00462792   0.0163727  -0.241999 -0.0246677   0.982206
   3.59186  -0.0032885 0.000165774  0.00998107  -0.243219 -0.0207615   0.966093
   3.59719 -0.00701693 -0.00143212  0.00785055  -0.245905 -0.0284519   0.951078
   3.60161  0.00523362 -0.00409528  0.00731792  -0.242975 -0.0339451   0.948392
   3.60738  0.00523362 -0.00356265  0.00412212  -0.244562 -0.0243015   0.965238
   3.61172   -0.0203327  -0.00196476 -0.000138942  -0.251886 -0.0200291   0.983793
   3.61738 -0.00914746 -0.00356265  0.00678528   -0.24859 -0.0254002   0.984281
   3.62145  -0.00275587 -0.000899491   0.00838318  -0.239923 -0.0200291   0.973661
   3.62728  -0.021398  0.0022963 0.00358949  -0.239801 -0.0150242   0.962186
   3.63147  -0.0134085 -0.00143212  0.00572002  -0.240168 -0.0249119   0.953641
   3.63738  -0.0032885 -0.00409528  0.00465475   -0.23736 -0.0296726   0.956693
   3.64173  0.00257045 -0.00409528  0.00305685  -0.242243 -0.0203953   0.977445
   3.64731 -0.000625338  -0.00462792   0.00572002  -0.248957 -0.0175877   0.997465
   3.65139  -0.0107454 -0.00516055  0.00678528  -0.244928 -0.0195408   0.995756
   3.65738 -9.27057e-05  -0.00516055    0.0110463   -0.23797 -0.0141697   0.978666
   3.66202   0.0180168 -0.00356265   0.0185032  -0.235407 -0.0135593   0.957426
   3.66718   0.0238757 -0.00409528   0.0195685  -0.232477 -0.0244236   0.943998
   3.67152   0.0281368 -0.00516055   0.0147748  -0.231379 -0.0269871   0.946317
   3.67738   0.0174842 -0.00303002  0.00678528  -0.237726 -0.0190525   0.965116
    3.6815  -0.0048864 -0.00356265  0.00305685  -0.243097 -0.0197849   0.989286
   3.68721  0.00470098 -0.00729108  0.00998107  -0.239679 -0.0223484   0.998563
   3.69148   0.0100273 -0.00569318   0.0126442  -0.235163 -0.0150242   0.990751
   3.69738  -0.00808219 -0.000366859   0.00838318 -0.234186  -0.01478  0.972807
   3.70156  -0.0107454 0.000698406  0.00625265  -0.232477 -0.0263767   0.957304
   3.70738  -0.00968009 -0.000899491   0.00358948   -0.23089 -0.0294285   0.954008
   3.71197  -0.0032885 -0.00303002  0.00465475  -0.234308 -0.0243015   0.965482
   3.71718 0.000439926 -0.00409528  0.00678528  -0.239557 -0.0257664   0.983793
   3.72172 -0.00435376 -0.00356265  0.00731792  -0.237482 -0.0266209   0.988309
   3.72703 -0.00968009 -0.00143212  0.00678528  -0.232843 -0.0203953   0.976347
   3.73147 -0.00435376  0.00123104  0.00891581  -0.231256 -0.0225925   0.962431
   3.73738   0.0185494 -0.00196476   0.0147748  -0.230036 -0.0324802    0.95413
   3.74185   0.0286694 -0.00516055   0.0137095  -0.230524 -0.0334568   0.954618
   3.74734  0.00416835 -0.00303002  0.00358948  -0.235773 -0.0294285   0.972074
   3.75139  -0.0219306 -0.00303002 -0.00173684  -0.242609 -0.0307713   0.996976
   3.75738  -0.0166043 -0.00462792  0.00305685  -0.242609 -0.0291843    1.00113
   3.76201 -0.00595166 -0.00356265  0.00838318  -0.238459 -0.0232029   0.985014
   3.76738  -0.00595166 -0.000366859    0.0105137 -0.235895 -0.025156  0.964872
   3.77175 -0.00541903 0.000165774  0.00891581  -0.234674 -0.0339451   0.947416
   3.77729  -0.00541903 -0.000899491   0.00412212  -0.234186 -0.0363865   0.941068
   3.78139  0.00257045 -0.00303002  0.00625265  -0.237238 -0.0329685   0.956815
   3.78728   0.0126905 -0.00569318   0.0110463  -0.243708 -0.0307713   0.983793
   3.79147   0.0164189 -0.00729108   0.0126442  -0.244074 -0.0272312   0.996976
   3.79738 -0.00808219 -0.00409528  0.00572002  -0.239435 -0.0211277   0.990873
   3.80148    -0.011278 -0.000899491   0.00678528  -0.238825 -0.0219822    0.97598
   3.80738 -9.27062e-05  -0.00143212   0.00944844  -0.238825 -0.0284519   0.960599
   3.81166  -0.0118106 -0.00196476  0.00199159  -0.236505 -0.0274754   0.951932
   3.81738 -0.00595166 -0.00409528  0.00412212  -0.239435 -0.0239353   0.963895
   3.82167  0.00523362 -0.00729108  0.00998108  -0.246393 -0.0236912   0.982694
   3.82738 0.000439926 -0.00569318  0.00838318 -0.246027 -0.021616  0.985014
   3.83146   -0.0150064 -0.000366859   0.00518738  -0.240046 -0.0162449   0.976591
   3.83734 -0.0107454 0.00176367 0.00785054  -0.239191 -0.0160008   0.966581
   3.84146 -0.0048864 0.00176367 0.00625265  -0.238825 -0.0235691   0.953397
   3.84738 -0.00541903 0.000165774  0.00412212  -0.235407 -0.0252781    0.94766
   3.85185 -0.000625338  -0.00143212   0.00412212  -0.240046 -0.0214939    0.96536
   3.85738 0.000972559 -0.00462792  0.00572002  -0.249689 -0.0212498   0.991239
    3.8617  0.00523362 -0.00782371   0.0105137  -0.248957 -0.0194187   0.997343
   3.86728  0.00576625 -0.00516055     0.01584  -0.243341 -0.0128269   0.989774
   3.87161  -0.00595166 -0.000366859    0.0137095 -0.243586 -0.012949  0.974515
   3.87738 -0.00648429 0.000165774  0.00891581  -0.240656 -0.0224705   0.948759
   3.88171   0.00576625 -0.000899491   0.00944844  -0.234919 -0.0256443    0.93765
   3.88738  -0.00115797 -0.000899491   0.00518738  -0.240168 -0.0222263   0.954374
   3.89146   -0.011278 -0.00303002  0.00145896  -0.248102 -0.0225925   0.976591
   3.89729 -0.00754956 -0.00569318  0.00572002  -0.243586 -0.0218601   0.988065
   3.90143  0.00470098 -0.00409528   0.0126442  -0.239069 -0.0156345   0.991849
   3.90738 -0.00754956 -0.00143212   0.0105137  -0.241755 -0.0162449   0.984525
   3.91164  -0.0128759 -0.00249739  0.00838318  -0.238214 -0.0245457   0.962675
   3.91738  0.00523362 -0.00303002   0.0105137  -0.232111 -0.0269871    0.95413
   3.92174  0.00896204 -0.00303002   0.0105137  -0.236872 -0.0240574   0.966703
   3.92739   0.0110926 -0.00622581   0.0105137  -0.243219 -0.0256443   0.979765
   3.93168  0.00842941 -0.00675845   0.0110463  -0.238947 -0.0256443    0.98599
   3.93738 -0.00222324 -0.00196476   0.0105137  -0.235285 -0.0186863   0.983671
   3.94154 -0.00648429 0.000698406  0.00944844  -0.235773 -0.0202732   0.969144
   3.94738 -0.00861482 0.000698406  0.00518738  -0.229547 -0.0307713   0.949125
   3.95166  -0.015539 0.00282894 -0.0028021  -0.224909 -0.0312595   0.945463
   3.95738 -0.00435376 0.000698406 0.000926327  -0.233454 -0.0274754   0.964384
   3.96182  -0.0016906 -0.00675845  0.00678528 -0.240656 -0.032114  0.987455
   3.96738  -0.0102127 -0.00835634  0.00518738   -0.23736 -0.0308933    1.00076
   3.97146  -0.0160717 -0.00303002  0.00412212  -0.237116 -0.0200291   0.999296
   3.97738   -0.021398 0.000165774  0.00678528  -0.238459 -0.0211277    0.97952
   3.98183   -0.0176696 -0.000366859   0.00785054  -0.230646 -0.0323582    0.95413
   3.98733  -0.00595166 -0.000366859   0.00625265  -0.226862 -0.0326023   0.943143
   3.99157  0.00416835 -0.00196476  0.00572002  -0.235651 -0.0297947   0.952909
   3.99738   0.0142884 -0.00782371   0.0121116  -0.240412 -0.0343113   0.969511
   4.00153    0.014821 -0.00888897   0.0153074  -0.237848 -0.0307713   0.986234
   4.00738  0.00736414 -0.00462792   0.0126442  -0.239923 -0.0197849   0.992582
   4.01163  0.00470098 -0.00356265   0.0121116    -0.2409 -0.0218601   0.980619
   4.01742 -0.00382113 -0.00196476  0.00678528   -0.23382 -0.0299168   0.964994
   4.02173  0.000972558 -0.000899491   0.00572002  -0.232233 -0.0262547   0.959013
    4.0274   0.0100273 -0.00409528  0.00944844 -0.240534 -0.025034  0.962186
   4.03175   0.0105599 -0.00782371    0.011579  -0.244196 -0.0313816   0.974271
   4.03732 -0.00222324 -0.00569318  0.00625265  -0.242365 -0.0252781   0.989652
   4.04149  -0.0182022 -0.00196476  0.00305685  -0.244074 -0.0140476   0.988554
   4.04731  -0.0182022 -0.00249739  0.00785054  -0.242243 -0.0186863   0.969999
   4.05147 -0.00914745 -0.00143212  0.00785054  -0.234186 -0.0261326   0.951932
   4.05738  0.00416835 0.000165774  0.00785054  -0.233576 -0.0223484   0.946439
   4.06202     0.02068 -0.00409528   0.0131769  -0.240656 -0.0240574   0.956937
   4.06718    0.024941 -0.00835634   0.0131769   -0.24383 -0.0295506   0.978666
   4.07139   0.0222778 -0.00835634   0.0131769   -0.24444 -0.0208836   0.997465
   4.07733   0.0180168 -0.00675845   0.0174379  -0.247248 -0.0117283   0.999906
    4.0816 -9.27066e-05  -0.00303002    0.0131769  -0.243952 -0.0169773   0.984159
   4.08738  -0.0134085 0.000165774  0.00678528  -0.235163 -0.0210056   0.960844
   4.09175 -0.0118106 0.00123104 0.00465475  -0.233698 -0.0192966   0.946195
   4.09734  -0.00541903 -0.000366859   0.00358948  -0.238947 -0.0249119   0.949491
   4.10158  0.00470098 -0.00303002  0.00572002  -0.240534 -0.0284519   0.965482
   4.10718  0.00576625 -0.00409528  0.00731791  -0.241022 -0.0191746   0.983549
   4.11183  0.00257045 -0.00356265  0.00838318  -0.242609 -0.0131931    0.98953
   4.11729  -0.0118106 -0.00143212  0.00572002  -0.239557 -0.0194187   0.981107
   4.12139 -0.00968009 -0.00196476  0.00731791  -0.234186 -0.0217381   0.969266
   4.12739   0.0100273 -0.00356265    0.011579  -0.233454 -0.0186863   0.959501
   4.13179  0.00363572 -0.00356265  0.00838318  -0.237726 -0.0247898   0.960355
   4.13738  -0.0032885 -0.00462792  0.00465475  -0.240778 -0.0290623   0.973295
   4.14172 -9.27066e-05  -0.00569318   0.00465475  -0.242121 -0.0208836   0.988554
   4.14728  0.00736414 -0.00622581   0.0137095  -0.242975 -0.0168552   0.991849
   4.15149 -0.00754956 -0.00303002    0.011579  -0.239801 -0.0214939    0.97598
   4.15738  -0.0198001 0.000165774  0.00572002 -0.233332 -0.023447  0.955473
    4.1618  0.00683151 -0.00143212   0.0126442  -0.231501 -0.0245457    0.94473
   4.16738   0.0233431 -0.00356265   0.0131769  -0.235041 -0.0308933   0.950956
   4.17158   0.0244084 -0.00675845   0.0110463  -0.238703 -0.0329685   0.971464
   4.17738   0.0238757 -0.00888897   0.0137095  -0.241388 -0.0252781   0.992338
   4.18161  0.00683151 -0.00516055    0.011579  -0.242487 -0.0207615    1.00125
   4.18738 -0.00275587 -0.00303002   0.0105137  -0.240656 -0.0236912    0.99246
   4.19185 -0.00222324 -0.00303002   0.0121116 -0.235163 -0.025156  0.969389
   4.19735  0.00576625 -0.00249739   0.0126442 -0.231623 -0.026865  0.949369
   4.20151   0.0169515 -0.00409528   0.0137095  -0.235407 -0.0327244   0.949125
   4.20743   0.0126905 -0.00569318   0.0105137  -0.238337 -0.0333347    0.96121
   4.21149  0.00310309 -0.00569318  0.00678528  -0.238581 -0.0263767   0.977689
   4.21738  -0.0150064 -0.00196476 0.000926323  -0.241144 -0.0236912   0.990263
   4.22152  -0.0288548 0.000698406 -0.00226947  -0.241388 -0.0260105   0.983427
   4.22738   -0.0139411 -0.000899491   0.00518738  -0.235895 -0.0252781   0.965604
   4.23194  0.00896204 -0.00249739   0.0131769  -0.234674 -0.0258884   0.958402
   4.23738   0.0169515 -0.00409528   0.0131769 -0.240778 -0.030405   0.96121
   4.24161   0.0180168 -0.00675845   0.0105137  -0.244806 -0.0315037   0.968656
   4.24738  0.00310309 -0.00569318  0.00518738  -0.246515 -0.0262547    0.98538
   4.25154  -0.0123432 -0.00249739  0.00305685  -0.249445 -0.0206394   0.996244
   4.25738  -0.0107454 -0.00303002  0.00891581  -0.247614 -0.0203953   0.982572
   4.26159  0.00150519 -0.00409528   0.0147748  -0.238459 -0.0221043   0.957548
   4.26738   0.0180168 -0.00249739   0.0174379  -0.235041 -0.0238133    0.94473
   4.27165   0.0158863 -0.00196476    0.011579  -0.240168 -0.0289402    0.94827
   4.27738  0.00310309 -0.00409528  0.00358948  -0.241755 -0.0297947   0.960111
   4.28148  0.00363572 -0.00622581  0.00572002  -0.241999 -0.0223484   0.984281
   4.28738  0.00576625 -0.00729108    0.011579  -0.245417 -0.0161228    1.00393
   4.29183 0.000439926 -0.00782371   0.0131769  -0.242975 -0.0178318    0.99661
   4.29738 -0.00541903 -0.00516055    0.011579  -0.233698 -0.0188084   0.974882
   4.30162 -0.00754956 0.000165774  0.00944844  -0.231256 -0.0180759   0.957792
   4.30738 0.000439926 -0.00196476  0.00998107  -0.236505 -0.0236912     0.9512
   4.31146  0.00257045 -0.00622581  0.00785055  -0.235895 -0.0279636   0.955839
   4.31738  -0.0048864 -0.00356265  0.00252422 -0.235285 -0.021616  0.975004
   4.32185  -0.0134085 -0.00196476  0.00252422  -0.241022 -0.0151463   0.989652
   4.32717 -0.00435376 -0.00462792   0.0110463  -0.239069 -0.0185642   0.983427
   4.33145 -9.27066e-05  -0.00249739    0.0110463  -0.230646 -0.0194187   0.968534
   4.33738 -0.00541903 0.000698406  0.00572002  -0.231867 -0.0179539   0.960844
   4.34194  0.00150519 -0.00249739  0.00678528  -0.238214 -0.0255222   0.957182
    4.3472  0.00150519 -0.00516055  0.00465475  -0.237482 -0.0297947   0.963895
   4.35163 -0.00701693 -0.00462792  0.00145896  -0.240046 -0.0221043   0.988554
   4.35738  -0.0144738 -0.00462792  0.00305685  -0.248102 -0.0179539    1.00186
   4.36186  -0.0102127 -0.00516055  0.00891581  -0.243463 -0.0222263   0.986112
   4.36718   -0.0150064 -0.000366858   0.00785054  -0.233332 -0.0228367   0.963651
   4.37156 -0.0171369  0.0038942 0.00412212  -0.233698 -0.0227146   0.949491
   4.37738  0.00150519 0.000165774  0.00731791 -0.236505 -0.032114  0.943632
   4.38183   0.0222778 -0.00516055    0.011579  -0.234552 -0.0363865    0.95413
   4.38733   0.0244084 -0.00675845    0.011579  -0.238214 -0.0274754   0.981107
   4.39143    0.014821 -0.00729108   0.0121116  -0.245783 -0.0245457    1.00039
   4.39738  0.00896204 -0.00729108   0.0142421  -0.240656 -0.0280857   0.995023
    4.4018  0.00629888 -0.00462792   0.0142421  -0.232965 -0.0235691   0.979887
   4.40733  0.00576625 -0.00196476   0.0121116   -0.23443 -0.0227146   0.963529
    4.4116  0.00203782 -0.00249739  0.00891581  -0.234674 -0.0326023   0.950468
   4.41738 -9.27066e-05  -0.00409528   0.00625265  -0.232233 -0.0354099   0.955839
   4.42165 -9.27066e-05  -0.00356265   0.00412212  -0.237604 -0.0260105    0.97537
   4.42738  0.00576625 -0.00462792  0.00998107  -0.244562 -0.0239353   0.985746
   4.43156 -0.00275587 -0.00303002  0.00891581  -0.238581 -0.0280857   0.980741
   4.43738  -0.0171369 0.000165774  0.00465475  -0.232721 -0.0212498   0.970853
     4.442  -0.0032885 -0.00143212   0.0110463  -0.236505 -0.0207615   0.959501
   4.44734  0.00789678 -0.00356265  0.00998107 -0.236872 -0.032114  0.952299
    4.4515  0.00736415 -0.00462792  0.00518738  -0.235529 -0.0306492   0.962919
   4.45738  0.00896204 -0.00622581  0.00731791  -0.243708 -0.0202732   0.987821
   4.46177  0.00363572 -0.00782371  0.00944844  -0.250299 -0.0202732    1.00027
   4.46725 0.000439926 -0.00675845   0.0110463  -0.243586 -0.0214939   0.990263
   4.47146 -0.00808219 -0.00196476  0.00998108  -0.237604 -0.0149021   0.971464
   4.47738  -0.0118106 0.000698406  0.00785055  -0.237848 -0.0177097     0.9512
   4.48171  -0.0016906 -0.00143212  0.00785055  -0.234919 -0.0295506   0.940092
   4.48738  0.00576625 -0.00356265  0.00572002  -0.234186 -0.0274754   0.948881
   4.49157  0.00736415 -0.00409528  0.00518738  -0.241632 -0.0190525   0.972562
   4.49738  0.00629888 -0.00622581  0.00891581  -0.244562 -0.0211277   0.993681
   4.50186   0.0116252 -0.00729108   0.0137095  -0.239069 -0.0201511   0.998563
   4.50747  -0.0048864 -0.00196476  0.00731791  -0.236628 -0.0125828   0.985624
   4.51182  -0.0166043 0.000698406  0.00465475  -0.236505 -0.0173435   0.967069
   4.51747 -0.00115797 -0.00196476  0.00998107  -0.233942 -0.0283299   0.954008
   4.52157  0.00629888 -0.00303002  0.00838318  -0.234308 -0.0257664   0.954618
   4.52746  0.00629888 -0.00409528  0.00838318    -0.2409 -0.0207615   0.970487
   4.53195   0.0110926 -0.00569318   0.0121116  -0.244562 -0.0243015   0.984769
   4.53712  0.00576625 -0.00356265   0.0110463  -0.241022 -0.0230808   0.984769
   4.54166  -0.00861482 -0.000366859   0.00785055  -0.238214 -0.0170994   0.972929
   4.54746 -0.0182022 0.00176367 0.00572002  -0.238214 -0.0236912   0.958524
   4.55203  -0.0102127 0.000698406  0.00572002  -0.23736 -0.032114  0.950712
   4.55747   0.0110926 -0.00356265  0.00998107  -0.239313 -0.0279636   0.956937
   4.56182   0.0153536 -0.00675845   0.0126442  -0.246515 -0.0256443   0.979032
   4.56746  0.00949467 -0.00782371   0.0137095  -0.250544 -0.0284519   0.998319
   4.57169  0.00629888 -0.00622581   0.0153074  -0.247492 -0.0236912   0.994657
   4.57747 0.000972558 -0.00409528   0.0174379  -0.243464 -0.0183201   0.977323
   4.58158    -0.011278 -0.000899491    0.0137095  -0.239923 -0.0255222   0.957548
   4.58747   -0.015539 0.000698406  0.00625265  -0.236261 -0.0335789   0.942045
   4.59192 0.000972559 -0.00143212  0.00572002  -0.236383 -0.0315037   0.944364
    4.5973   0.0174842 -0.00462792  0.00944844  -0.241266 -0.0279636   0.966215
   4.60154   0.0126905 -0.00622581  0.00998107  -0.244806 -0.0279636   0.989652
   4.60747 -0.00115797 -0.00462792  0.00678528 -0.242609 -0.023447  0.996122
   4.61188   -0.015539 -0.00196476  0.00465475  -0.239313 -0.0186863   0.986478
    4.6174 -0.00861482 -0.00143212  0.00891581  -0.238214 -0.0246677   0.974149
   4.62168  0.00736414 -0.00249739    0.011579  -0.236872 -0.0301609    0.95889
   4.62747  0.00416835 -0.00249739  0.00838318  -0.235529 -0.0273533   0.953519
   4.63162 -0.00115797 -0.00356265  0.00678528  -0.240412 -0.0261326   0.969389
   4.63746 -0.00115797 -0.00516055  0.00731792  -0.245417 -0.0271091   0.980619
   4.64157  -0.0160717 -0.00249739  0.00358949  -0.241388 -0.0227146   0.980009
   4.64747  -0.0107454 -0.00143212  0.00891581   -0.23675 -0.0178318   0.973905
   4.65186  0.00470098 -0.00196476   0.0142421  -0.235285 -0.0219822   0.961942
   4.65747 -0.000625338  -0.00143212   0.00891581  -0.232599 -0.0275974   0.949979
   4.66191  0.00629888 -0.00196476  0.00944844  -0.231623 -0.0266209   0.952421
   4.66735   0.0137557 -0.00196476    0.011579  -0.232477 -0.0246677   0.960355
   4.67161   0.0169515 -0.00622581   0.0142421  -0.238581 -0.0244236   0.982206
   4.67748   0.0132231 -0.00888897   0.0163727  -0.240046 -0.0201511   0.998808
   4.68181  0.00523362 -0.00516055   0.0169053 -0.234674  -0.01478  0.987577
   4.68733  0.00416835 -0.00303002   0.0179706  -0.233942 -0.0134373   0.981596
   4.69152 -0.00115797 -0.00249739   0.0121116  -0.229303 -0.0217381   0.958402
   4.69747 -0.00648429 -0.00196476  0.00625265  -0.224665 -0.0300388   0.935209
   4.70171 -9.27062e-05  -0.00303002   0.00678528  -0.232477 -0.0278416   0.956571
   4.70747 -0.00275587 -0.00462792  0.00358949  -0.239679 -0.0261326   0.984647
   4.71192  -0.0102127 -0.00462792  0.00252422  -0.235529 -0.0223484   0.993436
   4.71747 -0.00861482 -0.00409528  0.00518738  -0.231989 -0.0180759   0.995512
   4.72171  0.00150519 -0.00569318   0.0126442  -0.234186 -0.0223484   0.981229
   4.72747   0.0116252 -0.00729108   0.0201011  -0.236383 -0.0266209   0.966947
   4.73172  0.00683151 -0.00409528   0.0126442 -0.235651 -0.025034  0.962797
   4.73747 0.000439926 -0.00196476  0.00412212  -0.241388 -0.0241795   0.967924
   4.74205 -0.00115797 -0.00516055  0.00518738  -0.246271 -0.0264988   0.981718
   4.74709 -0.00115797 -0.00729108  0.00731792  -0.244684 -0.0280857   0.986234
    4.7517 -0.00541903 -0.00356265  0.00838318  -0.243586 -0.0214939   0.980985
   4.75747  -0.00861482 -0.000899491   0.00891581  -0.239557 -0.0214939   0.964384
   4.76207  0.00629888 -0.00356265   0.0126442  -0.231989 -0.0291843   0.947172
   4.76747   0.0201473 -0.00516055   0.0169053  -0.22735 -0.030283  0.941312
   4.77171   0.0132231 -0.00622581   0.0131769   -0.23675 -0.0288181   0.963285
   4.77746  0.00629888 -0.00729108  0.00944844  -0.246149 -0.0273533   0.985258
   4.78147  0.00203782 -0.00622581  0.00944844  -0.241999 -0.0214939   0.993436
   4.78731 -0.00222324 -0.00516055  0.00944844  -0.237848 -0.0156345    1.00162
   4.79157  -0.0134085 -0.00356265  0.00838318  -0.236261 -0.0206394   0.979276
   4.79747  -0.0245938 -0.00196476  0.00731792  -0.234674 -0.0256443   0.956937
   4.80206  0.00310309 -0.00249739   0.0110463   -0.23382 -0.0235691   0.954008
   4.80731      0.0308 -0.00303002   0.0147748  -0.232965 -0.0214939   0.951078
   4.81147 0.000439925 -0.00249739  0.00412212  -0.235651 -0.0249119   0.966459
   4.81747  -0.0299201 -0.00196476 -0.00653052  -0.238337 -0.0283299    0.98184
   4.82187   -0.0261917 -0.000899491   -0.0012042  -0.242365 -0.0213718   0.983305
    4.8274  -0.0224633 0.000165774  0.00412212  -0.246393 -0.0144138   0.984769
   4.83153  -0.00754956 -0.000899491   0.00838318  -0.239923 -0.0200291   0.970365
   4.83747  0.00736414 -0.00196476   0.0126442  -0.233454 -0.0256443   0.955961
   4.84171 0.000439926 -0.00303002  0.00731791  -0.243708 -0.0279636    0.96182
   4.84747 -0.00648429 -0.00409528  0.00199159 -0.253962 -0.030283   0.96768
   4.85167  0.00470098 -0.00409528  0.00891581  -0.252253 -0.0222263    0.97952
   4.85747   0.0158863 -0.00409528     0.01584  -0.250544 -0.0141697   0.991361
   4.86166   0.0180168 -0.00409528   0.0190358  -0.245417 -0.0229588   0.970243
   4.86748   0.0201473 -0.00409528   0.0222316   -0.24029 -0.0317478   0.949125
   4.87199   0.00363572 -0.000366859   0.00998107  -0.242243 -0.0284519   0.950346
   4.87747  -0.0128759  0.00336157 -0.00226947 -0.244196 -0.025156  0.951566
   4.88157  -0.00754956 -0.000366859 -0.000671573 -0.242975 -0.026865  0.972807
   4.88747 -0.00222324 -0.00409528 0.000926323 -0.241755 -0.028574  0.994047
   4.89176  0.00203782 -0.00303002  0.00358948  -0.244806 -0.0211277    1.00015
   4.89728  -0.0032885 -0.00196476  0.00731791  -0.246149 -0.0166111   0.997587
   4.90165  -0.0182022 0.000698406  0.00412212  -0.235895 -0.0219822   0.967924
   4.90747   -0.0235285   0.00336157 -0.000138938   -0.22735 -0.0244236   0.946928
   4.91169 -0.0267243 0.00336157 -0.0012042  -0.231256 -0.0257664   0.945829
   4.91736   -0.0139411 -0.000899491   0.00252422  -0.236017 -0.0315037   0.952177
   4.92183  0.00363572 -0.00462792  0.00625265  -0.235773 -0.0324802    0.97122
   4.92747 -0.00275587 -0.00249739  0.00252422 -0.236383 -0.021616  0.989896
   4.93177 -0.00435376 -0.00249739  0.00518738  -0.238703 -0.0190525   0.992094
   4.93736   -0.0176696 -0.000366859   0.00252422  -0.235895 -0.0260105    0.97891
    4.9416  -0.0192675 0.000698406 0.000393692   -0.23089 -0.0236912   0.964628
   4.94747 0.000439926 -0.00196476  0.00572002   -0.23321 -0.0219822   0.957914
   4.95193 -0.000625338  -0.00409528   0.00518738  -0.23797 -0.030283  0.963773
   4.95747  0.00257045 -0.00675845  0.00518738  -0.239313 -0.0300388   0.980741
   4.96174 0.000439926 -0.00516055  0.00518738  -0.241022 -0.0185642   0.993314
   4.96749  -0.0118106 -0.00249739  0.00625265  -0.241632 -0.0170994   0.987699
   4.97163  -0.0048864 -0.00303002   0.0110463  -0.236017 -0.0229588   0.968778
   4.97747  0.00629888 -0.00143212   0.0126442  -0.229303 -0.0225925   0.950712
    4.9818   0.00416835 -0.000366859   0.00891581  -0.229914 -0.0229588   0.945463
   4.98742   0.0105599 -0.00356265  0.00731792  -0.234064 -0.0297947   0.958402
   4.99152   0.0153536 -0.00516055  0.00518738   -0.23675 -0.0278416   0.978544
   4.99747 -0.00595166 -0.00303002 0.000393692  -0.238947 -0.0179539   0.996732
   5.00154  -0.0171369 -0.00356265  0.00465475  -0.239557 -0.0170994    1.00259
   5.00747  -0.0150064 -0.00409528   0.0105137  -0.235773 -0.0206394   0.986967
   5.01193  -0.0219306 0.000165774  0.00678528  -0.231379 -0.0201511   0.962308
   5.01722 -0.0208654  0.0022963 0.00358948  -0.231501 -0.0227146   0.948392
   5.02155  -0.0150064 0.000698406  0.00252422  -0.235529 -0.0291843   0.951566
   5.02747  0.00683151 -0.00409528  0.00731791  -0.238703 -0.0280857   0.965971
   5.03176   0.0121578 -0.00516055  0.00944844  -0.240778 -0.0205174   0.983427
   5.03747  -0.0032885 -0.00249739  0.00731791  -0.243219 -0.0190525   0.989408
   5.04169  0.00789678 -0.00409528   0.0131769  -0.241022 -0.0219822     0.9783
   5.04724  0.00257046 -0.00303002   0.0105137  -0.236383 -0.0219822   0.961942
   5.05154   -0.0123432 -0.000366859   0.00465475  -0.238092 -0.0245457   0.957059
   5.05747  0.00576625 -0.00409528  0.00838318  -0.243586 -0.0297947   0.961332
   5.06187  0.00523362 -0.00569318  0.00305685  -0.246515 -0.0278416   0.973051
   5.06717  -0.0187348 -0.00303002 -0.00173684  -0.248224 -0.0221043   0.990873
   5.07159  -0.0171369 -0.00356265  0.00731791  -0.249811 -0.0207615   0.994535
   5.07747  0.00470098 -0.00569318   0.0163727   -0.24505 -0.0224705   0.975004
   5.08193 -0.000625339  -0.00196476   0.00944844 -0.236383 -0.023447  0.951688
   5.08737  0.00523362 0.000698406  0.00838318  -0.235651 -0.0254002   0.943998
   5.09164   0.0217452 -0.00249739   0.0131769  -0.239435 -0.0313816   0.951688
   5.09747   0.0228105 -0.00675845   0.0121116  -0.240046 -0.0307713   0.967924
   5.10176  0.00789678 -0.00622581  0.00891581  -0.241877 -0.0228367   0.991483
   5.10718 -0.00115797 -0.00516055   0.0105137  -0.245295 -0.0196629    1.00369
    5.1116 -0.00275587 -0.00462792   0.0110463  -0.241266 -0.0206394   0.988187
   5.11747  -0.0160717 0.000165774  0.00572002  -0.233332 -0.0207615   0.965604
   5.12158 -0.00914745  0.00176367  0.00731792   -0.23382 -0.0240574   0.954008
   5.12747  -0.00595166 -0.000899491   0.00465475  -0.237482 -0.0300388   0.952055
    5.1319 -0.00382113 -0.00356265  0.00199159  -0.236383 -0.0295506   0.959501
   5.13736  -0.0123432 -0.00249739 0.000393692  -0.238703 -0.0218601   0.978788
   5.14167 -0.00382113 -0.00409528  0.00998107  -0.243219 -0.0197849   0.990629
   5.14747  0.00310309 -0.00516055   0.0137095  -0.238459 -0.0229588   0.979154
   5.15161 -0.00435376 -0.00143212  0.00785054  -0.231745 -0.0222263   0.964262
   5.15747 -0.00382113  0.00123104  0.00625265  -0.235041 -0.0235691   0.958646
   5.16211  -0.0032885 -0.00196476  0.00465475  -0.238947 -0.0297947   0.958402
   5.16718  0.00523362 -0.00569318  0.00625265  -0.237482 -0.0297947   0.970975
   5.17165 -0.00968009 -0.00303002 0.000926323 -0.242121 -0.021616  0.994779
   5.17747   -0.0347138 -0.000366859      -0.0044 -0.246881 -0.019907   1.00064
   5.18161   -0.0368443 -0.000366859 -0.000138942  -0.238581 -0.0230808   0.980009
   5.18747    -0.015539 -0.000366859   0.00998107 -0.230036 -0.021616  0.959745
   5.19187  0.00203782 0.000165774   0.0126442  -0.232721 -0.0236912   0.947294
   5.19741  0.00629888 -0.00196476  0.00678528  -0.235285 -0.0322361   0.944486
   5.20153  0.00896204 -0.00569318  0.00572002  -0.233332 -0.0318699    0.96121
   5.20747     0.02068 -0.00729108   0.0110463  -0.238825 -0.0222263    0.98953
   5.21166   0.0260063 -0.00729108   0.0153074   -0.24505 -0.0205174    1.00162
   5.21747 -0.00275587 -0.00303002  0.00678528  -0.238459 -0.0229588   0.991117
   5.22186   -0.0256591   0.00176367 -0.000138938  -0.232843 -0.0185642   0.975126
    5.2272    -0.011278 -0.000366859   0.00678528  -0.237238 -0.0214939   0.959501
   5.23163 -0.000625339  -0.00356265   0.00785054 -0.238092 -0.032114  0.950101
   5.23747 -0.00222324 -0.00303002  0.00252422  -0.235529 -0.0294285   0.959257
   5.24178   -0.0187348 -0.000366859      -0.0044 -0.241755 -0.019907  0.980863
   5.24734  -0.0229959 -0.00196476 -0.00173684  -0.245905 -0.0217381   0.988432
    5.2516 -0.00275587 -0.00409528  0.00944844  -0.237482 -0.0246677    0.97891
   5.25746  0.000972558 -0.000899491    0.0105137  -0.232843 -0.0190525   0.967313
   5.26165   -0.0016906 -0.000899491   0.00944844  -0.236872 -0.0223484   0.957304
   5.26747   0.0153536 -0.00516055   0.0142421  -0.235773 -0.0312595   0.953519
   5.27178   0.0329305 -0.00675845   0.0153074  -0.235041 -0.0263767   0.968046
   5.27747   0.0212126 -0.00622581   0.0110463  -0.243464 -0.0195408    0.99307
   5.28162 -9.27066e-05  -0.00622581   0.00785054  -0.245905 -0.0225925   0.999662
   5.28747  -0.0102127 -0.00409528  0.00731791  -0.237238 -0.0218601   0.984403
   5.29181 -0.00808219 0.000165774  0.00891581  -0.233576 -0.0168552    0.96536
   5.29747 -0.00382113  0.00123104  0.00785054  -0.235285 -0.0225925   0.948637
   5.30179   -0.0032885 -0.000366859   0.00358948  -0.231989 -0.0324802   0.943021
   5.30735  -0.0171369 0.000165774 -0.00386737  -0.233576 -0.0277195   0.958768
   5.31153   -0.0283222 -0.000366859      -0.0044  -0.243952 -0.0212498   0.982694
   5.31747  -0.0304527 -0.00143212 -0.00173683  -0.245783 -0.0255222   0.995023
    5.3217   -0.0267243 -0.000899491  0.000926327  -0.240656 -0.0239353   0.992826
   5.32747  -0.00754956 -0.000366859   0.00891581  -0.241144 -0.0168552   0.977445
   5.33165  -0.00861482 -0.000366859   0.00944844  -0.242243 -0.0230808   0.960355
   5.33747 -0.00968009 -0.00249739  0.00785054  -0.239435 -0.0327244   0.952177
   5.34189  0.00150519 -0.00356265  0.00678528  -0.240656 -0.0274754   0.957548
   5.34747 -0.00435376 -0.00356265  0.00465475  -0.249079 -0.0235691    0.97476
    5.3518 0.000439926 -0.00622581  0.00998107  -0.250422 -0.0272312   0.984891
   5.35747 -0.00595166 -0.00356265  0.00731791  -0.243708 -0.0227146   0.979032
   5.36156  -0.0128759 0.000165774  0.00625265  -0.241999 -0.0174656   0.965726
   5.36747  -0.0208654 0.000698406  0.00358949  -0.239923 -0.0262547   0.955595
   5.37195    -0.021398  0.000165774 -0.000671573  -0.235773 -0.0317478   0.953641
   5.37747    0.014821 -0.00569318    0.011579  -0.238703 -0.0247898    0.96414
   5.38154  0.0329305 -0.0104869  0.0201011  -0.245539 -0.0240574   0.987211
   5.38747   0.0142884 -0.00782371   0.0142421  -0.245295 -0.0272312   0.999906
   5.39177  -0.0102127 -0.00249739  0.00572002  -0.239313 -0.0205174   0.990995
   5.39747   -0.0144738 -0.000366859   0.00678528  -0.235407 -0.0156345    0.97244
   5.40201  -0.0102127 0.000698406  0.00785054  -0.231745 -0.0243015   0.954374
   5.40737 -0.0128759 0.00123104 0.00145896  -0.228693 -0.0310154    0.94351
    5.4116  -0.0198001 0.000165774 -0.00493263  -0.231379 -0.0282078   0.950224
   5.41747 -0.00861482 -0.00303002 0.000393696  -0.238092 -0.0262547   0.973783
   5.42153   0.0105599 -0.00675845   0.0110463   -0.24029 -0.0247898   0.992826
   5.42747  0.00416835 -0.00675845   0.0110463  -0.236994 -0.0185642    0.99539
   5.43194  -0.0102127 -0.00303002  0.00891581   -0.23443 -0.0160008   0.984525
   5.43724  -0.00968009 -0.000366859   0.00944844  -0.234919 -0.0238133   0.968046
   5.44167 -0.00275587 -0.00143212  0.00731791  -0.235285 -0.0288181   0.955473
   5.44747  0.00310309 -0.00303002  0.00625265 -0.235041 -0.025156  0.956693
   5.45178  0.00257045 -0.00409528  0.00678528  -0.240656 -0.0249119   0.974149
   5.45747 -0.000625338  -0.00569318   0.00891581  -0.245172 -0.0262547   0.989042
   5.46178 -9.27066e-05  -0.00462792     0.011579   -0.24029 -0.0211277   0.984037
   5.46722  -0.0160717 0.000165774  0.00678528  -0.236261 -0.0178318   0.970975
   5.47154 -0.0182022  0.0022963 0.00572002 -0.235895 -0.023447  0.957914
   5.47747   0.0174842 -0.00356265     0.01584  -0.233942 -0.0289402   0.947904
   5.48195   0.0238757 -0.00622581   0.0147748  -0.234308 -0.0277195   0.957548
   5.48739  0.00683151 -0.00516055  0.00785055  -0.241022 -0.0264988   0.984891
   5.49147 0.000972558 -0.00675845  0.00731792  -0.245783 -0.0249119    1.00052
   5.49747  -0.0016906 -0.00675845  0.00998108   -0.24151 -0.0194187   0.995145
   5.50192  0.00257045 -0.00462792   0.0153074  -0.237482 -0.0161228   0.980009
   5.50755   0.0126905 -0.00249739   0.0185032  -0.236139 -0.0222263   0.959745
   5.51182   0.0196147 -0.00143212   0.0147748  -0.231745 -0.0296726   0.941434
   5.51755    0.0100273 -0.000366859   0.00518738 -0.230646 -0.028574  0.945951
   5.52178  -0.00648429 -0.000366859 -0.000671573  -0.238703 -0.0252781    0.97122
   5.52734 -0.00968009 -0.00409528  0.00305685  -0.242975 -0.0249119   0.988187
   5.53164  0.00257045 -0.00516055  0.00998108  -0.238337 -0.0218601   0.992216
   5.53755  -0.0016906 -0.00196476  0.00998108  -0.237848 -0.0179539   0.988065
   5.54178  -0.0134085 -0.00196476  0.00731792  -0.239801 -0.0213718   0.970487
   5.54757  -0.0134085 -0.00196476  0.00625265  -0.235895 -0.0278416   0.954374
   5.55208 -0.00275587 -0.00196476  0.00731791  -0.234919 -0.0264988   0.958036
   5.55756  0.00310309 -0.00409528  0.00625265  -0.243219 -0.0238133   0.974149
   5.56194  -0.0048864 -0.00622581  0.00465475  -0.246027 -0.0256443   0.985258
   5.56751  -0.0182022 -0.00303002  0.00305685 -0.239923 -0.021616  0.984769
   5.57175  -0.0256591 0.000698406  0.00465475  -0.239191 -0.0169773   0.976102
   5.57755 -0.00222324 -0.00249739   0.0153074  -0.238947 -0.0241795   0.957304
   5.58186   0.0100273 -0.00249739   0.0131769  -0.232233 -0.0308933   0.942411
   5.58755   0.00629888 -0.000899491   0.00518738   -0.23321 -0.0269871   0.953153
   5.59188  0.00576625 -0.00462792  0.00518738  -0.243952 -0.0258884   0.979398
   5.59755 -9.27062e-05  -0.00782371   0.00572002  -0.246149 -0.0278416   0.995512
   5.60168  -0.0048864 -0.00569318  0.00678528  -0.241755 -0.0213718   0.998319
   5.60755 -0.00275587 -0.00303002   0.0121116  -0.243219 -0.0156345   0.988065
   5.61209  0.00842941 -0.00409528   0.0179706  -0.240534 -0.0230808   0.962553
   5.61742   0.0174842 -0.00356265   0.0163727  -0.231501 -0.0300388   0.941557
   5.62179   0.00949467 -0.000899491   0.00838318  -0.233942 -0.0271091   0.945219
   5.62755 -0.00115797 -0.00196476  0.00145896   -0.24383 -0.0274754   0.963651
   5.63171  -0.00435376  -0.00409528 -0.000138938  -0.243341 -0.0295506   0.979032
   5.63755 0.000972558 -0.00409528  0.00678528  -0.239435 -0.0214939   0.991605
   5.64213  0.00416835 -0.00303002   0.0121116  -0.242243 -0.0158787    0.98953
   5.64733  0.00257045 -0.00356265   0.0126442 -0.239557 -0.025034  0.970121
   5.65177  0.00203782 -0.00303002   0.0105137  -0.232843 -0.0290623   0.956815
   5.65755  0.00416835 -0.00356265  0.00891581   -0.23675 -0.0232029   0.958768
   5.66197   0.0153536 -0.00782371   0.0126442  -0.244196 -0.0258884   0.969144
   5.66746  0.00257046 -0.00675845  0.00891581  -0.242853 -0.0293064   0.982938
   5.67165 -9.27062e-05  -0.00409528     0.011579 -0.240656 -0.019907  0.989896
   5.67749  0.00203782 -0.00249739   0.0142421  -0.242365 -0.0157566   0.979642
   5.68163 -0.00648429 -0.00143212  0.00891581  -0.236261 -0.0263767   0.958646
   5.68755 0.000439926 0.000165774  0.00625265  -0.228693 -0.0284519   0.945341
   5.69206  -0.00808219    0.0022963 -0.000138942  -0.233454 -0.0235691   0.950956
   5.69739   -0.0208654 -0.000899491   -0.0028021  -0.240656 -0.0291843   0.970365
   5.70171  -0.0288548 -0.00356265 -0.00333473    -0.2409 -0.0306492   0.990507
   5.70755  -0.0363117 -0.00143212     -0.0044  -0.241388 -0.0179539    1.00174
   5.71182  -0.0277896 -0.00196476  0.00465475 -0.242487  -0.01478  0.994413
   5.71756 -0.00968009 -0.00462792   0.0142421  -0.236139 -0.0241795   0.970731
   5.72192  0.00523362 -0.00356265   0.0163727   -0.22967 -0.0260105    0.95059
   5.72749  0.00683151 -0.00143212   0.0126442  -0.233698 -0.0241795   0.946683
   5.73167 0.000439926 -0.00249739  0.00625265  -0.239313 -0.0291843   0.957548
   5.73744  0.00683151 -0.00569318  0.00678528  -0.239069 -0.0286961   0.976469
   5.74156  0.00683151 -0.00516055  0.00944844  -0.239801 -0.0175877   0.989408
   5.74755   -0.0107454 -0.000899491   0.00572002  -0.241022 -0.0169773   0.987699
   5.75175   -0.0245938 -0.000366859   0.00199159  -0.236383 -0.0254002   0.974271
   5.75755 -0.00754956 -0.00196476  0.00731791 -0.232477 -0.023325  0.959623
   5.76225   0.0137557 -0.00249739   0.0126442  -0.236628 -0.0228367    0.95889
   5.76755   0.0126905 -0.00569318    0.011579   -0.24151 -0.0299168   0.969633
   5.77184  -0.0016906 -0.00622581  0.00625265  -0.241999 -0.0271091    0.98538
   5.77748  -0.0171369 -0.00249739  0.00199159  -0.243586 -0.0169773   0.993558
   5.78156   -0.0208654 -0.000366859   0.00358949 -0.243097 -0.018198  0.983305
   5.78724   -0.0144738 -0.000366859   0.00678528  -0.236139 -0.0254002   0.963285
   5.79166 -0.0118106 0.00123104 0.00572002  -0.231256 -0.0240574   0.946195
   5.79755  -0.0032885 0.000165774  0.00678528 -0.234186 -0.025034  0.945463
   5.80193  0.00949467 -0.00409528  0.00785055  -0.238581 -0.0323582   0.963285
   5.80742  0.00842941 -0.00569318  0.00465475  -0.241632 -0.0286961   0.984159
   5.81164 0.000972558 -0.00516055  0.00572002  -0.244074 -0.0186863   0.998685
   5.81755  -0.0102127 -0.00356265  0.00731792  -0.242975 -0.0189304   0.998319
   5.82206   -0.0128759 -0.000899491   0.00731792  -0.238337 -0.0224705    0.97952
   5.82755  -0.00115797 -0.000366859    0.0110463  -0.233698 -0.0224705   0.955228
    5.8318 0.000972558 -0.00143212  0.00998107  -0.234308 -0.0264988   0.945707
   5.83755 -0.00808219 -0.00143212  0.00145896  -0.238825 -0.0318699   0.954862
   5.84164 -0.00382113 -0.00409528  0.00199159  -0.241144 -0.0275974   0.971098
   5.84755 -0.00115797 -0.00356265  0.00518738   -0.24151 -0.0201511    0.98538
   5.85193    -0.011278 -0.000899491   0.00465475  -0.241755 -0.0208836   0.987577
   5.85755   -0.0166043 -0.000899491   0.00731791 -0.238214 -0.023325  0.975126
   5.86203  -0.0187348 0.000698406  0.00358948  -0.233332 -0.0219822   0.961332
   5.86755   -0.0139411  0.000698406 -0.000138938  -0.235773 -0.0258884    0.95828
   5.87181 -0.00275587 -0.00303002  0.00252422  -0.241022 -0.0307713    0.96536
   5.87755 -0.00541903 -0.00516055  0.00145896  -0.242121 -0.0269871   0.980009
    5.8817 -0.00968009 -0.00462792  0.00305685   -0.24383 -0.0211277   0.994779
   5.88755  -0.0187348 -0.00249739  0.00518738   -0.24505 -0.0205174   0.990873
   5.89173  -0.0192675 -0.00196476  0.00572002  -0.239679 -0.0219822   0.966703
   5.89755 -0.00808219 -0.00143212  0.00731792  -0.232965 -0.0224705    0.94705
   5.90185  -0.00115797 -0.000899491   0.00731792  -0.234552 -0.0272312    0.94473
   5.90755  0.00203782 -0.00356265  0.00625265  -0.240046 -0.0316258    0.95535
   5.91164 -0.00808219 -0.00516055  0.00199159  -0.241144 -0.0282078    0.97598
   5.91755  -0.0128759 -0.00569318  0.00305685  -0.242731 -0.0208836   0.998319
   5.92199 -0.00808219 -0.00622581  0.00998108  -0.244928 -0.0196629      1.001
   5.92755 -0.00435376 -0.00569318   0.0137095  -0.239923 -0.0227146   0.981474
   5.93183 0.000439926 -0.00303002   0.0137095  -0.232721 -0.0229588   0.960966
   5.93755 -0.000625338 -0.000899491   0.00944844  -0.234797 -0.0257664   0.952787
    5.9417  0.00257045 -0.00303002  0.00678528  -0.238947 -0.0295506   0.952055
   5.94738  0.00736415 -0.00462792  0.00731792  -0.237848 -0.0283299   0.965238
   5.95174   0.0126905 -0.00409528   0.0110463  -0.239679 -0.0221043   0.986478
   5.95755  0.00150519 -0.00249739  0.00891581  -0.242365 -0.0203953   0.987943
   5.96177 -0.00595166 -0.00143212  0.00625265  -0.236383 -0.0230808    0.97244
   5.96755  -0.0032885 0.000165774  0.00838318  -0.230036 -0.0229588   0.962431
    5.9721   0.00150519 -0.000366859    0.0110463  -0.234674 -0.0249119   0.959989
   5.97755   0.0121578 -0.00462792   0.0121116  -0.239069 -0.0301609    0.96121
    5.9818   0.0126905 -0.00675845   0.0105137  -0.238337 -0.0278416   0.976835
   5.98755  0.00789678 -0.00622581   0.0110463  -0.242975 -0.0194187   0.999296
   5.99182 -0.00222324 -0.00569318    0.011579  -0.245905 -0.0186863   0.996732
   5.99755 0.000439926 -0.00569318   0.0147748   -0.23675 -0.0223484   0.971342
   6.00174   0.0105599 -0.00196476     0.01584 -0.230158 -0.021616  0.952177
   6.00755 0.000972558  0.00176367  0.00731791  -0.234186 -0.0249119   0.945951
   6.01194 -0.00595166 -0.00143212  0.00145896  -0.235529 -0.0322361   0.949003
   6.01755  0.00523362 -0.00516055  0.00412212  -0.235285 -0.0291843   0.968656
   6.02162  -0.0032885 -0.00462792  0.00358949  -0.242365 -0.0197849   0.995756
   6.02755 -0.00701693 -0.00675845  0.00838318  -0.246027 -0.0200291    1.00064
   6.03212  0.00310309 -0.00675845   0.0147748  -0.238092 -0.0222263   0.985624
   6.03739  -0.00435376 -0.000899491     0.011579  -0.233698 -0.0183201     0.9689
    6.0418  -0.0134085 0.000698406  0.00572002  -0.238092 -0.0225925   0.955473
   6.04756  0.00150519 -0.00303002  0.00625265  -0.237238 -0.0317478   0.949491
   6.05166   0.0105599 -0.00462792  0.00731791  -0.236017 -0.0279636   0.963407
   6.05755 -0.000625338  -0.00249739   0.00625265  -0.243464 -0.0196629   0.985258
   6.06215 -0.00595166 -0.00356265  0.00891581  -0.243952 -0.0236912   0.987333
   6.06723  -0.0198001 -0.00303002  0.00572002  -0.234797 -0.0254002   0.975248
   6.07213  -0.00808219 -0.000899491   0.00891581   -0.23321 -0.0189304   0.963895
   6.07755  0.00789678 -0.00143212   0.0110463   -0.23736 -0.0240574   0.954984
    6.0817 0.000972558 -0.00196476  0.00518738  -0.235773 -0.0332127   0.956205
   6.08755 0.000972558 -0.00249739  0.00358949  -0.237604 -0.0267429   0.976102
   6.09187 -0.00115797 -0.00356265  0.00518738  -0.247492 -0.0201511   0.998197
   6.09755 -0.00701693 -0.00516055  0.00785055  -0.246759 -0.0240574   0.996732
   6.10164  -0.0176696 -0.00196476  0.00412212  -0.236628 -0.0222263   0.978178
   6.10755 -0.0182022 0.00282894 0.00305685  -0.234919 -0.0175877   0.959867
   6.11187 -0.00222324  0.00123104  0.00891581  -0.235895 -0.0264988   0.944608
   6.11755  0.00842941 -0.00249739  0.00944844   -0.23321 -0.0350437   0.942777
   6.12188   0.0164189 -0.00462792  0.00944844  -0.237116 -0.0271091   0.963773
   6.12738   0.0185494 -0.00675845   0.0131769  -0.246271 -0.0212498   0.988798
   6.13166  0.00576625 -0.00675845   0.0121116 -0.245539 -0.025034  0.996366
   6.13755  -0.0139411 -0.00196476  0.00412212  -0.239069 -0.0211277    0.99014
   6.14193  -0.0192675 0.000698406  0.00358948 -0.238459 -0.016367  0.974515
   6.14745  -0.0048864 -0.00143212  0.00998107  -0.239069 -0.0263767   0.955228
   6.15166  0.00203782 -0.00249739  0.00838318  -0.236872 -0.0327244   0.949003
   6.15755 -0.00275587 -0.00303002  0.00358948  -0.240168 -0.0241795   0.961942
   6.16208 -0.00968009 -0.00409528  0.00305685  -0.248346 -0.0221043   0.981107
   6.16723 -0.00861482 -0.00462792  0.00678528  -0.246271 -0.0263767   0.987577
   6.17165  0.00842941 -0.00462792   0.0147748  -0.239191 -0.0197849     0.9783
   6.17755   0.00363572 -0.000366858     0.011579  -0.238214 -0.0158787   0.963895
   6.18212 -0.0150064  0.0022963 0.00199159  -0.237482 -0.0271091   0.953764
   6.18747   -0.0118106 -0.000366859  0.000926327  -0.235651 -0.0310154   0.953519
   6.19166 -0.00275587 -0.00143212  0.00199159  -0.239801 -0.0228367   0.969511
   6.19755  0.00150519 -0.00409528  0.00572002  -0.246759 -0.0228367    0.99307
   6.20185 -0.00435376 -0.00569318  0.00785055  -0.246271 -0.0247898   0.999296
   6.20755 -0.00968009 -0.00356265  0.00838318  -0.240778 -0.0173435   0.986478
   6.21166   -0.0107454 -0.000366859    0.0105137  -0.237238 -0.0151463   0.965971
   6.21755   0.00310309 -0.000899491    0.0147748  -0.233576 -0.0262547   0.948637
   6.22199   0.0105599 -0.00303002   0.0110463  -0.231256 -0.0305271   0.942533
   6.22737   0.0116252 -0.00409528  0.00731791  -0.234674 -0.0247898   0.955473
   6.23165   0.0164189 -0.00516055  0.00891581   -0.24029 -0.0254002    0.98184
   6.23756  0.00736415 -0.00462792  0.00785055  -0.240046 -0.0256443   0.996732
   6.24216 -0.00808219 -0.00303002  0.00785055 -0.236139 -0.018198  0.992094
   6.24732  -0.0144738 -0.00143212  0.00838318  -0.234308 -0.0184422   0.977567
   6.25191   -0.0171369 -0.000366859   0.00572002  -0.232965 -0.0279636   0.964506
   6.25755   -0.0139411 -0.000899491   0.00358948  -0.232111 -0.0289402   0.956571
   6.26184  -0.0016906 -0.00356265  0.00572002  -0.234674 -0.0246677   0.963041
   6.26755  0.00310309 -0.00516055  0.00731792   -0.23736 -0.0239353   0.972562
   6.27165 -9.27066e-05  -0.00409528   0.00731792  -0.237604 -0.0235691   0.979398
   6.27756  -0.0032885 -0.00303002  0.00731792  -0.237848 -0.0232029   0.986234
   6.28167  -0.0171369 0.000165774  0.00465475 -0.235895 -0.023325  0.972074
   6.28755  -0.0198001 0.000698406  0.00412212  -0.232721 -0.0279636   0.953764
   6.29201  0.00736415 -0.00356265  0.00998107  -0.231989 -0.0301609   0.949369
   6.29743   0.0233431 -0.00516055   0.0137095  -0.232477 -0.0278416   0.949125
   6.30171  0.00416835 -0.00569318  0.00785055   -0.24029 -0.0280857   0.977079
   6.30755   -0.011278 -0.00622581  0.00412212  -0.245661 -0.0244236     1.0021
   6.31185  -0.0144738 -0.00409528  0.00572002  -0.241022 -0.0183201   0.991849
   6.31755   -0.021398 -0.00196476  0.00518738  -0.238825 -0.0161228   0.984525
   6.32164   -0.0150064 -0.000899491   0.00625265  -0.236383 -0.0235691   0.963895
   6.32755 -0.00861482 0.000165774  0.00731792  -0.233942 -0.0310154   0.943265
   6.33178   -0.0016906 -0.000899491   0.00678528  -0.236505 -0.0291843   0.953031
   6.33744  0.00523362 -0.00196476  0.00625265  -0.239069 -0.0273533   0.962797
   6.34165   0.0142884 -0.00569318   0.0105137  -0.239923 -0.0247898   0.977201
   6.34755   0.0233431 -0.00942161   0.0147748  -0.240778 -0.0222263   0.991605
    6.3519  0.00736415 -0.00516055   0.0131769  -0.241022 -0.0211277   0.984891
   6.35755 -0.00914745 -0.00196476   0.0105137  -0.239801 -0.0238133   0.965726
   6.36211 -0.00914745 -0.00303002  0.00625265  -0.235529 -0.0271091   0.952787
   6.36735 -0.00861482 -0.00303002  0.00305685  -0.232721 -0.0266209   0.952299
   6.37192   -0.011278 -0.00303002  0.00199159  -0.241999 -0.0261326   0.969511
   6.37755  -0.0139411 -0.00303002 0.000926323  -0.251276 -0.0256443   0.986723
   6.38173   -0.0198001 -0.000899491   0.00145896  -0.245539 -0.0197849   0.982084
   6.38755 -0.0219306 0.00176367 0.00412212 -0.241022 -0.016489  0.970487
   6.39212  -0.0118106 0.000698406  0.00838318  -0.239679 -0.0239353    0.95181
   6.39755  -0.00541903 -0.000899491    0.0105137  -0.237116 -0.0288181   0.940092
   6.40178 -0.00382113 -0.00143212  0.00731791  -0.241022 -0.0261326   0.957914
   6.40755 -0.00222324 -0.00196476  0.00412212 -0.244928 -0.023447  0.975736
   6.41184 -0.00595166 -0.00569318  0.00572002  -0.244318 -0.0228367   0.986845
   6.41746 -0.00968009 -0.00942161  0.00731792  -0.243708 -0.0222263   0.997953
   6.42169  -0.0160717 -0.00462792  0.00731792  -0.244318 -0.0202732   0.984647
   6.42755  -0.0224633 0.000165774  0.00731792  -0.244928 -0.0183201   0.971342
   6.43204  -0.00648429 -0.000899491   0.00944844  -0.237238 -0.0235691   0.955106
   6.43755  0.00949467 -0.00196476    0.011579  -0.229547 -0.0288181   0.938871
   6.44174   0.0153536 -0.00409528    0.011579  -0.237116 -0.0301609   0.957914
   6.44755   0.0212126 -0.00622581    0.011579  -0.244684 -0.0315037   0.976957
   6.45212  0.00736415 -0.00356265   0.0105137  -0.241877 -0.0225925   0.986967
   6.45755  -0.00648429 -0.000899491   0.00944844  -0.239069 -0.0136814   0.996976
   6.46191  -0.0048864 -0.00249739  0.00838318   -0.23382 -0.0238133   0.977933
   6.46744  -0.0032885 -0.00409528  0.00731792  -0.228571 -0.0339451    0.95889
   6.47156 -0.00275587 -0.00409528  0.00625265  -0.235407 -0.0299168   0.962431
   6.47755 -0.00222324 -0.00409528  0.00518738  -0.242243 -0.0258884   0.965971
   6.48178  0.00150519 -0.00516055  0.00731791 -0.239313 -0.025156  0.978788
   6.48741  0.00523362 -0.00622581  0.00944844  -0.236383 -0.0244236   0.991605
   6.49165  0.00310309 -0.00516055   0.0126442  -0.237482 -0.0236912   0.977689
   6.49755 0.000972558 -0.00409528     0.01584  -0.238581 -0.0229588   0.963773
   6.50217   0.0110926 -0.00143212   0.0131769  -0.233942 -0.0227146   0.956205
    6.5076  0.0212126 0.00123104  0.0105137  -0.229303 -0.0224705   0.948637
   6.51168  0.00470098 -0.00196476  0.00518738  -0.234797 -0.0293064   0.968046
   6.51764   -0.0118106  -0.00516055 -0.000138938   -0.24029 -0.0361424   0.987455
   6.52195   -0.0139411  -0.00356265 -0.000671573  -0.239191 -0.0282078   0.994657
   6.52756   -0.0208654  -0.00143212 -0.000138942    -0.2409 -0.0162449    1.00186
    6.5317   -0.0150064 -0.000899491   0.00518738   -0.23443 -0.0197849   0.975248
   6.53764  -0.00435376 -0.000899491   0.00944844  -0.225153 -0.0273533   0.948637
   6.54194  -0.0032885 0.000165774  0.00838318  -0.228083 -0.0235691   0.946439
    6.5475 -9.27062e-05  -0.00143212   0.00625265  -0.235773 -0.0241795   0.949369
   6.55174  -0.0016906 -0.00462792  0.00358949  -0.238581 -0.0308933   0.962675
   6.55764  0.00842941 -0.00675845  0.00891581  -0.236872 -0.0266209   0.983305
   6.56211  0.00416835 -0.00409528  0.00891581  -0.240168 -0.0161228   0.995267
   6.56764  -0.0032885 -0.00249739  0.00944844  -0.240046 -0.0191746   0.985014
   6.57172 0.000439926 -0.00249739   0.0121116   -0.23382 -0.0257664   0.967069
   6.57764   -0.0048864 -0.000899491   0.00731792  -0.233332 -0.0210056   0.957548
   6.58212 -0.00648429 -0.00409528  0.00625265 -0.239801 -0.023325  0.959379
   6.58738 -0.00435376 -0.00729108  0.00518738  -0.242731 -0.0310154   0.971708
   6.59171  0.00842941 -0.00729108  0.00891581 -0.242975 -0.023447  0.988676
   6.59764  0.00416835 -0.00462792   0.0105137 -0.246515  -0.01478  0.992826
   6.60194  -0.0048864 -0.00303002  0.00998107  -0.244806 -0.0197849   0.976224
   6.60764   -0.0102127 -0.000366859   0.00731791  -0.236383 -0.0244236   0.954862
   6.61195 -0.0139411 0.00176367 0.00305685  -0.235407 -0.0217381   0.943143
   6.61764 -0.00754956 -0.00143212  0.00412212  -0.240534 -0.0260105   0.947904
   6.62176  0.00416835 -0.00569318  0.00518738  -0.242609 -0.0316258   0.968168
   6.62764   0.0116252 -0.00622581  0.00518738  -0.245417 -0.0232029   0.991972
   6.63172  0.00949467 -0.00622581    0.011579  -0.248102 -0.0161228    1.00247
   6.63764 -0.000625339  -0.00622581    0.0137095   -0.24505 -0.0210056   0.991239
    6.6421 -0.00701693 -0.00356265   0.0110463  -0.238581 -0.0217381     0.9689
   6.64764  0.00257045 -0.00249739   0.0131769  -0.236383 -0.0201511   0.950346
   6.65172  0.00416835 -0.00356265  0.00998107  -0.238459 -0.0286961   0.947294
   6.65764   0.0142884 -0.00569318   0.0105137  -0.239191 -0.0324802   0.959379
   6.66233  0.00257046 -0.00356265  0.00518738    -0.2409 -0.0236912   0.977689
   6.66739   -0.0150064 -0.000899491   0.00252422   -0.24383 -0.0189304   0.989408
   6.67185   -0.0118106 -0.000899491   0.00678528  -0.241388 -0.0229588   0.983793
    6.6774   -0.0134085 -0.000366859   0.00412212  -0.234797 -0.0225925    0.96829
   6.68164  -0.00968009 -0.000366859   0.00518738  -0.232843 -0.0223484   0.959501
   6.68764   -0.0102127 -0.000899491   0.00412212  -0.236261 -0.0293064   0.960477
   6.69206  -0.0016906 -0.00356265  0.00358949  -0.239069 -0.0297947   0.969511
   6.69734  0.00150519 -0.00409528  0.00412212  -0.242243 -0.0222263   0.986234
   6.70178 -0.00914745 -0.00249739  0.00518738  -0.244318 -0.0201511      0.996
   6.70764  -0.0150064 -0.00143212  0.00731792  -0.240778 -0.0228367   0.983671
   6.71233  -0.0134085 0.000165774  0.00678528   -0.23382 -0.0222263   0.960722
   6.71747 -0.00968009  0.00176367  0.00625265  -0.231256 -0.0229588   0.946439
   6.72178 -0.00275587 0.000698406  0.00625265  -0.233698 -0.0305271   0.947904
   6.72764  0.00416835 -0.00303002  0.00518738  -0.236383 -0.0327244   0.960477
   6.73188  0.00416835 -0.00516055  0.00625265  -0.239557 -0.0257664   0.983182
   6.73755 -0.00435376 -0.00409528  0.00678528  -0.242609 -0.0218601    1.00345
    6.7417   -0.015539 -0.00303002  0.00412212  -0.242121 -0.0217381   0.998319
   6.74764  -0.0208654 -0.00196476  0.00412212  -0.236505 -0.0213718   0.976224
   6.75186   -0.0166043 -0.000366859   0.00678528 -0.233332 -0.023325  0.956693
   6.75764 -0.00435376 -0.00196476  0.00838318  -0.236383 -0.0296726    0.95059
   6.76218 -0.000625338  -0.00462792   0.00572002  -0.238214 -0.0307713   0.953641
   6.76764  0.00576625 -0.00462792  0.00678528  -0.238947 -0.0256443   0.969999
   6.77188 -0.00968009 -0.00143212  0.00358949  -0.242731 -0.0229588   0.989408
   6.77764 -0.00968009 -0.00196476  0.00678528  -0.241877 -0.0224705    0.98538
   6.78165  0.00789678 -0.00249739   0.0126442  -0.235041 -0.0207615   0.968412
   6.78764  0.00150519 0.000165774  0.00998107   -0.23321 -0.0214939   0.959135
   6.79206  0.00416835 -0.00196476  0.00944844  -0.237604 -0.0278416    0.95767
   6.79764 -9.27062e-05  -0.00569318   0.00518738  -0.238703 -0.0301609   0.964994
   6.80171  0.00523362 -0.00835634  0.00838318  -0.239435 -0.0243015   0.986112
   6.80764   0.0238757 -0.00942161   0.0179706  -0.244562 -0.0195408    1.00162
   6.81186   0.0212126 -0.00835634   0.0195685  -0.242853 -0.0200291   0.990018
   6.81764  0.00789678 -0.00356265   0.0142421  -0.233454 -0.0205174   0.965116
   6.82193 0.00150519  0.0022963 0.00785054  -0.230524 -0.0218601   0.948881
   6.82764 0.00949467 0.00123104 0.00731791  -0.234552 -0.0280857   0.944974
   6.83184   0.0190821 -0.00409528  0.00785055  -0.235041 -0.0316258   0.954008
   6.83764  0.00949467 -0.00516055  0.00305685  -0.236628 -0.0256443   0.979276
    6.8418 -0.000625339  -0.00462792   0.00412212   -0.24383 -0.0197849    1.00137
   6.84764 -0.00435376 -0.00622581  0.00838318  -0.243341 -0.0210056   0.998075
   6.85217  -0.0118106 -0.00409528  0.00838318  -0.235895 -0.0202732   0.980253
   6.85764  -0.0032885 -0.00143212   0.0110463  -0.235529 -0.0201511   0.963407
   6.86164 -0.000625338  -0.00196476   0.00891581  -0.239679 -0.0278416   0.951078
   6.86764 -0.000625338  -0.00409528   0.00572002 -0.238214 -0.031992  0.952055
     6.872  0.00629888 -0.00356265  0.00625265 -0.240046 -0.025156  0.970853
   6.87756 -0.000625338  -0.00249739   0.00678528  -0.247736 -0.0208836   0.987333
   6.88184 -0.00595166 -0.00462792  0.00838318  -0.244806 -0.0235691   0.983427
   6.88742  -0.0032885 -0.00409528   0.0105137  -0.236261 -0.0208836   0.969999
   6.89174  0.00150519 -0.00143212   0.0110463   -0.23797 -0.0197849   0.960355
   6.89764  0.00896204 -0.00356265   0.0121116  -0.241022 -0.0286961   0.952177
   6.90189    0.024941 -0.00835634     0.01584   -0.23797 -0.0310154    0.95828
   6.90758    0.024941 -0.00729108   0.0131769  -0.242609 -0.0229588   0.984037
   6.91164  0.00310309 -0.00569318  0.00838318  -0.250055 -0.0214939    1.00088
   6.91764  -0.0251264 -0.00356265  0.00145896 -0.244074 -0.023447  0.991361
    6.9218  -0.0251264 0.000165774  0.00199159  -0.235163 -0.0184422   0.972562
   6.92764 -0.0128759 0.00176367 0.00731792  -0.235285 -0.0184422   0.954496
   6.93199 -9.27062e-05  -0.00196476     0.011579   -0.23382 -0.0297947   0.941923
   6.93752   0.0244084 -0.00622581     0.01584 -0.230402 -0.032114  0.947416
   6.94173   0.0228105 -0.00569318   0.0126442  -0.236628 -0.0227146   0.972562
   6.94749   0.0190821 -0.00782371   0.0142421  -0.243341 -0.0217381   0.995267
   6.95173   0.0254736 -0.00942161   0.0174379  -0.237848 -0.0236912   0.997343
   6.95764  0.00896204 -0.00303002    0.011579   -0.23321 -0.0168552   0.988065
   6.96191 -0.00435376 0.000165774   0.0105137  -0.235407 -0.0180759    0.97122
   6.96747 -0.00701693 -0.00249739  0.00998107  -0.233576 -0.0289402   0.954862
    6.9719 -0.00115797 -0.00249739  0.00731791  -0.231867 -0.0293064   0.955595
   6.97764 -0.00222324 -0.00143212  0.00465475  -0.238825 -0.0228367   0.970609
   6.98197  -0.0166043 -0.00356265  0.00252422  -0.244806 -0.0245457   0.983182
   6.98757 -0.00701693 -0.00516055  0.00731791  -0.238459 -0.0247898   0.983549
   6.99177  -0.0150064 0.000165774  0.00518738 -0.234797 -0.016489  0.974515
   6.99764  -0.0128759 0.000698406  0.00785054  -0.237482 -0.0195408   0.960966
   7.00211  0.00257045 -0.00143212  0.00998107  -0.233698 -0.0312595   0.950834
   7.00764   -0.0150064   0.00123104 -0.000671573  -0.232721 -0.0286961    0.95767
   7.01172  -0.0176696 -0.00143212  -0.0028021  -0.242365 -0.0219822   0.980619
   7.01764 -0.00541903 -0.00729108  0.00465475  -0.247614 -0.0258884   0.998075
   7.02193  -0.0016906 -0.00675845  0.00998107  -0.241388 -0.0236912   0.996244
   7.02764  -0.0102127 -0.00196476  0.00998107  -0.238092 -0.0140476   0.981474
   7.03203  -0.0128759 0.000165774   0.0105137  -0.237116 -0.0196629   0.959257
   7.03764  -0.0048864 0.000165774  0.00944844  -0.231256 -0.0316258   0.941923
   7.04195  0.00257045 -0.00143212  0.00625265  -0.230768 -0.0293064   0.943876
   7.04764  -0.0107454 -0.00249739  -0.0012042 -0.239069 -0.025034  0.964506
   7.05169  -0.0267243 -0.00303002 -0.00493263  -0.242243 -0.0280857   0.987455
   7.05764   -0.015539 -0.00569318  0.00358948 -0.238214 -0.023447  0.997587
   7.06222 -0.00914745 -0.00356265  0.00785054  -0.238214 -0.0141697   0.990507
   7.06729  -0.0107454 -0.00143212  0.00944844  -0.238214 -0.0208836   0.971708
   7.07187 -0.00754956 -0.00196476  0.00891581 -0.233698 -0.030283  0.956449
   7.07764   -0.0139411 -0.000366859   0.00252422  -0.234308 -0.0255222   0.954008
   7.08201  -0.0176696 -0.00303002  0.00199159  -0.241144 -0.0244236   0.967313
    7.0876  -0.0032885 -0.00729108  0.00785054 -0.244074 -0.028574  0.983549
   7.09185   0.0100273 -0.00729108   0.0137095  -0.240778 -0.0222263   0.986845
   7.09745  0.00310309 -0.00356265   0.0131769  -0.238825 -0.0153904   0.978178
   7.10168  -0.00754956 -0.000366859   0.00998107  -0.237116 -0.0225925   0.963407
   7.10764   0.0110926 -0.00143212   0.0131769  -0.233332 -0.0296726   0.950834
   7.11211   0.0153536 -0.00143212  0.00838318  -0.235163 -0.0257664   0.952055
   7.11764 -0.00115797 -0.00249739 0.000926327  -0.242365 -0.0254002    0.97183
   7.12169  -0.0118106 -0.00569318 0.000926327  -0.246149 -0.0283299   0.994901
   7.12764  -0.0166043 -0.00675845  0.00518738  -0.244806 -0.0208836   0.999052
   7.13204 -0.00541903 -0.00622581   0.0147748  -0.243341 -0.0150242   0.986478
   7.13764  0.00789678 -0.00462792   0.0185032  -0.240656 -0.0227146   0.965849
   7.14187  0.00523362 -0.00196476   0.0121116  -0.235529 -0.0288181   0.944852
   7.14764 -0.000625338 -0.000899491   0.00572002  -0.235651 -0.0271091   0.941557
   7.15174    0.014821 -0.00409528  0.00944844  -0.241999 -0.0290623   0.959867
   7.15764   0.0217452 -0.00622581    0.011579  -0.245905 -0.0300388   0.980863
   7.16192  0.00310309 -0.00516055  0.00731791   -0.24444 -0.0228367   0.991605
   7.16764 -0.00541903 -0.00356265  0.00998107  -0.242609 -0.0178318    0.99014
   7.17176 -0.00382113 -0.00249739    0.011579  -0.242487 -0.0223484   0.976347
   7.17764  0.00363572 -0.00249739  0.00998107  -0.240046 -0.0267429   0.959013
   7.18212  0.00470098 -0.00249739  0.00838318  -0.238337 -0.0255222   0.952909
   7.18764 -0.00861482 -0.00249739  0.00358949  -0.243097 -0.0266209    0.96475
   7.19189 0.000972558 -0.00516055  0.00785055  -0.247736 -0.0271091   0.980009
   7.19764  0.00629888 -0.00462792    0.011579  -0.245295 -0.0213718   0.985136
   7.20181 -0.000625339  -0.00196476    0.0126442  -0.242243 -0.0178318   0.980863
   7.20764  -0.0171369 0.000165774  0.00572001  -0.239313 -0.0222263   0.965604
     7.212  -0.0331159   0.0022963 -0.00386737  -0.233332 -0.0257664   0.948392
   7.21764   -0.0144738 -0.000366859  0.000393692 -0.232477 -0.025156  0.948026
   7.22194  0.00576625 -0.00462792  0.00572002  -0.239069 -0.0266209   0.968046
   7.22764  0.00789678 -0.00675845  0.00838318   -0.24383 -0.0273533   0.990507
   7.23173 -0.00754956 -0.00516055  0.00572002  -0.241388 -0.0210056   0.999052
   7.23764  -0.0336485 0.000165774  -0.0012042  -0.239191 -0.0150242   0.993925
   7.24221   -0.0357791   0.00176367 -0.000671573  -0.237726 -0.0190525   0.975248
   7.24757   -0.0160717 -0.000366859   0.00518738   -0.23089 -0.0252781   0.949491
   7.25184   -0.0016906 -0.000899491   0.00891581  -0.228571 -0.0266209   0.942289
   7.25764  0.00683151 -0.00356265   0.0105137  -0.236139 -0.0271091    0.95828
   7.26186   0.0164189 -0.00729108    0.011579  -0.239801 -0.0267429   0.975614
   7.26764  0.00416835 -0.00516055  0.00572001  -0.236872 -0.0222263   0.989896
   7.27212   -0.0107454 -0.000899491   0.00305685  -0.237848 -0.0178318   0.993558
   7.27748  -0.0102127 -0.00143212  0.00838318  -0.238581 -0.0221043    0.97952
    7.2817  -0.0016906 -0.00249739  0.00944844  -0.232843 -0.0263767   0.962431
   7.28764  -0.00275587 -0.000366859   0.00518738 -0.232111 -0.025156  0.957059
   7.29204  -0.0139411 -0.00249739  0.00252422  -0.240046 -0.0267429   0.964872
   7.29754  -0.0016906 -0.00675845  0.00731791  -0.242975 -0.0291843    0.97891
   7.30175  0.00629888 -0.00516055  0.00944844  -0.239679 -0.0235691   0.990507
   7.30764 -0.00968009 -0.00143212  0.00572002    -0.2409 -0.0178318   0.988065
   7.31183   -0.0123432 -0.000366859   0.00625265  -0.239069 -0.0228367   0.966093
   7.31764  -0.0187348  0.00336157 0.000393692  -0.230646 -0.0286961   0.945341
   7.32189 -0.0128759 0.00336157 0.00145896  -0.231134 -0.0277195   0.947904
   7.32764    0.024941 -0.00569318   0.0163727  -0.239435 -0.0293064   0.963529
   7.33186   0.0339958 -0.00942161   0.0163727  -0.241022 -0.0307713   0.981962
   7.33751   0.0169515 -0.00675845   0.0105137  -0.240168 -0.0218601   0.999418
   7.34172  -0.0102127 -0.00249739  0.00572002   -0.24383 -0.0160008    1.00039
   7.34764   -0.0304527 -0.000899491   0.00305685  -0.241144 -0.0214939   0.979642
   7.35204   -0.0277896 -0.000899491   0.00412212 -0.231989 -0.025156  0.954374
   7.35764  -0.00435376 -0.000899491   0.00838318  -0.232843 -0.0241795   0.945463
   7.36199   0.0105599 -0.00409528   0.0110463  -0.240656 -0.0295506   0.952665
   7.36737 -0.00275587 -0.00569318  0.00465475  -0.239557 -0.0322361   0.967191
   7.37175 -0.00115797 -0.00409528  0.00465475  -0.238825 -0.0219822   0.986723
   7.37764 -0.00595166 -0.00303002  0.00625265   -0.24444 -0.0166111   0.993192
   7.38186 -0.00648429 -0.00462792  0.00838318  -0.241266 -0.0232029     0.9783
   7.38764  0.00736415 -0.00356265    0.011579   -0.23321 -0.0245457   0.963041
    7.3922   0.00416835 -0.000899491   0.00891581  -0.237238 -0.0217381   0.959135
   7.39757 -0.00275587 -0.00303002  0.00625265   -0.24383 -0.0277195   0.961698
   7.40176 -0.00115797 -0.00622581  0.00518738  -0.242243 -0.0290623   0.974515
   7.40764 -0.00754956 -0.00356265  0.00252422  -0.243586 -0.0186863   0.992094
    7.4117   -0.0336485 -0.000366859  -0.00120421   -0.24737 -0.0168552   0.989774
   7.41764  -0.0288548 -0.00196476  0.00412212  -0.240168 -0.0243015   0.968534
   7.42195  0.00470098 -0.00249739   0.0142421  -0.231989 -0.0229588   0.951078
   7.42764    0.0201473 -0.000366859    0.0142421  -0.236383 -0.0212498   0.946317
   7.43186   0.0126905 -0.00196476  0.00785054   -0.24029 -0.0310154   0.954252
   7.43764   0.0132231 -0.00516055  0.00731791  -0.239801 -0.0315037   0.974882
   7.44185  0.00310309 -0.00409528  0.00465475  -0.245172 -0.0186863   0.997953
   7.44764  -0.0032885 -0.00569318  0.00998107  -0.248468 -0.0173435    1.00149
   7.45218  0.00683151 -0.00675845   0.0174379   -0.2409 -0.023325  0.983915
   7.45764  -0.00435376 -0.000899491   0.00891581  -0.234919 -0.0211277   0.962553
   7.46201  -0.0240612  0.00282893 0.000393692   -0.23797 -0.0225925   0.947904
   7.46756  -0.0123432 -0.00196476  0.00412212  -0.238947 -0.0318699   0.948392
   7.47176  0.00523362 -0.00462792  0.00625265 -0.237604 -0.030283  0.962919
   7.47764  0.00310309 -0.00303002  0.00518738  -0.242365 -0.0196629   0.982084
   7.48204 0.000439926 -0.00356265  0.00944844   -0.24505 -0.0210056   0.989774
   7.48745 -0.00541903 -0.00196476  0.00944844 -0.238214 -0.025034  0.979276
   7.49174 -0.00222324 0.000165774  0.00838318  -0.233698 -0.0202732   0.966459
   7.49764 -0.00754956 0.000698406  0.00412212 -0.236994 -0.023325  0.959501
   7.50208 -0.00861482 -0.00143212  0.00199159  -0.237848 -0.0324802   0.959379
   7.50772  0.00257045 -0.00409528  0.00305685  -0.237726 -0.0283299   0.972074
   7.51197  -0.0102127 -0.00356265 0.000393692  -0.242975 -0.0194187   0.990873
   7.51754  -0.0187348 -0.00462792  0.00465475  -0.244196 -0.0219822   0.994413
   7.52182  -0.0160717 -0.00356265  0.00731791  -0.236139 -0.0243015   0.977567
   7.52772   -0.0150064 -0.000366859   0.00731791  -0.230768 -0.0203953   0.957426
   7.53204  0.00470098 -0.00143212   0.0131769  -0.232355 -0.0247898   0.945219
   7.53772   0.0297347 -0.00462792     0.01584  -0.233088 -0.0337009   0.949247
   7.54205   0.0302673 -0.00622581   0.0121116  -0.235529 -0.0291843   0.967802
   7.54754   0.0212126 -0.00782371   0.0142421  -0.242121 -0.0213718   0.991361
   7.55183   0.0222778 -0.00942161   0.0201011  -0.243219 -0.0228367    1.00284
   7.55772   0.0228105 -0.00729108   0.0195685  -0.238214 -0.0212498   0.991605
   7.56229   0.0196147 -0.00409528   0.0190358  -0.235407 -0.0183201   0.969999
   7.56758  0.00523362 -0.00249739   0.0131769  -0.235163 -0.0261326    0.95413
   7.57188  -0.0048864 -0.00249739  0.00518738  -0.235529 -0.0323582   0.951078
    7.5775  -0.0016906 -0.00356265  0.00358948  -0.237726 -0.0266209   0.959501
    7.5818  0.00523362 -0.00462792  0.00731791 -0.241632 -0.021616  0.977811
   7.58772  0.00842941 -0.00569318   0.0137095  -0.242975 -0.0238133   0.989774
   7.59191 -0.00382113 -0.00356265   0.0110463  -0.238581 -0.0213718   0.981107
   7.59772   -0.0118106 -0.000366859   0.00678528   -0.23443 -0.0173435   0.966093
   7.60232  -0.00275587 -0.000899491   0.00838318  -0.234674 -0.0236912   0.959013
   7.60772   0.0164189 -0.00462792    0.011579  -0.236139 -0.0294285   0.958402
   7.61198   0.0121578 -0.00569318  0.00678528   -0.23797 -0.0247898    0.96829
   7.61772  -0.0208654 -0.00249739 -0.00386737  -0.242975 -0.0211277   0.989896
   7.62195  -0.0325833 -0.00249739  -0.0012042  -0.245417 -0.0218601   0.998441
   7.62766 -0.00968009 -0.00516055   0.0105137  -0.239557 -0.0184422   0.981718
   7.63187  -0.0016906 -0.00249739    0.011579   -0.23321 -0.0168552   0.960722
   7.63772 -0.00754956  0.00123104  0.00731792  -0.232843 -0.0241795   0.947172
   7.64207 -0.000625339 -0.000899491   0.00678528  -0.234308 -0.0307713   0.945463
   7.64772 -0.00808219 -0.00249739  0.00145896  -0.235895 -0.0272312   0.960233
   7.65193 -0.00595166 -0.00409528  0.00252422  -0.241632 -0.0224705   0.987455
   7.65772  -0.0032885 -0.00569318  0.00678528  -0.245661 -0.0222263     1.0032
   7.66233   -0.015539 -0.00303002  0.00358949  -0.241144 -0.0197849   0.992094
   7.66772 -0.00541903 -0.00143212  0.00944844  -0.236628 -0.0172215   0.972684
   7.67197  0.00363572 -0.00143212   0.0121116  -0.238459 -0.0236912    0.95889
   7.67772 -0.00275587 -0.00143212  0.00572002  -0.239191 -0.0299168   0.948637
   7.68188  0.00363572 -0.00303002  0.00731791  -0.238337 -0.0277195   0.956205
   7.68772  0.00310309 -0.00249739  0.00731791  -0.243708 -0.0240574   0.977811
   7.69209  0.00416835 -0.00249739  0.00944844  -0.247004 -0.0229588   0.986967
   7.69747 -0.00541903 -0.00143212  0.00678528  -0.240168 -0.0217381   0.980253
   7.70192   -0.0267243   0.00282894 -0.000138942  -0.234919 -0.0203953   0.968656
   7.70772 -0.00541903 0.000165774  0.00838318   -0.23675 -0.0254002   0.959013
   7.71223   0.0217452 -0.00516055   0.0147748  -0.235895 -0.0305271   0.953153
   7.71763      0.0308 -0.00569318   0.0137095  -0.235285 -0.0279636   0.965726
   7.72183    0.014821 -0.00462792  0.00731791  -0.243219 -0.0239353    0.99307
   7.72772  -0.0144738 -0.00409528 0.000926323  -0.246637 -0.0243015    1.00125
   7.73184 -0.00382113 -0.00516055   0.0105137  -0.238459 -0.0218601    0.98538
   7.73772  0.00416835 -0.00249739   0.0147748 -0.234064 -0.018198  0.967313
   7.74204  -0.0048864 0.000698406  0.00891581  -0.235285 -0.0241795   0.950101
   7.74772 0.000439926 -0.00143212  0.00625265  -0.232355 -0.0326023   0.941801
   7.75205  0.00523362 -0.00303002  0.00358948 -0.233088 -0.030283   0.95474
   7.75772 -0.00382113 -0.00356265  0.00199159  -0.242487 -0.0241795   0.981229
   7.76197  -0.0144738 -0.00409528  0.00145896  -0.245417 -0.0243015    0.99661
   7.76772 -0.00914745 -0.00249739  0.00465475  -0.23797 -0.021616  0.993436
    7.7719   -0.015539 0.000698406  0.00572002  -0.236628 -0.0172215   0.983671
   7.77764   -0.0123432 -0.000366859   0.00838318  -0.239069 -0.0232029   0.965116
   7.78173  0.00150519 -0.00409528   0.0110463 -0.234674 -0.030405  0.950101
   7.78742  0.00789678 -0.00409528  0.00944844  -0.234919 -0.0254002   0.956937
   7.79203  0.00629888 -0.00409528  0.00891581  -0.244318 -0.0218601   0.976224
   7.79772  0.00523362 -0.00729108   0.0121116  -0.245172 -0.0262547   0.986112
    7.8019  -0.0107454 -0.00303002  0.00572001   -0.23675 -0.0223484   0.981474
   7.80772 -0.0182022 0.00123104 0.00465475   -0.23675 -0.0157566   0.971098
    7.8123  0.00470098 -0.00303002   0.0137095  -0.237726 -0.0236912   0.957304
   7.81763  0.00789678 -0.00462792  0.00998107  -0.231745 -0.0316258   0.950468
   7.82185  0.00470098 -0.00356265  0.00572002  -0.234919 -0.0255222    0.96414
   7.82772  0.00363572 -0.00516055  0.00678528  -0.246027 -0.0229588   0.988554
   7.83196 -0.00648429 -0.00729108  0.00731791  -0.245539 -0.0262547   0.999052
   7.83773 -0.00861482 -0.00516055  0.00891581  -0.238703 -0.0194187   0.991849
   7.84183  -0.00808219 -0.000899491    0.0105137  -0.239069 -0.0135593   0.976102
   7.84772  -0.0102127 0.000698406  0.00838318  -0.236872 -0.0240574   0.953275
    7.8522   0.00363572 -0.000366859   0.00785055  -0.230768 -0.0313816   0.938505
   7.85772   0.0158863 -0.00249739  0.00998107  -0.235163 -0.0258884   0.949735
    7.8619   0.0180168 -0.00622581    0.011579   -0.24444 -0.0260105   0.973783
   7.86772   0.0180168 -0.00835634   0.0121116  -0.242853 -0.0277195   0.990018
   7.87221   0.0174842 -0.00675845   0.0137095  -0.239069 -0.0186863   0.996122
   7.87773 -0.00541903 -0.00143212  0.00731791  -0.241388 -0.0139256   0.985624
   7.88197   -0.011278 -0.00196476  0.00838318  -0.238703 -0.0256443   0.967435
   7.88772  0.00523362 -0.00462792   0.0131769  -0.233942 -0.0301609   0.955473
   7.89193  0.00416835 -0.00356265  0.00785054  -0.238581 -0.0224705   0.958036
   7.89772  0.00416835 -0.00409528  0.00625265  -0.243708 -0.0197849   0.965482
   7.90181  0.00842941 -0.00462792  0.00891581  -0.240778 -0.0232029   0.976835
   7.90763   0.0126905 -0.00516055    0.011579  -0.237848 -0.0266209   0.988187
   7.91181 -9.27062e-05  -0.00303002   0.00998107  -0.238581 -0.0243015   0.975736
   7.91772 -0.00914745 -0.00143212  0.00785055  -0.233698 -0.0279636   0.955473
   7.92213 -0.000625338 -0.000366859   0.00625265  -0.228815 -0.0291843   0.948392
   7.92772 0.00416835 0.00123104 0.00518738  -0.229547 -0.0244236   0.949125
   7.93195 0.000439926 -0.00303002  0.00518738  -0.236994 -0.0290623   0.972074
   7.93772  -0.0032885 -0.00729108  0.00518738   -0.24444 -0.0337009   0.995023
   7.94201 -0.00541903 -0.00409528  0.00678528   -0.24383 -0.0230808   0.994535
   7.94772  -0.00754956 -0.000899491   0.00838318  -0.243219 -0.0124607   0.994047
   7.95185  -0.00754956 -0.000899491   0.00731791  -0.237604 -0.0219822   0.969633
   7.95772 -0.00382113 0.000165774  0.00572002  -0.232721 -0.0283299   0.940824
   7.96222   0.00310309 -0.000366859   0.00678528 -0.237726 -0.026865  0.945829
   7.96743  0.00629888 -0.00196476  0.00838318 -0.241999 -0.028574  0.955228
   7.97188 -0.00808219 -0.00196476  0.00252422 -0.241388 -0.025034  0.974027
   7.97772  -0.0224633 -0.00196476 -0.00333473  -0.240778 -0.0214939   0.992826
    7.9821    -0.021398 -0.000899491   -0.0012042  -0.240534 -0.0228367   0.985868
   7.98768  -0.0203327 0.000165774 0.000926323   -0.24029 -0.0241795    0.97891
   7.99193 -0.00435376 -0.00196476  0.00625265  -0.237604 -0.0223484   0.966215
   7.99772   0.0116252 -0.00409528    0.011579  -0.234919 -0.0205174   0.953519
   8.00211  0.00523362 -0.00516055  0.00838318  -0.238825 -0.0252781   0.966703
   8.00772 -0.00115797 -0.00622581  0.00518738  -0.242731 -0.0300388   0.979887
   8.01189 -0.000625338  -0.00516055   0.00891581  -0.241999 -0.0223484   0.981962
   8.01774 -9.27057e-05  -0.00409528    0.0126442 -0.241266 -0.014658  0.984037
   8.02215  -0.0016906 -0.00143212  0.00944844  -0.235407 -0.0197849   0.966337
   8.02772 -0.0032885 0.00123104 0.00625265  -0.229547 -0.0249119   0.948637
   8.03197  0.00949467 -0.00196476  0.00998107   -0.23443 -0.0264988   0.954374
   8.03773   0.0222778 -0.00516055   0.0137095  -0.239313 -0.0280857   0.960111
   8.04199  0.00576625 -0.00569318  0.00731791  -0.240778 -0.0225925   0.981107
   8.04766  -0.0107454 -0.00622581 0.000926323  -0.242243 -0.0170994     1.0021
   8.05184 -0.00754956 -0.00462792  0.00625265 -0.241266 -0.019907  0.990629
   8.05772 -0.00435376 -0.00303002    0.011579   -0.24029 -0.0227146   0.979154
   8.06208  -0.0048864 -0.00143212  0.00944844 -0.236383 -0.023325  0.958036
   8.06772 -0.00541903 0.000165774  0.00731792  -0.232477 -0.0239353   0.936918
    8.0719 0.000972558 -0.00249739  0.00731792   -0.23736 -0.0277195   0.954374
   8.07772  0.00736414 -0.00516055  0.00731792  -0.242243 -0.0315037    0.97183
   8.08233 -0.00222324 -0.00303002  0.00572002  -0.242365 -0.0246677   0.984403
   8.08772   -0.0118106 -0.000899491   0.00412212  -0.242487 -0.0178318   0.996976
   8.09189 -0.00861482 -0.00249739  0.00572002  -0.237848 -0.0219822   0.979765
   8.09772 -0.00541903 -0.00409528  0.00731792   -0.23321 -0.0261326   0.962553
   8.10197  -0.0032885 -0.00356265  0.00785055  -0.236505 -0.0278416   0.962431
   8.10772 -0.00115797 -0.00303002  0.00838318  -0.239801 -0.0295506   0.962308
   8.11193  0.00683151 -0.00569318   0.0105137  -0.240046 -0.0262547    0.97598
    8.1176    0.014821 -0.00835634   0.0126442   -0.24029 -0.0229588   0.989652
   8.12173 -0.00275587 -0.00356265  0.00944844 -0.240778 -0.023447  0.980619
   8.12772 -0.0203327 0.00123104 0.00625265  -0.241266 -0.0239353   0.971586
   8.13224 -0.0198001 0.00123104 0.00465475  -0.234919 -0.0252781    0.95889
   8.13772 -0.0192675 0.00123104 0.00305685  -0.228571 -0.0266209   0.946195
   8.14185  -0.0144738 -0.00143212  0.00252422 -0.235163 -0.030283   0.96182
   8.14772 -0.00968009 -0.00409528  0.00199159  -0.241755 -0.0339451   0.977445
     8.152 -0.00914745 -0.00356265  0.00465475  -0.243952 -0.0254002   0.991972
   8.15772 -0.00861482 -0.00303002  0.00731792  -0.246149 -0.0168552     1.0065
   8.16195  -0.0102127 -0.00249739  0.00944844  -0.245905 -0.0194187   0.995756
   8.16772  -0.0118106 -0.00196476   0.0105137  -0.239069 -0.0232029   0.971342
   8.17221   -0.0118106 -0.000366859   0.00731791  -0.231989 -0.0235691   0.950834
    8.1775 -0.00968009  0.00123104  0.00358949  -0.236383 -0.0258884   0.946195
   8.18191  -0.00275587 -0.000899491   0.00412212  -0.241022 -0.0306492   0.954252
   8.18772  -0.0102127 -0.00249739  0.00145896 -0.239313 -0.026865  0.970853
   8.19209 -9.27066e-05  -0.00462792   0.00838318  -0.241755 -0.0188084   0.990629
   8.19772  -0.0016906 -0.00356265  0.00998107  -0.243952 -0.0188084    0.99014
   8.20183  -0.0229959 0.000165774  0.00145896  -0.236628 -0.0219822   0.971586
   8.20762  -0.00595166 -0.000366859   0.00731791 -0.231745 -0.021616  0.962064
   8.21217  0.00576625 -0.00249739   0.0105137  -0.237726 -0.0243015   0.960844
   8.21772  0.00416835 -0.00622581  0.00891581  -0.241144 -0.0291843   0.963773
   8.22179   0.0121578 -0.00835634   0.0110463  -0.239069 -0.0246677   0.980497
   8.22772  0.00736415 -0.00622581    0.011579  -0.244074 -0.0170994   0.995267
   8.23205 -0.00541903 -0.00462792   0.0121116  -0.245417 -0.0196629   0.984159
   8.23772 -0.00222324 -0.00303002   0.0137095  -0.235163 -0.0236912   0.960844
   8.24209  0.00683151 0.000165774   0.0126442  -0.232233 -0.0207615    0.94827
   8.24772 -0.000625339   0.00123104   0.00518738  -0.239679 -0.0243015   0.947904
   8.25186  -0.00914745  -0.00143212 -0.000671573   -0.24151 -0.0333347   0.959989
   8.25772 -0.00115797 -0.00409528  0.00199159  -0.241999 -0.0280857   0.981718
   8.26209  -0.0016906 -0.00356265  0.00412212  -0.249445 -0.0175877    1.00223
   8.26759  0.00416835 -0.00622581    0.011579  -0.249079 -0.0195408   0.999052
   8.27212  0.00150519 -0.00569318   0.0147748  -0.238703 -0.0222263   0.976591
   8.27772  -0.00648429 -0.000899491     0.011579  -0.235773 -0.0202732   0.957792
   8.28179 -9.27066e-05  -0.00143212    0.0121116  -0.239313 -0.0271091   0.945951
   8.28772  0.00683151 -0.00462792   0.0110463   -0.23797 -0.0329685   0.949979
   8.29234  0.00150519 -0.00409528  0.00465475  -0.237726 -0.0238133   0.969999
   8.29748  -0.0118106 -0.00249739 0.000393692  -0.243097 -0.0167332   0.987943
   8.30194  -0.0176696 -0.00356265  0.00305685  -0.240778 -0.0224705   0.988187
   8.30764 -0.00968009 -0.00356265  0.00891581  -0.231623 -0.0228367   0.975858
   8.31181  -0.0016906 -0.00143212  0.00998108 -0.230524 -0.018198  0.965971
   8.31772 -0.00275587 -0.00196476  0.00731792  -0.233942 -0.0261326   0.959013
   8.32186 -0.00222324 -0.00409528  0.00358949  -0.232355 -0.0326023   0.962797
   8.32772 -0.00115797 -0.00356265  0.00145896 -0.234674 -0.023325  0.984281
   8.33187 -0.00435376 -0.00356265  0.00518738  -0.242487 -0.0183201   0.998808
   8.33772  -0.0102127 -0.00356265  0.00731792 -0.238703 -0.023325   0.98953
   8.34225    -0.011278 -0.000899491   0.00572002  -0.229181 -0.0211277   0.969022
   8.34759 -0.0150064 0.00282894 0.00305685  -0.229303 -0.0180759   0.952177
   8.35191 -0.0134085 0.00123104 0.00145896  -0.231134 -0.0284519    0.94351
   8.35772 -0.00115797 -0.00303002  0.00252422  -0.229792 -0.0349216   0.952543
   8.36213  0.00470098 -0.00409528  0.00199159  -0.235407 -0.0262547    0.97952
   8.36764  -0.0016906 -0.00569318  0.00465475  -0.242487 -0.0217381    1.00186
   8.37176 -0.00861482 -0.00729108  0.00838318  -0.239191 -0.0240574      1.001
   8.37772 -0.00914745 -0.00462792  0.00944844 -0.234064 -0.019907  0.985136
   8.38184 -0.00275587 -0.00143212   0.0121116  -0.234919 -0.0201511    0.96536
   8.38764  0.00523362 -0.00196476   0.0110463  -0.234308 -0.0327244   0.950346
   8.39181   0.0121578 -0.00356265  0.00891581  -0.231745 -0.0344334   0.952177
   8.39772  0.00310309 -0.00303002  0.00358948  -0.236628 -0.0244236   0.966947
   8.40205 -0.00541903 -0.00303002  0.00305685  -0.241877 -0.0247898   0.983305
   8.40767 0.000972558 -0.00462792  0.00998108  -0.238459 -0.0284519   0.987333
   8.41194 -0.000625338  -0.00356265    0.0105137   -0.23443 -0.0214939   0.976957
   8.41772   -0.0150064 -0.000366859   0.00572002  -0.235773 -0.0203953    0.96414
   8.42226 -0.00435376 -0.00356265  0.00891581  -0.236994 -0.0313816   0.956205
   8.42772   0.0164189 -0.00675845    0.011579  -0.237482 -0.0318699   0.959745
   8.43178   0.0164189 -0.00622581  0.00891581  -0.243952 -0.0229588   0.977201
   8.43773  0.00789678 -0.00675845  0.00838318 -0.251032 -0.023325  0.995878
   8.44187  -0.0032885 -0.00569318  0.00838318  -0.248713 -0.0236912   0.993925
   8.44772 -0.00968009 -0.00303002  0.00785054  -0.244196 -0.0167332   0.974149
   8.45217  -0.0123432 0.000698406  0.00572002  -0.242975 -0.0185642   0.954496
   8.45772 -0.00435376 0.000698406  0.00518738  -0.241144 -0.0279636   0.942167
   8.46197 0.000439926 -0.00196476  0.00358949  -0.240778 -0.0274754   0.946195
   8.46772   0.0110926 -0.00516055  0.00838318  -0.245539 -0.0217381   0.967435
   8.47188   0.0233431 -0.00782371   0.0142421  -0.250544 -0.0214939   0.991605
   8.47772   0.0222778 -0.00835634     0.01584  -0.248468 -0.0197849   0.999418
   8.48209   0.0105599 -0.00516055   0.0137095  -0.243341 -0.0133152   0.986845
   8.48772 -0.00595166 -0.00143212  0.00891581  -0.240046 -0.0152683    0.96829
    8.4918 -0.00595166 -0.00143212  0.00731791  -0.238337 -0.0238133   0.952909
   8.49772  0.00150519 -0.00303002  0.00678528  -0.237482 -0.0246677   0.948759
   8.50228  0.00683151 -0.00462792  0.00944844  -0.239191 -0.0217381   0.962186
   8.50765  0.00416835 -0.00409528  0.00891581  -0.243464 -0.0223484    0.98245
   8.51195 -0.00275587 -0.00356265  0.00678528  -0.241877 -0.0200291   0.987821
   8.51781 -0.00648429 -0.00196476  0.00731792  -0.236139 -0.0149021   0.978666
   8.52187 -0.00914745 0.000165774  0.00678528  -0.234308 -0.0189304   0.967435
   8.52781   -0.0048864 -0.000899491   0.00572002   -0.23382 -0.0267429   0.956083
   8.53229  0.00470098 -0.00303002  0.00518738  -0.233332 -0.0277195   0.954618
   8.53764  0.00736414 -0.00409528  0.00572002  -0.237848 -0.0247898   0.974027
   8.54194  0.00416835 -0.00569318  0.00838318  -0.245417 -0.0247898   0.997099
   8.54781 -0.00382113 -0.00622581  0.00998107  -0.244074 -0.0230808   0.997343
   8.55205  -0.0134085 -0.00196476  0.00838318  -0.236994 -0.0183201   0.980375
   8.55781 -0.0134085 0.00123104 0.00944844 -0.235651 -0.021616  0.962186
   8.56228  -0.0107454 0.000698406  0.00891581  -0.234919 -0.0310154   0.945219
   8.56784 0.000972558 -0.00143212  0.00678528  -0.231745 -0.0339451   0.942289
   8.57188  0.00257045 -0.00249739  0.00305685  -0.236383 -0.0307713   0.962675
   8.57781 -0.00648429 -0.00303002 0.000393692  -0.244318 -0.0289402   0.988676
   8.58192 -0.00648429 -0.00409528  0.00305685  -0.241877 -0.0267429   0.997587
   8.58781  -0.0123432 -0.00196476  0.00412212  -0.236261 -0.0222263   0.991849
   8.59203  -0.0123432 0.000165774  0.00785054 -0.236505 -0.023447  0.977811
   8.59768 -0.00648429 -0.00143212  0.00944844  -0.235163 -0.0310154   0.957548
   8.60206 -0.00115797 -0.00196476  0.00625265  -0.231745 -0.0322361   0.949735
   8.60781  0.00203782 -0.00143212  0.00572002  -0.236383 -0.0288181   0.962675
   8.61213 -0.00541903 -0.00303002  0.00412212  -0.243219 -0.0291843   0.980863
   8.61776 -0.00861482 -0.00356265  0.00465475  -0.239557 -0.0279636   0.986356
   8.62203 -0.00541903 -0.00143212  0.00838318  -0.234186 -0.0219822   0.980619
   8.62781   -0.0139411 -0.000366859   0.00678528  -0.235407 -0.0222263   0.967313
   8.63191  -0.0048864 -0.00356265  0.00944844   -0.23321 -0.0300388   0.953519
   8.63781  0.00896204 -0.00409528   0.0105137  -0.230524 -0.0305271   0.953886
    8.6422  0.00736414 -0.00356265  0.00731791  -0.238703 -0.0257664   0.971708
   8.64761  0.00470098 -0.00729108  0.00731791  -0.247126 -0.0269871   0.991727
    8.6519  -0.0016906 -0.00782371  0.00678528  -0.243097 -0.0241795   0.996366
   8.65781  -0.0102127 -0.00303002  0.00678528  -0.239191 -0.0156345   0.989652
   8.66251  -0.0123432 0.000165774  0.00785054  -0.240168 -0.0168552   0.970243
    8.6676  -0.00275587 -0.000899491   0.00944844  -0.234552 -0.0272312   0.947538
   8.67202   0.0105599 -0.00196476   0.0110463  -0.230768 -0.0279636   0.942167
   8.67781   0.0222778 -0.00409528   0.0121116  -0.239069 -0.0225925   0.957059
   8.68185    0.014821 -0.00729108  0.00838318  -0.244806 -0.0245457   0.979154
   8.68781  0.00257045 -0.00729108  0.00838318  -0.240412 -0.0201511   0.992704
   8.69226  0.00683151 -0.00569318   0.0147748  -0.240778 -0.0111179      0.996
   8.69782 -0.00222324 -0.00249739   0.0110463  -0.243341 -0.0145359   0.981229
   8.70187 -0.00968009 -0.00143212  0.00678528  -0.236872 -0.0228367   0.960722
   8.70781  0.00150519 -0.00249739  0.00998107  -0.234797 -0.0211277   0.954862
   8.71238  0.00949467 -0.00356265   0.0110463  -0.243708 -0.0194187   0.962797
   8.71763   0.0153536 -0.00675845   0.0121116  -0.248346 -0.0249119   0.974638
   8.72198 0.000439925 -0.00409528  0.00678528  -0.243097 -0.0217381   0.983671
   8.72755  -0.0048864 -0.00143212  0.00998107  -0.242365 -0.0131931   0.983549
   8.73189  0.00523362 -0.00303002   0.0169053  -0.243708 -0.0185642   0.967557
   8.73781  0.00257045 -0.00143212   0.0110463  -0.235651 -0.0273533   0.950224
   8.74229   0.0105599 0.000165774  0.00891581   -0.23382 -0.0244236   0.949857
   8.74781   0.0121578 -0.00303002  0.00731791  -0.243464 -0.0258884    0.96536
   8.75186  0.00416835 -0.00835634  0.00572002  -0.245905 -0.0323582   0.984525
   8.75781  0.00363572 -0.00835634  0.00891581  -0.242487 -0.0249119   0.998319
   8.76236 -0.00968009 -0.00409528  0.00891581  -0.245172 -0.0155125   0.998075
   8.76781  -0.0182022 -0.00143212  0.00838318  -0.242609 -0.0232029   0.976224
   8.77217  -0.00914745 -0.000366859   0.00891581 -0.231989 -0.032114  0.949247
   8.77761 -0.00275587 0.000698406  0.00678528  -0.231623 -0.0291843   0.941923
   8.78182  0.00683151 -0.00196476  0.00625265  -0.239191 -0.0310154   0.951932
   8.78755  0.00203782 -0.00409528  0.00305685  -0.239923 -0.0361424   0.970365
   8.79188 -0.00701693 -0.00303002  0.00252422  -0.238581 -0.0272312   0.989774
   8.79781 -0.00541903 -0.00356265  0.00678528  -0.241877 -0.0195408   0.995878
   8.80202   -0.015539 -0.00249739  0.00572002  -0.239557 -0.0267429   0.982694
   8.80781 -0.00808219 -0.00196476  0.00731791 -0.232599 -0.030405  0.964872
   8.81197 0.000972558 -0.00196476  0.00678528  -0.234064 -0.0258884   0.958158
   8.81781 -0.00808219 -0.00249739  0.00305685  -0.239313 -0.0294285   0.961332
   8.82211  0.00523362 -0.00675845  0.00838318  -0.239313 -0.0332127   0.973661
   8.82781  0.00257046 -0.00569318  0.00838318  -0.239435 -0.0227146   0.987943
   8.83189  -0.0182022 -0.00196476  0.00465475   -0.24151 -0.0170994   0.987821
   8.83771   -0.011278 -0.00196476  0.00838318  -0.236139 -0.0239353    0.97244
   8.84195   0.0110926 -0.00143212   0.0131769  -0.228083 -0.0249119   0.955106
   8.84781 0.00736415 0.00176367 0.00625265  -0.229547 -0.0218601   0.949613
    8.8522 -0.0134085  0.0022963    -0.0044   -0.23443 -0.0272312   0.959379
   8.85781  -0.0187348 -0.00196476     -0.0044  -0.235895 -0.0295506   0.982206
   8.86211  -0.0134085 -0.00569318 0.000926327  -0.238459 -0.0186863    1.00064
   8.86781 -0.00968009 -0.00622581  0.00625265    -0.2409 -0.0138035    1.00027
   8.87221 -0.00382113 -0.00462792    0.011579 -0.236628 -0.019907  0.983182
   8.87781  0.00842941 -0.00303002     0.01584  -0.230036 -0.0202732   0.959013
    8.8821   0.0105599 -0.00249739     0.01584  -0.230768 -0.0203953   0.944486
   8.88781  0.00896204 -0.00356265    0.011579  -0.234674 -0.0278416   0.948759
   8.89196  0.00736415 -0.00409528  0.00625265  -0.236872 -0.0279636   0.966459
   8.89781 -0.00275587 -0.00409528  0.00465475  -0.240534 -0.0184422   0.984891
    8.9024   -0.011278 -0.00303002  0.00518738  -0.243219 -0.0168552   0.994779
   8.90774   -0.0219306 -0.000366859   0.00199159  -0.241022 -0.0212498   0.986112
   8.91181  -0.0235285 0.000698406  0.00145896  -0.237238 -0.0189304   0.966947
   8.91781   -0.0123432 -0.000366859   0.00625265   -0.23797 -0.0211277   0.957059
   8.92221 -0.00382113 -0.00303002  0.00838318  -0.241266 -0.0290623   0.959989
   8.92774 0.000439926 -0.00569318  0.00625265  -0.243464 -0.0273533   0.971952
   8.93194 -0.00275587 -0.00462792  0.00465475  -0.246027 -0.0203953   0.986478
   8.93781 -0.00435376 -0.00356265  0.00838318  -0.247004 -0.0206394   0.988676
   8.94194  0.00203782 -0.00516055   0.0153074  -0.242975 -0.0230808    0.97183
   8.94781   0.0212126 -0.00569318   0.0206337  -0.235895 -0.0224705   0.951444
   8.95206   0.0265389 -0.00249739     0.01584  -0.234919 -0.0252781   0.944608
   8.95781  0.00736415 0.000165774  0.00358949  -0.239557 -0.0317478   0.954252
   8.96229  -0.0118106 -0.00143212     -0.0044  -0.242243 -0.0312595   0.974515
   8.96768  -0.0123432 -0.00409528  -0.0012042  -0.244806 -0.0238133   0.994169
   8.97191  -0.0107454 -0.00409528  0.00572002  -0.247004 -0.0217381    1.00186
   8.97781  -0.0139411 -0.00249739  0.00998107   -0.24383 -0.0229588   0.988187
   8.98223 -0.00861482 -0.00196476    0.011579 -0.236383 -0.021616  0.961942
   8.98781  0.00789678 -0.00196476   0.0142421  -0.234308 -0.0254002   0.948026
    8.9921   0.0201473 -0.00303002   0.0142421  -0.238581 -0.0324802   0.949735
   8.99756   0.0116252 -0.00303002  0.00785054  -0.240168 -0.0308933   0.959257
   9.00185 -0.00222324 -0.00196476  0.00412212  -0.241632 -0.0241795   0.979032
   9.00781   -0.0176696 -0.000366859   0.00145895  -0.245295 -0.0217381   0.994047
   9.01201 -0.00914745 -0.00196476  0.00731791  -0.242365 -0.0228367   0.985014
   9.01781  0.00576625 -0.00409528   0.0137095 -0.235651 -0.023325  0.968778
   9.02241  -0.00222324 -0.000899491   0.00838318  -0.236383 -0.0247898   0.961088
   9.02774  -0.00701693 -0.000899491   0.00412212  -0.240778 -0.0284519   0.958158
   9.03194  -0.0016906 -0.00516055  0.00518738  -0.241022 -0.0279636   0.966459
   9.03781 -0.00115797 -0.00622581  0.00731792  -0.241999 -0.0221043   0.986967
   9.04186  -0.0150064 -0.00409528  0.00572002  -0.246027 -0.0202732   0.994657
   9.04781  -0.0272569 -0.00196476  0.00252422    -0.2409 -0.0219822   0.977567
   9.05214   -0.011278 -0.00196476  0.00838318   -0.23089 -0.0214939    0.95828
   9.05781   0.0212126 -0.00303002   0.0179706 -0.232233 -0.023325  0.950101
   9.06233    0.014821 -0.00196476  0.00998107  -0.236628 -0.0299168   0.949613
   9.06766  0.00203782 -0.00303002  0.00199159  -0.234797 -0.0307713   0.965238
   9.07187  0.00629888 -0.00569318  0.00572002  -0.239435 -0.0224705   0.991972
   9.07781  0.00842941 -0.00675845   0.0121116  -0.246271 -0.0188084    1.00479
   9.08239 0.000972558 -0.00622581   0.0131769  -0.241144 -0.0212498    0.99307
   9.08775  -0.0016906 -0.00356265   0.0121116  -0.233332 -0.0195408   0.971098
   9.09193   0.00523362 -0.000899491    0.0131769  -0.235285 -0.0211277   0.954374
   9.09781   0.0126905 -0.00356265   0.0126442  -0.237726 -0.0301609   0.946195
    9.1019    0.014821 -0.00516055  0.00944844   -0.23443 -0.0305271   0.955106
   9.10781  0.00523362 -0.00409528  0.00625265  -0.239435 -0.0224705   0.978544
   9.11229 -0.00914745 -0.00409528  0.00412212   -0.24505 -0.0206394   0.990751
   9.11781  -0.0032885 -0.00516055  0.00998107   -0.23736 -0.0223484   0.983549
    9.1219 -0.00754956 -0.00196476  0.00785054  -0.231134 -0.0197849   0.973051
   9.12781   -0.0176696 -0.000366859   0.00252422  -0.235163 -0.0217381   0.963285
    9.1322 -9.27066e-05  -0.00516055   0.00678528 -0.235651 -0.030405  0.956327
   9.13781 0.000439926 -0.00409528  0.00305685  -0.233332 -0.0289402   0.966337
   9.14209 -0.00968009 -0.00249739 0.000926323  -0.240168 -0.0202732   0.989896
   9.14781  -0.0219306 -0.00409528  0.00145896 -0.244318 -0.021616  0.997465
   9.15189  -0.0325833 -0.00143212  -0.0012042  -0.235407 -0.0240574   0.982328
   9.15781  -0.0363117   0.0038942 -0.00386737  -0.229425 -0.0185642    0.96475
   9.16224  -0.0245938   0.0038942 0.000393692  -0.232233 -0.0222263   0.949735
   9.16781   -0.0016906 -0.000366859   0.00412212  -0.231012 -0.0332127   0.944364
   9.17194   0.0105599 -0.00356265  0.00465475 -0.230036 -0.030283   0.95889
   9.17781  -0.0048864 -0.00303002  -0.0012042  -0.239679 -0.0217381   0.987699
   9.18196   -0.015539 -0.00622581 0.000926323  -0.243708 -0.0235691    1.00393
   9.18781  0.00470098 -0.00942161   0.0153074   -0.23675 -0.0230808   0.996976
   9.19224  0.00683151 -0.00516055   0.0163727 -0.235773 -0.016367  0.980497
   9.19769 -0.00968009 -0.00196476  0.00998107  -0.238581 -0.0222263   0.957914
   9.20199  -0.0107454 -0.00143212  0.00518738  -0.235407 -0.0326023   0.944608
   9.20781  -0.00648429 -0.000366859   0.00199159  -0.234919 -0.0274754   0.952543
   9.21195  0.00470098 -0.00356265  0.00678528  -0.242853 -0.0222263   0.973905
   9.21781  -0.0128759 -0.00462792  0.00252422   -0.24505 -0.0269871   0.987089
   9.22206  -0.0288548 -0.00143212 -0.00333473  -0.239557 -0.0235691   0.984403
   9.22781  -0.00382113 -0.000899491   0.00572002 -0.239801 -0.016367  0.974027
   9.23234 -0.00275587 -0.00196476  0.00891581   -0.24151 -0.0249119   0.959013
   9.23781  -0.0016906 -0.00249739  0.00678528  -0.236872 -0.0340672   0.952055
   9.24203  -0.00754956 -0.000366859 -0.000138938  -0.238337 -0.0267429   0.964628
   9.24781  -0.0229959 -0.00249739 -0.00333473  -0.248224 -0.0227146   0.986478
   9.25197 -0.00701693 -0.00782371  0.00678528  -0.249445 -0.0272312   0.997099
   9.25781  0.00470098 -0.00569318   0.0126442  -0.243586 -0.0211277   0.988309
   9.26207  -0.011278 0.00123104 0.00731791  -0.242609 -0.0151463   0.968656
   9.26781  -0.0299201  0.00282894 0.000926327  -0.240534 -0.0258884    0.94827
   9.27206   -0.011278 -0.00143212  0.00412212  -0.235651 -0.0337009   0.940214
   9.27781  0.00896204 -0.00356265  0.00678528  -0.238947 -0.0266209   0.953153
   9.28202  0.00470098 -0.00462792  0.00625265  -0.247736 -0.0241795   0.977323
   9.28781  -0.0139411 -0.00462792  0.00305685   -0.24798 -0.0275974   0.996122
   9.29222   -0.015539 -0.00303002  0.00465475  -0.243097 -0.0201511   0.998197
   9.29781 -0.000625338  -0.00196476     0.011579  -0.243464 -0.0142918   0.984037
   9.30206  -0.0144738 0.000698406  0.00785054  -0.241266 -0.0230808   0.963529
   9.30781  -0.0139411 0.000165774  0.00731791  -0.236505 -0.0273533   0.949857
   9.31196  0.00416835 -0.00249739   0.0105137  -0.239191 -0.0230808   0.952543
   9.31781 -0.00222324 -0.00356265  0.00625265  -0.243952 -0.0252781   0.969389
   9.32215 -0.00754956 -0.00409528  0.00412212  -0.243341 -0.0267429   0.984281
   9.32764  -0.0107454 -0.00143212  0.00305685  -0.239435 -0.0177097   0.985014
    9.3319   -0.021398 0.000698406  0.00358948  -0.237848 -0.0152683   0.975126
   9.33781 -0.00968009 -0.00196476   0.0105137  -0.234919 -0.0257664   0.962064
    9.3423   0.0126905 -0.00409528   0.0126442   -0.23089 -0.0277195   0.954862
   9.34771  0.00949467 -0.00356265  0.00625265  -0.234064 -0.0224705   0.962186
   9.35194  -0.0102127 -0.00303002 0.000393692  -0.240656 -0.0254002   0.981962
   9.35781  -0.0299201 -0.00303002 -0.00386737  -0.241144 -0.0263767   0.998563
   9.36222  -0.0235285 -0.00409528  0.00199159  -0.237116 -0.0178318   0.993681
   9.36765  0.00576625 -0.00409528   0.0153074  -0.234797 -0.0166111   0.975858
   9.37201   0.0201473 -0.00303002   0.0190358  -0.231501 -0.0252781   0.955961
   9.37781    0.024941 -0.00356265   0.0179706  -0.227472 -0.0288181   0.942655
   9.38226   0.0164189 -0.00356265   0.0126442  -0.230036 -0.0279636   0.949003
   9.38766   0.0228105 -0.00729108   0.0142421 -0.237482 -0.030283  0.971464
   9.39192    0.04092 -0.0115521   0.021699  -0.240168 -0.0280857   0.993314
   9.39781   0.0286694 -0.00835634   0.0185032  -0.238337 -0.0195408   0.997953
   9.40222  0.00523362 -0.00356265   0.0137095  -0.237482 -0.0188084   0.989652
   9.40775 -0.00595166 -0.00143212   0.0105137  -0.235529 -0.0260105   0.971342
   9.41194  -0.0048864 -0.00196476  0.00785055  -0.232233 -0.0273533   0.952909
   9.41769  0.00523362 -0.00462792  0.00944844  -0.233454 -0.0266209   0.952787
   9.42188   0.0169515 -0.00675845   0.0137095  -0.239801 -0.0296726    0.96768
   9.42781   0.0142884 -0.00782371   0.0153074  -0.242487 -0.0273533    0.98184
     9.432  0.00842941 -0.00569318   0.0105137  -0.238581 -0.0210056   0.986112
   9.43781  -0.00861482 -0.000899491   0.00518738  -0.236139 -0.0200291   0.978544
   9.44232  -0.0283222   0.0022963 0.000393692  -0.234674 -0.0245457   0.962675
   9.44781 -0.0150064 0.00176367 0.00145896 -0.230768 -0.026865  0.951444
   9.45204 -0.00382113 0.000698406  0.00199159  -0.232721 -0.0258884   0.957914
   9.45781   -0.0134085 -0.000366859  -0.00333473 -0.241144 -0.026865  0.979032
   9.46218  -0.0224633 -0.00356265 -0.00333473 -0.244074 -0.025034  0.995145
   9.46775  -0.0208654 -0.00516055  0.00358948  -0.241266 -0.0170994   0.995756
   9.47189  -0.0144738 -0.00356265  0.00998107  -0.240778 -0.0153904   0.985014
   9.47781  -0.0123432 -0.00143212  0.00944844  -0.238092 -0.0217381    0.96121
    9.4822  0.00416835 -0.00249739   0.0110463  -0.231745 -0.0260105   0.940458
   9.48781   0.0190821 -0.00409528   0.0137095  -0.229059 -0.0266209   0.936185
   9.49188 -0.00648429 -0.00143212 0.000926327  -0.238825 -0.0279636   0.956693
   9.49781  -0.0288548 -0.00143212 -0.00812842  -0.245905 -0.0258884   0.984037
   9.50237  -0.0118106 -0.00516055  0.00465475  -0.243464 -0.0188084   0.994779
   9.50785 -0.00914745 -0.00303002  0.00891581  -0.243708 -0.0151463   0.998685
   9.51206 -0.00808219 -0.00303002  0.00891581  -0.241755 -0.0205174   0.978544
   9.51789  0.00416835 -0.00622581   0.0137095  -0.239801 -0.0258884   0.958402
   9.52197  0.00523362 -0.00516055   0.0121116  -0.242609 -0.0247898   0.958524
   9.52789   0.0132231 -0.00729108   0.0126442   -0.24737 -0.0266209   0.964506
    9.5324   0.0105599 -0.00782371   0.0105137  -0.246271 -0.0272312   0.977079
   9.53754 0.000972558 -0.00516055  0.00625265  -0.243219 -0.0249119   0.983793
   9.54205  -0.0032885 -0.00356265  0.00785054   -0.24444 -0.0219822   0.979032
   9.54789  -0.0240612 0.000698406  0.00199159  -0.239557 -0.0238133   0.961698
   9.55231  -0.0320506   0.0022963 -0.00226947  -0.232233 -0.0264988   0.949735
   9.55789 -0.00808219 -0.00196476  0.00625265   -0.23736 -0.0243015   0.955106
   9.56228   0.0201473 -0.00782371   0.0137095  -0.244928 -0.0288181   0.969511
   9.56782  0.0329305 -0.0104869    0.01584  -0.246149 -0.0334568   0.979154
   9.57208   0.0105599 -0.00516055   0.0105137  -0.245539 -0.0228367   0.989896
   9.57789  -0.0118106 0.000165774  0.00518738  -0.244928 -0.0122166    1.00064
   9.58217  -0.00115797 -0.000899491   0.00944844  -0.237726 -0.0205174   0.974516
   9.58789 0.000439926 0.000165774  0.00891581  -0.228937 -0.0267429   0.944486
   9.59234   0.00150519 -0.000899491   0.00944844  -0.234308 -0.0263767   0.945219
   9.59769   0.0116252 -0.00409528   0.0147748  -0.241266 -0.0280857   0.949857
     9.602  0.00789678 -0.00462792   0.0105137  -0.238459 -0.0260105   0.970487
   9.60789  0.00416835 -0.00516055  0.00625265  -0.235651 -0.0239353   0.991117
   9.61231  -0.0144738 -0.00356265  0.00518738  -0.239191 -0.0239353   0.989042
   9.61789  -0.0331159 -0.00196476  0.00412212  -0.242731 -0.0239353   0.986967
   9.62219   -0.0192675 -0.000366859   0.00572002 -0.238092 -0.021616  0.970975
   9.62775 -0.00541903  0.00123104  0.00731792  -0.233454 -0.0192966   0.954984
   9.63208  0.00683151 -0.00356265  0.00944844  -0.235285 -0.0271091   0.961332
    9.6379   0.0190821 -0.00835634    0.011579  -0.237116 -0.0349216    0.96768
   9.64207  0.00629888 -0.00356265  0.00838318  -0.240412 -0.0245457   0.980009
    9.6479 -0.00648429  0.00123104  0.00518738  -0.243708 -0.0141697   0.992338
   9.65241 -0.00754956  0.00123104  0.00625265 -0.233942 -0.019907  0.972929
   9.65789 -0.00861482  0.00123104  0.00731792  -0.224176 -0.0256443   0.953519
   9.66235  -0.00382113 -0.000899491   0.00731792   -0.23028 -0.0275974   0.953397
   9.66777 0.000972558 -0.00303002  0.00731792  -0.236383 -0.0295506   0.953275
   9.67196 -0.00861482 -0.00303002  0.00252422  -0.236505 -0.0240574   0.978544
   9.67789  -0.0182022 -0.00303002 -0.00226947  -0.236628 -0.0185642    1.00381
    9.6822  -0.0198001 -0.00356265  0.00358948  -0.236505 -0.0207615    0.99539
   9.68778   -0.021398 -0.00409528  0.00944844  -0.236383 -0.0229588   0.986967
   9.69205   -0.011278 -0.00196476  0.00998107  -0.232965 -0.0200291   0.966581
   9.69789 -0.00115797 0.000165774   0.0105137  -0.229547 -0.0170994   0.946195
   9.70208  0.00310309 -0.00249739  0.00891581  -0.231134 -0.0258884   0.953153
   9.70789  0.00736414 -0.00516055  0.00731792  -0.232721 -0.0346775   0.960111
   9.71251 -0.00701693 -0.00409528  0.00518738  -0.238825 -0.0256443   0.979887
   9.71789   -0.021398 -0.00303002  0.00305685  -0.244928 -0.0166111   0.999662
   9.72203  -0.0128759 -0.00249739  0.00678528  -0.238581 -0.0179539    0.98538
   9.72789 -0.00435376 -0.00196476   0.0105137  -0.232233 -0.0192966   0.971098
   9.73212 -0.000625339  -0.00249739   0.00891581  -0.236261 -0.0260105   0.963285
   9.73789  0.00310309 -0.00303002  0.00731792   -0.24029 -0.0327244   0.955473
    9.7424 -0.00541903 -0.00303002  0.00199159  -0.239801 -0.0316258   0.960111
   9.74761  -0.0118106 -0.00356265  -0.0012042  -0.242731 -0.0238133   0.976347
   9.75208 -0.00808219 -0.00462792  0.00572002  -0.243952 -0.0213718   0.981596
   9.75789 -0.00648429 -0.00516055   0.0105137  -0.241755 -0.0256443   0.975248
   9.76257 -0.00382113 -0.00303002  0.00998107  -0.239313 -0.0239353   0.960233
   9.76789  -0.00115797 -0.000899491   0.00944844  -0.236872 -0.0222263   0.945219
   9.77222   0.0110926 -0.00303002  0.00891581   -0.23797 -0.0272312   0.956205
    9.7779   0.0233431 -0.00516055  0.00838318  -0.239069 -0.0322361   0.967191
    9.7819  0.00736415 -0.00516055  0.00785055  -0.242487 -0.0257664   0.981351
   9.78783 -0.00861482 -0.00516055  0.00731792  -0.24798 -0.021616   1.00125
    9.7919  -0.0123432 -0.00409528  0.00572002 -0.246149 -0.025034   0.99954
   9.79789 -0.00968009 -0.00356265  0.00785054  -0.239557 -0.0213718   0.979276
    9.8024 -0.00595166 -0.00249739   0.0121116   -0.23736 -0.0200291   0.957304
   9.80772 -0.00435376 -0.00143212   0.0121116  -0.238092 -0.0294285    0.94351
   9.81205  0.00310309 -0.00303002  0.00944844  -0.238459 -0.0344334   0.946195
   9.81789  0.00789678 -0.00462792  0.00838318  -0.241144 -0.0271091   0.964628
    9.8223   0.0116252 -0.00622581   0.0110463  -0.246027 -0.0232029   0.985502
   9.82789  -0.0102127 -0.00356265  0.00518738 -0.246271 -0.025034   0.99014
   9.83201  -0.0166043 -0.00249739  0.00518738 -0.241144 -0.021616  0.978544
   9.83789 -0.00914745 -0.00249739  0.00838318  -0.237848 -0.0214939   0.967191
   9.84194   -0.0166043 -0.000366859   0.00465475  -0.239191 -0.0293064   0.959989
   9.84789 -0.00595166 -0.00249739  0.00518738  -0.241022 -0.0317478   0.960355
   9.85199  -0.0032885 -0.00356265  0.00358949  -0.242487 -0.0257664   0.974515
   9.85789  0.00203782 -0.00516055  0.00998108  -0.246027 -0.0240574    0.99307
   9.86234  0.00150519 -0.00516055   0.0137095  -0.244928 -0.0244236   0.990263
   9.86789 -0.00861482 -0.00196476  0.00891581  -0.237238 -0.0202732   0.967924
   9.87223 -0.0128759 0.00123104 0.00572002  -0.232843 -0.0203953   0.952177
   9.87789  -0.011278 0.00123104 0.00465475   -0.23443 -0.0274754   0.946806
   9.88212  0.00896204 -0.00409528  0.00944844  -0.235529 -0.0312595   0.952177
   9.88785  0.00523362 -0.00569318  0.00572001  -0.236994 -0.0269871   0.974882
   9.89205  -0.0160717 -0.00462792 0.000393692  -0.243097 -0.0213718   0.999784
   9.89789  -0.0150064 -0.00569318  0.00625265   -0.24444 -0.0200291    1.00357
   9.90228  -0.0048864 -0.00409528    0.011579  -0.236872 -0.0179539   0.985746
    9.9079  -0.00115797 -0.000366859    0.0121116  -0.233332 -0.0180759   0.965116
   9.91197 -0.00861482  0.00123104  0.00785054  -0.235773 -0.0246677   0.948881
   9.91789  -0.00701693 -0.000899491   0.00518738  -0.235407 -0.0291843   0.945829
   9.92255  0.00150519 -0.00356265  0.00678528  -0.235651 -0.0257664   0.962797
   9.92786  0.00310309 -0.00462792  0.00731792  -0.241999 -0.0211277    0.98538
   9.93202  -0.0016906 -0.00516055  0.00785055  -0.243708 -0.0208836   0.990385
   9.93789 -0.00914745 -0.00303002  0.00785055  -0.235651 -0.0190525   0.979276
   9.94196 -0.00595166 -0.00143212   0.0110463  -0.233332 -0.0184422   0.969511
   9.94789 -0.00382113 -0.00249739  0.00785054  -0.237116 -0.0249119   0.961088
   9.95238 -0.00275587 -0.00409528  0.00358948  -0.235163 -0.0290623   0.956693
   9.95789 0.000439926 -0.00409528  0.00572002  -0.236383 -0.0247898   0.972318
   9.96216 -0.00222324 -0.00409528  0.00518738  -0.245172 -0.0221043   0.994535
   9.96789  -0.0107454 -0.00462792  0.00678528  -0.244074 -0.0236912   0.993436
   9.97225  -0.0139411 -0.00196476  0.00678528  -0.234186 -0.0201511   0.976469
   9.97789 -0.00754956  0.00123104  0.00678528  -0.232111 -0.0185642    0.96121
   9.98211   0.00310309 -0.000366859   0.00944844  -0.234308 -0.0273533   0.946195
   9.98789  0.00203782 -0.00196476  0.00412212   -0.23089 -0.0334568    0.94473
   9.99212  -0.00115797  -0.00196476 -0.000138938  -0.233698 -0.0278416    0.96768
   9.99789 -0.00595166 -0.00356265 0.000926327   -0.24444 -0.0235691   0.994901
   10.0021   -0.011278 -0.00569318  0.00358949  -0.242487 -0.0252781    1.00162
   10.0079 -0.00861482 -0.00409528  0.00785055  -0.235773 -0.0206394   0.990507
   10.0124  -0.0128759 0.000165774  0.00785055  -0.238337 -0.0174656   0.974882
   10.0176  -0.00914745 -0.000366859   0.00785055 -0.237848 -0.026865  0.953397
    10.022 -0.00115797 -0.00249739  0.00731791  -0.232355 -0.0322361   0.945097
   10.0279  0.00576625 -0.00196476  0.00731791  -0.236505 -0.0261326   0.960599
   10.0323  -0.0048864 -0.00196476  0.00412212  -0.246271 -0.0249119   0.980619
   10.0378 -0.00275587 -0.00462792  0.00731791  -0.243097 -0.0267429   0.987089
    10.042   0.0100273 -0.00356265   0.0121116  -0.236383 -0.0197849   0.982084
   10.0477   0.0105599 -0.00249739   0.0131769  -0.238459 -0.0184422   0.972196
    10.052   0.0105599 -0.00409528   0.0131769  -0.237238 -0.0296726   0.959013
   10.0579  0.00470098 -0.00303002  0.00625265  -0.232599 -0.0313816   0.955839
   10.0622  0.00470098 -0.00356265  0.00518738  -0.239191 -0.0230808   0.969511
   10.0677 -0.00275587 -0.00622581  0.00572002 -0.248468 -0.025034  0.988798
    10.072 -0.00541903 -0.00675845  0.00838318  -0.243341 -0.0271091   0.994535
   10.0779 0.000439926 -0.00462792   0.0137095  -0.237726 -0.0174656   0.984281
   10.0823 -0.000625339  -0.00196476    0.0137095  -0.239191 -0.0168552   0.964994
   10.0879  -0.0107454 0.000165774  0.00572001  -0.235407 -0.0286961   0.943754
   10.0921   -0.0118106  0.000698406 -0.000671573  -0.231867 -0.0308933   0.942655
   10.0979  -0.00861482 -0.000366859  -0.00173683  -0.239435 -0.0235691   0.961332
   10.1022  -0.0171369 -0.00303002 -0.00226947  -0.247736 -0.0256443   0.983671
   10.1077  -0.0128759 -0.00516055  0.00305685  -0.244562 -0.0258884   0.997221
   10.1121 -0.00861482 -0.00303002  0.00731792  -0.242609 -0.0149021   0.994413
   10.1179  -0.0150064 -0.00143212  0.00731792  -0.245295 -0.0162449   0.978056
   10.1221  -0.0107454 -0.00196476  0.00678528 -0.239801 -0.028574  0.956327
   10.1279 -0.000625339  -0.00143212   0.00518738  -0.236628 -0.0279636   0.948637
   10.1324  0.00203782 -0.00249739  0.00465475  -0.244318 -0.0223484   0.957304
   10.1379  0.00150519 -0.00516055  0.00731791  -0.248224 -0.0269871   0.973051
    10.142 0.000972559 -0.00516055  0.00891581  -0.243341 -0.0254002   0.984891
   10.1479  -0.0048864 -0.00249739  0.00838318  -0.241632 -0.0153904   0.984037
    10.152  -0.0261917 0.000698406  0.00199159   -0.24151 -0.0188084   0.971464
   10.1579   -0.0118106 -0.000366859   0.00572001  -0.234674 -0.0290623   0.956571
   10.1625   0.0110926 -0.00143212  0.00998107  -0.232721 -0.0262547   0.954374
   10.1677  0.00416835 -0.00303002  0.00572002   -0.24029 -0.0232029   0.967802
    10.172 0.000439926 -0.00622581  0.00625265  -0.244074 -0.0283299   0.988676
   10.1779 -0.00861482 -0.00462792  0.00412212   -0.24151 -0.0240574   0.998685
    10.182  -0.0118106 -0.00249739  0.00572002 -0.24029 -0.01478 0.989652
   10.1879 -0.00382113 -0.00303002   0.0121116  -0.237238 -0.0197849   0.969877
   10.1923 -9.27066e-05 -0.000899491    0.0105137  -0.229547 -0.0280857   0.947904
   10.1979  0.00576625 0.000698406  0.00785055  -0.228327 -0.0260105   0.942289
    10.202   0.0100273 -0.00196476  0.00785055  -0.235529 -0.0261326   0.954984
   10.2079 -0.00595166 -0.00356265  0.00145896  -0.240168 -0.0301609   0.977445
    10.212 -0.00968009 -0.00516055  0.00252422  -0.240412 -0.0241795   0.995878
   10.2179  0.00203782 -0.00569318   0.0110463 -0.240412 -0.016489  0.997099
   10.2224  0.00736415 -0.00409528     0.01584  -0.238581 -0.0213718   0.984403
   10.2276 -0.00435376 -0.00143212   0.0105137 -0.233942 -0.026865  0.964506
   10.2321  -0.00968009 -0.000366859   0.00518738 -0.232233 -0.025034  0.951932
   10.2379  0.00470098 -0.00303002  0.00785054   -0.23736 -0.0273533   0.955839
   10.2422   0.0142884 -0.00622581   0.0105137  -0.241266 -0.0308933   0.972196
   10.2478  0.00363572 -0.00516055  0.00785054  -0.240778 -0.0245457   0.984525
    10.252    -0.021398 -0.000366859   0.00145895  -0.239801 -0.0185642   0.984281
   10.2579 -0.00914745 -0.00143212  0.00838318 -0.237604 -0.023325  0.973783
   10.2622  0.00629888 -0.00249739   0.0121116  -0.232599 -0.0269871   0.958646
   10.2679  0.00257045 -0.00196476  0.00891581  -0.231134 -0.0256443   0.951688
   10.2721   0.0116252 -0.00516055   0.0110463  -0.237604 -0.0283299   0.963285
   10.2779  0.00736415 -0.00569318  0.00572002  -0.243219 -0.0305271   0.984891
   10.2821 -0.00275587 -0.00569318  0.00412212 -0.242853 -0.023447  0.997831
   10.2879  -0.0118106 -0.00356265  0.00678528  -0.241632 -0.0167332   0.994657
   10.2922   -0.0171369 -0.000366859   0.00731791   -0.24029 -0.0194187   0.978178
   10.2979  -0.0123432 0.000698406  0.00731791  -0.234919 -0.0232029   0.954008
   10.3022 -0.00754956  0.00123104  0.00572002 -0.231745 -0.025034  0.939481
   10.3078  0.00416835 -0.00143212  0.00625265  -0.236872 -0.0283299   0.949857
    10.312   0.0100273 -0.00516055  0.00678528  -0.243097 -0.0286961   0.971464
   10.3179  0.00257045 -0.00516055  0.00625265  -0.243586 -0.0221043    0.98892
    10.322  -0.0048864 -0.00356265  0.00731791  -0.242487 -0.0170994   0.997099
   10.3279 -0.00754956 -0.00303002  0.00891581  -0.242975 -0.0190525   0.986967
    10.332  -0.0134085 -0.00303002  0.00731791  -0.239435 -0.0227146   0.967191
   10.3379   -0.011278 -0.00143212  0.00412212 -0.236261 -0.023325   0.95413
   10.3423 0.000439926 -0.00196476  0.00625265 -0.240412 -0.025156  0.957426
   10.3477  0.00257045 -0.00569318  0.00731791  -0.244684 -0.0273533   0.970243
   10.3522   0.0121578 -0.00675845    0.011579  -0.242853 -0.0223484   0.982694
   10.3579  0.00363572 -0.00196476   0.0105137  -0.241755 -0.0169773   0.987455
   10.3621 -0.00968009 0.000698406  0.00678528  -0.241632 -0.0192966    0.97537
   10.3679  0.000972558 -0.000899491   0.00998107  -0.234674 -0.0238133   0.956327
   10.3724    0.0137557 -0.000366859    0.0105137  -0.230646 -0.0240574   0.948881
   10.3779   0.0164189 -0.00143212  0.00891581  -0.237482 -0.0257664   0.959501
   10.3819   0.0126905 -0.00569318  0.00731791  -0.242609 -0.0290623   0.978544
   10.3879   0.0100273 -0.00782371  0.00944844    -0.2409 -0.0239353   0.995267
   10.3922  0.00150519 -0.00569318  0.00998107 -0.242731 -0.016489   1.00052
   10.3979 -0.00595166 -0.00516055   0.0110463  -0.244318 -0.0188084   0.984769
   10.4023 -0.00968009 -0.00356265  0.00998108  -0.235651 -0.0241795   0.957182
   10.4078  -0.00541903 -0.000366859   0.00785055  -0.231379 -0.0244236   0.942899
   10.4121 -0.00435376 -0.00196476  0.00572002  -0.239191 -0.0280857   0.947416
   10.4179  0.00629888 -0.00675845  0.00678528  -0.242487 -0.0327244   0.960966
    10.422   0.0121578 -0.00622581  0.00731791  -0.240534 -0.0258884   0.981474
   10.4279 0.000972558 -0.00249739  0.00518738  -0.245172 -0.0177097   0.997221
   10.4324 -0.00382113 -0.00303002  0.00785054  -0.246393 -0.0206394   0.989896
   10.4376 -0.00595166 -0.00249739  0.00785054  -0.236628 -0.0252781   0.970365
   10.4421   -0.0048864 -0.000366859   0.00625265 -0.235163 -0.025156  0.959623
   10.4479  0.00150519 -0.00249739  0.00731791  -0.242609 -0.0280857   0.957182
   10.4522  0.00842941 -0.00675845  0.00891581   -0.24151 -0.0308933   0.963163
   10.4579  0.00203782 -0.00409528  0.00625265 -0.239191 -0.023447  0.982206
   10.4621   -0.0150064 -0.000366859   0.00305685  -0.243708 -0.0177097   0.992582
   10.4677  -0.0182022 -0.00143212  0.00572002  -0.240168 -0.0228367     0.9783
    10.472 -9.27066e-05  -0.00196476     0.011579  -0.228449 -0.0244236    0.95889
   10.4779  0.00683151 0.000165774    0.011579  -0.228327 -0.0214939   0.951444
   10.4824   0.0158863 -0.00356265   0.0142421  -0.234919 -0.0277195   0.953275
   10.4879   0.0270715 -0.00942161   0.0163727  -0.234064 -0.0341892   0.969144
    10.492    0.014821 -0.00675845  0.00998108  -0.236017 -0.0240574   0.995267
   10.4979 -0.00701693 -0.00462792  0.00572002 -0.242975 -0.016367    1.0054
   10.5025  -0.0235285 -0.00249739  0.00358948  -0.239191 -0.0211277    0.98953
    10.508 -0.0166043 0.00123104 0.00518738   -0.22967 -0.0225925   0.965604
   10.5121 0.000439926 0.000698406  0.00944844  -0.230402 -0.0222263   0.949247
    10.518   0.0110926 -0.00303002   0.0121116  -0.235163 -0.0313816    0.94473
   10.5221   0.0174842 -0.00622581    0.011579  -0.234308 -0.0344334   0.956815
   10.5279   0.0164189 -0.00569318  0.00944844  -0.237116 -0.0221043   0.980497
   10.5321  0.00576625 -0.00462792  0.00838318   -0.24383 -0.0185642   0.995756
    10.538 -0.00541903 -0.00462792  0.00785055   -0.24029 -0.0249119   0.989286
   10.5422 -0.00648429 -0.00196476  0.00731792  -0.232721 -0.0222263   0.974271
    10.548 -0.00808219 0.000165774  0.00678528 -0.235407 -0.019907  0.963285
   10.5526 -0.00595166 -0.00303002  0.00731791  -0.238459 -0.0297947   0.957304
    10.558 0.000972559 -0.00622581  0.00731791  -0.236139 -0.0307713    0.96414
   10.5623  -0.0032885 -0.00462792  0.00412212  -0.240656 -0.0203953   0.983793
    10.568  0.00470098 -0.00516055  0.00944844  -0.245661 -0.0201511   0.992948
    10.572  0.00470098 -0.00462792   0.0121116  -0.238947 -0.0238133   0.979887
    10.578 -0.0166043 0.00123104 0.00358949  -0.231256 -0.0190525   0.961698
   10.5823 -0.0277896  0.0038942 -0.0012042 -0.232599 -0.019907    0.9512
    10.588   -0.0118106 -0.000899491   0.00252422 -0.234308 -0.030405  0.949613
   10.5922  -0.0032885 -0.00303002  0.00145896 -0.234674 -0.030405  0.964628
    10.598  -0.00861482  -0.00303002 -0.000138942  -0.241632 -0.0196629   0.989652
   10.6022 -0.00914745 -0.00516055  0.00518738  -0.247004 -0.0192966    1.00259
    10.608  -0.0208654 -0.00409528  0.00465475   -0.24151 -0.0219822   0.994169
   10.6125   -0.0224633 -0.000366859   0.00305685 -0.235895 -0.016367  0.973173
   10.6178 -0.00914745 0.000698406  0.00678528  -0.236628 -0.0192966   0.953886
   10.6223  0.00949467 -0.00356265   0.0126442  -0.236383 -0.0301609   0.944486
   10.6279    0.014821 -0.00516055   0.0110463  -0.236994 -0.0293064   0.952665
   10.6321   0.0116252 -0.00569318  0.00891581  -0.242853 -0.0221043   0.972684
    10.638  -0.0016906 -0.00622581  0.00625265  -0.246393 -0.0238133   0.990018
   10.6421  -0.0176696 -0.00303002  0.00252422  -0.242731 -0.0241795   0.990018
    10.648   -0.0171369 -0.000366859   0.00412212  -0.239313 -0.0178318   0.974638
   10.6524  -0.00595166 -0.000899491   0.00838318  -0.240168 -0.0219822   0.962308
    10.658  0.00150519 -0.00196476  0.00731791  -0.240412 -0.0322361   0.956327
   10.6623   0.0105599 -0.00356265  0.00678528  -0.241266 -0.0290623   0.961454
    10.668   0.0105599 -0.00569318  0.00838318  -0.246393 -0.0227146   0.980253
   10.6722 -0.00382113 -0.00569318  0.00625265 -0.249445 -0.025156  0.992582
   10.6779 -0.00861482 -0.00409528  0.00678528  -0.244928 -0.0240574   0.983671
   10.6821  -0.0198001 0.000165774  0.00305685  -0.239191 -0.0196629   0.964628
    10.688 -0.0267243 0.00336157 0.00145895   -0.23736 -0.0245457    0.95059
   10.6925   -0.0048864 -0.000899491   0.00944844  -0.237116 -0.0315037   0.945463
   10.6979  0.00736414 -0.00516055  0.00891581  -0.237604 -0.0293064    0.95767
    10.702 -0.00541903 -0.00409528 0.000926323  -0.242365 -0.0243015   0.980741
    10.708  -0.0102127 -0.00303002 0.000926323  -0.246393 -0.0239353   0.999662
   10.7123 -0.00541903 -0.00356265  0.00731791  -0.242609 -0.0210056    0.99954
    10.718 -0.000625339  -0.00409528    0.0121116  -0.236383 -0.0169773   0.980741
   10.7222 -9.27066e-05  -0.00303002    0.0137095  -0.233698 -0.0221043   0.960233
    10.728  -0.0016906 -0.00196476  0.00944844  -0.233088 -0.0296726   0.946928
   10.7321  0.00683151 -0.00409528  0.00785054  -0.233088 -0.0282078   0.950834
   10.7379  0.00150519 -0.00462792  0.00785054  -0.236383 -0.0239353   0.968656
    10.742  0.00363572 -0.00356265  0.00998107   -0.24029 -0.0238133   0.984891
    10.748   0.0164189 -0.00516055   0.0153074   -0.23736 -0.0212498   0.987577
   10.7521  0.00523362 -0.00303002    0.011579  -0.232477 -0.0178318   0.978666
    10.758  0.000972558 -0.000366859   0.00944844  -0.233698 -0.0222263   0.968046
   10.7628 -0.000625338  -0.00249739   0.00944844 -0.235163 -0.028574  0.957548
    10.768  0.00523362 -0.00516055  0.00998107  -0.234674 -0.0272312   0.959989
   10.7723   0.0110926 -0.00622581  0.00998107   -0.2409 -0.023447  0.981962
    10.778  0.00310309 -0.00622581  0.00944844  -0.247614 -0.0227146   0.996488
    10.782 -0.00115797 -0.00569318   0.0121116  -0.242487 -0.0202732   0.988187
   10.7878 -0.00701693 -0.00196476    0.011579  -0.235407 -0.0172215    0.97122
   10.7922   -0.0048864 -0.000366859     0.011579 -0.235529 -0.021616  0.954618
    10.798   0.0212126 -0.00516055   0.0174379  -0.235163 -0.0291843   0.941923
   10.8023   0.0254736 -0.00516055    0.011579  -0.233454 -0.0293064   0.950101
    10.808  0.00736415 -0.00356265  0.00358949  -0.240046 -0.0239353   0.976469
   10.8121  0.00203782 -0.00622581  0.00678528  -0.246637 -0.0228367    0.99893
    10.818  -0.0032885 -0.00516055  0.00891581   -0.24151 -0.0210056   0.999784
   10.8225  -0.00968009 -0.000899491   0.00731791  -0.236994 -0.0160008   0.985868
   10.8278 -0.0198001 0.00282894 0.00305685  -0.238581 -0.0195408   0.967069
   10.8322 -0.0203327 0.00176367 0.00145896  -0.235407 -0.0290623   0.948515
    10.838  0.00310309 -0.00303002  0.00678528  -0.232111 -0.0289402   0.949247
   10.8421   0.0158863 -0.00462792   0.0110463  -0.239191 -0.0246677    0.96768
    10.848   0.0174842 -0.00622581   0.0137095  -0.244318 -0.0258884   0.983305
   10.8523   0.0100273 -0.00569318   0.0121116  -0.238214 -0.0240574   0.985258
    10.858  -0.00541903 -0.000899491   0.00838318  -0.235285 -0.0188084   0.979642
   10.8625  -0.00701693 -0.000899491   0.00891581  -0.237848 -0.0224705   0.967557
    10.868 -0.00275587 -0.00409528  0.00678528  -0.233698 -0.0307713   0.954252
   10.8723  0.00470098 -0.00409528  0.00625265  -0.231867 -0.0288181   0.958768
   10.8779 -0.00222324 -0.00303002  0.00305685  -0.242487 -0.0246677   0.979642
   10.8821  -0.0123432 -0.00569318  0.00199159 -0.248102 -0.026865  0.994291
    10.888  -0.0048864 -0.00622581  0.00944844 -0.240168 -0.023447  0.991605
   10.8922  -0.0187348 0.000165774  0.00625265  -0.237482 -0.0162449   0.978544
   10.8979  -0.0251264 0.000165774  0.00465475  -0.238947 -0.0224705    0.95767
   10.9021 -0.00275587 -0.00356265  0.00944844  -0.232111 -0.0317478   0.939237
    10.908  0.00683151 -0.00249739  0.00785055  -0.231012 -0.0288181   0.946806
   10.9122  0.00629888 -0.00356265  0.00678528   -0.24151 -0.0257664   0.971708
   10.9179  0.00363572 -0.00516055  0.00518738   -0.24505 -0.0283299   0.990629
   10.9223 -0.000625339  -0.00516055   0.00678528  -0.239557 -0.0229588   0.998808
    10.928 -0.00968009 -0.00409528  0.00891581 -0.240778 -0.014658  0.991972
   10.9323  -0.0160717 -0.00249739  0.00891581  -0.241388 -0.0212498   0.970121
   10.9379   -0.0176696 -0.000899491   0.00625265   -0.23321 -0.0293064   0.951078
   10.9421   -0.0102127 -0.000899491   0.00465475  -0.233942 -0.0255222   0.950712
   10.9479 -9.27062e-05  -0.00356265   0.00625265  -0.243219 -0.0246677   0.962675
   10.9522 -0.00701693 -0.00516055  0.00358948   -0.24383 -0.0290623   0.977445
    10.958  -0.0102127 -0.00303002  0.00358948  -0.239313 -0.0221043   0.986356
   10.9622 -0.00648429 -0.00143212  0.00785054 -0.241022  -0.01478  0.982572
    10.968 -0.00754956 -0.00249739  0.00944844 -0.240046 -0.023447  0.967069
   10.9725  0.00470098 -0.00303002   0.0105137  -0.232721 -0.0286961   0.954008
   10.9779  0.00416835 -0.00196476  0.00572002  -0.236017 -0.0232029   0.957792
   10.9821 -0.00541903 -0.00356265  0.00252422 -0.245661 -0.025156  0.973295
    10.988  0.00416835 -0.00782371  0.00944844  -0.245783 -0.0299168   0.990507
   10.9921   0.0174842 -0.00835634   0.0163727  -0.242975 -0.0201511   0.996366
    10.998  0.00683151 -0.00356265   0.0137095   -0.24383 -0.0139256   0.984403
   11.0023 -0.0235285 0.00123104 0.00465475  -0.238581 -0.0240574   0.961942
    11.008  -0.0288548  0.00176367 0.000926323  -0.230402 -0.0282078   0.943265
   11.0124 -0.00914745 0.000165774  0.00305685  -0.233332 -0.0243015   0.944608
   11.0179  0.00257045 -0.00356265  0.00518738  -0.240412 -0.0286961   0.961332
   11.0221  0.00416835 -0.00675845  0.00572002   -0.24029 -0.0311375   0.983549
    11.028   0.0190821 -0.00835634   0.0137095  -0.239557 -0.0196629    0.99954
   11.0325  0.00896204 -0.00729108   0.0174379  -0.241755 -0.0151463    0.99539
   11.0378  -0.0048864 -0.00462792   0.0153074  -0.237848 -0.0240574    0.97537
   11.0423  0.00470098 -0.00356265   0.0153074  -0.231501 -0.0262547   0.956815
   11.0479  0.00150519 -0.00196476  0.00891581  -0.234674 -0.0238133   0.951078
   11.0521 -0.00541903 -0.00249739  0.00252422  -0.239923 -0.0297947   0.960111
    11.058  0.00150519 -0.00569318  0.00731791  -0.239679 -0.0299168   0.977567
   11.0623  0.00310309 -0.00462792  0.00998107  -0.239801 -0.0188084   0.987455
   11.0678 -0.00914745 -0.00249739  0.00838318   -0.24029 -0.0185642   0.982084
   11.0724 -0.00861482 -0.00249739  0.00891581  -0.236383 -0.0267429   0.966337
    11.078  0.00416835 -0.00303002   0.0121116  -0.231501 -0.0254002   0.954496
   11.0822    0.014821 -0.00462792   0.0147748   -0.23443 -0.0229588   0.955717
    11.088   0.0190821 -0.00622581    0.011579   -0.24029 -0.0295506   0.968534
   11.0922   0.0201473 -0.00675845   0.0110463  -0.242365 -0.0295506   0.988676
    11.098   0.0180168 -0.00622581    0.011579  -0.242975 -0.0246677    1.00015
    11.102  -0.0118106 -0.00303002  0.00518738  -0.242365 -0.0239353   0.991483
    11.108  -0.0331159 0.000165774  0.00199159  -0.237726 -0.0240574   0.968778
   11.1124  -0.0176696 0.000698406  0.00625265  -0.232599 -0.0239353   0.948148
    11.118 -0.0107454 0.00123104 0.00731792  -0.231501 -0.0229588   0.941557
    11.122 -0.00115797 -0.00196476  0.00678528  -0.236017 -0.0294285   0.953031
    11.128   0.0196147 -0.00729108   0.0110463 -0.241388 -0.030283  0.976591
   11.1324   0.0174842 -0.00622581    0.011579 -0.242243 -0.019907  0.994047
    11.138 -0.00595166 -0.00303002  0.00678528  -0.242365 -0.0192966    0.99661
   11.1422  -0.0139411 -0.00196476  0.00625265  -0.239435 -0.0229588   0.982084
    11.148   -0.0118106 -0.000899491   0.00625265  -0.236383 -0.0224705   0.970365
   11.1521 -0.00861482 -0.00143212  0.00572002  -0.237848 -0.0255222   0.963529
    11.158  -0.0134085 -0.00249739  0.00199159   -0.24029 -0.0288181   0.960477
   11.1625 -0.00595166 -0.00516055  0.00465475   -0.24151 -0.0247898   0.972562
   11.1677  0.00949467 -0.00729108   0.0105137  -0.241755 -0.0205174   0.980863
   11.1721  0.00683151 -0.00622581   0.0137095  -0.241632 -0.0219822   0.980863
    11.178  0.00523362 -0.00356265   0.0147748 -0.237482 -0.023447  0.969511
   11.1825  0.000972558 -0.000366859   0.00891581  -0.231012 -0.0227146    0.95413
   11.1879 -0.00435376  0.00123104  0.00518738  -0.228571 -0.0219822   0.950101
   11.1922  0.00150519 -0.00249739  0.00625265 -0.235163 -0.026865  0.959623
    11.198  0.00736414 -0.00622581  0.00731792  -0.241755 -0.0317478   0.969144
   11.2023  0.00523362 -0.00622581  0.00891581  -0.243097 -0.0247898   0.986356
    11.208  0.00310309 -0.00622581   0.0105137   -0.24444 -0.0178318    1.00357
   11.2122  -0.0048864 -0.00356265  0.00998107  -0.240046 -0.0195408   0.981351
    11.218  -0.00968009 -0.000366859   0.00944844  -0.232355 -0.0227146   0.950956
   11.2225  -0.0016906 0.000165774  0.00838318  -0.233454 -0.0266209   0.943754
   11.2278  0.00310309 0.000165774  0.00731792  -0.237848 -0.0290623    0.94473
   11.2321 -0.00541903 -0.00143212  0.00145896  -0.238337 -0.0272312   0.962186
    11.238  -0.0160717 -0.00143212  -0.0012042    -0.2409 -0.0214939   0.988798
   11.2426  -0.00861482 -0.000899491   0.00625265   -0.24444 -0.0200291   0.996732
   11.2478 0.000972558 -0.00196476   0.0105137  -0.245905 -0.0224705   0.995512
   11.2522  -0.0016906 -0.00143212  0.00998107  -0.239313 -0.0222263   0.976957
    11.258  -0.00435376 -0.000899491   0.00944844  -0.232721 -0.0219822   0.958402
   11.2622 0.000972558 -0.00249739  0.00891581  -0.237238 -0.0275974   0.959257
    11.268  0.00629888 -0.00409528  0.00838318  -0.241755 -0.0332127   0.960111
   11.2722  0.00736415 -0.00303002  0.00998107  -0.24383 -0.025156  0.977323
   11.2779  0.00842941 -0.00196476    0.011579  -0.245905 -0.0170994   0.994535
    11.282  0.00576625 -0.00303002   0.0110463   -0.23797 -0.0202732   0.976347
    11.288  0.00310309 -0.00409528   0.0105137 -0.230036 -0.023447  0.958158
   11.2925  0.00949467 -0.00303002   0.0105137  -0.234186 -0.0260105   0.955595
   11.2979   0.0158863 -0.00196476   0.0105137 -0.238337 -0.028574  0.953031
    11.302   0.0100273 -0.00356265  0.00785055   -0.23675 -0.0262547   0.972562
    11.308  0.00416835 -0.00516055  0.00518738  -0.235163 -0.0239353   0.992094
   11.3123 -0.00968009 -0.00356265  0.00305685  -0.239557 -0.0232029   0.993314
   11.3179  -0.0235285 -0.00196476 0.000926323  -0.243952 -0.0224705   0.994535
   11.3221 -0.0198001 0.00123104 0.00358948   -0.23675 -0.0207615   0.974393
    11.328 -0.0160717 0.00442683 0.00625265  -0.229547 -0.0190525   0.954252
   11.3322 -0.00754956 0.000165774  0.00625265  -0.231134 -0.0280857   0.952055
   11.3378 0.000972558 -0.00409528  0.00625265  -0.232721 -0.0371189   0.949857
   11.3421  0.00257045 -0.00462792  0.00731791 -0.239801 -0.026865  0.972807
    11.348  0.00416835 -0.00516055  0.00838318  -0.246881 -0.0166111   0.995756
   11.3523 -0.00541903 -0.00356265  0.00731791  -0.238337 -0.0191746   0.985746
    11.358  -0.0150064 -0.00196476  0.00625265  -0.229792 -0.0217381   0.975736
   11.3624 -0.00595166 -0.00143212  0.00891581  -0.232355 -0.0191746   0.971586
   11.3678  0.00629888 -0.00356265   0.0137095  -0.238092 -0.0224705    0.96121
   11.3724   0.0137557 -0.00675845   0.0131769  -0.237848 -0.0311375   0.955228
   11.3777  0.00949467 -0.00622581  0.00731791   -0.23736 -0.0264988   0.968656
   11.3821   -0.0198001  -0.00249739 -0.000138942  -0.240656 -0.0228367   0.981596
    11.388  -0.0405728 0.000165774     -0.0044  -0.241022 -0.0266209   0.981351
   11.3926   -0.0240612 -0.000899491   0.00199159  -0.234797 -0.0232029   0.972684
   11.3979 -0.00808219 0.000698406  0.00731791  -0.231623 -0.0179539   0.958402
   11.4021 -0.00275587   0.0022963  0.00572002  -0.235529 -0.0244236   0.947782
    11.408  -0.00541903 -0.000366859   0.00199159  -0.234186 -0.0337009   0.948637
   11.4123  0.00629888 -0.00569318  0.00678528  -0.235773 -0.0275974    0.97244
   11.4179   0.0281368 -0.00995424   0.0179706  -0.246027 -0.0195408   0.996854
    11.422   0.0244084 -0.00942161   0.0185032   -0.24737 -0.0225925    1.00088
    11.428   0.0110926 -0.00569318   0.0147748  -0.238337 -0.0206394   0.988065
   11.4325 -0.00861482 0.000165774  0.00998107 -0.237116 -0.014658  0.967924
   11.4378  -0.00595166 -0.000366859   0.00998107  -0.239069 -0.0246677   0.948515
    11.442   0.0164189 -0.00409528   0.0126442  -0.235407 -0.0343113   0.942045
    11.448 -9.27057e-05  -0.00143212   0.00252422  -0.238214 -0.0267429    0.95828
   11.4524 -0.00115797 -0.00462792  0.00572002  -0.247126 -0.0217381   0.980985
    11.458   0.0196147 -0.00888897   0.0169053  -0.245783 -0.0257664   0.989896
   11.4624  0.00683151 -0.00356265    0.011579  -0.239313 -0.0211277   0.984403
   11.4678  -0.00541903 -0.000899491   0.00944844  -0.239923 -0.0168552   0.972807
    11.472 -0.00275587 -0.00356265   0.0110463    -0.2409 -0.0273533   0.959989
    11.478  0.00257045 -0.00409528  0.00838318  -0.238214 -0.0322361   0.955839
   11.4821  0.00363572 -0.00409528  0.00678528  -0.241144 -0.0239353    0.96829
    11.488  0.00416835 -0.00622581  0.00891581   -0.24737 -0.0228367   0.986845
   11.4925 -0.00861482 -0.00462792  0.00465475   -0.24505 -0.0273533   0.991239
    11.498   -0.0267243 -0.000899491  0.000393692  -0.238703 -0.0205174     0.9783
   11.5024 -0.00648429 -0.00196476   0.0121116  -0.236383 -0.0173435   0.961698
    11.508   0.0190821 -0.00409528   0.0195685  -0.234064 -0.0284519   0.948515
   11.5122   0.00576625 -0.000899491   0.00785054 -0.231745 -0.032114  0.946806
   11.5181  -0.00115797 -0.000899491   0.00145895  -0.236261 -0.0258884   0.965238
   11.5224  -0.0016906 -0.00622581  0.00518738   -0.24444 -0.0245457   0.989774
   11.5279  -0.0016906 -0.00835634  0.00891581 -0.243952 -0.025156    1.0021
   11.5321  0.00470098 -0.00516055   0.0110463  -0.239191 -0.0185642   0.994535
   11.5381  -0.0107454 0.000698406  0.00678528  -0.238214 -0.0174656   0.973539
   11.5424  -0.0309854  0.00282893 0.000926323  -0.236261 -0.0277195   0.953397
   11.5479  -0.0160717 -0.00143212  0.00412212  -0.233942 -0.0307713    0.94473
   11.5525  0.00736415 -0.00462792  0.00944844   -0.23736 -0.0254002   0.954374
   11.5581  0.00203782 -0.00303002  0.00465475  -0.242975 -0.0260105   0.976591
   11.5624 -0.00541903 -0.00249739  0.00252422  -0.242487 -0.0255222    0.98953
   11.5681 -0.00914745 -0.00249739  0.00731791   -0.23797 -0.0178318   0.985502
   11.5722  0.00363572 -0.00303002   0.0153074  -0.236261 -0.0179539   0.974515
   11.5781  0.00896204 -0.00249739   0.0153074  -0.235041 -0.0264988   0.961576
   11.5827 -0.00115797 -0.00196476  0.00731791  -0.233576 -0.0274754   0.955595
   11.5878  0.00203782 -0.00356265  0.00465475  -0.235773 -0.0236912   0.965971
   11.5923 -0.00382113 -0.00409528  0.00412212 -0.241266 -0.025156  0.986723
   11.5981 -0.00648429 -0.00409528  0.00625265  -0.241877 -0.0239353   0.995512
   11.6024   -0.011278 -0.00196476  0.00785055   -0.23675 -0.0170994   0.984281
   11.6081 -0.0187348 0.00123104 0.00731792  -0.233088 -0.0180759   0.967924
   11.6124 -0.0150064  0.0022963 0.00518738  -0.231379 -0.0271091     0.9512
   11.6181 -0.00382113 0.000698406  0.00412212  -0.229792 -0.0301609   0.942289
   11.6222   0.0126905 -0.00303002  0.00838318  -0.232111 -0.0272312   0.957182
   11.6281   0.0260063 -0.00782371   0.0142421  -0.240778 -0.0264988   0.984769
   11.6322   0.0238757 -0.00888897   0.0137095  -0.243341 -0.0240574    1.00174
   11.6381  -0.0048864 -0.00356265  0.00518738  -0.238947 -0.0177097   0.998563
   11.6425 -0.0261917 0.00123104 0.00252422  -0.238703 -0.0170994   0.982572
   11.6478  -0.0171369 0.000165774  0.00678528  -0.238214 -0.0243015   0.959867
   11.6521 -0.00648429 -0.00143212  0.00678528  -0.234552 -0.0280857   0.943754
   11.6581  -0.00808219 -0.000899491   0.00412212  -0.236383 -0.0266209   0.952543
   11.6625  0.00470098 -0.00356265  0.00785054  -0.243341 -0.0263767   0.973539
    11.668  0.00576625 -0.00622581   0.0105137  -0.244562 -0.0245457   0.983915
   11.6721  0.00416835 -0.00462792   0.0121116  -0.239801 -0.0194187   0.982694
   11.6779 -0.00275587 0.000165774  0.00838318  -0.239069 -0.0189304   0.976224
   11.6821  -0.0160717 0.000698406  0.00305685  -0.238581 -0.0258884   0.963285
   11.6881 -0.00435376 -0.00196476  0.00518738  -0.234064 -0.0280857   0.953153
   11.6924  0.00363572 -0.00196476  0.00572002  -0.236994 -0.0245457   0.962186
    11.698  -0.0032885 -0.00303002  0.00305685  -0.245783 -0.0262547   0.983427
   11.7021  -0.0229959 -0.00356265 -0.00173683  -0.244806 -0.0267429   0.993558
   11.7081   -0.0325833  -0.00196476 -0.000138938  -0.238947 -0.0188084   0.987211
   11.7126  -0.0192675 -0.00196476  0.00891581  -0.238825 -0.0172215   0.973417
   11.7181   0.0100273 -0.00462792   0.0190358  -0.236505 -0.0260105   0.951566
   11.7222   0.0276042 -0.00356265   0.0195685   -0.23028 -0.0307713   0.939725
   11.7281   0.0222778 -0.00303002   0.0131769  -0.234186 -0.0273533   0.953153
   11.7323   0.0185494 -0.00729108    0.011579  -0.244806 -0.0267429   0.976102
    11.738  0.00949467 -0.00835634  0.00944844  -0.244074 -0.0271091   0.994413
   11.7421  -0.0048864 -0.00409528  0.00678528  -0.240168 -0.0190525   0.997953
   11.7481   -0.011278 -0.00143212  0.00785055  -0.243464 -0.0173435   0.988432
   11.7523  -0.0107454 -0.00196476  0.00944844  -0.240168 -0.0258884    0.96536
   11.7581 -0.00382113 -0.00143212  0.00838318  -0.233088 -0.0286961   0.948392
   11.7626  0.00416835 -0.00249739  0.00838318  -0.238337 -0.0249119   0.952665
   11.7681  0.00416835 -0.00516055  0.00785055  -0.245905 -0.0277195   0.967924
   11.7724  0.00416835 -0.00622581  0.00891581  -0.242365 -0.0279636   0.981474
    11.778  0.00629888 -0.00303002  0.00998108 -0.239435 -0.018198   0.98538
   11.7821 -0.000625339 -0.000899491   0.00944844  -0.242365 -0.0178318   0.977079
   11.7881  0.00789678 -0.00409528   0.0153074 -0.236994 -0.026865  0.958768
   11.7925   0.0137557 -0.00303002   0.0126442  -0.230402 -0.0274754   0.952665
   11.7981 0.000972558 -0.00196476  0.00465475  -0.237726 -0.0239353   0.964017
   11.8021 -0.00701693 -0.00516055  0.00145896  -0.244928 -0.0286961   0.980741
   11.8081 -0.00648429 -0.00622581  0.00252422   -0.24151 -0.0274754   0.995512
   11.8123  -0.0016906 -0.00462792  0.00944844  -0.240656 -0.0158787   0.996366
   11.8181 -0.00595166 -0.00249739    0.011579  -0.242731 -0.0170994   0.978544
   11.8223   -0.0166043 -0.000366859   0.00678528  -0.234186 -0.0271091   0.952421
   11.8281 -0.0128759 0.00176367 0.00199159  -0.228083 -0.0262547   0.941068
   11.8322  0.000439926 -0.000366859   0.00199159  -0.236139 -0.0243015   0.949613
   11.8381  -0.0048864 -0.00409528  0.00145895 -0.241266 -0.030405  0.966947
   11.8421  0.00416835 -0.00516055  0.00625265  -0.239801 -0.0275974    0.98892
   11.8481  0.00523362 -0.00249739  0.00891581  -0.242731 -0.0158787    1.00076
   11.8525 -0.00808219 -0.00303002   0.0105137  -0.244318 -0.0174656   0.991117
   11.8581 -0.00648429 -0.00303002   0.0105137 -0.235773 -0.025034    0.9689
   11.8621  -0.0048864 0.000698406  0.00625265  -0.231989 -0.0229588   0.955839
   11.8681  0.00629888 -0.00143212  0.00944844  -0.239069 -0.0240574   0.955839
   11.8724  0.00949467 -0.00569318  0.00944844  -0.240778 -0.0308933   0.963285
   11.8781 -0.000625339  -0.00409528   0.00465475  -0.238581 -0.0254002    0.97891
   11.8822 -0.00541903 -0.00143212  0.00625265  -0.240778 -0.0161228    0.98892
    11.888   -0.0128759 -0.000899491   0.00572002  -0.239191 -0.0211277   0.979398
   11.8921  -0.0245938  0.00123104 0.000926327 -0.230646 -0.026865  0.962919
   11.8981 -0.00914745 0.000165774  0.00625265  -0.228815 -0.0227146   0.955961
   11.9022   0.0137557 -0.00409528   0.0121116  -0.236017 -0.0247898   0.959501
   11.9081   0.0121578 -0.00622581  0.00944844  -0.238337 -0.0318699   0.973173
   11.9122  0.00310309 -0.00569318  0.00572002 -0.238459 -0.025034  0.994169
   11.9181 0.000439926 -0.00516055  0.00838318  -0.242243 -0.0156345   0.999906
   11.9225  -0.0032885 -0.00409528   0.0105137  -0.240168 -0.0213718   0.983549
   11.9281  -0.00754956 -0.000366859   0.00838318 -0.231623 -0.025034  0.959867
   11.9323 -0.0032885  0.0022963 0.00731791   -0.22967 -0.0224705   0.945707
   11.9381 -0.00222324 0.000698406  0.00465475  -0.234797 -0.0289402   0.946561
   11.9422  -0.00648429  -0.00249739 -0.000138942  -0.237604 -0.0339451   0.960966
   11.9479 -9.27066e-05  -0.00462792   0.00145895  -0.240534 -0.0247898   0.983182
   11.9521 -0.00275587 -0.00409528  0.00305685  -0.244318 -0.0179539   0.996488
   11.9581  -0.0102127 -0.00303002  0.00518738  -0.243097 -0.0228367   0.992094
   11.9623   -0.0171369 -0.000366859   0.00358948  -0.237116 -0.0236912   0.974393
   11.9681  -0.0176696  0.00176367 0.000926323  -0.235651 -0.0217381    0.95828
   11.9725  -0.00595166 -0.000366859   0.00518738  -0.239435 -0.0288181   0.953886
    11.978 -9.27066e-05  -0.00303002   0.00625265  -0.240412 -0.0323582   0.962797
   11.9823 -0.00382113 -0.00356265  0.00465475  -0.241755 -0.0232029   0.978178
   11.9881  0.00896204 -0.00516055   0.0137095  -0.244562 -0.0196629   0.987333
   11.9922  0.00896204 -0.00462792   0.0163727  -0.242121 -0.0244236   0.980863
   11.9981  -0.0144738 0.000165774  0.00412212  -0.235529 -0.0227146   0.963773
   12.0026  -0.0240612  0.00282893 -0.00226947  -0.234186 -0.0214939   0.952665
   12.0081  -0.0102127 0.000698406  0.00145896   -0.23736 -0.0286961   0.954252
   12.0121    0.014821 -0.00462792  0.00678528  -0.240168 -0.0310154   0.966825
   12.0181   0.0105599 -0.00569318  0.00625265   -0.24383 -0.0238133   0.987333
   12.0222 -0.00595166 -0.00409528  0.00731791  -0.247004 -0.0192966   0.999906
   12.0281  -0.0128759 -0.00356265  0.00944844  -0.245539 -0.0205174   0.992094
   12.0325    -0.015539 -0.000899491   0.00891581  -0.238947 -0.0191746    0.96829
    12.038 -0.0192675  0.0022963 0.00518738  -0.235041 -0.0207615    0.94766
   12.0422   -0.0123432 -0.000366859   0.00518738   -0.23797 -0.0290623    0.94351
   12.0481   0.0132231 -0.00516055   0.0110463  -0.241022 -0.0308933   0.954618
   12.0523   0.0196147 -0.00569318   0.0110463  -0.243097 -0.0239353    0.97537
   12.0581   0.0100273 -0.00622581   0.0110463  -0.245661 -0.0200291   0.994291
   12.0627 -0.00541903 -0.00356265  0.00731791   -0.24505 -0.0205174   0.994901
   12.0677  -0.0139411 -0.00143212  0.00572002  -0.239923 -0.0194187   0.976469
   12.0723 -0.00808219 -0.00143212  0.00838318  -0.236017 -0.0208836   0.960111
   12.0781  -0.00435376 -0.000899491   0.00625265  -0.238703 -0.0274754   0.956693
   12.0824  0.00150519 -0.00409528  0.00572002  -0.240534 -0.0293064   0.961332
    12.088  0.00150519 -0.00516055  0.00572002  -0.240412 -0.0236912   0.975614
   12.0922 -0.00541903 -0.00356265  0.00678528  -0.243586 -0.0212498   0.990385
   12.0979 0.000972558 -0.00462792   0.0131769  -0.241755 -0.0222263   0.983915
   12.1022 0.000972558 -0.00303002   0.0126442  -0.232843 -0.0211277   0.964384
   12.1081 -0.00595166 0.000698406  0.00731791  -0.230036 -0.0229588   0.953641
   12.1125  0.00310309 -0.00143212   0.0105137  -0.234186 -0.0291843   0.952177
    12.118  0.00523362 -0.00409528  0.00785054  -0.235529 -0.0315037   0.960966
   12.1221 -9.27066e-05  -0.00462792   0.00412212  -0.237482 -0.0260105   0.985746
   12.1281 -0.00808219 -0.00462792  0.00412212  -0.243341 -0.0207615     1.0043
   12.1324   -0.011278 -0.00462792  0.00625265  -0.242731 -0.0213718   0.996488
   12.1381  -0.0102127 -0.00249739  0.00891581  -0.233332 -0.0214939   0.974027
   12.1424 -0.0102127 0.00123104 0.00731791  -0.230524 -0.0225925   0.955839
   12.1479  -0.00595166 -0.000366859   0.00731791  -0.234552 -0.0294285   0.944486
   12.1521  0.00150519 -0.00409528  0.00678528  -0.233454 -0.0337009   0.948148
   12.1581  0.00523362 -0.00409528  0.00572002  -0.234797 -0.0271091   0.970975
   12.1623  0.00257045 -0.00356265  0.00678528  -0.241755 -0.0213718   0.991849
   12.1681  -0.0032885 -0.00409528  0.00891581 -0.240778 -0.023325  0.992094
   12.1723   -0.0224633 -0.000366859   0.00305685  -0.232477 -0.0217381   0.978422
   12.1781  -0.0160717 0.000698406  0.00412212  -0.232233 -0.0208836   0.968046
   12.1825  0.00416835 -0.00303002  0.00944844  -0.236017 -0.0279636   0.959867
   12.1881  0.00363572 -0.00462792  0.00572002  -0.233332 -0.0307713   0.958524
   12.1924 -0.00382113 -0.00356265  0.00358949  -0.236383 -0.0238133   0.976591
   12.1981  0.00523362 -0.00516055   0.0105137  -0.244684 -0.0210056    0.99307
   12.2021  0.00363572 -0.00516055   0.0121116  -0.240778 -0.0238133    0.98538
   12.2081   -0.021398 0.000698406  0.00465475  -0.232233 -0.0205174   0.968412
   12.2125 -0.0176696  0.0022963 0.00572002   -0.23321 -0.0194187   0.957059
   12.2181  0.00576625 -0.00356265   0.0110463  -0.236139 -0.0282078   0.948026
   12.2223   0.0276042 -0.00835634   0.0142421  -0.235285 -0.0313816   0.954008
   12.2281   0.0233431 -0.00675845   0.0110463  -0.241266 -0.0232029   0.982084
   12.2323  0.00310309 -0.00622581  0.00731791  -0.250055 -0.0205174      1.001
   12.2381 -0.00808219 -0.00675845  0.00785054  -0.245783 -0.0229588      0.996
   12.2426  -0.0118106 -0.00249739  0.00838318  -0.238581 -0.0173435   0.980375
   12.2479  -0.0102127 0.000698406  0.00838318  -0.240534 -0.0170994   0.961576
   12.2524 -0.00382113 -0.00143212  0.00891581   -0.24029 -0.0286961    0.94412
   12.2581  0.00257045 -0.00303002  0.00625265  -0.236628 -0.0307713   0.944852
   12.2622  0.00523362 -0.00303002  0.00518738  -0.242365 -0.0214939   0.965971
   12.2681  0.00203782 -0.00516055  0.00731791  -0.249567 -0.0214939   0.985258
   12.2725 -0.00701693 -0.00569318  0.00838318  -0.243341 -0.0243015   0.988432
   12.2779  -0.00968009 -0.000366859   0.00678528  -0.237604 -0.0168552   0.981596
   12.2822 -0.00595166 0.000698406  0.00785055  -0.240412 -0.0175877   0.969511
   12.2881   -0.0198001 -0.000899491   0.00145896  -0.238092 -0.0288181   0.955717
   12.2924 -0.00861482 -0.00249739  0.00252422 -0.234064 -0.028574  0.958158
   12.2981  0.00949467 -0.00516055  0.00944844  -0.241022 -0.0210056   0.977567
   12.3021 -0.00115797 -0.00516055  0.00731791  -0.246637 -0.0240574   0.991972
   12.3081  -0.0171369 -0.00249739  0.00358948  -0.239435 -0.0255222   0.988676
   12.3122  -0.0293875  0.00176367 0.000393692 -0.234797 -0.016367  0.974027
   12.3181 -0.00968009  0.00176367  0.00944844 -0.235651 -0.019907  0.956571
   12.3225  0.00842941 0.000165774   0.0121116  -0.231256 -0.0328465   0.943021
   12.3281   0.0105599 -0.00196476  0.00678528  -0.229059 -0.0308933   0.949857
   12.3322   0.0100273 -0.00516055  0.00572002  -0.238459 -0.0244236    0.97598
   12.3381 0.000439926 -0.00675845  0.00572002  -0.245417 -0.0273533   0.996122
   12.3423 -0.00754956 -0.00569318  0.00678528  -0.240534 -0.0254002   0.999784
   12.3481  -0.0048864 -0.00409528   0.0105137 -0.238703 -0.016367  0.989774
   12.3524 -0.00222324 -0.00249739   0.0131769  -0.240046 -0.0207615   0.968534
   12.3581  0.00257045 -0.00249739   0.0131769  -0.234674 -0.0317478    0.94766
   12.3625  0.00736414 -0.00356265   0.0105137  -0.233942 -0.0293064   0.946195
   12.3678  0.00203782 -0.00249739  0.00572002  -0.241266 -0.0254002   0.961942
   12.3721  -0.0102127 -0.00303002  0.00358948  -0.243708 -0.0299168   0.980253
   12.3781  -0.0107454 -0.00356265  0.00572002  -0.240046 -0.0246677   0.988432
   12.3822  0.00576625 -0.00356265   0.0126442  -0.239191 -0.0151463    0.98245
   12.3881  0.00896204 -0.00303002   0.0147748  -0.238703 -0.0228367   0.969389
   12.3926  -0.00595166 -0.000899491   0.00625265   -0.23443 -0.0310154   0.958036
   12.3979  -0.00701693 -0.000899491   0.00305685  -0.234552 -0.0256443   0.958036
   12.4023  0.00257045 -0.00409528  0.00731791  -0.241388 -0.0236912   0.970853
   12.4081  0.00150519 -0.00675845  0.00785055  -0.245295 -0.0279636   0.988187
   12.4122  -0.0032885 -0.00569318  0.00731792  -0.241877 -0.0224705   0.992094
   12.4179 -0.00754956 -0.00196476  0.00838318  -0.238825 -0.0153904   0.978666
   12.4222  -0.00115797 -0.000366859    0.0110463  -0.236383 -0.0214939   0.960477
   12.4281 -0.00275587  0.00123104  0.00678528  -0.232477 -0.0284519   0.945707
   12.4324   0.00683151 -0.000366859   0.00731791 -0.233088 -0.026865  0.946439
   12.4381     0.02068 -0.00569318   0.0121116  -0.239679 -0.0267429   0.966947
   12.4422  0.00310309 -0.00675845  0.00678528  -0.244562 -0.0273533   0.991239
   12.4481  -0.0016906 -0.00622581  0.00838318  -0.243097 -0.0197849    1.00137
   12.4526 -0.00222324 -0.00409528   0.0121116    -0.2409 -0.0140476   0.992948
   12.4581  -0.0118106 -0.00143212   0.0105137  -0.238703 -0.0200291   0.974393
   12.4623  -0.00808219 -0.000899491   0.00891581   -0.23443 -0.0255222   0.953153
   12.4681  0.00470098 -0.00196476  0.00891581  -0.233942 -0.0243015   0.946439
   12.4722   0.0105599 -0.00462792  0.00998107  -0.238947 -0.0252781   0.958402
   12.4781 -0.00222324 -0.00462792  0.00412212 -0.242121 -0.026865  0.976224
   12.4824  -0.0171369 -0.00143212 0.000393692  -0.240534 -0.0208836   0.987089
   12.4879    -0.015539 -0.000366859   0.00518738  -0.238214 -0.0168552   0.984159
   12.4921  -0.00914745 -0.000899491   0.00891581  -0.236628 -0.0222263   0.972562
   12.4981 -0.00914745 -0.00143212  0.00678528   -0.23321 -0.0261326   0.959623
   12.5025 -0.00435376 -0.00143212  0.00465475 -0.232477 -0.025156  0.957304
   12.5081  0.00310309 -0.00249739  0.00678528  -0.239069 -0.0257664   0.969877
   12.5122 0.000439926 -0.00516055  0.00678528   -0.24444 -0.0263767   0.988432
   12.5181 -0.00861482 -0.00462792  0.00518738  -0.242121 -0.0201511   0.995145
   12.5223  -0.0235285 0.000165774  0.00252422 -0.239801 -0.014658  0.985746
   12.5281 -0.0277896 0.00176367 0.00412212  -0.239557 -0.0197849   0.965971
   12.5324   -0.0139411 -0.000366859   0.00785055  -0.234919 -0.0266209   0.944364
   12.5381  0.00310309 -0.00196476  0.00998108  -0.232843 -0.0279636   0.942777
   12.5423 -0.00382113 -0.00196476  0.00412212  -0.240534 -0.0277195   0.960477
   12.5481  -0.0160717 -0.00409528  -0.0012042   -0.24737 -0.0277195   0.982694
   12.5523  -0.0123432 -0.00569318  0.00358949  -0.245295 -0.0239353   0.997221
   12.5581   -0.011278 -0.00303002  0.00891581  -0.244684 -0.0188084   0.996976
   12.5626   -0.011278 -0.00249739   0.0110463 -0.245661 -0.021616  0.981351
   12.5681  -0.0150064 -0.00196476  0.00678528  -0.238825 -0.0272312   0.957059
   12.5723   -0.0123432 -0.000366859   0.00412212  -0.235529 -0.0275974   0.947172
    12.578  0.00310309 -0.00303002  0.00785054  -0.242365 -0.0286961   0.956327
   12.5822   0.0217452 -0.00888897   0.0147748 -0.244806 -0.030283  0.970609
   12.5881   0.0121578 -0.00622581   0.0110463  -0.239679 -0.0247898   0.982572
   12.5923  -0.00541903 -0.000366859   0.00678528  -0.239069 -0.0197849   0.987333
   12.5981  -0.00648429 -0.000899491   0.00944844  -0.238581 -0.0238133   0.974638
   12.6027  -0.0048864 -0.00143212  0.00838318   -0.23028 -0.0286961   0.957182
   12.6081 -0.000625339 -0.000366859   0.00678528  -0.229059 -0.0267429   0.955961
   12.6123 -0.00648429 -0.00143212  0.00305685  -0.238947 -0.0264988   0.967313
   12.6181  -0.0118106 -0.00569318 0.000393692  -0.241632 -0.0296726   0.982572
   12.6224  -0.0144738 -0.00569318  0.00145896  -0.237848 -0.0238133    0.99539
   12.6282   -0.0240612 -0.000899491   0.00305685  -0.240168 -0.0161228   0.994169
   12.6322   -0.0208654 -0.000899491   0.00678528  -0.238703 -0.0206394   0.972562
   12.6381   -0.0139411 -0.000899491   0.00678528  -0.228937 -0.0258884   0.946806
   12.6425 -0.00435376 0.000698406  0.00678528  -0.229303 -0.0240574   0.943143
   12.6481   0.0105599 -0.00409528    0.011579  -0.239069 -0.0258884   0.956449
   12.6522   0.0222778 -0.00942161   0.0147748  -0.241022 -0.0296726   0.974393
   12.6581    0.014821 -0.00782371   0.0110463 -0.239435 -0.021616  0.994657
   12.6628  -0.0139411 -0.00196476  0.00358948  -0.243341 -0.0144138    1.00064
   12.6681   -0.0283222 -0.000366859   0.00252422  -0.241755 -0.0197849   0.984281
   12.6723  -0.0160717 -0.00196476  0.00731791  -0.232599 -0.0235691   0.962186
   12.6781  -0.00595166 -0.000366859   0.00731791   -0.23321 -0.0213718   0.952909
   12.6822 -0.00435376 -0.00196476  0.00518738   -0.24029 -0.0260105   0.957426
   12.6881  0.00470098 -0.00675845  0.00785054  -0.238825 -0.0300388    0.96768
   12.6926  0.00416835 -0.00462792  0.00731791   -0.23736 -0.0203953   0.983305
   12.6979 -0.00382113 -0.00249739  0.00731791  -0.241755 -0.0166111   0.989164
   12.7023 -0.00648429 -0.00409528  0.00838318  -0.237848 -0.0235691   0.973173
   12.7081  -0.0032885 -0.00143212  0.00678528  -0.229303 -0.0244236   0.956815
   12.7125   0.00576625 -0.000366859   0.00891581  -0.232721 -0.0218601   0.954252
   12.7181  0.00789678 -0.00462792  0.00891581  -0.239191 -0.0282078   0.962186
   12.7224  0.00470098 -0.00675845  0.00518738  -0.238703 -0.0311375   0.980253
   12.7281 0.000972558 -0.00516055  0.00465475   -0.23736 -0.0278416   0.992582
   12.7322 -0.00861482 -0.00462792  0.00731791  -0.242365 -0.0236912   0.990629
   12.7382  -0.0123432 -0.00409528  0.00944844  -0.240656 -0.0236912   0.975736
   12.7425   -0.0102127 -0.000899491   0.00891581  -0.232111 -0.0238133   0.953153
   12.7481 -0.00808219 0.000698406  0.00891581  -0.235041 -0.0235691   0.943388
   12.7525  -0.0016906 -0.00249739  0.00731791  -0.239313 -0.0328465    0.94766
   12.7581  0.00310309 -0.00516055  0.00518738  -0.238825 -0.0383396   0.952055
   12.7623  0.00150519 -0.00409528  0.00465475  -0.243341 -0.0264988   0.976835
   12.7681 -9.27057e-05  -0.00303002   0.00412212 -0.247858 -0.014658   1.00162
   12.7723  0.00416835 -0.00249739  0.00838318  -0.241144 -0.0201511   0.988432
   12.7781  0.00842941 -0.00196476   0.0126442   -0.23443 -0.0256443   0.975248
   12.7822 -0.000625338  -0.00196476   0.00944844 -0.237604 -0.026865   0.96414
   12.7879 -0.00968009 -0.00196476  0.00625265  -0.240778 -0.0280857   0.953031
   12.7924 -0.00382113 -0.00356265  0.00572002  -0.239557 -0.0260105   0.965238
   12.7981  0.00203782 -0.00516055  0.00518738  -0.238337 -0.0239353   0.977445
   12.8023  -0.0134085 -0.00303002  0.00252422  -0.239801 -0.0260105   0.980375
   12.8081   -0.0208654 -0.000899491   0.00305685  -0.236994 -0.0256443   0.974149
   12.8127  0.00203782 0.000165774  0.00944844  -0.232843 -0.0201511   0.959501
   12.8181  0.0169515 0.00123104  0.0126442  -0.232965 -0.0170994   0.954008
   12.8224  0.00949467 -0.00143212  0.00785054  -0.235407 -0.0264988   0.957548
   12.8281  0.00203782 -0.00409528  0.00305685  -0.237848 -0.0358982   0.961088
   12.8324  0.00683151 -0.00569318  0.00678528  -0.244318 -0.0269871   0.982572
   12.8381   0.0116252 -0.00729108   0.0105137  -0.250788 -0.0180759    1.00406
   12.8423 -0.00115797 -0.00462792  0.00891581  -0.244806 -0.0186863   0.988187
   12.8481  -0.0139411 -0.00196476  0.00731792  -0.238825 -0.0192966   0.972318
   12.8525 -0.00754956 -0.00196476  0.00785055  -0.238337 -0.0249119   0.955717
   12.8581 -0.00115797 -0.00196476  0.00838318  -0.237848 -0.0305271   0.939115
   12.8624 -0.00275587 -0.00303002  0.00572002  -0.240168 -0.0264988   0.956327
   12.8681    0.014821 -0.00675845   0.0110463  -0.244928 -0.0206394   0.984281
   12.8727   0.0286694 -0.00942161   0.0190358  -0.245661 -0.0218601   0.996976
   12.8781   0.0233431 -0.00942161   0.0190358  -0.243952 -0.0249119    0.99893
   12.8824   0.0196147 -0.00622581   0.0174379  -0.239435 -0.0213718   0.981229
   12.8881   0.0158863 -0.00303002     0.01584  -0.234919 -0.0178318   0.963529
   12.8924   0.0142884 -0.00516055   0.0147748  -0.235651 -0.0243015   0.960233
   12.8981   0.0126905 -0.00729108   0.0137095  -0.236383 -0.0307713   0.956937
   12.9023 -0.00222324 -0.00516055  0.00785055  -0.239435 -0.0263767   0.974515
    12.908  -0.0171369 -0.00303002  0.00199159  -0.242487 -0.0219822   0.992094
   12.9123 -0.00648429 -0.00303002  0.00731791   -0.23797 -0.0200291   0.980497
   12.9181  0.00416835 -0.00303002   0.0126442  -0.233454 -0.0180759     0.9689
   12.9226 0.000972558 -0.00143212   0.0105137  -0.232965 -0.0245457   0.960477
   12.9281 -0.00222324 0.000165774  0.00838318  -0.232477 -0.0310154   0.952055
   12.9323  0.00470098 -0.00249739  0.00838318  -0.234552 -0.0277195   0.966093
   12.9381   0.0116252 -0.00516055  0.00838318  -0.236628 -0.0244236   0.980131
   12.9424  0.00789678 -0.00569318  0.00998107   -0.24029 -0.0236912   0.990873
   12.9481  0.00416835 -0.00622581    0.011579  -0.243952 -0.0229588    1.00162
   12.9522  -0.0128759 -0.00143212  0.00785054  -0.237482 -0.0210056   0.979398
   12.9581 -0.0299201 0.00336157 0.00412212  -0.231012 -0.0190525   0.957182
   12.9625 -0.0150064 0.00123104 0.00252422  -0.233576 -0.0260105   0.950346
    12.968 -9.27057e-05 -0.000899491  0.000926323  -0.236139 -0.0329685    0.94351
   12.9722 -0.00648429 -0.00143212 0.000393692  -0.239679 -0.0279636   0.968046
   12.9781   -0.0128759  -0.00196476 -0.000138938  -0.243219 -0.0229588   0.992582
   12.9825 -0.00968009 -0.00356265  0.00465475  -0.243708 -0.0236912   0.994657
    12.988 -0.00648429 -0.00516055  0.00944844  -0.239069 -0.0224705   0.989042
   12.9922  0.00363572 -0.00409528   0.0110463  -0.236261 -0.0246677   0.969755
   12.9981   0.0137557 -0.00303002   0.0126442  -0.238581 -0.0288181   0.958158
   13.0026   0.0121578 -0.00462792   0.0110463  -0.237482 -0.0266209   0.964506
   13.0081   0.0105599 -0.00622581  0.00944844  -0.236383 -0.0244236   0.970853
   13.0122 -0.00648429 -0.00462792  0.00572002    -0.2409 -0.0244236   0.979398
   13.0181  -0.0235285 -0.00303002  0.00199159  -0.245417 -0.0244236   0.987943
   13.0227  -0.0048864 -0.00303002   0.0110463  -0.239435 -0.0224705   0.978666
   13.0281   0.0137557 -0.00303002   0.0201011  -0.233088 -0.0191746   0.963773
   13.0323   0.0174842 -0.00249739   0.0185032  -0.235407 -0.0232029   0.952543
   13.0382   0.0153536 -0.00196476  0.00998107  -0.236261 -0.0305271   0.945829
   13.0425   -0.0032885  -0.00196476 -0.000138938  -0.235895 -0.0288181   0.960599
   13.0481 -0.000625338  -0.00516055   0.00572002  -0.244806 -0.0230808   0.990629
   13.0522  0.00523362 -0.00888897   0.0121116  -0.250544 -0.0230808    1.00369
   13.0581  -0.0102127 -0.00569318  0.00785054  -0.243464 -0.0208836   0.992216
   13.0627  -0.0144738 0.000165774  0.00838318  -0.238947 -0.0150242   0.974882
   13.0679   -0.011278 0.000698406  0.00998107   -0.24029 -0.0207615   0.957548
   13.0722   -0.0134085 -0.000366859   0.00518738  -0.236872 -0.0310154   0.942411
   13.0782 -0.00382113 -0.00249739  0.00465475  -0.235651 -0.0291843   0.949003
   13.0828   0.0244084 -0.00675845   0.0137095   -0.24444 -0.0228367   0.972562
   13.0879   0.0302673 -0.00835634   0.0185032  -0.247126 -0.0236912   0.988187
   13.0924  0.00470098 -0.00462792   0.0105137  -0.239313 -0.0217381   0.987821
   13.0981  -0.0128759 0.000165774  0.00518738  -0.237482 -0.0169773   0.979398
   13.1024  0.00310309 -0.00249739   0.0121116  -0.239557 -0.0229588   0.966459
   13.1081  0.00416835 -0.00409528  0.00944844  -0.235041 -0.0295506   0.954862
   13.1123 -0.00648429 -0.00196476  0.00145896  -0.235163 -0.0249119   0.961942
   13.1182 -0.00701693 -0.00356265  0.00199159  -0.245295 -0.0217381   0.981229
   13.1223  -0.0102127 -0.00622581  0.00518738  -0.246515 -0.0260105   0.989774
   13.1281  -0.0107454 -0.00356265  0.00625265 -0.238581 -0.021616  0.982816
   13.1327 -0.0198001  0.0022963 0.00252422  -0.237604 -0.0151463   0.970121
    13.138 -0.00648429  0.00176367  0.00572002  -0.237116 -0.0245457   0.953641
   13.1423 -0.0032885 0.00176367 0.00305685  -0.231256 -0.0329685   0.943265
   13.1481 -0.0203327  0.0022963    -0.0044  -0.234064 -0.0273533   0.958036
   13.1524   -0.027257 -0.00196476 -0.00493263  -0.244806 -0.0240574   0.984159
   13.1581  -0.0261917 -0.00569318 -0.00226947  -0.245295 -0.0272312   0.998808
   13.1625 -0.00914745 -0.00516055  0.00731791  -0.239191 -0.0214939   0.997831
   13.1681  0.00257045 -0.00303002   0.0153074  -0.239557 -0.0151463   0.984159
   13.1725  0.00842941 -0.00462792   0.0190358  -0.237848 -0.0244236    0.96121
    13.178   0.0217452 -0.00516055   0.0190358  -0.230768 -0.0313816   0.944486
   13.1822   0.0244084 -0.00462792   0.0153074  -0.233698 -0.0262547   0.951322
   13.1881   0.0121578 -0.00622581   0.0121116  -0.241755 -0.0266209   0.969511
   13.1925  0.00629888 -0.00675845   0.0105137  -0.239313 -0.0293064   0.984281
   13.1981 -0.000625338  -0.00303002   0.00838318  -0.235285 -0.0201511   0.990018
   13.2024  -0.0166043 0.000698406  0.00412212  -0.237726 -0.0156345   0.980619
   13.2081   -0.0182022 -0.000366859   0.00412212  -0.234919 -0.0262547   0.964506
   13.2128 -0.00115797 -0.00249739  0.00731792  -0.229425 -0.0300388   0.956937
   13.2178 -0.00222324 -0.00196476  0.00358949  -0.234308 -0.0235691   0.963163
   13.2223 -0.00701693 -0.00409528  0.00465475  -0.242731 -0.0252781   0.977811
   13.2281  0.00257045 -0.00729108  0.00998107  -0.242975 -0.0279636   0.991117
   13.2325  0.00203782 -0.00462792   0.0105137  -0.240046 -0.0179539   0.991849
   13.2381  -0.027257 0.00123104 0.00145896 -0.239923  -0.01478   0.97537
   13.2425   -0.027257   0.0022963 0.000926323  -0.234308 -0.0262547   0.952909
   13.2481   0.0158863 -0.00143212   0.0126442  -0.229792 -0.0290623   0.941068
   13.2522   0.0222778 -0.00249739   0.0105137 -0.235651 -0.025156  0.951444
   13.2581  0.00842941 -0.00303002  0.00465475  -0.242487 -0.0284519   0.973417
   13.2626  -0.0032885 -0.00356265 0.000926323  -0.243341 -0.0273533   0.994413
    13.268  -0.0198001 -0.00249739 0.000926323 -0.242365 -0.016489   1.00198
   13.2724  -0.0251264 -0.00249739  0.00625265  -0.242243 -0.0149021   0.989408
   13.2781 -0.00648429 -0.00356265   0.0126442  -0.237482 -0.0241795   0.967313
   13.2823   0.0105599 -0.00303002   0.0126442   -0.23321 -0.0256443   0.948148
   13.2881  0.00257045 -0.00196476  0.00625265  -0.236872 -0.0241795   0.948148
   13.2927  0.00736415 -0.00462792  0.00838318  -0.241632 -0.0295506   0.964384
   13.2979  0.00203782 -0.00569318  0.00678528   -0.24151 -0.0274754   0.981718
   13.3024  0.00523362 -0.00409528  0.00998107  -0.240412 -0.0172215   0.987211
   13.3081   0.0100273 -0.00249739   0.0147748  -0.239801 -0.0184422   0.980253
   13.3123  0.00363572 -0.00143212   0.0121116  -0.236261 -0.0258884   0.967069
   13.3181  0.00683151 -0.00196476   0.0105137 -0.232965 -0.025034  0.956205
   13.3224  0.00629888 -0.00303002  0.00838318  -0.236261 -0.0246677   0.958158
   13.3281 -0.000625338  -0.00409528   0.00412212  -0.242975 -0.0294285   0.975858
   13.3322  -0.0150064 -0.00462792 0.000926323  -0.245295 -0.0263767   0.992704
   13.3381  -0.0139411 -0.00462792  0.00625265  -0.243952 -0.0178318   0.992948
   13.3427  0.00310309 -0.00516055   0.0169053  -0.241877 -0.0189304   0.979887
   13.3481  0.00576625 -0.00303002   0.0163727   -0.23675 -0.0255222   0.958158
   13.3522  -0.011278 0.00123104 0.00412212  -0.232477 -0.0264988   0.940214
   13.3581  -0.0229959  0.00176367 -0.00386737  -0.235651 -0.0278416   0.945463
   13.3626  -0.0150064 -0.00196476 -0.00226947  -0.242487 -0.0312595   0.967924
    13.368  0.00150519 -0.00516055  0.00465475  -0.244196 -0.0277195   0.989164
   13.3723  -0.0107454 -0.00303002  0.00305685  -0.242609 -0.0202732   0.998685
   13.3781  -0.0357791 0.000698406 -0.00173683  -0.242609 -0.0192966   0.991849
   13.3824  -0.0389749 0.000698406 0.000393692  -0.239313 -0.0225925   0.972684
    13.388  -0.0144738 -0.00196476  0.00625265 -0.233332 -0.025156  0.952787
   13.3922 0.000439926 -0.00303002  0.00785055  -0.234797 -0.0280857   0.949613
   13.3981  0.00363572 -0.00462792  0.00731792  -0.240778 -0.0301609   0.962431
   13.4024   0.0110926 -0.00622581  0.00891581  -0.241266 -0.0262547   0.976591
   13.4081 -0.00222324 -0.00356265  0.00731791 -0.239313 -0.019907  0.985502
   13.4123 -0.00861482 -0.00143212  0.00838318  -0.239557 -0.0202732   0.984159
   13.4181 -0.00808219 -0.00196476  0.00891581  -0.236139 -0.0236912   0.968046
   13.4226   -0.0118106 -0.000899491   0.00518738  -0.23028 -0.025034  0.955106
   13.4281   -0.0016906 -0.000899491   0.00518738  -0.233698 -0.0262547   0.958524
   13.4322   0.0137557 -0.00516055  0.00891581  -0.241632 -0.0283299   0.970853
   13.4382    0.024941 -0.00888897   0.0131769  -0.241999 -0.0263767   0.987211
   13.4424  0.00629888 -0.00569318  0.00998107  -0.240778 -0.0189304   0.997343
   13.4481  -0.0118106 -0.00249739  0.00838318  -0.242365 -0.0173435   0.988187
   13.4525 -0.00914745 -0.00196476   0.0105137  -0.236994 -0.0232029   0.962675
   13.4581 -0.00595166 0.000698406  0.00891581 -0.229181 -0.025156  0.942777
   13.4625 0.000439926 0.000165774  0.00731792  -0.232843 -0.0263767   0.945219
   13.4681  0.00842941 -0.00356265  0.00731792  -0.240656 -0.0301609   0.959989
   13.4723  0.00736414 -0.00516055  0.00572002   -0.24029 -0.0274754   0.980009
   13.4781  0.00150519 -0.00409528  0.00518738  -0.241022 -0.0189304   0.999784
   13.4826 -0.00808219 -0.00303002  0.00625265   -0.24444 -0.0174656   0.998808
   13.4881 -0.00808219 -0.00409528  0.00944844  -0.238092 -0.0221043   0.977079
   13.4922  0.00150519 -0.00196476   0.0110463  -0.23028 -0.023447   0.95767
   13.4981   0.0121578 -0.00196476   0.0131769  -0.235407 -0.0240574   0.953641
   13.5026   0.0196147 -0.00729108   0.0147748  -0.240534 -0.0290623   0.959379
   13.5082  0.00203782 -0.00622581  0.00731791  -0.237604 -0.0269871    0.97183
   13.5125   -0.011278 -0.00143212  0.00465475  -0.239679 -0.0183201   0.986967
    13.518  -0.0134085 0.000165774  0.00625265  -0.242487 -0.0195408   0.985136
   13.5223   -0.0102127 -0.000899491   0.00731791  -0.234552 -0.0243015   0.965604
   13.5282 -9.27062e-05  0.000165774   0.00785054  -0.229303 -0.0229588   0.955717
   13.5327   0.00629888 -0.000366859   0.00785054  -0.236505 -0.0241795   0.958524
   13.5382   0.0228105 -0.00729108   0.0126442  -0.241388 -0.0305271   0.964994
   13.5422      0.0308 -0.00942161   0.0142421  -0.240778 -0.0279636   0.984281
   13.5482   0.0137557 -0.00462792   0.0110463  -0.245417 -0.0180759    1.00174
   13.5524 -0.00648429 -0.00356265  0.00998107  -0.247248 -0.0192966   0.991605
   13.5582  -0.0118106 -0.00303002  0.00838318 -0.236505 -0.025034  0.965971
   13.5628 -0.00275587  0.00123104  0.00678528  -0.231501 -0.0228367   0.949369
    13.568 -0.0123432  0.0022963 0.00145896  -0.237848 -0.0262547   0.943876
   13.5724  -0.0123432 -0.00196476  -0.0012042  -0.239069 -0.0344334   0.950956
    13.578 -0.00275587 -0.00409528  0.00145896  -0.238581 -0.0291843   0.974638
   13.5823 -0.00861482 -0.00249739  0.00252422   -0.24444 -0.0191746   0.996366
   13.5882  -0.0102127 -0.00356265  0.00625265  -0.245417 -0.0219822    0.99661
   13.5924  -0.0150064 -0.00356265  0.00731791  -0.236505 -0.0240574   0.979642
   13.5981  -0.00968009 -0.000366859   0.00785054  -0.234552 -0.0202732    0.96475
   13.6025 -9.27062e-05  -0.00143212   0.00998107   -0.24029 -0.0267429   0.955595
   13.6082 -0.00115797 -0.00409528  0.00731791  -0.238337 -0.0337009   0.954862
   13.6125  0.00203782 -0.00462792  0.00731791  -0.238092 -0.0257664   0.972196
   13.6182  0.00576625 -0.00462792  0.00998107  -0.245295 -0.0190525   0.988432
   13.6224  -0.0144738 -0.00303002  0.00625265  -0.243097 -0.0243015   0.982572
   13.6282  -0.0123432 -0.00143212  0.00678528 -0.233698 -0.023447  0.967924
   13.6327   0.0164189 -0.00249739   0.0153074   -0.23321 -0.0183201   0.959867
   13.6382   0.0212126 -0.00356265   0.0147748   -0.23736 -0.0263767   0.954496
   13.6424  0.00310309 -0.00249739  0.00358948  -0.236872 -0.0332127   0.958158
   13.6482   -0.011278 -0.00303002  -0.0012042  -0.240412 -0.0247898   0.981596
   13.6525 -0.00222324 -0.00569318  0.00731791   -0.24859 -0.0189304    1.00125
   13.6582    0.014821 -0.00782371   0.0185032  -0.245417 -0.0228367   0.995023
   13.6628   0.0180168 -0.00516055   0.0201011  -0.237116 -0.0197849   0.975492
   13.6682 -0.00435376  0.00123104  0.00998108  -0.235529 -0.0178318   0.956937
   13.6724  -0.0208654  0.00176367 0.000926327 -0.235773 -0.028574  0.942777
   13.6782   0.0100273 -0.00356265  0.00785054  -0.234797 -0.0333347   0.944852
   13.6824   0.0281368 -0.00516055   0.0121116  -0.238581 -0.0245457   0.968656
   13.6882 -0.00754956 -0.00303002  0.00252422  -0.244806 -0.0207615   0.991117
   13.6927  -0.0198001 -0.00409528  0.00252422  -0.242365 -0.0247898   0.995023
   13.6982 -0.00754956 -0.00249739  0.00678528  -0.236872 -0.0192966   0.983915
   13.7024 -0.00914745 0.000165774  0.00678528  -0.237238 -0.0179539    0.97122
   13.7082  -0.00701693 -0.000899491   0.00678528  -0.237482 -0.0291843   0.956937
   13.7126 -0.00541903 -0.00196476  0.00252422  -0.235895 -0.0310154   0.955839
   13.7182  -0.0032885 -0.00409528  0.00305685  -0.240046 -0.0221043   0.972196
   13.7224 -0.00222324 -0.00462792  0.00731791  -0.245172 -0.0223484   0.986234
   13.7281 -0.00754956 -0.00303002  0.00785055  -0.242121 -0.0271091   0.986723
   13.7322  -0.00968009 -0.000899491   0.00678528 -0.236628 -0.019907  0.971708
   13.7382 -0.00808219 0.000165774  0.00625265  -0.235407 -0.0186863   0.956815
   13.7427   -0.0032885 -0.000366859   0.00572002  -0.234552 -0.0300388   0.948759
   13.7481   0.0100273 -0.00303002  0.00785055 -0.234674 -0.032114  0.954252
   13.7523   0.0164189 -0.00516055  0.00838318  -0.239679 -0.0249119   0.978056
   13.7582   0.0169515 -0.00729108   0.0110463  -0.244928 -0.0224705    1.00027
   13.7629  0.00949467 -0.00782371   0.0126442  -0.243341 -0.0229588    1.00174
   13.7682   -0.011278 -0.00303002  0.00678528 -0.238092 -0.018198   0.98306
   13.7725  -0.0150064 0.000165774  0.00785054  -0.234552 -0.0192966   0.960844
   13.7782  -0.0016906 -0.00143212   0.0126442  -0.232111 -0.0286961   0.946683
   13.7822  0.00789678 -0.00356265    0.011579  -0.231623 -0.0299168   0.945463
    13.788  0.00683151 -0.00409528  0.00731791  -0.235773 -0.0256443   0.961698
   13.7923  -0.00968009  -0.00249739 -0.000138938  -0.240168 -0.0256443   0.984403
   13.7982 -0.00701693 -0.00516055  0.00572002  -0.239923 -0.0241795   0.995878
   13.8024  -0.0123432 -0.00409528  0.00678528  -0.236261 -0.0178318   0.986967
   13.8082  -0.0240612 0.000165774  0.00252422  -0.233942 -0.0195408   0.972318
   13.8127   -0.011278 -0.00249739  0.00731791  -0.234552 -0.0275974   0.962064
   13.8182 -0.00275587 -0.00462792  0.00678528  -0.234308 -0.0277195   0.956815
   13.8225  0.00576625 -0.00569318  0.00891581  -0.237482 -0.0245457   0.967069
   13.8282 -9.27062e-05  -0.00569318   0.00944844  -0.244928 -0.0252781   0.986234
   13.8323 -0.00115797 -0.00462792  0.00944844 -0.244562 -0.023447  0.989774
   13.8382 -0.00808219 -0.00196476  0.00731791  -0.237848 -0.0178318   0.975858
   13.8427    -0.011278 -0.000366859   0.00944844  -0.236139 -0.0207615    0.96182
   13.8482  0.00576625 -0.00143212   0.0137095  -0.236261 -0.0286961   0.950224
   13.8526   0.0185494 -0.00303002    0.011579  -0.234674 -0.0293064    0.94827
   13.8582   0.0185494 -0.00356265  0.00785055  -0.238459 -0.0271091   0.969877
   13.8625  0.00416835 -0.00462792  0.00518738  -0.246271 -0.0256443   0.995267
   13.8682 0.000439926 -0.00622581  0.00785055  -0.246393 -0.0223484    1.00027
   13.8727  -0.0016906 -0.00409528   0.0105137  -0.239801 -0.0175877   0.987577
   13.8782   -0.0118106 -0.000899491    0.0110463  -0.237604 -0.0192966   0.969266
   13.8825  -0.0171369 0.000165774  0.00678528   -0.23675 -0.0272312   0.948637
   13.8882  -0.00754956 -0.000899491   0.00412212  -0.233088 -0.0293064   0.941068
   13.8923  0.00416835 -0.00249739  0.00678528  -0.236505 -0.0262547   0.959501
   13.8982  0.00576625 -0.00462792  0.00731792  -0.244074 -0.0256443   0.982328
   13.9027   0.0169515 -0.00782371   0.0131769  -0.242975 -0.0241795   0.990995
   13.9079 -0.00222323 -0.00409528   0.0105137  -0.237848 -0.0186863   0.985746
   13.9124   -0.0128759 -0.000366859   0.00838318  -0.238459 -0.0189304   0.974515
   13.9182  0.00576625 -0.00249739   0.0121116  -0.237726 -0.0266209   0.961454
   13.9226  0.00363572 -0.00409528  0.00891581  -0.233576 -0.0284519   0.955595
   13.9282 -9.27062e-05  -0.00409528   0.00625265  -0.238947 -0.0246677   0.967802
   13.9325  0.00310309 -0.00516055  0.00625265  -0.247736 -0.0247898   0.984891
   13.9382  -0.0048864 -0.00462792  0.00625265  -0.243464 -0.0239353   0.988432
   13.9423   -0.0144738 -0.000366859   0.00625265  -0.237482 -0.0180759   0.980985
   13.9482 -0.00968009  0.00123104  0.00838318  -0.237848 -0.0192966    0.96536
   13.9527 -0.0144738  0.0022963 0.00305685  -0.234186 -0.0277195   0.946195
   13.9582  -0.0166043   0.0022963 -0.00173684   -0.23028 -0.0283299   0.944364
   13.9626 -0.00275587 -0.00143212  0.00305685   -0.23736 -0.0247898   0.967557
   13.9682  0.00523362 -0.00569318  0.00625265  -0.244806 -0.0260105   0.990629
   13.9724  -0.0032885 -0.00569318  0.00358949  -0.240778 -0.0238133   0.998685
   13.9782  -0.0150064 -0.00249739  0.00465475   -0.23797 -0.0158787   0.995878
   13.9826  -0.0171369 -0.00143212  0.00838318  -0.239313 -0.0170994   0.977811
   13.9882   -0.0128759 -0.000899491   0.00678528  -0.233454 -0.0274754   0.952543
   13.9925 -0.00701693 0.000698406  0.00518738 -0.229547 -0.028574   0.94351
    13.998  -0.00222324 -0.000366859   0.00518738  -0.23797 -0.025156  0.956083
   14.0022 -0.00968009 -0.00303002 0.000926323  -0.242731 -0.0286961   0.973783
   14.0082  -0.0160717 -0.00356265 0.000926323  -0.238214 -0.0263767   0.987699
   14.0125   -0.0128759 -0.000899491   0.00358948  -0.238092 -0.0174656   0.990263
   14.0182  -0.0160717 0.000165774  0.00358948  -0.240778 -0.0205174   0.976102
   14.0227  -0.0102127 -0.00196476  0.00785054  -0.234919 -0.0290623    0.95889
   14.0282 0.000972558 -0.00143212  0.00731791  -0.232965 -0.0267429   0.955961
   14.0325  0.00416835 -0.00249739  0.00625265  -0.243341 -0.0245457   0.966703
   14.0382  0.00203782 -0.00675845  0.00731791  -0.247248 -0.0295506   0.980985
   14.0424 -0.00968009 -0.00516055  0.00412212  -0.242609 -0.0257664   0.991239
   14.0481  -0.0150064 -0.00143212  0.00572002  -0.242975 -0.0155125   0.987577
   14.0524  -0.0118106 -0.00143212  0.00944844  -0.241877 -0.0203953   0.967191
   14.0582  -0.0032885 -0.00143212   0.0105137  -0.232599 -0.0293064   0.946317
   14.0628  0.00470098 0.000698406  0.00838318  -0.231256 -0.0258884   0.943998
    14.068 -0.000625338 -0.000899491   0.00305685  -0.239923 -0.0266209   0.961088
   14.0724  0.00310309 -0.00569318  0.00412212  -0.242121 -0.0313816   0.980009
   14.0782 -0.00115797 -0.00409528  0.00412212  -0.240412 -0.0238133   0.997709
   14.0827  -0.0187348 -0.00143212  0.00252422  -0.242975 -0.0141697    1.00259
   14.0882  -0.0224633 -0.00249739  0.00625265  -0.240778 -0.0192966   0.982938
   14.0925   -0.0224633 -0.000899491   0.00465475  -0.231623 -0.0254002    0.95889
   14.0982 -0.0166043 0.00176367 0.00199159  -0.231623 -0.0219822   0.948392
   14.1024  -0.0048864 -0.00143212  0.00465475  -0.239557 -0.0254002   0.953641
   14.1082 -9.27062e-05  -0.00462792   0.00412212  -0.240046 -0.0311375   0.968046
   14.1128 -0.00222324 -0.00303002  0.00358948  -0.238703 -0.0223484   0.983793
    14.118 -0.000625339  -0.00196476   0.00891581  -0.241632 -0.0149021   0.986967
   14.1224   -0.0144738 -0.000366859   0.00572002  -0.239191 -0.0228367   0.974882
   14.1282  -0.0171369 0.000165774  0.00518738  -0.232111 -0.0260105   0.961088
   14.1326   -0.0016906 -0.000366859   0.00678528  -0.234308 -0.0219822   0.957548
   14.1382  0.00150519 -0.00303002  0.00572002   -0.24151 -0.0275974   0.963895
   14.1425 -0.00222324 -0.00569318  0.00731791  -0.241877 -0.0308933   0.978666
    14.148 -0.00968009 -0.00356265  0.00518738  -0.243341 -0.0213718   0.995512
   14.1523  -0.0139411 -0.00196476  0.00572002 -0.245905 -0.016489  0.994291
   14.1582  -0.0235285 0.000165774  0.00358949  -0.239923 -0.0239353   0.972929
   14.1627  -0.0261917   0.0022963 0.000926327  -0.232477 -0.0264988   0.950468
   14.1682 -0.0107454 0.00176367 0.00412212  -0.233454 -0.0245457   0.941312
   14.1723  0.00470098 -0.00249739  0.00891581  -0.237604 -0.0307713   0.949735
   14.1782   0.0158863 -0.00782371   0.0121116  -0.239191 -0.0324802    0.97244
   14.1825   0.0201473 -0.00835634   0.0126442  -0.242243 -0.0224705    0.99661
   14.1882 0.000972558 -0.00462792  0.00838318  -0.244562 -0.0188084    1.00198
   14.1927   -0.0224633 -0.000899491   0.00518738   -0.24029 -0.0241795   0.988432
   14.1982   -0.0176696 -0.000366859   0.00838318  -0.234674 -0.0230808    0.96768
   14.2024  -0.00541903 -0.000899491   0.00838318  -0.235163 -0.0228367   0.951444
    14.208  0.00203782 -0.00196476  0.00838318 -0.238337 -0.030405  0.950224
   14.2122 -0.00701693 -0.00303002  0.00305685  -0.239313 -0.0307713   0.963651
   14.2182  -0.0102127 -0.00356265 0.000393692   -0.24151 -0.0211277   0.980375
   14.2225  -0.0032885 -0.00303002  0.00678528  -0.242975 -0.0203953   0.986845
   14.2282    -0.015539 -0.000899491   0.00518738  -0.238825 -0.0247898   0.978178
   14.2328  -0.0102127 -0.00143212  0.00785055  -0.233454 -0.0213718   0.962919
   14.2382  0.00257045 -0.00249739   0.0110463  -0.23443 -0.023325  0.956083
   14.2424  0.00257045 -0.00409528  0.00731791  -0.238214 -0.0307713   0.960844
   14.2482 -0.00222324 -0.00569318  0.00358948  -0.240412 -0.0284519    0.97537
   14.2523 -0.00968009 -0.00516055  0.00252422  -0.243341 -0.0207615   0.994047
   14.2582  -0.0187348 -0.00356265  0.00358948  -0.244196 -0.0205174   0.997831
   14.2626  -0.0208654 -0.00249739  0.00518738  -0.239435 -0.0224705   0.979154
   14.2682 -0.00541903 -0.00249739   0.0121116  -0.232965 -0.0205174   0.954496
   14.2724   0.00470098 -0.000899491    0.0137095  -0.231623 -0.0238133   0.942655
   14.2782  -0.00222324 -0.000899491   0.00572002  -0.234552 -0.0312595   0.948881
   14.2825   0.0121578 -0.00516055  0.00731791   -0.23736 -0.0297947   0.966947
   14.2882   0.0174842 -0.00622581   0.0105137  -0.240778 -0.0221043    0.98892
   14.2927 0.000972559 -0.00356265  0.00838318  -0.243586 -0.0206394    1.00039
   14.2982  -0.0032885 -0.00196476  0.00944844  -0.241632 -0.0218601   0.990995
   14.3024  -0.0150064 0.000698406  0.00678528  -0.235651 -0.0200291   0.969266
   14.3082 -0.0144738 0.00123104 0.00572002  -0.233942 -0.0240574    0.95535
   14.3123 -0.00222324 -0.00249739  0.00625265 -0.237604 -0.030405  0.952421
   14.3182 0.000972558 -0.00569318  0.00518738  -0.238459 -0.0286961   0.960233
   14.3227  -0.0032885 -0.00356265  0.00358949 -0.240656 -0.023325  0.978666
   14.3279 -0.00754956 -0.00196476  0.00518738  -0.244562 -0.0222263    0.98953
   14.3324 -0.00701693 -0.00356265  0.00891581    -0.2409 -0.0225925   0.978788
   14.3382 -0.000625339  -0.00249739    0.0105137  -0.233698 -0.0211277   0.962553
   14.3427 -0.00115797 0.000698406  0.00678528  -0.234064 -0.0243015   0.957304
   14.3481  -0.00808219 -0.000366859  0.000926327  -0.238459 -0.0296726   0.957304
   14.3524  -0.0048864 -0.00462792  0.00145896  -0.238459 -0.0286961   0.968046
   14.3582 -0.00222324 -0.00622581  0.00518738  -0.241388 -0.0235691   0.992216
   14.3626 -0.00808219 -0.00569318  0.00731792  -0.246759 -0.0207615    1.00186
   14.3681  -0.0128759 -0.00516055  0.00731792  -0.247858 -0.0205174   0.997465
   14.3723 -0.00701693 -0.00249739  0.00998108  -0.238947 -0.0202732    0.97476
   14.3782 -0.000625338  0.000165774    0.0121116  -0.233332 -0.0235691    0.94766
   14.3826  -0.0016906 -0.00143212  0.00944844  -0.236505 -0.0312595   0.944608
   14.3879  -0.0032885 -0.00303002  0.00731792  -0.236383 -0.0354099   0.945951
   14.3924  0.00842941 -0.00462792   0.0105137  -0.240656 -0.0272312   0.971952
   14.3982   0.0121578 -0.00622581    0.011579  -0.245417 -0.0208836    0.99893
   14.4026  0.00629888 -0.00675845   0.0137095  -0.240534 -0.0221043   0.990629
   14.4082  0.00842941 -0.00729108   0.0179706  -0.235163 -0.0214939   0.981351
   14.4125 -0.00115797 -0.00462792   0.0137095   -0.23797 -0.0236912   0.970609
    14.418  -0.0107454 -0.00196476  0.00944844  -0.240778 -0.0258884   0.959867
   14.4224  0.00257046 -0.00356265  0.00891581  -0.238214 -0.0255222   0.963163
   14.4282   0.0158863 -0.00516055  0.00838318 -0.235651 -0.025156  0.966459
   14.4323 -0.00275587 -0.00303002  0.00412212  -0.240412 -0.0256443   0.976835
   14.4382 -0.00914745 -0.00303002  0.00785054  -0.239557 -0.0241795     0.9783
   14.4428   -0.0032885 -0.000899491   0.00891581  -0.234186 -0.0189304   0.964994
   14.4482 -0.00968009  0.00336157  0.00199159   -0.23443 -0.0156345   0.960599
   14.4525  0.00523362 -0.00143212  0.00678528  -0.234186 -0.0252781   0.955961
   14.4582   0.0212126 -0.00569318   0.0110463  -0.235651 -0.0293064   0.964872
   14.4627   0.0164189 -0.00516055  0.00891581  -0.244318 -0.0211277   0.993314
    14.468   0.0105599 -0.00516055  0.00731792  -0.251276 -0.0185642    1.00821
   14.4724  0.00257045 -0.00409528  0.00944844  -0.242365 -0.0190525   0.993314
   14.4782   -0.0102127 -0.000899491   0.00998107  -0.234552 -0.0168552   0.970243
   14.4828   -0.0123432 -0.000366859   0.00944844  -0.236994 -0.0214939   0.952421
   14.4882 -0.00968009 -0.00196476   0.0105137  -0.238337 -0.0288181   0.942777
   14.4923 -0.00222324 -0.00143212  0.00731791  -0.237116 -0.0261326   0.954618
   14.4982   0.00523362 -0.000899491   0.00412212 -0.235895 -0.023447  0.966459
   14.5028 -0.00648429 -0.00303002  0.00358948  -0.238825 -0.0254002   0.981962
   14.5083  -0.0182022 -0.00516055  0.00305685  -0.241755 -0.0273533   0.997465
   14.5126   -0.0256591 -0.000899491   0.00145896  -0.240778 -0.0213718   0.986967
   14.5183   -0.0331159   0.00336157 -0.000138938  -0.239801 -0.0153904   0.976469
   14.5224  -0.0171369 0.000165774  0.00358949  -0.235895 -0.0243015   0.964262
   14.5283 -0.00115797 -0.00303002  0.00731792  -0.231989 -0.0332127   0.952055
   14.5328  0.00789678 -0.00516055   0.0121116  -0.241388 -0.0279636   0.969877
    14.538   0.0169515 -0.00729108   0.0169053  -0.250788 -0.0227146   0.987699
   14.5425   0.0196147 -0.00569318   0.0174379  -0.242121 -0.0201511   0.982938
   14.5483   0.0222778 -0.00409528   0.0179706  -0.233454 -0.0175877   0.978178
   14.5527   0.0110926 -0.00249739   0.0126442  -0.232965 -0.0262547   0.963163
   14.5583 -9.27057e-05 -0.000899491   0.00731792  -0.232477 -0.0349216   0.948148
   14.5627  0.00629888 -0.00196476  0.00678528  -0.235651 -0.0273533   0.961088
   14.5683   0.0126905 -0.00303002  0.00625265  -0.238825 -0.0197849   0.974027
   14.5725  0.00416835 -0.00516055  0.00678528 -0.239191 -0.023447  0.986478
   14.5783 -0.00435376 -0.00729108  0.00731792  -0.239557 -0.0271091    0.99893
   14.5826  -0.0048864 -0.00409528  0.00891581  -0.239679 -0.0211277   0.983305
   14.5883  -0.00541903 -0.000899491    0.0105137  -0.239801 -0.0151463    0.96768
   14.5926  0.00523362 -0.00196476   0.0105137  -0.234186 -0.0228367   0.953519
   14.5982   0.0158863 -0.00303002   0.0105137  -0.228571 -0.0305271   0.939359
   14.6024  0.00629888 -0.00356265  0.00518738  -0.236505 -0.0296726   0.960355
   14.6083   -0.0032885  -0.00409528 -0.000138938   -0.24444 -0.0288181   0.981351
   14.6128 -0.00222324 -0.00462792  0.00252422  -0.241144 -0.0282078   0.987333
   14.6182  -0.0032885 -0.00356265  0.00572002  -0.238092 -0.0195408   0.993925
   14.6224 -0.00382113 -0.00196476  0.00731791  -0.236383 -0.0212498   0.975126
   14.6283 -0.00222324 -0.00196476  0.00838318   -0.23443 -0.0310154   0.955717
   14.6326 -0.000625339  -0.00249739   0.00785055  -0.237848 -0.0257664   0.960966
   14.6383 0.000972558 -0.00303002  0.00731792  -0.241266 -0.0205174   0.966215
   14.6424 -0.00968009 -0.00356265  0.00252422  -0.244196 -0.0261326   0.975126
   14.6483 -9.27057e-05  -0.00569318   0.00678528  -0.244074 -0.0286961   0.987577
   14.6529  0.00629888 -0.00516055    0.011579   -0.24029 -0.0188084   0.986234
   14.6583 -0.00435376 -0.00196476  0.00944844 -0.239557 -0.016367  0.971708
   14.6626 -9.27066e-05  -0.00196476    0.0126442  -0.235285 -0.0271091   0.953886
   14.6683  0.00470098 -0.00249739  0.00998107  -0.231256 -0.0288181   0.943998
   14.6726 0.000972558 -0.00196476  0.00252422  -0.236628 -0.0244236    0.95413
   14.6783  -0.00968009  -0.00409528 -0.000138942  -0.243464 -0.0283299   0.980741
   14.6825  -0.0187348 -0.00516055  -0.0012042  -0.243586 -0.0264988    0.99954
   14.6883  -0.0293875 -0.00196476 -0.00226947 -0.241999 -0.016367   0.99893
   14.6927  -0.0299201 0.000165774  0.00199159  -0.240778 -0.0161228   0.983915
   14.6983  -0.0160717 0.000698406  0.00572002  -0.235529 -0.0241795    0.96182
   14.7024  0.00150519 0.000165774  0.00731791  -0.231989 -0.0262547    0.94473
   14.7083   0.0132231 -0.00249739   0.0105137  -0.235407 -0.0260105   0.946683
   14.7129   0.0164189 -0.00516055   0.0121116   -0.24029 -0.0293064   0.964872
   14.7183  0.00896204 -0.00569318  0.00891581 -0.241999 -0.026865  0.984159
   14.7226   -0.0187348  -0.00143212 -0.000138938  -0.240778 -0.0175877   0.990751
   14.7283   -0.0139411 -0.000366859   0.00412212   -0.24029 -0.0178318   0.984159
   14.7326  0.00736414 -0.00303002    0.011579 -0.237848 -0.025156  0.969877
   14.7383 -0.00382113 -0.00196476  0.00625265   -0.23443 -0.0254002   0.956937
   14.7428 -0.00222324 -0.00303002  0.00678528  -0.237604 -0.0254002   0.957792
    14.748  0.00949467 -0.00622581   0.0110463  -0.243464 -0.0289402   0.973173
   14.7525 -0.00115797 -0.00462792  0.00625265  -0.244928 -0.0257664   0.989164
   14.7583   -0.011278 -0.00249739  0.00358949  -0.242975 -0.0183201   0.989164
   14.7629  -0.0048864 -0.00249739   0.0121116    -0.2409 -0.0195408   0.975614
   14.7683  -0.0118106 -0.00143212   0.0121116  -0.237238 -0.0254002   0.956571
   14.7726  -0.00701693 -0.000366859   0.00785055  -0.232965 -0.0266209   0.942899
   14.7783 -0.00701693  0.00176367 0.000926327  -0.235163 -0.0277195    0.95059
   14.7823  -0.00968009 -0.000899491  -0.00173683  -0.242365 -0.0306492    0.97476
   14.7882  0.00150519 -0.00622581  0.00412212  -0.244562 -0.0263767   0.993192
   14.7923 -0.00861482 -0.00569318  0.00678528  -0.242731 -0.0186863    0.99893
   14.7983  -0.0171369 -0.00303002  0.00891581  -0.241999 -0.0189304   0.992094
   14.8026  -0.0139411 -0.00196476  0.00838318  -0.238092 -0.0235691   0.970243
   14.8083  -0.0048864 -0.00249739  0.00944844  -0.232477 -0.0256443   0.947904
   14.8124 -0.00275587 -0.00143212  0.00891581  -0.234919 -0.0277195   0.946195
   14.8183  0.00310309 -0.00356265  0.00891581  -0.241266 -0.0299168   0.960844
   14.8227 0.000972558 -0.00569318  0.00572002  -0.241266 -0.0271091   0.976957
   14.8283  -0.0016906 -0.00356265  0.00731791  -0.238825 -0.0211277   0.986478
   14.8324 0.000439926 -0.00249739   0.0126442 -0.240534 -0.019907  0.985136
   14.8383 -0.00701693 -0.00196476  0.00785055 -0.237848 -0.023325  0.970243
   14.8428 -0.00382113 -0.00143212  0.00625265 -0.232233 -0.025034  0.958158
   14.8483  0.00470098 -0.00143212  0.00838318  -0.236383 -0.0262547   0.960599
   14.8525  -0.0032885 -0.00356265  0.00412212  -0.242609 -0.0289402    0.97122
   14.8583 -0.00914745 -0.00569318  0.00199159  -0.241999 -0.0256443   0.985868
   14.8628 -0.00808219 -0.00303002  0.00358949  -0.241022 -0.0184422   0.993925
   14.8683   -0.0144738 -0.000366859   0.00465475  -0.241388 -0.0183201   0.982938
   14.8727   -0.0118106 -0.000899491   0.00785055 -0.234674 -0.023447  0.958402
   14.8783  -0.0048864 0.000698406  0.00838318  -0.227594 -0.0246677   0.943632
   14.8825 0.00257045 0.00123104 0.00785055  -0.232477 -0.0257664   0.948881
   14.8883 -0.00222324 -0.00143212  0.00145896  -0.238459 -0.0310154   0.967069
   14.8925 -0.00968009 -0.00303002 -0.00333473  -0.238214 -0.0279636   0.986234
   14.8982  -0.0208654 -0.00143212 -0.00226947  -0.24029 -0.018198   1.00162
   14.9026   -0.0293875 -0.000899491  0.000393692  -0.242975 -0.0174656   0.998563
   14.9083   -0.0251264 -0.000899491   0.00252422  -0.236383 -0.0224705   0.974149
   14.9125  -0.0224633 0.000698406  0.00145896  -0.230402 -0.0232029   0.952909
   14.9183    -0.015539 -0.000366859   0.00305685  -0.235895 -0.0255222   0.949369
   14.9229 -0.00595166 -0.00409528  0.00465475  -0.239191 -0.0311375    0.95535
    14.928 -0.00275587 -0.00516055  0.00412212   -0.23797 -0.0278416    0.97122
   14.9327  -0.0032885 -0.00356265  0.00678528  -0.241755 -0.0188084   0.989286
   14.9382   0.0105599 -0.00516055     0.01584 -0.244074 -0.019907   0.98599
   14.9424  0.00842941 -0.00356265   0.0131769  -0.235651 -0.0246677   0.969389
   14.9483 -0.00968009 0.000698406  0.00465475  -0.231501 -0.0223484   0.960844
   14.9528 0.000439926 -0.00249739  0.00838318  -0.238581 -0.0244236   0.959623
   14.9583  0.00363572 -0.00569318  0.00625265    -0.2409 -0.0316258   0.963773
   14.9625 -9.27066e-05  -0.00516055   0.00358948 -0.239923 -0.026865  0.982328
   14.9683 -0.00222324 -0.00356265  0.00518738  -0.245783 -0.0180759   0.998563
   14.9729 -0.00914745 -0.00303002  0.00678528  -0.245783 -0.0202732   0.987211
   14.9782  0.00683151 -0.00409528   0.0147748   -0.23443 -0.0236912   0.962308
   14.9824   0.00949467 -0.000899491    0.0137095  -0.231379 -0.0219822   0.948759
   14.9883 -0.00861482 0.000165774  0.00518738  -0.237238 -0.0272312   0.946317
   14.9925 -0.00382113 -0.00462792  0.00572002   -0.23675 -0.0340672    0.95413
   14.9983   0.0158863 -0.00729108   0.0105137  -0.238214 -0.0267429   0.980131
   15.0024   0.0180168 -0.00782371   0.0131769  -0.246271 -0.0180759    1.00308
   15.0083 0.000439926 -0.00729108   0.0126442  -0.245295 -0.0221043   0.997953
   15.0128   -0.011278 -0.00303002  0.00891581  -0.236628 -0.0232029   0.977933
   15.0181 -0.0203327 0.00176367 0.00358948  -0.235895 -0.0189304   0.960233
   15.0225    -0.015539 -0.000899491   0.00518738  -0.240534 -0.0260105   0.948637
   15.0283 0.000972558 -0.00462792  0.00785054  -0.238092 -0.0332127   0.950956
   15.0326  0.00523362 -0.00409528  0.00678528  -0.239069 -0.0247898   0.970365
   15.0383 0.000439926 -0.00409528  0.00838318  -0.247126 -0.0195408   0.987211
   15.0424 -0.00754956 -0.00356265  0.00785054 -0.243952 -0.025034  0.984647
   15.0483 -0.00861482 -0.00143212  0.00625265  -0.234552 -0.0222263   0.971708
   15.0528 -0.00754956 0.000165774  0.00678528  -0.235041 -0.0184422   0.962308
   15.0583  0.00416835 -0.00249739  0.00891581  -0.238337 -0.0283299   0.956083
   15.0625  0.00629888 -0.00409528  0.00518738  -0.236628 -0.0326023   0.959745
   15.0683 -0.000625339  -0.00303002   0.00305685  -0.240656 -0.0225925   0.981351
   15.0726  0.00203782 -0.00569318  0.00944844  -0.248224 -0.0200291   0.998685
   15.0783  0.00150519 -0.00729108   0.0131769  -0.243219 -0.0240574   0.990995
   15.0827  -0.0198001 -0.00089949  0.00412212  -0.234674 -0.0201511   0.971098
   15.0883   -0.0341812    0.0038942 -0.000671573  -0.234064 -0.0192966   0.952421
   15.0925 -0.0107454 0.00123104 0.00572002  -0.233332 -0.0306492   0.942411
   15.0983   0.0121578 -0.00249739  0.00785055  -0.232233 -0.0337009   0.950468
   15.1024   0.0323979 -0.00675845   0.0147748  -0.238947 -0.0239353   0.974149
   15.1083    0.024941 -0.00729108   0.0147748  -0.245172 -0.0223484   0.995634
   15.1127  -0.0118106 -0.00249739  0.00305685  -0.241144 -0.0246677   0.997587
   15.1183  -0.0352464  0.00123104 -0.00173684  -0.237116 -0.0185642   0.984647
   15.1224  -0.031518 0.00123104 0.00252422  -0.237604 -0.0185642   0.966093
   15.1283  -0.0118106 -0.00196476  0.00625265  -0.236872 -0.0289402   0.952055
   15.1328  0.00629888 -0.00409528  0.00731791  -0.235651 -0.0306492   0.952421
   15.1381  0.00736415 -0.00356265  0.00572002  -0.239557 -0.0239353   0.967313
   15.1425 -0.00648429 -0.00303002  0.00465475  -0.244074 -0.0244236   0.984281
   15.1483 -0.00754956 -0.00196476  0.00625265  -0.239679 -0.0254002   0.986478
   15.1524   -0.0118106 -0.000366859   0.00518738  -0.235041 -0.0186863   0.975858
   15.1583  -0.0128759 0.000165774  0.00518738  -0.235407 -0.0207615   0.961698
   15.1628  -0.00701693 -0.000366859   0.00358948  -0.234552 -0.0310154   0.953764
   15.1681  0.00576625 -0.00303002  0.00572002  -0.234064 -0.0289402   0.959501
   15.1724  0.00683151 -0.00462792  0.00678528  -0.239679 -0.0227146    0.97952
   15.1783 -0.00754956 -0.00516055  0.00465475  -0.244684 -0.0249119   0.999296
   15.1826 -0.00754956 -0.00622581  0.00785054  -0.241877 -0.0229588   0.996488
   15.1883 -0.00914745 -0.00356265  0.00785054 -0.237238 -0.016367  0.976713
   15.1926  -0.0139411 0.000165774  0.00731791 -0.234186 -0.019907   0.95535
   15.1983  -0.00808219 -0.000366859   0.00891581  -0.232355 -0.0299168   0.943754
   15.2026  0.00736415 -0.00356265  0.00998107  -0.233576 -0.0301609    0.94705
   15.2083 -0.00222323 -0.00356265  0.00199159  -0.239801 -0.0255222   0.965971
   15.2124   -0.011278 -0.00303002  -0.0012042  -0.244928 -0.0257664   0.990507
   15.2183 -0.00541903 -0.00462792  0.00625265  -0.242975 -0.0223484   0.998319
   15.2228  -0.0107454 -0.00249739  0.00891581 -0.239801 -0.016489  0.988309
   15.2281  -0.00648429 -0.000366859    0.0110463  -0.238459 -0.0205174   0.972196
   15.2324  -0.0032885 -0.00143212  0.00891581   -0.23736 -0.0279636   0.955717
   15.2383  0.00629888 -0.00356265  0.00891581   -0.23736 -0.0274754   0.950712
   15.2426   0.0158863 -0.00462792   0.0110463    -0.2409 -0.0258884   0.964994
   15.2483 -0.00222324 -0.00356265  0.00518738  -0.245661 -0.0266209   0.983305
   15.2524  -0.0107454 -0.00356265  0.00358948  -0.243708 -0.0230808   0.987211
   15.2583 -0.00754956 -0.00196476  0.00678528  -0.238092 -0.0178318   0.976957
    15.263 -0.00754956 0.000165774  0.00838318  -0.236139 -0.0217381   0.963407
   15.2682 -0.00754956 0.000165774  0.00785054  -0.235041 -0.0286961   0.951688
   15.2723   -0.0160717 -0.000366859   0.00145896   -0.23382 -0.0271091   0.953397
   15.2783 -0.00808219 -0.00303002  0.00305685  -0.239313 -0.0254002   0.976347
   15.2825  0.00576625 -0.00675845  0.00838318  -0.246149 -0.0263767   0.998441
   15.2883 -0.00701693 -0.00516055  0.00412212  -0.244074 -0.0221043   0.996732
   15.2927  -0.0208654 0.000165774  0.00252422  -0.239191 -0.0169773   0.983182
   15.2983  -0.0107454 0.000698406  0.00891581   -0.23736 -0.0206394   0.964628
   15.3026   0.0126905 -0.00303002   0.0163727   -0.23443 -0.0282078   0.944242
   15.3083   0.0201473 -0.00356265   0.0126442  -0.232843 -0.0293064   0.940824
   15.3125  0.00683151 -0.00143212  0.00305685  -0.238703 -0.0267429   0.961454
   15.3182 0.000972558 -0.00356265  0.00305685  -0.245295 -0.0260105   0.985746
   15.3225  0.00150519 -0.00516055  0.00625265  -0.242121 -0.0223484   0.993558
   15.3283  0.00257045 -0.00249739  0.00944844  -0.238581 -0.0175877   0.989774
   15.3325 0.000972558 -0.00196476   0.0131769  -0.239557 -0.0208836     0.9783
   15.3383 -0.00115797 -0.00356265    0.011579  -0.236139 -0.0269871   0.958768
   15.3428  0.00576625 -0.00409528  0.00944844   -0.23321 -0.0263767   0.952055
   15.3482   0.0132231 -0.00569318    0.011579  -0.238947 -0.0243015   0.967069
   15.3525  0.00310309 -0.00675845  0.00891581   -0.24444 -0.0266209    0.98245
   15.3583 -0.00222324 -0.00569318  0.00838318  -0.239923 -0.0247898   0.986478
   15.3624  -0.0032885 -0.00249739  0.00998108  -0.237116 -0.0177097   0.980985
   15.3683   -0.0123432 -0.000366859   0.00678528  -0.237726 -0.0197849   0.966093
   15.3728  -0.00861482 -0.000366859   0.00625265  -0.231256 -0.0277195   0.949735
   15.3782   0.0126905 -0.00143212   0.0121116  -0.228815 -0.0280857   0.950834
   15.3823   0.0355937 -0.00569318   0.0174379  -0.238337 -0.0263767   0.970365
   15.3882   0.0228105 -0.00835634    0.011579  -0.243586 -0.0282078   0.990873
   15.3924   -0.011278 -0.00569318  0.00305685  -0.239557 -0.0227146   0.997831
   15.3983    -0.037377  0.000165774 -0.000671573  -0.239923 -0.0149021   0.994169
   15.4028  -0.0389749  0.00123104 0.000393692 -0.240778 -0.019907  0.973417
   15.4082 -0.00648429 -0.00303002  0.00891581  -0.231989 -0.0277195   0.946439
   15.4124  0.00896204 -0.00196476   0.0105137   -0.23028 -0.0271091   0.942289
   15.4183  0.00523362 -0.00196476  0.00785055  -0.240534 -0.0271091   0.957426
   15.4224   0.0238757 -0.00782371   0.0153074  -0.243464 -0.0297947   0.975248
   15.4283  0.00789678 -0.00516055  0.00838318  -0.239679 -0.0238133    0.98953
   15.4328  -0.0107454 -0.00143212  0.00465475  -0.242609 -0.0157566   0.994901
   15.4381  -0.0107454 -0.00303002  0.00891581  -0.243464 -0.0210056   0.979765
   15.4425  -0.0182022 -0.00143212  0.00305685  -0.234919 -0.0279636   0.959745
   15.4483   -0.0171369  0.000698406 -0.000138942  -0.235041 -0.0249119   0.957548
   15.4527  -0.0123432 -0.00249739  0.00358948  -0.243586 -0.0247898   0.964017
   15.4583  0.00150519 -0.00622581  0.00838318  -0.243586 -0.0288181   0.975126
   15.4624  0.00523362 -0.00462792  0.00785055  -0.240534 -0.0225925   0.988432
   15.4683 -0.00754956 -0.00249739  0.00678528  -0.243708 -0.0161228   0.986723
   15.4724  -0.0134085 -0.00196476  0.00678528  -0.240046 -0.0232029   0.966947
   15.4783  -0.00382113 -0.000899491   0.00785055  -0.230158 -0.0274754   0.949125
   15.4827    0.0142884 -0.000366859     0.011579  -0.232965 -0.0236912   0.949857
   15.4882   0.0244084 -0.00409528   0.0131769  -0.241632 -0.0273533   0.963407
   15.4924   0.0164189 -0.00622581  0.00678528  -0.241877 -0.0310154   0.983549
   15.4983  0.00683151 -0.00409528  0.00358949  -0.242121 -0.0200291   0.999418
   15.5029  -0.0107454 -0.00196476  0.00465475  -0.247248 -0.0136814   0.997831
   15.5083  -0.0288548 0.000698406  0.00145895  -0.242121 -0.0224705   0.976591
   15.5125    -0.027257   0.00282893 -0.000671573  -0.232111 -0.0252781   0.952421
   15.5184  -0.0277896  0.00336157 -0.00333473  -0.235285 -0.0229588   0.944486
   15.5226    -0.015539 -0.000899491  0.000393696  -0.240656 -0.0294285   0.951688
   15.5283   0.0126905 -0.00569318  0.00998108  -0.239435 -0.0313816   0.968534
   15.5324   0.0105599 -0.00409528  0.00838318   -0.24151 -0.0205174   0.988432
   15.5384 -0.00382113 -0.00196476  0.00572002  -0.244806 -0.0173435   0.991849
   15.5425   -0.0229959 -0.000366859   0.00252422  -0.239069 -0.0238133   0.977567
   15.5484   -0.0187348 -0.000899491   0.00518738  -0.232599 -0.0229588   0.965971
   15.5528  0.00363572 -0.00249739   0.0105137  -0.236261 -0.0222263   0.959867
   15.5584 -0.00222324 -0.00303002  0.00465475  -0.240412 -0.0308933   0.960111
   15.5629  -0.00914745  -0.00356265 -0.000138942  -0.239557 -0.0306492    0.97537
   15.5681   -0.015539 -0.00303002 0.000393692  -0.241877 -0.0185642   0.993436
   15.5726 -0.00435376 -0.00622581   0.0110463  -0.243464 -0.0189304   0.989896
   15.5784   0.0201473 -0.00729108    0.021699  -0.235285 -0.0255222   0.969022
   15.5829    0.0180168 -0.000899491    0.0169053  -0.228937 -0.0223484   0.952543
   15.5884 -0.00595166  0.00336157  0.00252422   -0.23321 -0.0230808    0.94705
   15.5924   -0.015539 0.000698406 -0.00226947  -0.236383 -0.0330906    0.95535
   15.5984 -0.00435376 -0.00409528  0.00252422  -0.237238 -0.0312595    0.97891
   15.6026 0.000972558 -0.00622581  0.00625265  -0.243097 -0.0197849   0.999418
   15.6084  0.00736414 -0.00622581   0.0126442  -0.244562 -0.0197849    1.00015
   15.6128  0.00203782 -0.00249739   0.0131769 -0.237848 -0.023325  0.983915
   15.6183 -0.0208654 0.00336157 0.00518738  -0.233698 -0.0207615   0.962186
   15.6226 -0.0240612  0.0022963 0.00199159  -0.234919 -0.0246677   0.947782
   15.6284  -0.0102127 -0.00249739  0.00358948  -0.236383 -0.0334568   0.949979
   15.6326 -9.27062e-05  -0.00462792   0.00412212  -0.238214 -0.0289402   0.965604
   15.6384 -9.27062e-05  -0.00409528   0.00412212  -0.242731 -0.0203953   0.984769
   15.6426 -9.27062e-05  -0.00356265   0.00785054  -0.242975 -0.0223484   0.990507
   15.6484   -0.0123432 -0.000899491   0.00412212   -0.23736 -0.0230808   0.980375
   15.6528  -0.0171369 0.000165774  0.00412212  -0.234186 -0.0196629   0.967435
   15.6584 -0.00382113 -0.00143212  0.00944844  -0.235529 -0.0247898   0.959135
   15.6628 -0.00222324 -0.00249739  0.00518738  -0.236872 -0.0318699   0.960111
   15.6683  0.00789678 -0.00622581  0.00838318  -0.239191 -0.0260105   0.974271
   15.6725   0.0185494 -0.00782371   0.0169053  -0.243708 -0.0196629   0.991849
   15.6784  0.00416835 -0.00622581   0.0153074  -0.244318 -0.0225925   0.992338
   15.6826  -0.0107454 -0.00356265  0.00891581  -0.238092 -0.0218601   0.973905
   15.6884  -0.00648429 -0.000366859   0.00785055  -0.232843 -0.0191746   0.953397
   15.6929 0.00363572 0.00123104 0.00944844  -0.233942 -0.0256443   0.945341
   15.6983   0.00416835 -0.000366859   0.00625265  -0.236139 -0.0324802   0.952665
   15.7024  0.00363572 -0.00409528  0.00305685  -0.238825 -0.0279636   0.970121
   15.7084  0.00416835 -0.00622581  0.00572002  -0.24444 -0.021616  0.992948
   15.7126  0.00949467 -0.00675845   0.0126442  -0.246759 -0.0212498    1.00491
   15.7184   0.0121578 -0.00462792   0.0147748  -0.242731 -0.0194187   0.989774
   15.7228  -0.00115797 -0.000366859    0.0105137  -0.238092 -0.0184422   0.965849
   15.7283 -0.00701693 0.000165774   0.0105137  -0.237604 -0.0255222   0.951566
   15.7325  0.00150519 -0.00249739   0.0105137  -0.239069 -0.0308933   0.949369
   15.7383  0.00842941 -0.00409528  0.00785054   -0.24029 -0.0264988   0.957426
   15.7428  0.00203782 -0.00356265  0.00572002  -0.244196 -0.0223484   0.977933
   15.7484 -0.00435376 -0.00356265  0.00625265  -0.245661 -0.0232029   0.990385
   15.7524 -0.00648429 -0.00303002  0.00838318  -0.240046 -0.0214939   0.979154
   15.7584   -0.0150064 -0.000366859   0.00572002  -0.235163 -0.0201511   0.966093
   15.7629  -0.00861482 -0.000899491   0.00678528 -0.236505 -0.025156  0.959745
   15.7684  0.00789678 -0.00409528  0.00891581  -0.237482 -0.0293064    0.95828
   15.7725   0.0164189 -0.00675845  0.00944844  -0.237604 -0.0267429   0.970365
   15.7784   0.0158863 -0.00782371   0.0126442  -0.243464 -0.0225925   0.992216
   15.7824  0.00470098 -0.00675845   0.0121116  -0.246027 -0.0223484   0.996732
   15.7881 0.000439926 -0.00569318   0.0131769  -0.238214 -0.0203953   0.977079
   15.7927 -0.00382113 -0.00143212   0.0110463  -0.232477 -0.0202732   0.958036
   15.7984 -0.0032885 0.00176367 0.00678528  -0.234064 -0.0266209   0.947904
   15.8027  0.00736415 -0.00196476  0.00785054  -0.234064 -0.0324802   0.945707
   15.8083   0.0105599 -0.00462792  0.00731791   -0.23443 -0.0290623   0.962186
   15.8126   0.0126905 -0.00622581  0.00944844  -0.242487 -0.0227146   0.991605
   15.8184 -0.00382113 -0.00622581  0.00678528  -0.245905 -0.0228367    1.00467
   15.8228  -0.0198001 -0.00356265  0.00358949  -0.237848 -0.0208836   0.992582
   15.8284  -0.0187348 0.000165774  0.00625265 -0.233576 -0.018198  0.974882
   15.8327 -0.0187348  0.0022963 0.00572002  -0.236017 -0.0240574   0.958036
   15.8381 -0.00754956 -0.00249739  0.00731791  -0.234674 -0.0308933   0.947904
   15.8425   0.0137557 -0.00622581   0.0110463  -0.233698 -0.0280857   0.955717
   15.8484     0.02068 -0.00462792   0.0126442  -0.240778 -0.0229588   0.978178
   15.8526  -0.0016906 -0.00303002  0.00678528  -0.242975 -0.0238133   0.988676
   15.8584  -0.0128759 -0.00249739  0.00465475  -0.234674 -0.0224705   0.980009
   15.8631 -0.000625339 -0.000899491   0.00998108   -0.23321 -0.0189304   0.971342
   15.8683  -0.00435376 -0.000366859   0.00838318   -0.23736 -0.0249119    0.96121
   15.8726 -0.00754956 -0.00249739  0.00518738  -0.233942 -0.0317478   0.954496
   15.8784  0.00789678 -0.00516055  0.00678528  -0.235285 -0.0263767   0.968412
   15.8826  0.00949467 -0.00622581  0.00731792  -0.246393 -0.0219822   0.992948
   15.8884  0.00310309 -0.00569318  0.00891581  -0.247004 -0.0249119   0.997587
   15.8925 0.000439926 -0.00303002    0.011579  -0.238459 -0.0211277   0.982694
   15.8984 -0.00595166 0.000698406   0.0110463   -0.23797 -0.0169773   0.966459
   15.9028 -0.00754956 0.000165774  0.00944844 -0.238459 -0.025034  0.946439
   15.9084  -0.00648429 -0.000899491   0.00518738   -0.23321 -0.0328465   0.938749
   15.9125  0.00470098 -0.00196476  0.00572002  -0.236017 -0.0278416   0.957304
   15.9184  0.00363572 -0.00356265  0.00518738  -0.247126 -0.0239353   0.984647
   15.9229 -0.00115797 -0.00569318  0.00625265  -0.247126 -0.0267429   0.998319
   15.9284  0.00789678 -0.00569318   0.0121116  -0.240534 -0.0207615   0.993436
   15.9327  0.00576625 -0.00249739   0.0142421  -0.241755 -0.0151463   0.980375
   15.9384 -0.00382113 -0.00196476   0.0126442  -0.240656 -0.0247898   0.960355
   15.9425 -0.00435376 -0.00143212  0.00731791  -0.233942 -0.0307713   0.948148
   15.9484  0.00310309 -0.00143212  0.00678528  -0.237726 -0.0246677   0.957182
   15.9529  0.00203782 -0.00409528  0.00731792  -0.246881 -0.0244236   0.973783
   15.9584 -0.00754956 -0.00409528  0.00465475  -0.244196 -0.0273533   0.982938
   15.9625 -0.00648429 -0.00143212  0.00785055  -0.238337 -0.0197849   0.983549
   15.9684 -0.00382113 -0.00196476   0.0126442 -0.239557 -0.016367  0.974027
   15.9728  -0.0102127 -0.00196476  0.00731791  -0.237604 -0.0271091   0.957304
   15.9784  -0.00275587 -0.000899491   0.00412212  -0.232233 -0.0300388   0.951444
   15.9826  0.00257045 -0.00249739  0.00625265  -0.238214 -0.0221043   0.964994
   15.9884 -0.000625339  -0.00569318   0.00785055 -0.247248 -0.025156  0.985868
   15.9926 -0.00435376 -0.00622581  0.00678528  -0.244196 -0.0278416   0.996244
   15.9983 -0.00648429 -0.00516055  0.00518738  -0.239313 -0.0239353   0.996976
   16.0024 -0.00648429 -0.00303002  0.00891581  -0.241022 -0.0227146   0.979032
   16.0084 -9.27062e-05  -0.00196476    0.0126442  -0.235895 -0.0272312   0.949369
   16.0128  0.00257045 -0.00196476  0.00891581  -0.229547 -0.0297947   0.941679
   16.0184  -0.00115797 -0.000899491   0.00518738  -0.230036 -0.0266209   0.945707
   16.0225 0.000972558 -0.00356265  0.00572002  -0.236994 -0.0297947   0.966093
   16.0284  0.00150519 -0.00516055  0.00625265  -0.240168 -0.0279636   0.992582
   16.0328  0.00416835 -0.00409528   0.0105137  -0.238581 -0.0172215   0.997831
   16.0384  0.00842941 -0.00409528   0.0147748  -0.240778 -0.0114841   0.996976
   16.0426 -0.00222324 -0.00303002   0.0110463  -0.234552 -0.0219822   0.976102
   16.0484  -0.0128759 -0.00196476  0.00731792  -0.228327 -0.0324802   0.955228
   16.0526  0.00576625 -0.00462792    0.011579  -0.234552 -0.0294285   0.960966
   16.0584   0.0244084 -0.00729108     0.01584  -0.240778 -0.0263767   0.966703
   16.0627  0.00310309 -0.00462792  0.00838318  -0.238947 -0.0238133   0.976469
   16.0684  0.00150519 -0.00249739   0.0105137  -0.236994 -0.0170994   0.984037
    16.073  0.00203782 -0.00196476   0.0126442  -0.235895 -0.0188084   0.973539
   16.0784   -0.0171369 -0.000899491   0.00518738  -0.234919 -0.0246677   0.965238
   16.0826  -0.00754956 -0.000899491   0.00678528 -0.233088 -0.023325  0.959379
   16.0884   0.00203782 -0.000899491   0.00838318  -0.231256 -0.0219822   0.953519
   16.0926 -9.27062e-05  -0.00356265   0.00625265  -0.236505 -0.0277195   0.974638
   16.0984 -0.00222324 -0.00622581  0.00412212  -0.241755 -0.0334568   0.995756
   16.1026 -0.00701693 -0.00462792  0.00572002  -0.242365 -0.0227146   0.992826
   16.1084  -0.0118106 -0.00303002  0.00731792  -0.242975 -0.0119724   0.989896
   16.1127  -0.0048864 -0.00249739   0.0105137  -0.235895 -0.0202732   0.968778
   16.1184  0.00203782 -0.00196476   0.0137095 -0.228815 -0.028574   0.94766
   16.1226  0.00629888 -0.00249739    0.011579  -0.234308 -0.0295506   0.949979
   16.1284   0.0105599 -0.00303002  0.00944844  -0.239801 -0.0305271   0.952299
   16.1329   0.0137557 -0.00569318   0.0110463  -0.240168 -0.0245457   0.974149
   16.1384   0.0169515 -0.00835634   0.0126442  -0.240534 -0.0185642      0.996
   16.1427  0.00629888 -0.00622581   0.0126442  -0.240046 -0.0218601   0.989042
   16.1484 -0.00435376 -0.00409528   0.0126442 -0.239557 -0.025156  0.982084
   16.1526 -0.00275587 -0.00409528   0.0110463  -0.237726 -0.0236912   0.967435
   16.1584 -0.00115797 -0.00409528  0.00944844  -0.235895 -0.0222263   0.952787
   16.1631 -0.00595166 -0.00303002  0.00572002  -0.238825 -0.0266209   0.956815
    16.168 -0.00275587 -0.00409528  0.00518738 -0.242365 -0.030405  0.969266
   16.1727  -0.0107454 -0.00196476  0.00358948  -0.242853 -0.0239353   0.980497
   16.1784  -0.0267243   0.0022963 -0.00120421  -0.242731 -0.0180759   0.983305
   16.1829  -0.00701693 -0.000366859   0.00785054 -0.238092 -0.021616  0.966947
   16.1884   0.0126905 -0.00303002   0.0169053 -0.233454 -0.025156   0.95059
   16.1926  0.00949467 -0.00303002   0.0121116  -0.238581 -0.0273533   0.957548
   16.1984  0.00629888 -0.00303002  0.00731792  -0.243708 -0.0295506   0.964506
   16.2028  0.00523362 -0.00462792  0.00838318  -0.244318 -0.0240574   0.981351
   16.2084  0.00416835 -0.00622581  0.00944844  -0.244928 -0.0185642   0.998197
   16.2126  -0.0048864 -0.00356265  0.00944844  -0.244562 -0.0206394   0.987455
   16.2184   -0.0139411 -0.000899491   0.00944844  -0.244196 -0.0227146   0.976713
   16.2229   -0.0102127 -0.000366859   0.00891581  -0.239313 -0.0232029   0.962064
   16.2282   0.00310309 -0.000899491    0.0110463  -0.233698 -0.0246677   0.942167
   16.2326  0.00310309 -0.00303002  0.00785055  -0.237726 -0.0278416   0.954618
   16.2384 -0.00648429 -0.00409528  0.00199159  -0.242487 -0.0300388   0.972318
   16.2428  -0.0134085 -0.00356265  0.00199159  -0.242609 -0.0245457   0.986234
   16.2484  -0.0203327 -0.00303002  0.00199159  -0.242731 -0.0190525    1.00015
   16.2526  -0.0171369 -0.00249739  0.00518738  -0.241755 -0.0213718   0.991483
   16.2584  -0.0139411 -0.00196476  0.00838318  -0.235895 -0.0244236   0.971952
   16.2625  -0.0032885 -0.00249739  0.00944844  -0.231134 -0.0247898   0.957792
   16.2684  0.00683151 -0.00356265  0.00944844  -0.235773 -0.0262547   0.957914
   16.2725  0.00896204 -0.00516055  0.00891581  -0.240534 -0.0290623   0.966703
   16.2784  0.00150519 -0.00516055  0.00572002  -0.239557 -0.0257664   0.980863
   16.2829 -0.00808219 -0.00462792  0.00678528 -0.240778 -0.019907  0.991605
   16.2884 -0.00861482 -0.00356265  0.00944844   -0.24151 -0.0201511   0.981351
   16.2926  -0.0128759 -0.00143212  0.00678528 -0.233454 -0.023325  0.958158
   16.2984 -0.00968009 0.000165774  0.00678528  -0.228693 -0.0245457   0.947904
   16.3026  0.00629888 -0.00143212  0.00998108  -0.236017 -0.0269871   0.953886
   16.3084   0.0212126 -0.00675845   0.0121116  -0.240534 -0.0312595   0.968534
   16.3126   0.0228105 -0.00835634   0.0126442  -0.239191 -0.0260105   0.990507
   16.3184  0.00949467 -0.00569318   0.0105137  -0.243952 -0.0167332    1.00369
   16.3227 -0.00914745 -0.00356265  0.00678528  -0.245295 -0.0191746   0.992704
   16.3284  -0.0198001 -0.00143212  0.00518738 -0.235407 -0.023447  0.968046
   16.3325 -0.0176696 0.00176367 0.00465475  -0.231256 -0.0224705   0.949369
   16.3384  -0.0123432 0.000165774  0.00465475  -0.236872 -0.0269871   0.946683
   16.3428 -0.00968009 -0.00462792  0.00305685  -0.238092 -0.0324802   0.956327
   16.3484 -0.00115797 -0.00569318  0.00572002  -0.236994 -0.0260105   0.975858
   16.3527   0.0121578 -0.00569318   0.0126442  -0.242487 -0.0188084   0.995145
   16.3584 -0.00808219 -0.00462792  0.00891581  -0.242731 -0.0219822   0.990751
   16.3628   -0.0245938 -0.000899491   0.00358949  -0.233454 -0.0239353   0.972684
   16.3684 -0.00861482 0.000698406  0.00625265  -0.232111 -0.0214939   0.964017
   16.3729 0.000972558 -0.00303002  0.00838318  -0.238947 -0.0263767   0.958524
   16.3781  0.00683151 -0.00675845  0.00838318 -0.238947 -0.031992  0.961454
   16.3825  -0.0016906 -0.00409528  0.00358949  -0.239557 -0.0245457   0.981718
   16.3884  -0.0118106 -0.00249739  0.00518738  -0.246759 -0.0180759   0.995756
    16.393 -0.000625339  -0.00516055    0.0137095   -0.24383 -0.0228367   0.982572
   16.3984  0.00949467 -0.00409528   0.0153074  -0.233454 -0.0241795   0.960111
   16.4026  0.00683151 0.000165774   0.0110463   -0.23382 -0.0212498   0.949491
   16.4084 -0.00541903 0.000698406  0.00412212  -0.238947 -0.0283299   0.946806
   16.4127 -0.00914745 -0.00303002 0.000393692   -0.23736 -0.0343113   0.959745
   16.4183 -0.00648429 -0.00462792 0.000926323  -0.240778 -0.0247898   0.987699
   16.4224 -0.00968009 -0.00462792  0.00358948  -0.249689 -0.0185642    1.00381
   16.4284  -0.0102127 -0.00516055  0.00785054  -0.245539 -0.0230808   0.994901
   16.4329  -0.0128759 -0.00196476  0.00785054  -0.236261 -0.0211277   0.974882
   16.4382 -0.0139411 0.00176367 0.00625265  -0.236505 -0.0190525   0.956571
   16.4425  -0.00754956 -0.000366859   0.00678528  -0.237848 -0.0294285    0.94473
   16.4484 -0.00541903 -0.00303002  0.00305685  -0.235773 -0.0332127    0.95059
   16.4528  0.00683151 -0.00462792  0.00731791  -0.239679 -0.0229588   0.972562
   16.4584 -0.00541903 -0.00409528  0.00572001  -0.245539 -0.0207615   0.990018
   16.4628  -0.0176696 -0.00249739  0.00199159  -0.240656 -0.0258884   0.989042
   16.4682 -0.00435376 -0.00196476  0.00731791  -0.234186 -0.0212498   0.977323
   16.4725  0.00416835 -0.00196476  0.00998107  -0.236139 -0.0189304    0.96536
   16.4784  0.00257045 -0.00303002  0.00891581  -0.237848 -0.0295506   0.957792
   16.4826 -0.00435376 -0.00303002  0.00305685  -0.236017 -0.0311375   0.962308
   16.4883  0.00576625 -0.00516055  0.00625265  -0.240412 -0.0208836   0.980741
   16.4925 -0.000625338  -0.00569318   0.00785055  -0.246271 -0.0213718   0.994779
   16.4984  -0.0144738 -0.00196476  0.00518738    -0.2409 -0.0246677   0.987211
   16.5029 -0.0198001 0.00123104 0.00412212  -0.233942 -0.0183201   0.968656
   16.5085 -0.0192675 0.00123104 0.00465475  -0.234308 -0.0201511   0.951932
   16.5125  -0.0048864 -0.00196476  0.00891581  -0.233942 -0.0317478   0.944242
   16.5185   0.0158863 -0.00516055   0.0121116  -0.233454 -0.0323582   0.955961
   16.5226   0.0233431 -0.00782371   0.0137095   -0.2409 -0.023325   0.97891
   16.5285   0.0180168 -0.00835634   0.0131769  -0.246637 -0.0228367   0.998441
   16.5329  0.00416835 -0.00516055  0.00838318  -0.241632 -0.0235691    1.00137
   16.5385 -0.00754956 -0.00143212  0.00731791  -0.236628 -0.0166111   0.984525
   16.5426   -0.0048864 -0.000366859     0.011579  -0.236505 -0.0201511   0.962431
   16.5485  0.00470098 -0.00196476   0.0126442  -0.235163 -0.0318699    0.94766
   16.5531   0.0137557 -0.00356265   0.0110463  -0.234674 -0.0295506   0.950101
   16.5585 -9.27076e-05  -0.00303002   0.00465475  -0.239801 -0.0224705   0.965849
   16.5629  0.00523362 -0.00462792  0.00944844  -0.243341 -0.0252781   0.982572
   16.5685  0.00203782 -0.00516055   0.0110463  -0.239557 -0.0240574   0.987333
   16.5726  -0.0208654 -0.00143212  0.00412212 -0.236139 -0.016367  0.976835
   16.5785   -0.0176696 -0.000366859   0.00518738  -0.236017 -0.0213718    0.96475
    16.583 0.000439925 -0.00356265  0.00944844  -0.235529 -0.0310154   0.957914
   16.5883   0.0121578 -0.00516055  0.00998107   -0.23675 -0.0279636   0.962431
   16.5926  0.00416835 -0.00462792  0.00518738  -0.242609 -0.0232029   0.979032
   16.5985 -0.00541903 -0.00462792  0.00465475  -0.247004 -0.0256443   0.995267
   16.6031  -0.0171369 -0.00303002  0.00358948  -0.243464 -0.0224705   0.991239
   16.6084  -0.0144738 -0.00143212  0.00678528 -0.238092 -0.016367   0.97122
   16.6125 0.000972558 -0.00196476   0.0147748  -0.235529 -0.0230808   0.954618
   16.6185   -0.0032885 -0.000366859   0.00838318   -0.23382 -0.0311375   0.943876
   16.6227 -0.00968009 0.000698406 -0.00173684  -0.234186 -0.0291843   0.949247
   16.6284  -0.00808219 -0.000899491  -0.00120421 -0.240046 -0.025034  0.970853
   16.6326  -0.0032885 -0.00462792  0.00572001  -0.245539 -0.0245457   0.996122
   16.6385 -0.000625338  -0.00729108   0.00944844  -0.243097 -0.0219822     1.0032
   16.6429  -0.0107454 -0.00409528  0.00731791  -0.238947 -0.0172215   0.987455
   16.6483  -0.0128759 -0.00143212  0.00731791  -0.238214 -0.0213718    0.96829
   16.6526 -0.00701693 -0.00143212  0.00625265  -0.236505 -0.0291843   0.952177
   16.6585 -0.00275587 -0.00249739  0.00518738  -0.235285 -0.0275974    0.94705
    16.663 0.000439926 -0.00356265  0.00625265  -0.239557 -0.0255222   0.963895
   16.6683  0.00416835 -0.00569318  0.00838318  -0.244196 -0.0267429   0.984159
   16.6726  0.00842941 -0.00569318   0.0105137   -0.24151 -0.0224705   0.985624
   16.6784  0.00896204 -0.00249739   0.0126442 -0.237238 -0.018198  0.977323
   16.6825 -0.00435376 0.000698406  0.00838318  -0.237116 -0.0219822   0.967924
   16.6885  0.00470098 -0.00143212  0.00944844 -0.236017 -0.028574  0.957304
   16.6927   0.0137557 -0.00356265   0.0110463  -0.234186 -0.0284519   0.956083
   16.6985  0.00310309 -0.00356265  0.00731792  -0.239801 -0.0252781   0.975126
   16.7026 0.000439926 -0.00622581  0.00891581  -0.247736 -0.0252781   0.994657
   16.7085 -0.00435376 -0.00622581  0.00944844  -0.243586 -0.0221043   0.993436
    16.713 -0.00968009 -0.00249739  0.00998107  -0.237238 -0.0177097   0.980009
   16.7184  -0.0198001 0.000698406  0.00785054  -0.236628 -0.0213718   0.962186
   16.7226   -0.021398 0.000698406  0.00252422  -0.233088 -0.0286961   0.943143
   16.7285  -0.0128759 0.000165774 0.000393692  -0.230524 -0.0294285   0.942411
   16.7328 -0.00914745 -0.00196476  0.00145896  -0.237848 -0.0266209   0.965849
   16.7382  -0.0016906 -0.00675845  0.00625265  -0.244318 -0.0269871   0.991239
   16.7426 -0.00435376 -0.00782371  0.00731791  -0.239923 -0.0236912   0.997709
   16.7485  -0.0176696 -0.00356265  0.00625265  -0.237116 -0.0166111   0.992338
   16.7527  -0.0144738 -0.00196476  0.00998108  -0.238703 -0.0191746   0.977323
   16.7585 -0.00222324 -0.00249739  0.00998108  -0.234186 -0.0290623   0.954984
   16.7631   0.0100273 -0.00303002  0.00998108  -0.230768 -0.0279636   0.948515
   16.7685   0.0110926 -0.00409528  0.00944844  -0.239069 -0.0244236   0.964994
   16.7728  0.00576625 -0.00569318  0.00731791  -0.243952 -0.0278416   0.979887
   16.7785  0.00576625 -0.00675845    0.011579  -0.238459 -0.0243015   0.982816
   16.7825  0.00257045 -0.00303002   0.0126442  -0.236872 -0.0166111   0.981107
   16.7885  0.00363572 -0.00196476   0.0131769  -0.238703 -0.0200291   0.968046
   16.7929  0.00257045 -0.00196476  0.00944844   -0.23382 -0.0290623   0.953153
   16.7985  -0.00701693 -0.000366859   0.00199159  -0.232233 -0.0271091   0.954618
   16.8027  0.00629888 -0.00409528  0.00678528  -0.241632 -0.0235691   0.973173
   16.8085   0.0169515 -0.00729108   0.0121116  -0.246393 -0.0277195   0.992216
   16.8127 -0.00541903 -0.00462792  0.00891581 -0.240778 -0.023325  0.997343
   16.8185  -0.0102127 -0.00249739   0.0105137  -0.239923 -0.0142918   0.987699
   16.8228 -0.00968009 -0.00143212   0.0105137  -0.240656 -0.0208836    0.96475
   16.8284  -0.0107454 0.000165774  0.00785054  -0.231745 -0.0307713   0.941679
   16.8326  0.000439926 -0.000366859   0.00838318  -0.230036 -0.0289402   0.943143
   16.8385   -0.0118106 -0.000899491   0.00145896  -0.241022 -0.0279636   0.962919
   16.8427  -0.0139411 -0.00409528 0.000926323  -0.244562 -0.0306492   0.980863
   16.8485 -0.00541903 -0.00462792  0.00518738  -0.240656 -0.0236912   0.994047
    16.853  -0.0102127 -0.00196476  0.00625265  -0.242853 -0.0152683   0.996732
   16.8585 -0.00968009 -0.00249739  0.00838318  -0.242853 -0.0221043   0.979887
   16.8626 -0.00808219 -0.00196476  0.00678528  -0.234919 -0.0288181   0.957548
   16.8685  -0.00541903 -0.000366859   0.00358949 -0.235651 -0.023325  0.951566
   16.8729  0.00576625 -0.00303002  0.00625265 -0.244074 -0.025034  0.959989
   16.8784  0.00949467 -0.00622581  0.00891581  -0.244074 -0.0308933   0.973051
   16.8827 -0.000625339  -0.00356265   0.00625265  -0.241144 -0.0219822   0.985746
   16.8883  -0.0016906 -0.00143212  0.00838318  -0.243097 -0.0151463   0.984891
   16.8926  -0.0107454 -0.00143212  0.00785054  -0.239923 -0.0232029   0.967435
   16.8985  -0.0134085 0.000165774  0.00465475 -0.231256 -0.026865  0.952787
   16.9027 -0.00222324 0.000165774  0.00518738  -0.233454 -0.0224705    0.95413
   16.9085  0.00257045 -0.00462792  0.00678528  -0.241877 -0.0266209   0.966825
   16.9127  0.00470098 -0.00675845  0.00625265  -0.242609 -0.0308933   0.986112
   16.9185 -9.27062e-05  -0.00462792   0.00465475  -0.242609 -0.0192966   0.999784
   16.9229 -0.000625339  -0.00462792     0.011579  -0.244684 -0.0128269   0.993436
   16.9285 -0.00701693 -0.00303002   0.0126442  -0.238825 -0.0225925   0.970609
   16.9328  -0.0118106 0.000698406  0.00678528  -0.231134 -0.0262547   0.949979
   16.9384 -0.00222324 0.000698406  0.00785054   -0.23443 -0.0227146   0.943754
   16.9426  0.00576625 -0.00303002  0.00838318  -0.240534 -0.0284519   0.953397
   16.9484   0.0212126 -0.00675845   0.0110463  -0.241022 -0.0310154   0.974882
   16.9526   0.0270715 -0.00675845   0.0142421  -0.241877 -0.0201511   0.994291
   16.9585  -0.0128759 -0.00143212  0.00358949  -0.244196 -0.0167332   0.997099
   16.9627  -0.0283222 0.000698406 0.000926327  -0.239923 -0.0236912   0.981107
   16.9685  -0.00595166 -0.000366859   0.00838318 -0.233698 -0.023325  0.961942
   16.9729  -0.0032885 0.000165774  0.00838318  -0.236017 -0.0222263   0.954496
   16.9785  -0.0016906 -0.00249739  0.00785055  -0.240168 -0.0300388   0.959623
   16.9826 0.000972558 -0.00569318  0.00678528  -0.240046 -0.0299168   0.973905
   16.9885 -9.27066e-05  -0.00409528   0.00891581  -0.241388 -0.0191746   0.986845
   16.9925 -0.00648429 -0.00143212  0.00998107  -0.241877 -0.0194187   0.985258
   16.9985   -0.0139411 -0.000366859   0.00678528  -0.235651 -0.0255222   0.969999
   17.0029 -0.00861482 0.000698406  0.00625265  -0.229914 -0.0229588   0.955106
   17.0085    0.0116252 -0.000899491    0.0105137  -0.231745 -0.0232029   0.952543
   17.0126   0.0254736 -0.00409528   0.0110463 -0.236505 -0.030283  0.961576
   17.0185  0.00896204 -0.00462792  0.00199159  -0.239069 -0.0294285    0.98184
   17.0227  -0.0182022 -0.00356265 -0.00333473  -0.242121 -0.0200291   0.997831
   17.0285  -0.0224633 -0.00356265  0.00305685  -0.243708 -0.0195408    0.99661
   17.0329  -0.0139411 -0.00303002  0.00944844 -0.238703 -0.023325  0.980253
   17.0385  -0.00914745 -0.000366859   0.00998107  -0.232721 -0.0218601   0.956571
   17.0427 -0.00914745 0.000698406  0.00785054  -0.233088 -0.0254002   0.943021
   17.0485   -0.0182022 -0.000366859   0.00145896  -0.236505 -0.0329685   0.949125
   17.0526 -0.00914745 -0.00409528  0.00358949  -0.239557 -0.0297947    0.96829
   17.0585     0.02068 -0.00782371     0.01584  -0.241877 -0.0211277   0.987577
    17.063   0.0254736 -0.00729108   0.0195685  -0.242487 -0.0213718   0.995756
   17.0681  0.00203782 -0.00409528   0.0121116 -0.238947 -0.023325  0.985258
   17.0728 -0.00648429 -0.00249739  0.00891581   -0.23382 -0.0222263   0.966581
   17.0785  0.00363572 -0.00143212   0.0110463   -0.23382 -0.0256443    0.95828
   17.0828  0.00257045 -0.00196476  0.00731791  -0.237116 -0.0308933   0.960233
   17.0885   0.0100273 -0.00729108  0.00785054  -0.238581 -0.0280857   0.970487
   17.0926  0.00363572 -0.00622581  0.00731791  -0.240534 -0.0224705   0.986478
   17.0985 -0.00382113 -0.00303002  0.00998107  -0.241999 -0.0225925   0.989652
   17.1026  -0.00968009 -0.000899491   0.00891581   -0.23797 -0.0227146   0.973173
   17.1085 -0.0160717  0.0022963 0.00358948 -0.232111 -0.021616   0.95413
   17.1129 -0.0032885 0.00176367 0.00572002   -0.23321 -0.0260105    0.94766
   17.1185  -0.00968009  0.000165774 -0.000138938  -0.238947 -0.0316258   0.954496
   17.1226 -0.00701693 -0.00516055  0.00252422  -0.241632 -0.0293064   0.974515
   17.1285   0.0132231 -0.00995424   0.0142421  -0.245172 -0.0218601    0.99661
   17.1332  0.00150519 -0.00729108    0.011579  -0.248957 -0.0197849    1.00296
   17.1384   -0.0277896 -0.000899491   0.00145896  -0.245417 -0.0203953   0.985136
   17.1427  -0.0277896  0.00282893 0.000393692  -0.237848 -0.0195408   0.959013
   17.1485  -0.0267243  0.00495946 -0.00173683  -0.237848 -0.0232029   0.945707
   17.1526  -0.0251264  0.00336157 -0.00599789  -0.240656 -0.0295506   0.946439
   17.1585 -0.00222324 -0.00249739 0.000393692  -0.240168 -0.0275974   0.959745
    17.163 0.000439926 -0.00303002  0.00305685  -0.242609 -0.0207615   0.982206
   17.1685  -0.0144738 -0.00143212  0.00199159  -0.245661 -0.0191746   0.995023
   17.1725   -0.0277896 -0.000899491 -0.000671573  -0.240778 -0.0203953   0.984403
   17.1785   -0.0224633 -0.000366859   0.00199159  -0.233088 -0.0194187     0.9689
    17.183 -0.00754956 -0.00143212  0.00785054  -0.234186 -0.0218601   0.962308
   17.1883 -0.00275587 -0.00462792  0.00678528  -0.236261 -0.0280857   0.959867
   17.1928 0.000439926 -0.00622581  0.00572002  -0.234308 -0.0262547   0.968778
   17.1985  0.00363572 -0.00569318  0.00838318  -0.237604 -0.0197849   0.989774
   17.2027  0.00629888 -0.00569318   0.0142421  -0.240534 -0.0197849   0.994047
   17.2085  0.00576625 -0.00462792   0.0163727  -0.232843 -0.0225925    0.97537
   17.2129   -0.015539 0.000698406  0.00678528   -0.22613 -0.0208836   0.958158
   17.2185 -0.0144738 0.00282893 0.00465475  -0.230524 -0.0243015   0.949369
   17.2227   0.0158863 -0.00409528   0.0131769  -0.234186 -0.0323582   0.949613
   17.2285   0.0292021 -0.00888897   0.0153074  -0.234064 -0.0305271   0.968046
   17.2327   0.0302673 -0.00942161   0.0190358  -0.241755 -0.0223484   0.995267
   17.2385   0.0174842 -0.00995424   0.0206337  -0.248346 -0.0224705    1.00345
    17.243  0.00203782 -0.00675845     0.01584  -0.241632 -0.0235691   0.988065
   17.2483  -0.0134085 0.000165774  0.00731791  -0.236628 -0.0195408   0.968778
   17.2527 -0.0224633 0.00336157 0.00252422  -0.240412 -0.0243015   0.952787
   17.2585  -0.0224633 0.000698406  0.00145896  -0.239557 -0.0343113    0.94412
   17.2627   -0.0203327 -0.000366859  -0.00226947   -0.23736 -0.0310154   0.954984
   17.2685   -0.0102127 -0.000899491 -0.000138938  -0.244562 -0.0227146   0.978544
   17.2731 -0.00275587 -0.00462792  0.00731791  -0.247004 -0.0245457   0.990263
   17.2782  -0.0048864 -0.00409528  0.00838318  -0.237604 -0.0230808   0.984037
   17.2827 -0.0176696  0.0022963 0.00199159   -0.23382 -0.0178318   0.974149
   17.2885 -0.0198001  0.0022963 0.00145896  -0.236261 -0.0235691   0.962797
   17.2928 0.000972558 -0.00356265  0.00785054 -0.232843 -0.031992  0.955595
   17.2984 0.000972558 -0.00356265  0.00412212  -0.232233 -0.0263767   0.968412
   17.3026 -0.00808219 -0.00409528  0.00305685  -0.241022 -0.0196629   0.989652
   17.3085  0.00416835 -0.00835634   0.0121116  -0.242121 -0.0243015   0.992948
   17.3127   0.0110926 -0.00675845   0.0163727  -0.232599 -0.0221043   0.980009
   17.3185  -0.00275587 -0.000899491    0.0121116  -0.230402 -0.0153904   0.964628
    17.323  0.00576625 -0.00249739   0.0142421  -0.233088 -0.0238133   0.949247
   17.3284   0.0270715 -0.00516055   0.0174379 -0.230768 -0.033823  0.943998
   17.3325   0.0201473 -0.00356265    0.011579   -0.23443 -0.0273533   0.962431
   17.3384  0.00523362 -0.00462792  0.00891581  -0.247004 -0.0213718   0.988554
   17.3426  -0.0032885 -0.00516055  0.00838318  -0.248835 -0.0245457   0.999662
   17.3485  -0.0128759 -0.00196476  0.00625265  -0.242487 -0.0200291   0.993925
   17.3528  -0.0251264 0.000165774  0.00572002  -0.243464 -0.0142918   0.977689
   17.3585  -0.0160717 -0.00249739   0.0110463  -0.243341 -0.0244236   0.956205
   17.3628 -0.00222324 -0.00356265  0.00998107  -0.238214 -0.0322361   0.944242
   17.3682 -0.00701693 -0.00249739  0.00252422 -0.241022 -0.025034  0.952909
   17.3727  0.00257045 -0.00516055  0.00518738  -0.249079 -0.0238133   0.972684
   17.3785 -0.00541903 -0.00462792  0.00412212  -0.246027 -0.0272312   0.986845
   17.3827   -0.0182022 -0.000899491   0.00199159  -0.238581 -0.0195408   0.985746
   17.3885  -0.00541903 -0.000366859   0.00891581  -0.238825 -0.0156345   0.975126
   17.3931  -0.0032885 -0.00143212  0.00944844  -0.236872 -0.0271091   0.962308
   17.3983  0.00257045 -0.00409528  0.00785054  -0.230768 -0.0306492   0.956571
   17.4028  0.00363572 -0.00516055  0.00731791   -0.23443 -0.0227146    0.96536
   17.4084 -0.000625339  -0.00675845   0.00838318  -0.242609 -0.0245457   0.983305
   17.4126   0.0126905 -0.00942161   0.0147748  -0.241022 -0.0277195   0.993803
   17.4185  0.00629888 -0.00462792   0.0137095  -0.236261 -0.0185642   0.987089
   17.4228 -0.0123432 0.00123104 0.00731791 -0.236261 -0.016367  0.970121
   17.4285   -0.0267243    0.0038942 -0.000138938  -0.23443 -0.028574  0.950956
   17.4327  -0.0256591  0.00282893 -0.00226947  -0.232233 -0.0315037   0.941557
   17.4385  -0.0032885 -0.00143212  0.00305685  -0.238092 -0.0260105   0.955595
   17.4427   0.0244084 -0.00888897   0.0142421  -0.247248 -0.0277195   0.980009
   17.4485   0.0217452 -0.00942161   0.0147748  -0.247858 -0.0275974   0.997343
   17.4529 -0.00435376 -0.00356265  0.00678528  -0.245295 -0.0190525   0.998319
   17.4585  -0.0123432 -0.00196476  0.00838318  -0.245905 -0.0177097   0.981962
   17.4629    -0.011278 -0.000899491   0.00891581 -0.242365 -0.026865  0.959501
   17.4684 -9.27066e-05  -0.00196476   0.00838318  -0.238214 -0.0299168   0.946928
   17.4726  0.00629888 -0.00249739  0.00785055  -0.240778 -0.0266209   0.951078
   17.4785  0.00842941 -0.00462792  0.00944844  -0.244684 -0.0294285   0.969389
   17.4829   0.0121578 -0.00622581  0.00998107  -0.242975 -0.0283299   0.985624
   17.4883  0.00363572 -0.00303002  0.00785055  -0.239679 -0.0189304   0.984891
    17.493 0.000439926 -0.00303002    0.011579  -0.237116 -0.0205174   0.974882
   17.4985  -0.0048864 -0.00249739  0.00891581  -0.232721 -0.0278416   0.962064
   17.5028  -0.0150064 0.000698406 0.000393692  -0.230036 -0.0266209   0.955228
   17.5086 -0.00541903 -0.00143212  0.00252422   -0.23382 -0.0245457   0.963529
   17.5128  0.00416835 -0.00569318  0.00625265  -0.239679 -0.0273533   0.984525
   17.5184 0.000972558 -0.00675845  0.00625265   -0.24151 -0.0260105   0.999662
   17.5226 -0.00861482 -0.00569318  0.00838318  -0.239191 -0.0174656    0.99307
   17.5286  -0.0032885 -0.00409528   0.0142421  -0.236628 -0.0170994    0.97476
    17.533  -0.0016906 -0.00143212   0.0121116  -0.234308 -0.0252781   0.953886
   17.5386  -0.0176696  0.00176367 0.000926323  -0.231501 -0.0284519   0.939725
   17.5426  -0.0134085 0.000165774 0.000926323  -0.235407 -0.0267429   0.948515
   17.5486  -0.0032885 -0.00409528  0.00358948  -0.244562 -0.0273533   0.973661
    17.553 -0.00382113 -0.00675845  0.00465475  -0.24737 -0.025034  0.993436
   17.5586   0.0121578 -0.00942161   0.0147748  -0.244684 -0.0185642   0.997953
   17.5629  0.00416835 -0.00516055   0.0131769  -0.244074 -0.0186863   0.989408
   17.5686   -0.021398 0.000698406  0.00412212  -0.241266 -0.0235691    0.96768
   17.5727  -0.0160717 0.000165774  0.00465475  -0.236139 -0.0246677   0.949125
   17.5784  -0.0134085 0.000165774  0.00358948  -0.236872 -0.0246677   0.952665
   17.5827   -0.0171369  -0.00143212 -0.000138942  -0.241266 -0.0264988    0.96768
   17.5886  -0.0139411 -0.00462792  0.00145895  -0.240656 -0.0245457   0.979154
   17.5928  0.00470098 -0.00409528   0.0110463  -0.236505 -0.0192966   0.985136
   17.5986  -0.00701692 -0.000366859   0.00891581  -0.235529 -0.0186863   0.980375
   17.6031 -0.0299201 0.00176367 -0.0012042  -0.232355 -0.0239353   0.963651
   17.6086   -0.015539 0.000165774  0.00199159  -0.22674 -0.026865  0.953153
   17.6128   0.0116252 -0.00303002  0.00998107   -0.23089 -0.0258884   0.961454
   17.6186   0.0297347 -0.00516055   0.0137095 -0.236872 -0.025156  0.969877
   17.6227   0.0185494 -0.00675845   0.0105137   -0.23736 -0.0236912   0.984891
   17.6286  0.00416835 -0.00462792  0.00891581  -0.239069 -0.0178318   0.996732
   17.6329  -0.00595166 -0.000899491   0.00891581  -0.241388 -0.0169773    0.98245
   17.6386  -0.0107454 -0.00196476  0.00944844  -0.242487 -0.0205174   0.971342
   17.6428  0.00257045 -0.00303002   0.0126442  -0.235773 -0.0235691   0.957059
   17.6486   0.0137557 -0.00303002   0.0137095  -0.229059 -0.0266209   0.942777
   17.6528   0.0212126 -0.00675845   0.0137095  -0.238337 -0.0291843   0.959501
   17.6586   0.0158863 -0.00835634   0.0105137  -0.244928 -0.0273533   0.985014
   17.6631 -0.000625339  -0.00409528   0.00891581  -0.244074 -0.0184422   0.997709
   17.6684 -0.00435376 -0.00196476   0.0105137  -0.245905 -0.0139256    1.00162
   17.6728  -0.0032885 -0.00249739  0.00998107  -0.239313 -0.0212498   0.979154
   17.6786 -0.00222324 -0.00303002  0.00944844 -0.232721 -0.028574  0.956693
   17.6827  -0.0016906 -0.00303002  0.00731791  -0.238214 -0.0282078    0.95828
   17.6886 -0.00115797 -0.00303002  0.00518738  -0.243708 -0.0278416   0.959867
   17.6928 -0.000625338  -0.00303002   0.00572002  -0.239923 -0.0254002   0.972318
   17.6985 -9.27057e-05  -0.00303002   0.00625265  -0.236139 -0.0229588   0.984769
   17.7029   -0.015539 -0.00196476  0.00518738  -0.237726 -0.0240574   0.978422
   17.7086   -0.0309854 -0.000899491   0.00412212 -0.239313 -0.025156  0.972074
   17.7129 -0.0245938 0.00176367 0.00145895   -0.23443 -0.0240574   0.962431
   17.7186  -0.0182022  0.00442683 -0.00120421  -0.229547 -0.0229588   0.952787
   17.7226 -0.00222324 -0.00303002  0.00465475  -0.234674 -0.0289402   0.966459
   17.7286  0.0137557 -0.0104869  0.0105137  -0.239801 -0.0349216   0.980131
   17.7327  -0.0128759 -0.00516055  0.00358949 -0.244806 -0.023447  0.990141
   17.7386  -0.0395075 0.000165774 -0.00333473  -0.249811 -0.0119724    1.00015
   17.7429   -0.0304527 -0.000366859   0.00199159  -0.240412 -0.0189304   0.973539
   17.7486    -0.021398 -0.000899491   0.00731792  -0.231012 -0.0258884   0.946928
   17.7529  -0.0267243 0.000698406 0.000393696  -0.238214 -0.0284519   0.945951
   17.7586  -0.0320506   0.0022963 -0.00653052  -0.245417 -0.0310154   0.944974
    17.763   -0.021398 0.000165774     -0.0044 -0.243586 -0.025156  0.969022
   17.7686  -0.0107454 -0.00196476 -0.00226947  -0.241755 -0.0192966    0.99307
   17.7727 -0.00968009 -0.00303002  0.00412212   -0.24151 -0.0228367   0.989408
   17.7785 -0.00861482 -0.00409528   0.0105137  -0.241266 -0.0263767   0.985746
   17.7827  -0.0123432 -0.00143212  0.00625265  -0.238581 -0.0224705    0.97244
   17.7886 -0.0160717 0.00123104 0.00199159  -0.235895 -0.0185642   0.959135
    17.793 -0.00754956 -0.00249739  0.00412212   -0.23443 -0.0262547   0.962797
   17.7986 0.000972558 -0.00622581  0.00625265  -0.232965 -0.0339451   0.966459
   17.8026  -0.0150064 -0.00249739  0.00199159  -0.238459 -0.0260105   0.979032
   17.8086  -0.0309854  0.00123104 -0.00226947  -0.243952 -0.0180759   0.991605
   17.8132   -0.0224633 -0.000366859   0.00358948  -0.239191 -0.0235691   0.981962
   17.8184 -0.00275587 -0.00143212   0.0131769  -0.230402 -0.0247898    0.96475
   17.8228   0.0137557 -0.00303002   0.0153074  -0.232355 -0.0273533   0.955473
   17.8285   0.0190821 -0.00516055   0.0137095  -0.238337 -0.0341892   0.953764
   17.8327   0.0190821 -0.00569318   0.0121116  -0.241755 -0.0258884   0.978056
   17.8386   0.0190821 -0.00622581   0.0105137  -0.245172 -0.0175877    1.00235
   17.8429  0.00949467 -0.00569318   0.0105137  -0.243219 -0.0221043   0.992826
   17.8486 -9.27057e-05  -0.00516055    0.0105137  -0.241266 -0.0266209   0.983305
    17.853  0.00736415 -0.00303002   0.0131769  -0.239923 -0.0246677   0.963041
   17.8586     0.014821 -0.000899491      0.01584  -0.238581 -0.0227146   0.942777
   17.8628 0.000439926 -0.00143212  0.00731791  -0.237238 -0.0271091   0.952909
   17.8686  -0.0139411 -0.00196476 -0.00120421  -0.235895 -0.0315037   0.963041
   17.8731  -0.0150064 -0.00249739 -0.00173684  -0.239923 -0.0236912    0.97598
   17.8784   -0.0198001  -0.00356265 -0.000671573  -0.244684 -0.0201511   0.994047
   17.8828 -0.00275587 -0.00516055   0.0105137  -0.241144 -0.0257664   0.993681
   17.8886   0.0153536 -0.00409528   0.0185032   -0.23443 -0.0223484   0.979642
   17.8928  0.00789678 -0.00196476   0.0147748  -0.233698 -0.0205174   0.964384
   17.8986 -0.000625339  -0.00249739   0.00944844  -0.235407 -0.0293064   0.956815
   17.9027 -0.00115797 -0.00409528  0.00465475  -0.235163 -0.0316258    0.96121
   17.9086  0.00203782 -0.00516055  0.00465475  -0.238092 -0.0235691   0.976102
   17.9131  -0.0016906 -0.00409528  0.00785054  -0.242853 -0.0227146   0.988798
   17.9186 -0.00861482 -0.00249739  0.00944844  -0.240534 -0.0257664   0.985014
   17.9228   -0.0107454 -0.000899491   0.00891581  -0.234552 -0.0200291   0.967557
   17.9286 -0.00701693 0.000165774  0.00891581  -0.233942 -0.0206394   0.953886
   17.9328  -0.00808219 -0.000366859   0.00518738  -0.236505 -0.0306492   0.949735
   17.9386 -0.00861482 -0.00196476 0.000926323  -0.238581 -0.0310154    0.95767
   17.9428 -0.00115797 -0.00462792  0.00358948  -0.243464 -0.0236912   0.981596
   17.9486  0.00736414 -0.00675845  0.00998107   -0.24859 -0.0221043    1.00039
   17.9528  0.00150519 -0.00622581   0.0121116  -0.247004 -0.0228367   0.997709
   17.9586 -0.00808219 -0.00303002    0.011579   -0.24151 -0.0185642   0.976591
   17.9629 -0.00648429 0.000698406   0.0105137  -0.237604 -0.0212498   0.953641
   17.9684 0.00203782 0.00123104 0.00891581  -0.235773 -0.0328465    0.93997
    17.973 0.00150519 0.00123104 0.00465475  -0.234064 -0.0358982   0.939481
   17.9786  0.000972558 -0.000366859   0.00412212  -0.238581 -0.0283299   0.961576
   17.9828 -0.00701693 -0.00516055  0.00412212  -0.250299 -0.0170994   0.996732
   17.9886 -0.0160717 -0.0104869 0.00465475  -0.248713 -0.0055027    1.01504
   17.9927  -0.0102127 -0.00782371   0.0110463    -0.23089 -0.00794411     0.99954
   17.9986 0.000439926   0.0038942   0.0126442  -0.227106 -0.0296726     0.9689
   18.0031  0.0158863 0.00495946  0.0131769  -0.239679 -0.0446873   0.942533
   18.0083    0.014821 -0.00462792  0.00998107  -0.243708 -0.0324802   0.936552
   18.0128 0.00523362 -0.0110195 0.00838318  -0.243097 -0.0174656   0.965482
   18.0186   -0.011278 -0.00942161  0.00678528  -0.242609 -0.0208836    1.00491
   18.0231 -0.00914745 -0.00303002  0.00731791   -0.23736 -0.0245457    1.00857
   18.0286 0.00416835 0.00282893   0.011579  -0.235041 -0.0180759   0.974271
   18.0328 0.00629888  0.0022963  0.0131769  -0.239435 -0.0174656   0.939848
   18.0386  0.00576625 -0.00462792   0.0105137  -0.240656 -0.0293064   0.928861
   18.0428 -0.00382113 -0.00729108  0.00252422  -0.234186 -0.0377293   0.951444
   18.0486  -0.00808219  -0.00462792 -0.000138942  -0.233942 -0.0310154   0.993558
   18.0528 -0.00275587 -0.00249739  0.00358948  -0.242975 -0.0192966    1.01431
   18.0586 -0.00382113 -0.00143212  0.00731791  -0.244806 -0.0142918   0.999296
   18.0632   -0.0123432 -0.000366859   0.00891581   -0.23797 -0.0175877   0.973661
   18.0683  -0.0134085 0.000165774  0.00944844  -0.235163 -0.0286961   0.957548
   18.0728 -0.00648429 -0.00143212  0.00838318   -0.23382 -0.0351658   0.945707
   18.0786 0.000972558 -0.00356265  0.00625265  -0.230158 -0.0280857   0.947904
   18.0831  0.00842941 -0.00409528  0.00731791  -0.232843 -0.0186863    0.97244
   18.0884 -0.00382113 -0.00196476  0.00412212  -0.240168 -0.0227146   0.992582
   18.0929  0.00203782 -0.00303002  0.00944844  -0.239069 -0.0284519   0.988187
   18.0986  0.00629888 -0.00143212   0.0121116  -0.234919 -0.0224705   0.973539
   18.1028 -0.0187348 0.00176367 0.00145895   -0.23675 -0.0186863   0.966215
   18.1086  -0.0139411 -0.00356265  0.00412212  -0.235773 -0.0239353   0.962308
   18.1128 0.000972558 -0.00462792  0.00678528  -0.232233 -0.0280857   0.964506
   18.1185  0.00736415 -0.00143212  0.00572002  -0.238825 -0.0260105   0.978056
   18.1227 -0.00275587 -0.00143212  0.00412212  -0.248957 -0.0249119   0.989164
   18.1286  -0.0176696 -0.00249739  0.00305685  -0.246637 -0.0229588   0.982694
   18.1331  -0.0171369 -0.00196476  0.00625265  -0.239069 -0.0167332    0.97122
   18.1386   -0.0182022 -0.000366859   0.00572002  -0.238092 -0.0194187   0.962553
   18.1427  -0.0160717 0.000165774  0.00412212  -0.235895 -0.0290623   0.949857
   18.1486  -0.00382113 -0.000366859   0.00358948  -0.232355 -0.0294285   0.950224
   18.1529  -0.0016906 -0.00143212  0.00305685  -0.240534 -0.0236912   0.970731
   18.1586   -0.0144738  -0.00356265 -0.000138938  -0.249689 -0.0256443   0.989896
   18.1628  -0.0267243 -0.00409528  -0.0028021   -0.24383 -0.0260105   0.994901
   18.1686   -0.0309854  -0.00143212 -0.000671573 -0.238337 -0.016367  0.990751
   18.1728  -0.0283222 0.000165774  0.00252422  -0.239801 -0.0153904   0.975004
   18.1784  -0.0219306 0.000698406  0.00145895  -0.234308 -0.0262547     0.9512
   18.1827 -0.00648429 0.000165774  0.00358948  -0.230646 -0.0297947   0.946806
   18.1886   0.0132231 -0.00249739    0.011579  -0.238947 -0.0258884   0.960722
   18.1929 -0.00435376 -0.00303002  0.00412212   -0.24444 -0.0278416   0.976713
   18.1986 -0.00275587 -0.00462792  0.00518738  -0.238581 -0.0243015   0.986478
   18.2028   0.0137557 -0.00409528   0.0137095  -0.235895 -0.0139256   0.985136
   18.2086  -0.0144738 0.000165774  0.00518738  -0.238214 -0.0191746   0.973173
    18.213   -0.0134085 -0.000366859   0.00518738  -0.233942 -0.0312595    0.95535
   18.2182  0.00842941 -0.00249739  0.00944844  -0.232843 -0.0284519   0.954496
   18.2227 0.000972558 -0.00409528  0.00518738 -0.243341 -0.023325  0.971586
   18.2286 -0.00808219 -0.00675845  0.00358949  -0.247614 -0.0278416   0.988065
   18.2329  -0.0128759 -0.00516055  0.00358949  -0.241388 -0.0252781   0.995267
   18.2386   -0.0208654 -0.000366859   0.00305685 -0.24029 -0.01478 0.985502
   18.2428  -0.0182022 0.000698406  0.00625265 -0.240534 -0.019907  0.962431
   18.2486 -0.00701693 0.000165774  0.00785055  -0.234064 -0.0306492   0.942167
   18.2528  0.00416835 0.000698406  0.00678528  -0.232477 -0.0284519    0.94412
   18.2586  0.00949467 -0.00196476  0.00678528  -0.240656 -0.0273533   0.965116
   18.2627  0.00842941 -0.00569318  0.00572002  -0.244074 -0.0296726   0.986967
   18.2686  0.00310309 -0.00462792  0.00572002   -0.24029 -0.0211277    1.00088
    18.273  0.00203782 -0.00356265    0.011579    -0.2409 -0.0124607   0.997587
   18.2786  0.00257045 -0.00462792     0.01584  -0.240412 -0.0214939   0.976591
   18.2827  -0.0048864 -0.00249739  0.00998107  -0.232965 -0.0299168   0.952909
   18.2886 -0.00701693 0.000165774  0.00465475  -0.233454 -0.0249119   0.947172
    18.293 -0.00435376 -0.00196476  0.00358949  -0.241877 -0.0255222   0.957914
   18.2985  0.00789678 -0.00569318  0.00678528  -0.242609 -0.0305271   0.974271
   18.3027   0.0110926 -0.00462792  0.00944844  -0.240046 -0.0219822   0.986845
   18.3086   -0.0102127 -0.000899491   0.00572002  -0.242243 -0.0150242   0.984891
   18.3126  -0.0235285 0.000165774  0.00145895 -0.241022 -0.023447  0.969999
   18.3186   -0.0128759 -0.000366859   0.00199159  -0.234674 -0.0269871   0.957059
   18.3227 -9.27057e-05 -0.000366859   0.00518738  -0.236139 -0.0218601   0.956327
   18.3286 -0.00275587 -0.00249739  0.00465475  -0.243586 -0.0254002    0.96829
   18.3327 -0.00541903 -0.00516055  0.00358948   -0.24505 -0.0284519   0.986234
   18.3386 -0.00808219 -0.00409528  0.00412212   -0.24444 -0.0183201      0.996
   18.3431 -0.00595166 -0.00303002  0.00891581   -0.24505 -0.0139256   0.987577
   18.3484 -9.27066e-05  -0.00356265    0.0137095  -0.239191 -0.0225925   0.965482
   18.3527  0.00576625 -0.00303002   0.0142421 -0.231501 -0.025156  0.945829
   18.3586  0.000972558 -0.000899491   0.00944844  -0.231989 -0.0230808   0.943021
    18.363    -0.011278 -0.000899491   0.00199159  -0.236628 -0.0284519   0.957182
   18.3683 -0.00861482 -0.00409528 0.000926323  -0.238581 -0.0289402   0.980253
   18.3727  -0.0118106 -0.00462792  0.00199159  -0.238947 -0.0190525    0.99893
   18.3786  -0.0240612 -0.00196476 0.000926323  -0.239923 -0.0161228   0.998563
   18.3828   -0.0299201 -0.000366859  0.000393692  -0.236628 -0.0225925    0.98245
   18.3884   -0.0160717 -0.000899491   0.00572002  -0.231012 -0.0238133   0.961698
    18.393  0.00257045 -0.00249739   0.0110463  -0.231989 -0.0230808    0.95059
   18.3985  0.00842941 -0.00409528   0.0110463  -0.236872 -0.0310154   0.955473
   18.4027 -0.00648429 -0.00356265  0.00252422  -0.239557 -0.0317478   0.971708
   18.4086 -0.00808219 -0.00356265  0.00305686    -0.2409 -0.0208836   0.985258
   18.4127   0.0142884 -0.00462792   0.0163727  -0.241022 -0.0195408   0.986112
   18.4186  -0.00701693 -0.000899491   0.00785054   -0.23797 -0.0260105   0.973905
   18.4231   -0.0128759 -0.000899491   0.00465475   -0.23382 -0.0263767    0.95828
   18.4286   0.0110926 -0.00356265   0.0121116  -0.235407 -0.0266209   0.954618
   18.4327   0.0116252 -0.00462792  0.00944844  -0.24151 -0.032114  0.963651
   18.4386  0.00736414 -0.00782371  0.00731791  -0.244684 -0.0312595   0.980863
   18.4427  -0.0032885 -0.00675845  0.00625265 -0.245295 -0.023447  0.996976
   18.4486  -0.0192675 -0.00249739  0.00572002  -0.24444 -0.021616  0.994901
    18.453    -0.021398 -0.000899491   0.00625265  -0.239679 -0.0246677   0.974515
   18.4586   -0.0102127 -0.000366859   0.00838318 -0.232721 -0.025034  0.949491
   18.4628   0.00310309 -0.000366859    0.0105137  -0.231379 -0.0277195    0.94058
   18.4686  0.00736415 -0.00249739  0.00998107  -0.235773 -0.0327244   0.953275
   18.4728   0.0100273 -0.00569318  0.00944844 -0.238703 -0.030283  0.974027
   18.4786 0.000972559 -0.00516055  0.00572002  -0.240046 -0.0218601   0.993436
    18.483 -0.00861482 -0.00356265  0.00731791  -0.241022 -0.0188084   0.999052
   18.4886 -0.00541903 -0.00303002   0.0105137  -0.238337 -0.0208836   0.985624
   18.4928 -0.00754956 -0.00196476  0.00731792 -0.231989 -0.021616  0.963895
   18.4986 -0.000625338  -0.00249739   0.00944844  -0.231745 -0.0243015   0.954252
    18.503  0.00470098 -0.00462792  0.00891581  -0.237238 -0.0277195   0.956205
   18.5086  0.00416835 -0.00675845  0.00625265  -0.239069 -0.0258884   0.966825
   18.5128 -0.00595166 -0.00409528  0.00305685  -0.239801 -0.0201511   0.984525
   18.5185 -0.00754956 -0.00249739  0.00678528  -0.241999 -0.0185642    0.99014
   18.5227   -0.0192675 -0.000899491   0.00358949  -0.239435 -0.0206394   0.975004
   18.5287  -0.0139411 0.000165774  0.00412212  -0.232233 -0.0197849   0.957304
   18.5329   0.00789678 -0.000899491    0.0121116   -0.23321 -0.0213718   0.954496
   18.5387  0.00789678 -0.00356265  0.00998107  -0.240168 -0.0264988   0.960111
   18.5428   0.0180168 -0.00835634   0.0121116  -0.241144 -0.0272312   0.975736
   18.5487   0.0164189 -0.00835634   0.0137095  -0.242853 -0.0201511   0.996854
    18.553  0.00523362 -0.00675845   0.0137095  -0.24737 -0.016367   0.99954
   18.5587 -0.00222324 -0.00516055   0.0131769  -0.242609 -0.0190525     0.9783
    18.563 -0.00701693 -0.00143212  0.00998108  -0.232965 -0.0202732   0.953886
   18.5687 -0.00541903 0.000698406  0.00838318  -0.233576 -0.0235691   0.944852
   18.5727 -0.00115797 -0.00249739  0.00678528 -0.239313 -0.030283  0.948148
   18.5786  0.00203782 -0.00516055  0.00412212  -0.239191 -0.0301609   0.962919
   18.5827  0.00470098 -0.00409528  0.00465475  -0.241632 -0.0222263   0.986967
   18.5887  -0.0107454 -0.00249739  0.00358949 -0.247004 -0.019907  0.999296
   18.5929 -0.00914745 -0.00409528  0.00998108  -0.241999 -0.0221043   0.986723
   18.5985  -0.0048864 -0.00249739   0.0105137  -0.234552 -0.0224705   0.969144
    18.603  -0.0139411 0.000165774  0.00465475  -0.238459 -0.0255222    0.95828
   18.6087 -0.00648429 -0.00303002  0.00465475  -0.241877 -0.0317478   0.952665
   18.6129  0.00363572 -0.00516055  0.00625265  -0.239069 -0.0305271    0.96414
   18.6187 -0.00914745 -0.00249739  0.00252422  -0.243097 -0.0221043   0.985502
   18.6227 -0.00808219 -0.00462792  0.00678528  -0.248224 -0.0225925    0.98953
   18.6287 -0.00701693 -0.00462792  0.00731791  -0.240046 -0.0261326   0.973173
   18.6331 -0.0251264 0.00176367 -0.0012042  -0.232111 -0.0229588   0.959867
   18.6387 -0.0160717 0.00176367 0.00252422  -0.236261 -0.0249119    0.95413
   18.6427  0.00949467 -0.00356265  0.00944844   -0.23797 -0.0327244   0.952909
   18.6487   0.0132231 -0.00516055  0.00838318  -0.235285 -0.0315037   0.970121
    18.653  -0.0032885 -0.00356265  0.00305685  -0.241755 -0.0223484   0.997587
   18.6587  -0.0048864 -0.00569318  0.00944844  -0.246149 -0.0214939     1.0021
   18.6631 -0.00275587 -0.00569318   0.0137095  -0.236261 -0.0225925   0.984525
   18.6686 0.000439926 -0.00196476   0.0126442   -0.23028 -0.0186863   0.965971
   18.6728 -0.00595166 0.000165774  0.00891581 -0.233454 -0.023325  0.948759
   18.6787 0.000972559 -0.00303002  0.00838318  -0.232233 -0.0339451   0.942655
   18.6827   0.0185494 -0.00675845   0.0126442  -0.231745 -0.0299168   0.958646
   18.6887  0.00789678 -0.00462792  0.00838318  -0.240656 -0.0195408   0.983915
   18.6931 -0.00754956 -0.00462792  0.00412212  -0.243586 -0.0225925   0.996122
   18.6984 -0.00968009 -0.00462792  0.00572002  -0.235895 -0.0235691   0.989408
   18.7027  -0.0123432 -0.00143212  0.00678528   -0.23443 -0.0173435   0.977445
   18.7087 -0.00861482 -0.00249739  0.00838318  -0.239069 -0.0221043   0.961454
   18.7129 -0.00275587 -0.00356265  0.00731791  -0.236872 -0.0310154   0.952787
   18.7187 0.000439926 -0.00356265  0.00412212  -0.236872 -0.0260105    0.96536
   18.7228  -0.0032885 -0.00303002  0.00412212  -0.246515 -0.0202732   0.984769
   18.7285  0.00363572 -0.00462792   0.0110463 -0.247492 -0.025156  0.988554
   18.7327  0.00470098 -0.00409528   0.0126442  -0.238947 -0.0227146   0.976591
   18.7387 -0.00754956 0.000165774  0.00891581   -0.23675 -0.0151463   0.962919
   18.7431 -0.0171369 0.00176367 0.00305685  -0.237726 -0.0238133    0.95059
   18.7487  -0.0182022 0.000698406  -0.0012042   -0.23382 -0.0332127   0.947416
   18.7527 -9.27062e-05  -0.00303002   0.00465475  -0.235651 -0.0258884   0.965971
   18.7587  0.00470098 -0.00569318  0.00891581  -0.245539 -0.0206394    0.99307
   18.7632 0.000972558 -0.00729108    0.011579  -0.245661 -0.0238133    1.00125
   18.7687 -0.00754956 -0.00516055  0.00944844  -0.238581 -0.0195408   0.991972
   18.7729   -0.0150064 -0.000366859   0.00625265  -0.238214 -0.0145359   0.972807
   18.7787 -0.0251264 0.00176367 0.00199159 -0.236994 -0.025034  0.949125
   18.7828  -0.0198001 0.000165774 0.000393692  -0.231989 -0.0327244   0.940336
   18.7885  0.00523362 -0.00303002  0.00572002  -0.236017 -0.0256443   0.955595
   18.7928  0.00736414 -0.00409528  0.00518738 -0.244684 -0.023447  0.977689
   18.7987  0.00416835 -0.00569318  0.00785054  -0.243464 -0.0274754   0.990873
   18.8029  0.00363572 -0.00356265  0.00998108  -0.238581 -0.0203953   0.991117
   18.8087  0.00363572 -0.00196476  0.00998108  -0.239069 -0.0162449   0.978788
   18.8131 -0.00382113 -0.00409528  0.00944844  -0.238581 -0.0278416   0.963163
   18.8187 -0.00541903 -0.00356265  0.00625265  -0.236017 -0.0311375   0.955228
   18.8229  -0.0016906 -0.00249739  0.00412212  -0.239679 -0.0235691   0.962675
   18.8287 -0.00648429 -0.00516055  0.00358949  -0.245783 -0.0254002   0.980619
   18.8328  -0.0048864 -0.00675845  0.00625265  -0.243708 -0.0280857   0.990018
   18.8387 -0.00754956 -0.00303002  0.00731792  -0.239191 -0.0190525   0.982572
    18.843   -0.0107454 -0.000366859   0.00838318   -0.23736 -0.0172215   0.967191
   18.8487 -0.00754956 0.000165774  0.00731791  -0.232965 -0.0280857   0.951688
    18.853  -0.0048864  0.00123104 0.000926327  -0.230524 -0.0305271   0.945585
   18.8587  -0.0144738  0.00123104 -0.00493263  -0.235651 -0.0258884   0.960111
    18.863  -0.0203327 -0.00303002 -0.00226947  -0.242121 -0.0271091   0.987455
   18.8687  -0.0256591 -0.00409528  -0.0012042  -0.243341 -0.0272312    1.00357
   18.8732  -0.0293875 -0.00143212 0.000926323  -0.240534 -0.0195408   0.996732
   18.8787  -0.0176696 -0.00196476  0.00998107  -0.237848 -0.0180759   0.977689
   18.8829  0.00203782 -0.00303002   0.0163727   -0.23443 -0.0269871   0.956815
   18.8887   0.0164189 -0.00303002   0.0153074  -0.232355 -0.0293064   0.943754
   18.8928  0.00896204 -0.00249739  0.00785054  -0.236017 -0.0271091   0.950468
   18.8987 -0.00382113 -0.00356265  0.00465475 -0.241755 -0.028574  0.969999
   18.9032 -0.00435376 -0.00516055  0.00518738  -0.243708 -0.0261326   0.987211
   18.9084  -0.0048864 -0.00303002  0.00625265    -0.2409 -0.0184422   0.987699
   18.9129   -0.0128759 -0.000366859   0.00731792  -0.239557 -0.0189304     0.9783
   18.9187 -0.00648429 -0.00249739   0.0110463  -0.238825 -0.0267429   0.967191
    18.923  0.00257045 -0.00409528  0.00944844  -0.236017 -0.0266209   0.956449
   18.9286 -0.00275587 -0.00356265  0.00412212  -0.238581 -0.0246677   0.961576
   18.9328 0.000972558 -0.00622581  0.00731791  -0.244806 -0.0274754   0.979887
   18.9387 -0.00595166 -0.00622581  0.00518738 -0.245661 -0.025034   0.99246
   18.9427  -0.0198001 -0.00196476  0.00145896  -0.241022 -0.0175877   0.987455
   18.9487  -0.0144738 0.000698406  0.00678528  -0.237848 -0.0177097   0.971708
   18.9532 -0.00808219 0.000698406  0.00998107  -0.234797 -0.0246677   0.953275
   18.9587   -0.0032885 -0.000366859   0.00678528 -0.230402 -0.026865  0.941434
   18.9629   0.00150519 -0.000366859   0.00145895  -0.233698 -0.0266209   0.954984
   18.9687  0.00470098 -0.00356265  0.00199159  -0.241999 -0.0272312   0.981596
    18.973 -0.00115797 -0.00622581  0.00305685  -0.243097 -0.0235691   0.997221
   18.9787  -0.0128759 -0.00303002  0.00305685  -0.239069 -0.0170994   0.998563
    18.983  -0.0198001 0.000698406  0.00252422  -0.239069 -0.0169773   0.987577
   18.9886 -0.0182022 0.00123104 0.00199159  -0.237116 -0.0223484   0.964384
   18.9928  -0.00435376 -0.000366859   0.00678528 -0.231745 -0.025156  0.944608
   18.9986  0.00949467 -0.00196476   0.0105137  -0.234919 -0.0257664   0.949247
   19.0027  0.00949467 -0.00356265  0.00891581  -0.242609 -0.0274754   0.966703
   19.0087 -0.00808219 -0.00356265  0.00252422  -0.243097 -0.0254002   0.981351
   19.0129 -0.00382113 -0.00303002  0.00518738   -0.24029 -0.0189304   0.988554
   19.0187  0.00363572 -0.00249739   0.0110463   -0.24151 -0.0186863   0.981962
   19.0232 -0.00648429 -0.00249739  0.00838318  -0.238825 -0.0241795   0.964384
   19.0284 -0.00115797 -0.00303002  0.00785054  -0.232965 -0.0261326   0.954496
    19.033  0.00523362 -0.00356265  0.00944844  -0.237116 -0.0254002   0.962431
   19.0386  0.00523362 -0.00569318  0.00944844  -0.245539 -0.0278416   0.976591
   19.0429 -0.00808219 -0.00569318  0.00572002  -0.244562 -0.0269871   0.987943
   19.0487  -0.0176696 -0.00303002  0.00572002  -0.241266 -0.0201511   0.990385
   19.0529  -0.0166043 -0.00196476  0.00944844   -0.24151 -0.0191746   0.976591
   19.0587   -0.0219306 -0.000366859   0.00625265  -0.235895 -0.0261326   0.953886
   19.0631 -0.0139411 0.00123104 0.00518738  -0.229914 -0.0277195   0.942167
   19.0685   0.00363572 -0.000366859   0.00838318  -0.235529 -0.0272312   0.952543
   19.0727   0.0153536 -0.00675845   0.0121116  -0.243219 -0.0305271   0.970365
   19.0787  0.0313326 -0.0110195  0.0179706  -0.241999 -0.0284519   0.989042
   19.0832   0.0105599 -0.00516055   0.0105137  -0.241266 -0.0194187    1.00223
   19.0886   -0.031518 0.000165774 -0.00226947  -0.243708 -0.0179539   0.993436
   19.0928   -0.0288548 -0.000366859 -0.000138942  -0.238092 -0.0247898   0.967435
   19.0987 -0.0139411 0.00123104 0.00305685  -0.231623 -0.0260105   0.950101
   19.1028  -0.0048864 0.000165774  0.00465475  -0.237848 -0.0263767   0.952787
   19.1087  0.00310309 -0.00516055  0.00785055 -0.242121 -0.030283  0.959379
   19.1131  0.00416835 -0.00516055  0.00731791  -0.238825 -0.0271091   0.973661
   19.1186 -0.00701693 -0.00143212  0.00412212 -0.241022 -0.018198   0.98953
   19.1227  -0.00914745 -0.000899491   0.00625265  -0.242365 -0.0196629    0.98245
   19.1287  -0.00968009 -0.000899491   0.00678528  -0.234308 -0.0255222   0.964506
   19.1331  -0.00595166 -0.000366859   0.00625265  -0.230036 -0.0229588   0.957914
   19.1387  0.00896204 -0.00356265  0.00891581  -0.237604 -0.0232029   0.962308
   19.1429 -9.27066e-05  -0.00675845   0.00412212  -0.241022 -0.0301609   0.972929
   19.1484  -0.0203327 -0.00462792 -0.00173683  -0.239069 -0.0260105   0.991239
   19.1527   -0.0320506  -0.00196476 -0.000138938  -0.242975 -0.0156345    1.00015
   19.1587  -0.0224633 -0.00409528  0.00891581  -0.242609 -0.0180759   0.982328
   19.1632  -0.0102127 -0.00196476   0.0110463  -0.231501 -0.0245457   0.956815
   19.1687 -0.00382113  0.00336157  0.00518738  -0.228205 -0.0228367   0.944242
   19.1727   0.0185494 -0.00089949  0.00944844  -0.235773 -0.0257664   0.946683
   19.1787   0.0355937 -0.00782371   0.0147748 -0.237238 -0.032114  0.961698
   19.1828   0.0201473 -0.00782371   0.0105137  -0.237482 -0.0239353   0.986234
   19.1887  0.00416835 -0.00675845   0.0110463  -0.244196 -0.0153904    1.00332
    19.193 -0.00222324 -0.00675845   0.0137095   -0.24383 -0.0207615   0.994901
   19.1987 -0.00541903 -0.00409528    0.011579 -0.235041 -0.023447  0.972807
   19.2029  -0.00914745 -0.000366859   0.00731791   -0.23443 -0.0201511    0.95767
   19.2084 -0.00648429 -0.00249739  0.00678528  -0.238092 -0.0192966   0.953519
   19.2128 0.000972559 -0.00569318  0.00678528  -0.237238 -0.0266209    0.95889
   19.2187 -0.000625338  -0.00356265   0.00465475  -0.239923 -0.0247898   0.976713
   19.2229  -0.0032885 -0.00249739  0.00625265  -0.245539 -0.0179539   0.989042
   19.2287 -0.00648429 -0.00249739  0.00625265  -0.242121 -0.0246677   0.981596
   19.2332  0.00310309 -0.00303002  0.00998107  -0.233698 -0.0247898    0.96768
   19.2387   0.00257045 -0.000899491   0.00838318  -0.234064 -0.0212498   0.958768
   19.2429  0.00789678 -0.00303002  0.00944844  -0.238092 -0.0291843   0.956449
   19.2487   0.0244084 -0.00835634   0.0169053  -0.238825 -0.0363865   0.956449
   19.2528    0.024941 -0.00835634   0.0163727  -0.242121 -0.0262547   0.979887
   19.2587   0.0105599 -0.00729108   0.0137095  -0.246515 -0.0190525    1.00186
    19.263 -0.00861482 -0.00462792   0.0110463  -0.241999 -0.0239353   0.987577
   19.2687  -0.0128759 -0.00303002   0.0105137  -0.236383 -0.0258884    0.97476
   19.2729  0.00470098 -0.00249739     0.01584  -0.236383 -0.0244236   0.956571
   19.2787   0.0222778 -0.00196476   0.0211664  -0.236383 -0.0229588   0.938383
   19.2829  0.00363572 -0.00196476  0.00944844  -0.236383 -0.0260105   0.952421
   19.2887 -0.00222324 -0.00356265  0.00252422 -0.240656 -0.023325  0.981229
   19.2932  -0.0128759 -0.00249739  0.00145896  -0.245905 -0.0208836   0.998685
   19.2987  -0.0363117 0.000165774     -0.0044  -0.246881 -0.0241795    1.00137
   19.3029   -0.0277896 -0.000366859   -0.0012042  -0.242121 -0.0194187   0.984037
   19.3087   -0.0192675 -0.000899491   0.00199159  -0.23736 -0.014658  0.966703
   19.3128 -0.00914745 -0.00196476  0.00572002  -0.238092 -0.0255222   0.958646
   19.3187 0.000972558 -0.00303002  0.00944844  -0.238825 -0.0363865    0.95059
    19.323 -0.000625339  -0.00409528   0.00838318  -0.241999 -0.0271091   0.967069
   19.3284 -0.00222324 -0.00516055  0.00731792  -0.245172 -0.0178318   0.983549
   19.3328 -0.00541903 -0.00356265  0.00731792  -0.240778 -0.0208836   0.980375
   19.3387 -0.00861482 -0.00196476  0.00731792  -0.236383 -0.0239353   0.977201
    19.343  0.00576625 -0.00356265   0.0142421  -0.234919 -0.0244236   0.965726
   19.3486   0.0201473 -0.00516055   0.0211664  -0.233454 -0.0249119   0.954252
   19.3528     0.02068 -0.00622581     0.01584  -0.235285 -0.0240574   0.962064
   19.3587   0.0212126 -0.00729108   0.0105137  -0.237116 -0.0232029   0.969877
   19.3631  0.00523362 -0.00622581  0.00785055  -0.241144 -0.0235691   0.986967
   19.3685  -0.0107454 -0.00516055  0.00518738  -0.245172 -0.0239353    1.00406
   19.3729  -0.0272569 -0.00143212  0.00145896  -0.239557 -0.0197849   0.981962
   19.3787  -0.0437685   0.0022963 -0.00226947  -0.233942 -0.0156345   0.959867
    19.383   -0.015539 0.000698406  0.00358948  -0.233576 -0.0246677    0.95181
   19.3885    0.0126905 -0.000899491   0.00944844   -0.23321 -0.0337009   0.943754
   19.3928  -0.00808219 -0.000899491   0.00252422  -0.238214 -0.0278416    0.96475
   19.3987   -0.0288548 -0.000899491      -0.0044  -0.243219 -0.0219822   0.985746
   19.4031  -0.0176696 -0.00249739  0.00199159   -0.24151 -0.0212498   0.989164
   19.4086 -0.00648429 -0.00409528  0.00838318  -0.239801 -0.0205174   0.992582
   19.4128 -0.00435376 -0.00249739  0.00944844  -0.239313 -0.0240574   0.977079
   19.4186  -0.00222324 -0.000899491    0.0105137  -0.238825 -0.0275974   0.961576
   19.4227  0.00416835 -0.00356265  0.00998107  -0.237726 -0.0267429   0.959867
   19.4287   0.0105599 -0.00622581  0.00944844  -0.236628 -0.0258884   0.958158
   19.4328 -0.00648429 -0.00356265  0.00518738   -0.24151 -0.0256443   0.975858
   19.4387   -0.0235285 -0.000899491  0.000926323  -0.246393 -0.0254002   0.993558
   19.4432 -0.000625338  -0.00303002    0.0110463  -0.239923 -0.0217381     0.9783
   19.4486   0.0222778 -0.00516055   0.0211664  -0.233454 -0.0180759   0.963041
   19.4528  -0.0016906 -0.00143212  0.00731791 -0.233698 -0.025156  0.956327
   19.4587  -0.0256591   0.0022963 -0.00653052  -0.233942 -0.0322361   0.949613
   19.4631 -0.00914745 -0.00196476 0.000393696  -0.238703 -0.0280857   0.973539
   19.4686  0.00736414 -0.00622581  0.00731792  -0.243464 -0.0239353   0.997465
   19.4727  -0.0032885 -0.00356265  0.00412212  -0.240656 -0.0219822    0.99307
   19.4787   -0.0139411 -0.000899491  0.000926323  -0.237848 -0.0200291   0.988676
   19.4831 -0.0187348 0.00123104 0.00199159  -0.235651 -0.0175877   0.979276
   19.4886 -0.0235285 0.00336157 0.00305685  -0.234674 -0.0200291    0.96121
   19.4927  -0.0107454 0.000698406  0.00465475  -0.234308 -0.0290623    0.94412
   19.4987  0.00203782 -0.00196476  0.00625265  -0.231867 -0.0306492   0.943143
   19.5032  0.00363572 -0.00516055  0.00838318  -0.237116 -0.0257664   0.966215
   19.5087  0.00523362 -0.00835634   0.0105137  -0.244684 -0.0240574   0.989896
   19.5129 0.000972558 -0.00675845  0.00891581  -0.241388 -0.0225925   0.994535
   19.5187  -0.0048864 -0.00196476  0.00838318  -0.235529 -0.0178318   0.985746
   19.5229   -0.011278 0.000165774  0.00731791 -0.237604 -0.019907  0.975736
   19.5287 -0.00435376 -0.00196476  0.00731791  -0.238337 -0.0271091    0.95889
   19.5332  0.00310309 -0.00249739  0.00678528  -0.235285 -0.0278416   0.954862
   19.5384  -0.0016906 -0.00409528  0.00572002    -0.2409 -0.0235691   0.972196
   19.5433 -0.00861482 -0.00569318  0.00465475 -0.248102 -0.023325  0.985502
   19.5487 0.000439927 -0.00622581  0.00998108 -0.242365 -0.023447  0.983915
    19.553 -9.27057e-05  -0.00196476   0.00998108  -0.236872 -0.0177097   0.973051
   19.5587   0.00576625 -0.000899491    0.0126442   -0.23797 -0.0201511   0.959501
   19.5632   0.0292021 -0.00516055    0.021699  -0.234674 -0.0293064   0.946073
   19.5686   0.0121578 -0.00196476  0.00785054   -0.23321 -0.0288181   0.951444
   19.5729 -0.0150064 0.00123104 -0.0059979  -0.242121 -0.0240574   0.976957
   19.5787   -0.015539 -0.00303002 -0.00226947  -0.24859 -0.025034  0.996122
   19.5831 0.000972558 -0.00729108  0.00891581  -0.242731 -0.0230808   0.999052
   19.5887  0.00576625 -0.00462792   0.0142421  -0.239435 -0.0156345    0.98892
   19.5931 -0.00382113 -0.00143212   0.0131769  -0.239801 -0.0194187   0.966703
   19.5986 -0.00701693 -0.00143212  0.00998108  -0.233698 -0.0301609   0.943632
   19.6028   -0.0032885 -0.000899491   0.00358949 -0.231256 -0.028574  0.941923
   19.6087  0.00310309 -0.00143212  0.00305685  -0.239923 -0.0238133   0.962797
   19.6132   -0.011278 -0.00249739  -0.0012042  -0.243708 -0.0264988   0.981107
   19.6186   -0.0160717  -0.00303002 -0.000671569  -0.238337 -0.0249119   0.991117
    19.623  -0.0032885 -0.00196476  0.00785055  -0.238337 -0.0180759   0.989896
   19.6287  0.00310309 -0.00249739   0.0126442  -0.240656 -0.0217381   0.972807
   19.6329  0.00470098 -0.00356265   0.0105137  -0.234919 -0.0299168   0.958158
   19.6387 -0.00595166 -0.00143212  0.00252422  -0.233454 -0.0260105   0.959013
   19.6429 -0.00648429 -0.00356265  0.00358948  -0.243341 -0.0238133   0.970975
   19.6487 -0.00382113 -0.00675845  0.00678528  -0.245417 -0.0288181   0.983793
   19.6533 -0.00382113 -0.00516055  0.00731792 -0.238825 -0.023325  0.988187
   19.6587  0.00310309 -0.00196476    0.011579  -0.238825 -0.0150242   0.980497
   19.6631 -0.00648429 0.000698406  0.00785054  -0.237848 -0.0230808   0.961332
   19.6687  -0.0299201  0.00282893 -0.00386737   -0.23028 -0.0308933    0.94473
   19.6729 -0.0293875 0.00282893 -0.0059979  -0.231867 -0.0256443   0.949247
   19.6787    -0.011278  -0.00196476 -0.000138942  -0.242121 -0.0256443   0.969633
   19.6831 -0.00861482 -0.00516055  0.00145895  -0.244074 -0.0307713   0.990507
   19.6887   -0.015539 -0.00249739 0.000926323  -0.241144 -0.0232029    1.00308
   19.6929 -0.00701693 -0.00143212  0.00785054  -0.242609 -0.0144138   0.995145
   19.6987  -0.00648429 -0.000899491   0.00998108  -0.239801 -0.0219822   0.970487
    19.703 -0.00382113 0.000165774  0.00785055  -0.231989 -0.0288181   0.948392
   19.7087   0.0158863 -0.00249739    0.011579  -0.233454 -0.0252781    0.94473
   19.7133     0.02068 -0.00569318   0.0131769  -0.241632 -0.0277195   0.957182
   19.7187  0.00576625 -0.00622581  0.00838318  -0.241877 -0.0316258    0.97537
   19.7229 -0.00115797 -0.00303002  0.00518738  -0.240168 -0.0214939   0.990873
   19.7287  0.00683151 -0.00143212   0.0105137 -0.242487 -0.014658  0.989286
    19.733    -0.015539 -0.000366859   0.00572001  -0.239679 -0.0236912   0.973173
   19.7387   -0.0192675 -0.000899491   0.00305685 -0.233942 -0.026865  0.960111
    19.743  0.00257045 -0.00249739  0.00785055  -0.236261 -0.0217381   0.957059
   19.7486 0.000972558 -0.00303002  0.00572002  -0.241877 -0.0264988    0.96475
   19.7529  0.00523362 -0.00569318  0.00678528  -0.241999 -0.0296726   0.981718
   19.7587 -0.000625339  -0.00462792   0.00678528  -0.241999 -0.0192966   0.992948
   19.7634   -0.011278 -0.00303002  0.00785054  -0.243219 -0.0156345   0.985258
   19.7687 -0.00382113 -0.00249739    0.011579  -0.236994 -0.0247898   0.964994
    19.773  0.00576625 -0.00143212   0.0126442   -0.23028 -0.0262547    0.94705
   19.7787   0.00363572 -0.000899491   0.00731791  -0.233332 -0.0235691   0.945219
   19.7828  0.00310309 -0.00249739  0.00465475  -0.238337 -0.0296726   0.962308
   19.7887   0.0126905 -0.00622581  0.00625265  -0.240412 -0.0297947   0.985502
   19.7929   0.0174842 -0.00729108  0.00944844  -0.242487 -0.0188084    1.00064
   19.7987  0.00416835 -0.00516055   0.0126442  -0.242487 -0.0161228   0.997465
   19.8029  -0.0032885 -0.00462792   0.0153074  -0.237238 -0.0223484    0.97891
   19.8087  0.00257045 -0.00303002     0.01584  -0.232599 -0.0228367   0.956937
    19.813  0.00310309 -0.00196476   0.0110463   -0.23382 -0.0239353   0.946439
   19.8187   0.0105599 -0.00462792   0.0105137 -0.238337 -0.030405  0.955106
   19.8231  0.00470098 -0.00462792  0.00572001  -0.240534 -0.0293064   0.971464
   19.8287   -0.0203327 -0.000366859   -0.0028021  -0.240534 -0.0206394   0.984647
   19.8329   -0.0160717 -0.000899491   0.00518738  -0.240168 -0.0201511   0.989408
   19.8387  0.00683151 -0.00516055   0.0153074  -0.237482 -0.0246677   0.977811
   19.8432  0.00789678 -0.00303002    0.011579  -0.23382 -0.023325  0.960477
   19.8487  0.000439926 -0.000899491   0.00838318  -0.235041 -0.0247898   0.956449
   19.8528  0.00310309 -0.00356265  0.00731791  -0.240168 -0.0307713   0.965726
   19.8587  0.00576625 -0.00622581  0.00625265  -0.243097 -0.0282078   0.981474
   19.8635 -0.00115797 -0.00569318  0.00678528  -0.243952 -0.0206394    0.99307
   19.8687  -0.0128759 -0.00249739  0.00731791  -0.243708 -0.0208836   0.989164
   19.8729   -0.0171369 -0.000366859   0.00731791  -0.239191 -0.0241795   0.968778
   19.8788 -0.0160717 0.00123104 0.00465475  -0.232965 -0.0238133    0.94705
   19.8831 -0.0139411 0.00123104 0.00252422  -0.233698 -0.0258884   0.943265
   19.8887 -0.00754956 -0.00196476  0.00199159  -0.239313 -0.0317478    0.95767
   19.8928 -0.00115797 -0.00516055  0.00145896  -0.242243 -0.0294285   0.976469
   19.8987 -0.00382113 -0.00462792  0.00199159  -0.243464 -0.0212498   0.995145
   19.9032  -0.0192675 -0.00143212  0.00305685  -0.245172 -0.0186863    1.00259
   19.9087  -0.0224633 -0.00196476  0.00518738  -0.241877 -0.0202732   0.985502
   19.9128 -0.00861482 -0.00356265  0.00891581  -0.234919 -0.0213718   0.959989
   19.9187 -0.00541903 -0.00196476  0.00785055  -0.234919 -0.0245457   0.949125
   19.9234  0.00310309 -0.00303002  0.00891581  -0.239679 -0.0291843   0.953886
   19.9285   0.0164189 -0.00622581   0.0126442  -0.240412 -0.0275974   0.964994
    19.933  0.00203782 -0.00462792  0.00838318  -0.240656 -0.0208836   0.982694
   19.9387 -0.000625338  -0.00249739   0.00891581  -0.242243 -0.0188084   0.990385
   19.9428  0.00203782 -0.00303002   0.0105137   -0.23797 -0.0210056   0.976469
   19.9487  0.00257045 -0.00303002   0.0121116  -0.231012 -0.0213718   0.962186
   19.9529 -9.27066e-05  0.000698406   0.00785054  -0.232843 -0.0229588   0.958768
   19.9587  -0.00968009 -0.000366858   0.00252422  -0.239069 -0.0274754   0.962675
   19.9631 -0.00222324 -0.00569318  0.00465475  -0.239069 -0.0273533   0.975858
   19.9687  0.00257045 -0.00569318  0.00785054  -0.240656 -0.0203953   0.994901
   19.9732 -0.00541903 -0.00409528  0.00998108  -0.24444 -0.018198  0.996366
   19.9787  -0.0134085 -0.00249739  0.00731792  -0.238703 -0.0212498   0.973783
   19.9828 -0.0219306  0.0022963 0.00252422 -0.230768 -0.021616  0.953519
   19.9887 -0.0160717 0.00336157 0.00305685  -0.233088 -0.0240574   0.946561
    19.993  0.00683151 -0.00249739  0.00731791 -0.237848 -0.030283  0.948759
   19.9987 -0.000625339  -0.00356265  0.000393692   -0.23797 -0.0295506   0.966825
   20.0029  -0.0166043 -0.00196476  -0.0028021  -0.241755 -0.0206394   0.995023
   20.0087  -0.0203327 -0.00249739  0.00145896  -0.245905 -0.0190525     1.0032
   20.0132  -0.0219306 -0.00356265  0.00572002  -0.239923 -0.0227146   0.985868
   20.0185  -0.0150064 -0.00143212  0.00785055  -0.233576 -0.0212498    0.96768
   20.0229  0.000972558 -0.000899491    0.0105137  -0.237482 -0.0235691   0.955839
   20.0287  0.00470098 -0.00356265  0.00785055  -0.239313 -0.0313816   0.950468
   20.0331  0.00736415 -0.00409528  0.00572002   -0.23675 -0.0311375   0.962064
   20.0387  0.00789678 -0.00356265  0.00891581  -0.241999 -0.0224705   0.983182
   20.0429 -0.00275587 -0.00303002  0.00838318  -0.245172 -0.0222263   0.987211
   20.0487  -0.0032885 -0.00249739  0.00998107  -0.237116 -0.0254002   0.974027
   20.0533 -0.0166043 0.00176367 0.00358948  -0.232721 -0.0212498   0.963651
   20.0587 -0.00914745 0.000165774  0.00572001  -0.236994 -0.0236912   0.957792
   20.0629   0.0110926 -0.00569318   0.0126442   -0.23736 -0.0327244   0.956205
   20.0687   0.0116252 -0.00675845   0.0105137  -0.236505 -0.0294285   0.973051
    20.073  0.00576625 -0.00675845   0.0105137   -0.24444 -0.0201511   0.998319
   20.0787 -0.00861482 -0.00569318  0.00838318  -0.246759 -0.0214939   0.998563
   20.0831  -0.0134085 -0.00303002  0.00678528  -0.236994 -0.0238133   0.979032
   20.0887 -0.0176696 0.00123104 0.00518738  -0.232599 -0.0195408   0.960722
   20.0929 -0.0139411 0.00176367 0.00465475  -0.235773 -0.0241795   0.944974
   20.0987  0.00629888 -0.00196476  0.00625265  -0.234552 -0.0343113   0.942777
   20.1029   0.0190821 -0.00409528  0.00785055  -0.235041 -0.0291843   0.963041
   20.1087  0.00789678 -0.00409528  0.00572002  -0.243708 -0.0202732   0.990751
   20.1131 -0.00754956 -0.00569318  0.00518738  -0.245417 -0.0236912    1.00015
   20.1187  -0.0160717 -0.00462792  0.00572002  -0.238337 -0.0221043   0.990263
   20.1229  -0.0208654 0.000698406  0.00412212   -0.23675 -0.0152683   0.975004
   20.1287  -0.0123432 0.000165774  0.00678528  -0.238581 -0.0230808   0.957914
   20.1332 -0.00115797 -0.00356265  0.00838318 -0.235041 -0.031992  0.949491
   20.1387  0.00310309 -0.00356265  0.00678528  -0.236017 -0.0260105   0.961942
   20.1428  0.00416835 -0.00356265  0.00785054  -0.244806 -0.0202732   0.981107
   20.1487 -0.00115797 -0.00409528  0.00891581  -0.244318 -0.0247898    0.98599
   20.1528  -0.0150064 -0.00143212  0.00412212  -0.235895 -0.0227146   0.978056
   20.1587   -0.015539 0.000698406  0.00465475  -0.235407 -0.0158787   0.966459
   20.1633 -0.00595166 -0.00143212  0.00998107  -0.236383 -0.0240574   0.954618
   20.1685 0.000439926 -0.00303002  0.00785055  -0.23321 -0.032114  0.952909
   20.1729 0.000972558 -0.00303002  0.00412212  -0.237848 -0.0247898   0.970365
   20.1787 -0.00861482 -0.00462792  0.00252422  -0.247004 -0.0219822   0.994535
   20.1833   -0.021398 -0.00409528 0.000926327  -0.246515 -0.0255222    0.99954
   20.1886   -0.0267243 -0.000899491   0.00145896  -0.239801 -0.0196629   0.985624
   20.1928 -0.0203327 0.00123104 0.00572002  -0.237726 -0.0156345   0.964872
   20.1987 -0.0134085 0.00176367 0.00678528  -0.235651 -0.0266209   0.945463
    20.203  -0.00275587 -0.000366859   0.00572002  -0.232477 -0.0326023   0.941312
   20.2086  0.00736414 -0.00303002  0.00572002  -0.237116 -0.0252781   0.957059
   20.2128 -0.00382113 -0.00356265  0.00145896  -0.243952 -0.0235691    0.98184
   20.2187  -0.0160717 -0.00409528 0.000393692  -0.242853 -0.0254002   0.995267
    20.223  -0.0032885 -0.00516055   0.0105137  -0.239435 -0.0184422    0.99307
   20.2286 -0.000625338  -0.00249739    0.0131769  -0.238947 -0.0161228   0.979154
   20.2332  -0.0102127 -0.00143212  0.00891581  -0.236383 -0.0267429   0.962186
   20.2387 -0.00435376 -0.00303002  0.00838318  -0.233942 -0.0300388   0.953764
   20.2429  0.00629888 -0.00356265  0.00891581  -0.237482 -0.0244236   0.960233
   20.2487  0.00416835 -0.00462792  0.00944844  -0.243219 -0.0261326   0.977445
   20.2528  -0.0128759 -0.00303002  0.00358948  -0.242121 -0.0278416   0.987089
   20.2587 -0.00754956 -0.00249739  0.00678528  -0.237726 -0.0194187   0.981351
   20.2633 -9.27062e-05  -0.00196476     0.011579  -0.235773 -0.0183201   0.968168
   20.2687   -0.0048864 -0.000366859   0.00891581  -0.232843 -0.0291843   0.955839
   20.2728  0.00363572 -0.00196476  0.00838318  -0.231867 -0.0307713   0.950712
   20.2787  0.00629888 -0.00356265  0.00678528  -0.237116 -0.0254002   0.962919
    20.283  0.00257045 -0.00569318  0.00678528  -0.24383 -0.026865   0.98892
   20.2887 -0.00541903 -0.00569318  0.00625265   -0.24505 -0.0256443    1.00088
    20.293  -0.0171369 -0.00249739  0.00412212  -0.241755 -0.0172215   0.991361
   20.2987  -0.0150064 0.000165774  0.00785054  -0.239069 -0.0166111   0.973417
    20.303 -0.00861482  0.00176367  0.00998108  -0.236383 -0.0257664   0.954496
   20.3087 -0.00222324 0.000165774  0.00678528   -0.23443 -0.0294285   0.941679
   20.3129  0.00416835 -0.00196476  0.00572002   -0.23736 -0.0272312   0.949979
   20.3187  0.00470098 -0.00356265  0.00678528  -0.242609 -0.0273533   0.975248
   20.3232  0.00203782 -0.00516055  0.00731791  -0.243708 -0.0244236    0.99246
   20.3287 -0.00701693 -0.00356265  0.00625265  -0.240656 -0.0180759   0.993192
   20.3328 -0.00435376 -0.00249739  0.00998107  -0.238581 -0.0185642   0.982328
   20.3387 -0.00115797 -0.00249739    0.011579  -0.238092 -0.0258884   0.965482
   20.3431 -0.00435376 -0.00249739  0.00838318  -0.236139 -0.0278416   0.953764
   20.3488 -0.000625338  -0.00303002   0.00678528  -0.237238 -0.0254002   0.958646
    20.353  0.00150519 -0.00409528  0.00678528  -0.243952 -0.0263767   0.976835
   20.3587   -0.011278 -0.00356265  0.00305685 -0.245172 -0.025156  0.987333
   20.3628  -0.0016906 -0.00516055   0.0110463  -0.239191 -0.0191746   0.983427
   20.3687  0.00629888 -0.00409528   0.0163727  -0.236872 -0.0178318   0.972807
   20.3732 -0.0182022 0.00123104 0.00518738  -0.235895 -0.0247898   0.956815
   20.3787    -0.011278 -0.000366859   0.00358948  -0.232111 -0.0283299   0.946928
   20.3828  0.00736415 -0.00356265  0.00625265  -0.234797 -0.0258884   0.958036
   20.3888 -0.00115797 -0.00516055  0.00358948  -0.243586 -0.0260105   0.983915
   20.3929 -0.00914745 -0.00622581  0.00305685   -0.24505 -0.0244236   0.998319
   20.3987  -0.0144738 -0.00356265  0.00518738  -0.241022 -0.0183201   0.995878
   20.4032   -0.0134085 -0.000899491   0.00944844  -0.240534 -0.0166111    0.98245
   20.4085 -0.00382113 -0.00196476   0.0126442  -0.237116 -0.0232029   0.958036
   20.4129 -0.00222324 -0.00196476  0.00944844  -0.230768 -0.0283299   0.939237
   20.4185   0.00150519 -0.000899491   0.00678528  -0.23382 -0.026865   0.94827
   20.4228  0.00363572 -0.00249739  0.00572002  -0.242121 -0.0262547    0.97122
   20.4287  0.00150519 -0.00516055  0.00625265    -0.2409 -0.0252781   0.986112
    20.433 -0.00861482 -0.00303002  0.00358949  -0.236994 -0.0194187   0.993558
   20.4386  -0.0134085 0.000165774  0.00412212  -0.239313 -0.0178318   0.986723
   20.4429 -0.00115797 -0.00196476   0.0105137  -0.236994 -0.0255222   0.967435
   20.4487  0.00576625 -0.00303002   0.0105137  -0.231501 -0.0283299    0.95474
   20.4531  0.00310309 -0.00249739  0.00731791 -0.235651 -0.025034  0.959623
   20.4587 -0.00968009 -0.00516055  0.00358948  -0.243952 -0.0278416   0.974271
   20.4629  -0.0171369 -0.00516055  0.00199159  -0.242365 -0.0283299   0.985868
   20.4686  -0.0134085 -0.00196476  0.00518738  -0.239069 -0.0194187   0.988432
    20.473   -0.0144738 -0.000899491   0.00891581    -0.2409 -0.0175877   0.977201
   20.4787  -0.0102127 -0.00143212   0.0105137  -0.235529 -0.0273533   0.956083
   20.4831   -0.0016906 -0.000899491   0.00998107  -0.229425 -0.0289402    0.94473
   20.4887   0.00310309 -0.000899491   0.00731791  -0.236994 -0.0254002   0.955228
   20.4929  0.00363572 -0.00462792  0.00518738  -0.245295 -0.0295506   0.976469
   20.4988 0.000439926 -0.00622581  0.00625265  -0.243586 -0.0280857   0.994169
   20.5033 -0.00382113 -0.00356265  0.00731792  -0.243464 -0.0178318    1.00137
   20.5088  -0.0102127 -0.00249739  0.00891581  -0.244928 -0.0168552   0.988432
    20.513  -0.0118106 -0.00196476   0.0105137  -0.237238 -0.0252781   0.960599
   20.5188  -0.0048864 0.000698406  0.00944844   -0.23089 -0.0267429   0.944608
   20.5229  0.00203782 0.000165774  0.00785055  -0.237482 -0.0254002   0.949369
   20.5288  0.00576625 -0.00409528  0.00678528  -0.242243 -0.0301609   0.962919
   20.5333  0.00523362 -0.00516055  0.00625265  -0.239435 -0.0279636   0.980741
   20.5388  -0.00754956 -0.000899491   0.00252422  -0.241022 -0.0172215    0.99246
    20.543  -0.0160717 -0.00143212  0.00518738  -0.242975 -0.0188084   0.985258
   20.5488  -0.0176696 -0.00249739  0.00572002  -0.236017 -0.0266209   0.968168
   20.5532  -0.0118106 0.000165774  0.00252422  -0.232599 -0.0235691   0.958646
   20.5588 -0.00275587 -0.00196476  0.00465475  -0.239923 -0.0232029   0.959989
   20.5632 -0.00435376 -0.00516055  0.00465475 -0.242853 -0.030405  0.969877
   20.5685 0.000972558 -0.00516055  0.00625265 -0.241266 -0.025156  0.986967
   20.5729 -0.00808219 -0.00249739  0.00465475  -0.244562 -0.0149021   0.994779
   20.5788  -0.0187348 -0.00196476  0.00572002  -0.243097 -0.0192966   0.977811
   20.5833 -0.00968009 -0.00143212  0.00891581  -0.232843 -0.0261326   0.954862
   20.5888 -0.0123432  0.0022963 0.00412212  -0.230646 -0.0225925   0.944974
   20.5928   -0.0182022   0.00176367 -0.000671573  -0.237482 -0.0245457   0.950224
   20.5988   -0.0118106  -0.00409528 -0.000671573  -0.239801 -0.0323582   0.968168
   20.6031  -0.00914745  -0.00516055 -0.000671573   -0.2409 -0.025034  0.990629
   20.6088   -0.0192675  -0.00196476 -0.000138942  -0.244928 -0.0151463    1.00271
   20.6132  -0.0267243 -0.00143212  0.00305685  -0.243341 -0.0197849   0.992216
   20.6188   -0.0208654 -0.000366859   0.00625265  -0.235041 -0.0241795   0.969633
    20.623 -0.00968009  0.00123104  0.00838318  -0.232355 -0.0214939   0.950956
   20.6288  -0.00382113 -0.000899491   0.00731791  -0.236994 -0.0272312    0.94705
   20.6329 0.000439926 -0.00462792  0.00572002  -0.237726 -0.0333347   0.958036
   20.6388  0.00150519 -0.00356265  0.00358948  -0.238459 -0.0249119   0.977323
   20.6429   0.0110926 -0.00409528  0.00944844  -0.243341 -0.0175877   0.991727
   20.6488 -0.00222323 -0.00462792   0.0105137 -0.241144 -0.023325  0.985624
   20.6533 -0.00861482 -0.00303002  0.00838318  -0.234064 -0.0247898   0.970121
   20.6588 -0.000625338  -0.00196476   0.00678528   -0.23382 -0.0210056   0.960233
   20.6631  -0.0016906 -0.00249739  0.00412212  -0.237726 -0.0286961   0.957792
   20.6688   0.0100273 -0.00622581  0.00785055  -0.239069 -0.0332127   0.967802
   20.6729  0.00896204 -0.00675845  0.00731792  -0.241877 -0.0239353   0.987089
   20.6788  0.00842941 -0.00622581   0.0131769  -0.245905 -0.0195408   0.995878
   20.6833  0.00523362 -0.00409528   0.0153074  -0.242243 -0.0240574   0.982206
   20.6888  -0.00382113 -0.000899491   0.00891581  -0.234064 -0.0230808   0.960355
   20.6932 -0.00808219  0.00176367  0.00465475 -0.232599 -0.021616  0.945219
   20.6988 -0.00701693  0.00123104  0.00199159  -0.235041 -0.0301609   0.945829
    20.703  -0.0032885 -0.00249739 0.000393692  -0.236872 -0.0334568   0.961454
   20.7088 -0.00435376 -0.00409528  -0.0012042  -0.240168 -0.0241795   0.984281
   20.7133   -0.011278 -0.00462792  0.00199159 -0.243097 -0.019907   1.00088
   20.7188  -0.0224633 -0.00409528  0.00465475  -0.241388 -0.0224705   0.997587
   20.7231  -0.0240612 -0.00143212  0.00518738  -0.237116 -0.0201511   0.977567
   20.7288 -0.0166043 0.00123104 0.00731792  -0.234919 -0.0206394   0.956815
    20.733 -0.0160717 0.00123104 0.00518738  -0.235895 -0.0294285   0.949369
   20.7388  -0.0107454 -0.00196476  0.00358948 -0.237848 -0.030283  0.954618
   20.7433   0.0105599 -0.00622581   0.0110463   -0.24029 -0.0228367   0.971464
   20.7487 0.000439927 -0.00409528  0.00838318 -0.242609 -0.021616  0.988554
   20.7528  -0.0256591 0.000165774 0.000393692  -0.240412 -0.0235691     0.9866
   20.7588   -0.0171369 -0.000899491   0.00465475  -0.234919 -0.0207615    0.97122
   20.7633   -0.0102127 -0.000366859   0.00572002  -0.233454 -0.0211277   0.961088
   20.7688 -0.00541903 -0.00196476  0.00678528  -0.236872 -0.0278416   0.959989
    20.773  0.00629888 -0.00622581  0.00838318  -0.239313 -0.0288181   0.964384
   20.7788 -0.00275587 -0.00516055  0.00305685 -0.241999 -0.023325  0.980863
    20.783  -0.0107454 -0.00409528  0.00412212  -0.246515 -0.0217381   0.997709
   20.7888 -0.00861482 -0.00462792  0.00944844  -0.244684 -0.0214939   0.989774
   20.7931 -0.00861482 -0.00196476  0.00998107  -0.236017 -0.0189304   0.966215
   20.7988 -0.00595166 0.000165774  0.00944844  -0.232721 -0.0208836   0.949857
   20.8031  -0.00222324 -0.000899491   0.00838318 -0.235407 -0.028574  0.945707
   20.8088  0.00470098 -0.00356265  0.00678528   -0.23675 -0.0312595   0.953031
   20.8129  0.00842941 -0.00569318  0.00572002  -0.239557 -0.0257664   0.976102
   20.8188  0.00150519 -0.00675845  0.00625265  -0.244684 -0.0222263    1.00064
   20.8233 0.000439926 -0.00729108    0.011579 -0.243586 -0.021616   1.00039
   20.8288   0.0110926 -0.00569318   0.0179706   -0.23675 -0.0194187   0.980497
    20.833  0.000439926 -0.000899491     0.011579   -0.23443 -0.0206394   0.962308
   20.8386  -0.00754956 -0.000899491   0.00572002 -0.235651 -0.023447  0.955473
    20.843 -0.00222324 -0.00356265  0.00518738 -0.234552 -0.025156  0.952787
   20.8488  -0.0016906 -0.00303002  0.00358948  -0.236628 -0.0254002   0.967435
   20.8531 -0.00701693 -0.00303002  0.00412212 -0.242853 -0.023447  0.987333
   20.8588 0.000439926 -0.00462792   0.0105137 -0.242365 -0.023447  0.983793
   20.8635   0.0100273 -0.00356265   0.0147748  -0.235163 -0.0218601   0.971952
   20.8687   0.00523362 -0.000899491    0.0126442  -0.231501 -0.0197849   0.966215
   20.8729  -0.00914745 -0.000366859   0.00412212  -0.234552 -0.0264988   0.960111
   20.8788  -0.0235285 0.000165774     -0.0044  -0.237604 -0.0332127   0.954008
   20.8829 -0.00541903 -0.00303002  0.00305685    -0.2409 -0.0271091    0.97598
   20.8888   0.0126905 -0.00622581   0.0105137  -0.244196 -0.0210056   0.997953
   20.8931   0.0153536 -0.00729108   0.0153074    -0.2409 -0.0217381   0.989652
   20.8988   0.0180168 -0.00835634   0.0201011  -0.237604 -0.0224705   0.981351
   20.9031 -0.00595166 -0.00249739   0.0110463  -0.236872 -0.0223484   0.963773
   20.9088 -0.0299201 0.00336157 0.00199159  -0.236139 -0.0222263   0.946195
   20.9128  -0.0251264  0.00123104 -0.00173683  -0.233698 -0.0258884   0.949735
   20.9188   -0.0203327 -0.000899491  -0.00546526  -0.231256 -0.0295506   0.953275
   20.9231  0.00310309 -0.00516055  0.00625265  -0.239679 -0.0266209   0.977323
   20.9288   0.0265389 -0.00942161   0.0179706  -0.248102 -0.0236912    1.00137
   20.9332  0.00416835 -0.00356265  0.00998108  -0.242365 -0.0189304   0.991605
   20.9387 -0.0182022  0.0022963 0.00199159  -0.236628 -0.0141697    0.98184
   20.9429  -0.00914745 -0.000899491   0.00465475 -0.236139 -0.023325  0.964017
   20.9488 -9.27057e-05  -0.00409528   0.00731792  -0.235651 -0.0324802   0.946195
   20.9532   0.0100273 -0.00409528  0.00998108  -0.240778 -0.0262547   0.963407
   20.9588   0.0201473 -0.00409528   0.0126442  -0.245905 -0.0200291   0.980619
    20.963   0.0174842 -0.00569318   0.0153074  -0.239679 -0.0222263   0.979887
   20.9688    0.014821 -0.00729108   0.0179706  -0.233454 -0.0244236   0.979154
   20.9732  0.00310309 -0.00462792   0.0121116  -0.236383 -0.0243015   0.966703
   20.9788 -0.00861482 -0.00196476  0.00625265  -0.239313 -0.0241795   0.954252
   20.9832   0.0126905 -0.00409528   0.0105137  -0.236505 -0.0241795   0.959745
   20.9888   0.0339958 -0.00622581   0.0147748  -0.233698 -0.0241795   0.965238
   20.9929   0.0212126 -0.00782371   0.0131769    -0.2409 -0.0254002   0.983427
   20.9988  0.00842941 -0.00942161    0.011579  -0.248102 -0.0266209    1.00162
    21.003  -0.0160717 -0.00249739  0.00518738  -0.243952 -0.0185642   0.987943
   21.0088  -0.0405728  0.00442683 -0.00120421  -0.239801 -0.0105076   0.974271
   21.0132  -0.0187348 0.000165774  0.00518738  -0.234186 -0.0238133   0.955595
   21.0187  0.00310309 -0.00409528    0.011579  -0.228571 -0.0371189   0.936918
    21.023   0.0190821 -0.00782371   0.0163727   -0.23797 -0.0300388   0.958768
   21.0288   0.035061 -0.0115521  0.0211664   -0.24737 -0.0229588   0.980619
   21.0332   0.0121578 -0.00675845   0.0131769  -0.241999 -0.0208836   0.987699
   21.0388  -0.0107454 -0.00196476  0.00518738  -0.236628 -0.0188084   0.994779
   21.0432 -0.00541903 -0.00143212  0.00838318  -0.239801 -0.0153904   0.989774
   21.0485  0.00257045 -0.00303002   0.0137095    -0.2409 -0.0194187   0.973905
   21.0529  -0.0048864 -0.00143212  0.00625265  -0.237848 -0.0236912   0.960355
   21.0588  -0.0150064   0.0022963 -0.00333473  -0.236872 -0.0205174    0.95767
    21.063   -0.0192675 -0.000899491  -0.00226947  -0.240046 -0.0263767    0.97244
   21.0688  -0.0235285 -0.00409528 -0.00120421  -0.243219 -0.0322361   0.987211
   21.0734   -0.0288548 -0.000366859 -0.000671573  -0.242243 -0.0228367   0.978666
   21.0788   -0.0341812   0.00336157 -0.000138938  -0.241266 -0.0134373   0.970121
   21.0831 -0.0171369 0.00123104 0.00252422  -0.235285 -0.0221043   0.958768
   21.0888 -9.27057e-05 -0.000899491   0.00518738  -0.229303 -0.0307713   0.947416
    21.093   0.0126905 -0.00516055   0.0105137   -0.23736 -0.0294285   0.967435
   21.0988   0.0254736 -0.00942161     0.01584  -0.245417 -0.0280857   0.987455
   21.1029    0.014821 -0.00729108   0.0131769  -0.242975 -0.0211277   0.991727
   21.1088  0.00416835 -0.00516055   0.0105137  -0.240534 -0.0141697      0.996
   21.1132  0.00896204 -0.00409528   0.0147748  -0.241022 -0.0139256   0.987455
   21.1188   0.0137557 -0.00303002   0.0190358  -0.237482 -0.0208836   0.965482
   21.1229  0.00949467 -0.00196476   0.0142421  -0.230768 -0.0286961   0.946073
   21.1288   0.00576625 -0.000899491   0.00785054  -0.231623 -0.0266209   0.943265
   21.1334  0.00576625 -0.00303002  0.00731791  -0.238581 -0.0273533    0.95767
   21.1388  0.00576625 -0.00675845  0.00944844  -0.241632 -0.0299168   0.980619
    21.143   0.0180168 -0.00888897   0.0147748  -0.240046 -0.0218601   0.995023
   21.1488 -0.00115797 -0.00409528  0.00998107  -0.239801 -0.0155125   0.991727
   21.1529  -0.0118106 -0.00143212  0.00785054  -0.238581 -0.0222263   0.976469
   21.1588 -0.00222324 -0.00196476  0.00785054  -0.234552 -0.0269871   0.960355
   21.1634   -0.0102127 -0.000366859   0.00199159  -0.235285 -0.0239353   0.953641
   21.1685 0.000972558 -0.00303002  0.00572002  -0.241022 -0.0263767   0.963651
    21.173 -0.000625339  -0.00516055   0.00572002  -0.244196 -0.0289402   0.980741
   21.1788  -0.0048864 -0.00462792  0.00731791  -0.241999 -0.0208836   0.988309
   21.1832   0.0100273 -0.00356265   0.0169053  -0.240046 -0.0161228   0.981718
   21.1888   0.00416835 -0.000899491    0.0137095  -0.237848 -0.0230808   0.965238
    21.193  -0.0208654  0.00176367 0.000393692   -0.23321 -0.0267429   0.949857
   21.1988  -0.0288548  0.00123104 -0.00386737  -0.233088 -0.0252781   0.948026
   21.2031  -0.0144738 -0.00303002 0.000393692  -0.239069 -0.0286961   0.966215
   21.2088    0.014821 -0.00835634   0.0110463  -0.244196 -0.0296726   0.989774
   21.2131   0.0270715 -0.00942161   0.0179706  -0.244318 -0.0208836    0.99893
   21.2188   0.0222778 -0.00675845   0.0201011  -0.242975 -0.0158787   0.994047
   21.2233   0.0169515 -0.00409528   0.0206337  -0.239801 -0.0212498   0.976713
   21.2286  0.00257045 -0.00196476   0.0131769   -0.23443 -0.0252781    0.95059
    21.233  0.00842941 -0.00249739   0.0131769  -0.233454 -0.0269871   0.939359
   21.2388   0.0217452 -0.00516055     0.01584  -0.238581 -0.0299168   0.953275
   21.2432   0.0142884 -0.00675845  0.00944844  -0.242243 -0.0288181   0.974515
   21.2488  0.00416835 -0.00622581  0.00625265  -0.240778 -0.0221043   0.989896
   21.2531  0.00470098 -0.00462792   0.0105137  -0.240412 -0.0186863   0.993436
   21.2588 0.000972558 -0.00356265   0.0121116  -0.239313 -0.0221043   0.980253
   21.2631  0.00257045 -0.00249739  0.00998107  -0.234308 -0.0247898   0.961454
   21.2688  0.00257045 -0.00143212  0.00678528 -0.233698 -0.025156  0.955595
    21.273 -0.00275587 -0.00356265  0.00412212  -0.240046 -0.0275974   0.964628
   21.2788  0.00683151 -0.00729108  0.00572002  -0.243464 -0.0275974   0.978422
   21.2834  0.00523362 -0.00569318  0.00572002  -0.240778 -0.0214939   0.988432
   21.2889   0.0105599 -0.00409528   0.0147748  -0.240534 -0.0174656   0.986967
   21.2929   0.0126905 -0.00356265   0.0190358  -0.238459 -0.0214939   0.969022
   21.2988 -0.000625339  -0.00143212    0.0110463  -0.230402 -0.0258884   0.948148
   21.3031  0.00470098 -0.00143212   0.0105137  -0.229914 -0.0252781   0.945829
   21.3088 -0.00541903 -0.00143212  0.00358949   -0.23797 -0.0275974   0.962186
   21.3131  -0.0166043 -0.00409528 0.000393692  -0.241266 -0.0291843   0.982328
   21.3188  -0.0128759 -0.00622581  0.00572002   -0.24029 -0.0223484   0.998441
    21.323  -0.0171369 -0.00356265  0.00625265  -0.242853 -0.0167332    1.00076
   21.3288  -0.0150064 -0.00196476  0.00891581 -0.241632 -0.019907  0.980863
    21.333 -0.0219306 0.00123104 0.00412212  -0.232355 -0.0246677   0.953764
   21.3388 -0.0251264  0.0038942 -0.0012042  -0.231012 -0.0254002   0.944852
   21.3433  -0.00382113 -0.000899491   0.00465475  -0.239435 -0.0283299   0.953519
   21.3488 -0.00222324 -0.00356265  0.00358948  -0.241022 -0.0305271   0.966459
   21.3531  0.00363572 -0.00356265  0.00625265 -0.239923 -0.023325  0.985014
   21.3588  0.00896204 -0.00409528   0.0121116  -0.244074 -0.0173435   0.993681
   21.3632 -0.00648429 -0.00356265  0.00944844  -0.241632 -0.0223484   0.980131
   21.3688   -0.0171369 -0.000366859   0.00252422  -0.232843 -0.0252781   0.963407
   21.3733  -0.0150064  0.00123104 0.000926323  -0.234797 -0.0229588   0.959257
   21.3786  0.00842941 -0.00409528   0.0105137  -0.242609 -0.0271091   0.961332
    21.383   0.0142884 -0.00675845   0.0105137  -0.241755 -0.0301609   0.972807
   21.3888  -0.0118106 -0.00303002 0.000926323   -0.24151 -0.0221043   0.991972
   21.3934   -0.021398 -0.00143212  0.00252422  -0.246027 -0.0175877   0.992826
   21.3988 -0.00968009 -0.00249739  0.00944844  -0.239923 -0.0236912    0.97122
    21.403  -0.00701693 -0.000366859   0.00891581  -0.22967 -0.025156  0.951566
   21.4088  -0.0016906 0.000698406  0.00731791  -0.232599 -0.0222263    0.94705
   21.4131  0.00470098 -0.00196476  0.00678528  -0.238337 -0.0294285   0.954008
   21.4188  0.00789678 -0.00516055  0.00625265  -0.237116 -0.0327244   0.973661
   21.4229 -0.00275587 -0.00409528  0.00252422 -0.240656 -0.021616  0.997953
   21.4288  -0.0309854 -0.00196476 -0.00226947  -0.246393 -0.0173435     1.0032
   21.4333   -0.0458991 -0.000899491      -0.0044   -0.24029 -0.0229588   0.984769
   21.4387  -0.0293875 0.000165774  0.00145896 -0.232355 -0.021616  0.962919
    21.443  0.00203782 -0.00143212    0.011579  -0.235407 -0.0212498   0.950224
   21.4488   0.0180168 -0.00462792   0.0137095  -0.238703 -0.0312595   0.949735
   21.4533   0.0116252 -0.00569318  0.00785054  -0.236383 -0.0318699   0.962797
   21.4588  0.00416835 -0.00409528  0.00465475  -0.240778 -0.0207615   0.984037
   21.4632 -0.00382113 -0.00409528  0.00678528  -0.245295 -0.0194187   0.991483
   21.4687 -0.00808219 -0.00356265  0.00838318  -0.238337 -0.0249119   0.978788
   21.4728  -0.0048864 -0.00143212  0.00785055  -0.232477 -0.0211277   0.966825
   21.4788 -0.00222324 -0.00196476  0.00785055  -0.236261 -0.0212498   0.960599
   21.4829  0.00150519 -0.00516055  0.00678528  -0.238214 -0.0308933   0.958768
   21.4888 -0.00435376 -0.00462792 0.000393692 -0.237482 -0.028574  0.971342
   21.4933  -0.0176696 -0.00303002  -0.0012042  -0.244074 -0.0186863   0.992582
   21.4988  -0.0235285 -0.00409528  0.00412212  -0.247126 -0.0211277   0.995267
   21.5033  -0.0182022 -0.00249739  0.00678528  -0.238337 -0.0246677   0.975736
   21.5088 -0.0203327  0.0022963 0.00412212  -0.232843 -0.0196629   0.957059
   21.5131   -0.027257  0.00282893 0.000926323  -0.235773 -0.0225925   0.945707
   21.5189 -0.00595166 -0.00356265  0.00678528  -0.235651 -0.0337009   0.947294
   21.5231   0.0201473 -0.00835634   0.0121116  -0.236017 -0.0306492   0.966337
   21.5289   0.0233431 -0.00835634   0.0137095  -0.244196 -0.0206394   0.991483
   21.5332  0.00683151 -0.00675845   0.0126442  -0.246271 -0.0227146    1.00186
   21.5389 -0.00914745 -0.00516055  0.00891581  -0.238947 -0.0228367   0.990995
    21.543  -0.0171369 -0.00143212  0.00678528  -0.235773 -0.0169773    0.97183
   21.5489   -0.0134085 -0.000366859   0.00625265  -0.236628 -0.0229588   0.953886
   21.5535 -9.27062e-05  -0.00356265   0.00731792 -0.235773 -0.032114  0.948637
   21.5589  0.00257045 -0.00356265  0.00625265  -0.236994 -0.0273533   0.959745
   21.5633  0.00576625 -0.00356265  0.00785055  -0.242853 -0.0205174    0.97891
   21.5688  0.00150519 -0.00409528  0.00998107 -0.243708 -0.023325  0.987943
   21.5731  -0.0107454 -0.00196476  0.00678528  -0.237482 -0.0228367   0.980619
   21.5789 -0.00275587 -0.00143212  0.00891581  -0.234919 -0.0178318   0.968412
   21.5835 0.000439926 -0.00143212  0.00944844  -0.236383 -0.0245457   0.958524
   21.5886  0.00949467 -0.00462792  0.00944844  -0.236383 -0.0315037   0.956449
   21.5931   0.0100273 -0.00569318  0.00891581 -0.238337 -0.025156  0.969877
   21.5989 -0.00861482 -0.00356265  0.00465475  -0.244318 -0.0210056   0.991483
   21.6035 -0.00541903 -0.00516055  0.00785055  -0.244806 -0.0235691   0.997831
   21.6089  -0.0203327 -0.00249739  0.00305685  -0.239069 -0.0202732   0.982694
   21.6131 -0.0277896 0.00123104 0.00305685  -0.235407 -0.0167332    0.96182
   21.6189  -0.00648429 -0.000366859    0.0126442   -0.23443 -0.0252781   0.946439
   21.6232  0.00523362 -0.00249739   0.0110463   -0.23443 -0.0328465   0.943998
   21.6288  0.00257045 -0.00409528  0.00572002  -0.236872 -0.0275974   0.959379
    21.633  0.00949467 -0.00729108   0.0110463 -0.242853 -0.023325  0.986723
   21.6389   0.0121578 -0.00729108   0.0126442   -0.24505 -0.0240574    1.00284
   21.6435 -0.00968009 -0.00409528  0.00625265  -0.241022 -0.0200291   0.994657
   21.6486  -0.0166043 -0.00249739  0.00838318   -0.23736 -0.0168552   0.975858
   21.6531 -0.00382113 -0.00143212   0.0110463  -0.236872 -0.0243015    0.95889
   21.6589  0.00203782 -0.00143212  0.00678528 -0.236872 -0.030405  0.950224
   21.6633  0.00203782 -0.00249739  0.00465475  -0.237116 -0.0264988   0.955961
   21.6688 -9.27062e-05  -0.00196476   0.00465475  -0.241266 -0.0245457   0.975736
    21.673   -0.0139411 -0.000899491  0.000926323  -0.243464 -0.0258884   0.987821
   21.6788  -0.0102127 -0.00143212  0.00518738  -0.238581 -0.0221043   0.980741
    21.683 -0.00275587 0.000165774  0.00891581  -0.234674 -0.0195408   0.969389
   21.6889 -0.00275587 0.000698406  0.00678528  -0.235163 -0.0252781   0.960966
   21.6931  0.00470098 -0.00303002  0.00731792  -0.235529 -0.0297947   0.954862
   21.6989  0.00150519 -0.00516055  0.00518738  -0.236505 -0.0264988   0.964017
   21.7032  0.00150519 -0.00729108  0.00731791  -0.242609 -0.0243015   0.990018
   21.7089  0.0121578 -0.0104869  0.0153074  -0.245661 -0.0235691    1.00027
   21.7134   0.0174842 -0.00942161   0.0195685  -0.239923 -0.0197849   0.985502
   21.7189  0.00363572 -0.00356265   0.0147748  -0.234919 -0.0177097   0.967435
    21.723  -0.0182022 0.000698406  0.00465475  -0.234797 -0.0229588   0.950956
   21.7289   -0.0123432 -0.000899491   0.00199159  -0.232843 -0.0301609   0.941557
   21.7331   0.0137557 -0.00462792  0.00785054  -0.232721 -0.0291843   0.953031
   21.7387   0.0180168 -0.00569318  0.00998107   -0.24151 -0.0246677   0.981474
   21.7433   0.0121578 -0.00729108   0.0121116  -0.245661 -0.0235691   0.998685
   21.7489   0.0212126 -0.00888897   0.0185032  -0.239679 -0.0205174   0.993803
   21.7531  0.00683151 -0.00303002   0.0137095   -0.23675 -0.0172215   0.981474
   21.7589  -0.0198001 0.000698406  0.00412212  -0.238459 -0.0229588   0.964628
   21.7636  -0.0144738 -0.00196476  0.00358949  -0.235773 -0.0293064   0.950101
   21.7689 0.000439926 -0.00303002  0.00572002  -0.234674 -0.0264988   0.955595
   21.7733 0.000439926 -0.00356265  0.00412212 -0.242365 -0.023447  0.975614
   21.7788 -0.00595166 -0.00569318  0.00518738   -0.24505 -0.0255222   0.985136
    21.783 -0.00648429 -0.00462792  0.00785055  -0.237726 -0.0228367   0.981718
   21.7889  -0.00541903 -0.000899491   0.00731792  -0.236017 -0.0173435   0.973905
   21.7934  -0.00435376 -0.000899491   0.00838318   -0.23797 -0.0230808   0.959379
   21.7988 -0.00115797 -0.00249739  0.00785054  -0.233454 -0.0308933   0.949003
    21.803  0.00629888 -0.00356265  0.00731791  -0.234186 -0.0273533   0.961088
   21.8089  0.00629888 -0.00569318  0.00731791  -0.244684 -0.0241795   0.987577
   21.8132 -0.000625339  -0.00782371   0.00838318  -0.247004 -0.0258884   0.999174
   21.8189 -0.00115797 -0.00622581    0.011579  -0.240412 -0.0205174   0.991239
   21.8232 -0.00435376 -0.00196476   0.0110463  -0.239679 -0.0153904   0.976469
   21.8289 -0.00914745 0.000165774  0.00838318  -0.238214 -0.0240574   0.952787
    21.833  -0.0048864 0.000165774  0.00678528  -0.231379 -0.0324802   0.939359
   21.8389  0.00363572 -0.00143212  0.00625265  -0.233942 -0.0272312   0.950956
    21.843  0.00470098 -0.00303002  0.00465475  -0.244562 -0.0245457   0.972318
   21.8489 -0.00808219 -0.00356265 0.000926323  -0.244318 -0.0280857   0.988798
   21.8534  -0.0261917 -0.00143212 -0.00333473  -0.238825 -0.0212498   0.994901
   21.8588  -0.0176696 -0.00143212  0.00465475  -0.241022 -0.0151463   0.988309
    21.863  -0.0048864 -0.00303002    0.011579  -0.238947 -0.0245457   0.966825
   21.8689  -0.0048864 -0.00196476  0.00785055 -0.232599 -0.030405  0.952909
   21.8732 -0.00115797 -0.00249739  0.00518738   -0.23675 -0.0247898   0.959501
   21.8789 -0.00382113 -0.00462792  0.00518738  -0.244684 -0.0252781   0.971952
   21.8831 -0.00701693 -0.00569318  0.00678528  -0.243097 -0.0282078    0.98245
   21.8887  -0.0144738 -0.00303002  0.00572002  -0.239069 -0.0197849     0.9866
   21.8933  -0.0016906 -0.00196476   0.0126442   -0.24029 -0.0156345   0.976102
   21.8989  0.00789678 -0.00143212   0.0142421  -0.235773 -0.0263767   0.957059
    21.903  0.00150519 0.000698406  0.00625265  -0.229303 -0.0295506   0.948392
   21.9089  0.00523362 0.000165774  0.00465475  -0.235895 -0.0227146   0.958524
   21.9131  0.00789678 -0.00462792  0.00678528  -0.244196 -0.0263767   0.980009
   21.9189  0.00576625 -0.00675845  0.00785055  -0.242853 -0.0286961   0.996366
   21.9234  0.00150519 -0.00356265  0.00891581  -0.24151 -0.016367  0.997343
   21.9289 -0.00222324 -0.00249739   0.0137095  -0.242975 -0.0135593   0.982572
    21.933   -0.011278 -0.00249739    0.011579  -0.236994 -0.0256443   0.958402
   21.9389  -0.00701693 -0.000899491   0.00678528  -0.230768 -0.0280857   0.942167
   21.9431   0.00257045 -0.000899491   0.00625265  -0.236505 -0.0245457   0.945341
   21.9488  0.00310309 -0.00409528  0.00572002  -0.242487 -0.0300388   0.964262
    21.953 -0.00701693 -0.00516055  0.00305685   -0.24029 -0.0289402   0.985258
   21.9589  -0.0150064 -0.00303002  0.00358949  -0.240534 -0.0172215   0.994779
   21.9632 0.000972558 -0.00356265   0.0137095  -0.242487 -0.0169773   0.989164
   21.9689 -0.00435376 -0.00303002   0.0110463  -0.237238 -0.0271091   0.974882
   21.9733  -0.0134085 -0.00196476  0.00518738  -0.233576 -0.0254002    0.95889
   21.9787 -0.00115797 -0.00409528  0.00838318  -0.238214 -0.0230808   0.957182
   21.9832  0.00363572 -0.00569318  0.00944844  -0.242121 -0.0299168   0.970243
   21.9889  0.00523362 -0.00516055  0.00998107  -0.240656 -0.0267429    0.98306
   21.9931 -0.00701693 -0.00249739  0.00678528  -0.240534 -0.0167332   0.986723
   21.9989 -0.00382113 -0.00249739    0.011579   -0.24029 -0.0186863   0.974638
   22.0034   0.0110926 -0.00249739     0.01584   -0.23382 -0.0266209   0.957792
   22.0089  0.00842941 0.000165774  0.00891581  -0.230524 -0.0247898   0.948392
   22.0131  0.00470098 -0.00143212  0.00572002 -0.235163 -0.025034  0.953397
   22.0189  0.00416835 -0.00462792  0.00625265 -0.239801 -0.031992  0.972929
    22.023  0.00842941 -0.00675845  0.00838318  -0.241999 -0.0267429   0.993558
   22.0289  0.00576625 -0.00729108   0.0121116  -0.244318 -0.0162449      1.001
   22.0334 0.000439926 -0.00569318   0.0153074  -0.242975 -0.0185642    0.98953
   22.0389 -0.00222324 -0.00303002   0.0142421  -0.236017 -0.0243015   0.966337
    22.043   -0.011278 0.000165774  0.00785054  -0.232599 -0.0239353   0.946561
   22.0489  -0.0032885 -0.00143212  0.00625265  -0.235773 -0.0272312   0.943143
   22.0531  0.00470098 -0.00409528  0.00625265  -0.239557 -0.0324802   0.957914
   22.0589 -0.00861482 -0.00303002  0.00145895  -0.241022 -0.0260105     0.9783
   22.0635 -0.00435376 -0.00409528  0.00678528  -0.242365 -0.0179539    0.99307
   22.0685  -0.0048864 -0.00356265  0.00838318  -0.241388 -0.0205174   0.991117
   22.0732 -0.00541903 -0.00249739  0.00838318 -0.237116 -0.023325  0.973295
   22.0789  0.00683151 -0.00249739   0.0126442  -0.234919 -0.0225925   0.959989
   22.0832  0.00949467 -0.00356265    0.011579  -0.237604 -0.0258884   0.958158
   22.0889  0.00629888 -0.00569318  0.00731791  -0.241755 -0.0300388   0.966215
    22.093  0.00150519 -0.00569318  0.00465475  -0.242975 -0.0260105   0.981474
   22.0989 -0.00968009 -0.00409528  0.00625265  -0.242609 -0.0200291   0.990018
    22.103  -0.0160717 -0.00196476  0.00678528 -0.241022 -0.021616  0.982694
   22.1089  -0.00754956 -0.000899491   0.00785055  -0.235651 -0.0240574   0.962431
   22.1134 -0.00808219 0.000698406  0.00518738  -0.231623 -0.0240574   0.947782
   22.1188 -0.00222324 0.000165774  0.00465475  -0.235285 -0.0277195   0.949857
   22.1229  0.00576625 -0.00303002  0.00625265  -0.239923 -0.0313816   0.967069
   22.1289  0.00363572 -0.00622581  0.00678528  -0.241266 -0.0264988   0.987943
   22.1334  -0.0048864 -0.00569318  0.00625265  -0.243219 -0.0192966    1.00174
   22.1389  -0.0171369 -0.00303002  0.00572002  -0.243708 -0.0191746   0.996976
   22.1431   -0.0224633 -0.000366859   0.00572002  -0.238092 -0.0217381   0.971708
   22.1489 -0.0171369 0.00176367 0.00465475  -0.232111 -0.0229588   0.949369
    22.153 -0.00754956 0.000698406  0.00518738  -0.234552 -0.0263767   0.945707
   22.1589  0.00150519 -0.00303002  0.00572002  -0.239557 -0.0299168   0.956937
   22.1634  0.00629888 -0.00569318  0.00678528  -0.239557 -0.0258884   0.972684
   22.1689  -0.0032885 -0.00409528  0.00678528  -0.241266 -0.0196629   0.990507
   22.1731 -0.00115797 -0.00409528    0.011579  -0.242853 -0.0201511   0.991727
   22.1789 -0.000625338  -0.00409528    0.0121116  -0.236505 -0.0222263   0.972807
   22.1835  -0.00808219 -0.000899491   0.00678528  -0.231867 -0.0225925   0.962186
   22.1887  -0.00275587 -0.000899491   0.00678528  -0.236628 -0.0254002   0.960844
   22.1933 0.000439926 -0.00462792  0.00625265  -0.240412 -0.0294285   0.962919
   22.1986 0.000439926 -0.00622581  0.00572002  -0.239557 -0.0255222   0.977201
    22.203 -0.00382113 -0.00409528  0.00678528 -0.242243 -0.018198  0.994535
   22.2089  -0.0198001 -0.00196476  0.00572002  -0.243586 -0.0189304   0.988554
   22.2133   -0.031518 0.000165774  0.00199159  -0.234552 -0.0228367   0.963895
   22.2189 -0.0240612 0.00282894 0.00145896  -0.229181 -0.0229588   0.949003
    22.223 -0.00861482   0.0022963  0.00465475  -0.235285 -0.0252781   0.947904
   22.2289 -0.00222324 -0.00143212  0.00465475  -0.237848 -0.0311375   0.958402
   22.2332 0.000972558 -0.00356265  0.00465475  -0.238459 -0.0278416   0.982694
   22.2389  0.00896204 -0.00516055    0.011579   -0.24505 -0.0195408    1.00381
   22.2434  -0.0016906 -0.00569318   0.0110463  -0.246393 -0.0203953   0.997587
   22.2489 -0.00861482 -0.00303002  0.00944844  -0.237848 -0.0223484   0.975248
   22.2531   0.00470098 -0.000366859    0.0142421  -0.234674 -0.0205174   0.958524
   22.2589   0.0132231 -0.00196476     0.01584  -0.239313 -0.0260105   0.948881
    22.263  0.00842941 -0.00409528   0.0126442  -0.239069 -0.0327244   0.949857
   22.2689 -0.00222324 -0.00249739  0.00465475  -0.237848 -0.0275974    0.96829
    22.273  0.00363572 -0.00303002  0.00731791   -0.24444 -0.0202732    0.98953
   22.2789   0.0105599 -0.00569318   0.0153074  -0.245295 -0.0229588   0.988187
   22.2832 -9.27062e-05  -0.00356265     0.011579  -0.235773 -0.0241795   0.974393
   22.2889 -0.0102127 0.00123104 0.00358949  -0.234064 -0.0203953   0.965116
   22.2932 -0.00382113 -0.00143212  0.00572002  -0.239191 -0.0264988   0.957426
   22.2989  0.00523362 -0.00622581  0.00891581  -0.237848 -0.0330906    0.95889
    22.303   0.0164189 -0.00675845   0.0110463  -0.239313 -0.0258884   0.979642
   22.3089   0.0153536 -0.00675845   0.0137095  -0.247736 -0.0197849   0.997587
    22.313 -0.00914745 -0.00462792  0.00891581  -0.245417 -0.0235691    0.98892
   22.3189 -0.00595166 -0.00196476   0.0105137  -0.234919 -0.0224705    0.96768
   22.3234  0.00523362 0.000698406   0.0126442  -0.233698 -0.0192966   0.952787
   22.3289  -0.0016906 0.000698406  0.00731791  -0.236872 -0.0275974   0.943754
    22.333  0.00150519 -0.00196476  0.00412212  -0.234064 -0.0347996   0.950346
   22.3389  0.00842941 -0.00409528  0.00412212  -0.237848 -0.0266209    0.97537
   22.3432   0.0105599 -0.00675845  0.00838318  -0.247248 -0.0206394   0.998319
   22.3489  0.00842941 -0.00835634   0.0137095  -0.243586 -0.0243015   0.999906
   22.3532  0.00150519 -0.00569318   0.0126442  -0.236139 -0.0201511   0.985258
   22.3589  -0.00648429 -0.000899491   0.00944844   -0.23736 -0.0166111   0.967069
   22.3633  -0.00595166 -0.000899491   0.00838318  -0.237604 -0.0280857   0.949979
   22.3686   0.0110926 -0.00409528   0.0105137  -0.234186 -0.0334568    0.94827
   22.3734  0.00310309 -0.00303002  0.00465475  -0.238703 -0.0240574   0.966459
   22.3789 -0.00275587 -0.00356265  0.00465475  -0.246393 -0.0217381   0.985136
    22.383  0.00363572 -0.00516055    0.011579  -0.241999 -0.0254002   0.985136
   22.3889  -0.0048864 -0.00303002   0.0105137  -0.234797 -0.0197849   0.976102
   22.3933   -0.0118106 -0.000366859   0.00678528  -0.235895 -0.0183201   0.966093
   22.3989 -0.00808219 -0.00143212  0.00625265  -0.235407 -0.0296726   0.956449
   22.4032  0.00470098 -0.00516055  0.00731791  -0.232721 -0.0311375   0.958768
   22.4089    0.014821 -0.00729108  0.00891581  -0.238947 -0.0221043   0.977811
   22.4131   0.0137557 -0.00782371   0.0137095  -0.245783 -0.0230808   0.996732
   22.4189  0.00523362 -0.00675845   0.0142421 -0.240534 -0.025156  0.994291
   22.4232  0.00470098 -0.00462792   0.0147748   -0.23382 -0.0173435   0.977323
   22.4289   -0.0102127 -0.000366859   0.00998107  -0.233332 -0.0179539   0.958158
   22.4332   -0.011278 0.000698406  0.00572002  -0.230524 -0.0300388   0.944242
   22.4389   0.0126905 -0.00249739  0.00944844 -0.228571 -0.030405   0.94766
    22.443  0.00896204 -0.00409528  0.00785054  -0.235529 -0.0229588   0.967924
   22.4489 -0.00382113 -0.00569318  0.00678528  -0.241632 -0.0254002   0.993558
   22.4533 -0.00541903 -0.00675845  0.00891581  -0.238581 -0.0245457    1.00259
   22.4589  -0.0102127 -0.00409528  0.00891581  -0.235041 -0.0160008   0.991849
   22.4633  -0.0176696 -0.00143212  0.00891581  -0.235285 -0.0184422   0.974027
   22.4687   -0.0224633 -0.000899491   0.00838318  -0.235407 -0.0246677   0.963529
   22.4731  -0.0032885 -0.00356265    0.011579  -0.234797 -0.0230808   0.957059
   22.4789   0.0116252 -0.00622581   0.0142421  -0.238092 -0.0227146   0.962675
   22.4833 -0.000625339  -0.00462792   0.00891581  -0.242365 -0.0264988   0.981474
   22.4888 -0.00861482 -0.00409528  0.00625265 -0.239801 -0.025034  0.986234
   22.4933  0.00203782 -0.00462792   0.0126442  -0.236872 -0.0175877   0.977567
   22.4989   0.0126905 -0.00409528   0.0169053  -0.236872 -0.0141697   0.970853
   22.5032  0.00310309 -0.00356265   0.0110463  -0.235651 -0.0224705   0.961454
   22.5089 -0.00648429 -0.00303002  0.00518738   -0.23443 -0.0307713   0.952055
   22.5131  -0.0048864 -0.00462792  0.00412212  -0.240656 -0.0284519   0.969511
    22.519  -0.0032885 -0.00622581  0.00305685  -0.246881 -0.0261326   0.986967
   22.5231   -0.011278 -0.00622581  0.00252422  -0.246149 -0.0213718   0.989042
    22.529  -0.0192675 -0.00622581  0.00199159  -0.245417 -0.0166111   0.991117
   22.5333  -0.0107454 -0.00356265  0.00838318  -0.242731 -0.0213718   0.970365
    22.539  -0.00222324 -0.000899491    0.0147748  -0.240046 -0.0261326   0.949613
   22.5432  -0.00648429 -0.000899491   0.00731791 -0.239435 -0.026865   0.94705
   22.5489   -0.0107454 -0.000899491 -0.000138938  -0.238825 -0.0275974   0.944486
   22.5531  -0.0150064 -0.00249739 -0.00173683  -0.245783 -0.0280857   0.970609
    22.559  -0.0118106 -0.00409528  0.00145896  -0.250055 -0.0247898   0.995878
   22.5635  -0.0144738 -0.00196476  0.00358948  -0.247126 -0.0183201   0.989408
   22.5689  -0.0245938 0.000165774 0.000926323  -0.246881 -0.0156345   0.983793
   22.5731 -0.00808219 -0.00196476  0.00572002  -0.244684 -0.0219822   0.965238
   22.5789  0.00842941 -0.00409528   0.0105137  -0.242487 -0.0283299   0.946683
   22.5831  0.00523362 -0.00249739  0.00625265  -0.244684 -0.0272312    0.95828
    22.589   0.00203782 -0.000899491   0.00199159  -0.246881 -0.0261326   0.969877
   22.5931 0.000439926 -0.00196476  0.00412212  -0.243586 -0.0223484   0.976835
    22.599  -0.00435376 -0.000899491   0.00572002  -0.237848 -0.0169773   0.980131
   22.6036 -0.000625338 -0.000899491   0.00891581  -0.235163 -0.0196629   0.968412
   22.6089  0.00629888 -0.00303002   0.0126442  -0.234919 -0.0239353   0.960355
   22.6131  0.00470098 -0.00196476  0.00785054   -0.23028 -0.0239353    0.95828
    22.619   0.00310309 -0.000899491   0.00305685  -0.225641 -0.0239353   0.956205
   22.6233  0.00470098 -0.00409528  0.00518738  -0.232233 -0.0254002   0.980253
   22.6288  0.00629888 -0.00729108  0.00731792 -0.238825 -0.026865    1.0043
   22.6331  -0.0048864 -0.00356265  0.00785055  -0.234552 -0.0212498   0.995512
    22.639  -0.0160717 0.000165774  0.00838318   -0.23028 -0.0156345   0.986723
   22.6435 -0.0224633 0.00123104 0.00305685  -0.226374 -0.0236912   0.962919
    22.649  -0.0288548   0.0022963 -0.00226947  -0.222467 -0.0317478   0.939115
   22.6531  -0.0107454 0.000165774  0.00252422  -0.231256 -0.0308933    0.95535
    22.659  0.00736414 -0.00196476  0.00731792  -0.240046 -0.0300388   0.971586
   22.6637   0.0121578 -0.00516055  0.00891581  -0.241632 -0.0310154   0.979642
   22.6687  0.00203782 -0.00675845  0.00731791  -0.240412 -0.0271091   0.991361
   22.6734  -0.0192675 -0.00143212  0.00358948    -0.2409 -0.0243015    0.98245
   22.6789 -0.0256591  0.0022963 0.00305685  -0.244196 -0.0263767   0.969877
   22.6832 -0.0128759 0.00123104 0.00465475  -0.242243 -0.0269871   0.959745
    22.689 -9.27057e-05  0.000165774   0.00625265   -0.24029 -0.0275974   0.949613
   22.6932 -0.00115797 -0.00462792  0.00572002  -0.247004 -0.0279636   0.965849
   22.6989 -0.00222324 -0.00942161  0.00518738  -0.253717 -0.0283299   0.982084
   22.7035 -0.00914745 -0.00356265  0.00625265  -0.248957 -0.0228367   0.981351
    22.709 -0.0160717  0.0022963 0.00731792  -0.244196 -0.0173435   0.980619
   22.7132  0.000439925 -0.000366859    0.0105137  -0.235651 -0.0236912   0.960477
    22.719   0.0169515 -0.00303002   0.0137095  -0.227106 -0.0300388   0.940336
   22.7232  0.00310309 -0.00303002  0.00625265  -0.235407 -0.0291843   0.960355
    22.729  -0.0107454 -0.00303002 -0.00120421  -0.243708 -0.0283299   0.980375
   22.7332  -0.0102127 -0.00356265  0.00145895  -0.240046 -0.0294285   0.989286
    22.739 -0.00968009 -0.00409528  0.00412212  -0.234064 -0.0224705    1.00198
   22.7433  -0.0150064 -0.00196476  0.00412212  -0.236139 -0.0118504   0.999174
    22.749   -0.0187348 -0.000366859   0.00572002 -0.235895 -0.016367  0.976347
   22.7531   -0.0128759 -0.000366859   0.00678528 -0.225153 -0.025156  0.950956
    22.759 -0.00541903 0.000165774  0.00625265  -0.223322 -0.0235691   0.945219
   22.7636 -0.000625339  -0.00196476   0.00465475 -0.232355 -0.023447  0.956205
    22.769  0.00257045 -0.00516055  0.00358948  -0.236261 -0.0263767   0.972074
   22.7733  0.00203782 -0.00462792  0.00412212 -0.235773 -0.019907  0.990018
    22.779 -0.00435376 -0.00249739  0.00678528  -0.240046 -0.0131931   0.997099
   22.7831 -0.00968009 -0.00303002  0.00944844  -0.239679 -0.0202732   0.982572
    22.789  -0.0032885 -0.00303002   0.0105137  -0.231989 -0.0260105    0.96414
   22.7933   0.0110926 -0.00249739   0.0126442  -0.234064 -0.0208836   0.958646
    22.799  0.00629888 -0.00303002  0.00891581  -0.241999 -0.0243015   0.960722
   22.8032 -0.00222324 -0.00462792  0.00572002  -0.242609 -0.0315037   0.970365
    22.809  -0.0016906 -0.00303002  0.00625265  -0.242975 -0.0238133   0.985014
   22.8136  -0.0182022 0.000698406  0.00305685  -0.246515 -0.0173435   0.986356
    22.819 -0.00808219 -0.00249739    0.011579  -0.241632 -0.0241795   0.969633
   22.8232   0.0153536 -0.00303002   0.0174379  -0.231989 -0.0275974   0.954008
    22.829 -0.00754956   0.0022963  0.00412212  -0.233942 -0.0245457     0.9512
   22.8333   -0.015539 0.000165774 0.000393692  -0.241144 -0.0308933   0.957548
    22.839  0.00257045 -0.00516055  0.00625265  -0.242121 -0.0360203   0.975736
   22.8432  0.00310309 -0.00516055  0.00785055  -0.245661 -0.0240574   0.995634
    22.849 -9.27057e-05  -0.00622581    0.0126442  -0.250177 -0.0180759   0.999296
   22.8535 -0.000625338  -0.00675845    0.0147748   -0.24444 -0.0258884   0.981474
    22.859 -0.000625338  -0.00303002    0.0126442  -0.236994 -0.0267429   0.957792
   22.8632  0.000439926 -0.000366859    0.0110463  -0.239801 -0.0254002   0.943876
    22.869  -0.00968009 -0.000366859   0.00358948  -0.244318 -0.0337009   0.945707
   22.8736 -0.00914745 -0.00249739 0.000393692  -0.244684 -0.0344334   0.963041
   22.8788 0.000972559 -0.00462792  0.00412212  -0.248224 -0.0230808   0.983793
   22.8832  -0.0102127 -0.00303002  0.00252422  -0.251154 -0.0202732   0.992826
    22.889  -0.0128759 -0.00196476  0.00465475  -0.245783 -0.0241795   0.983305
   22.8932  -0.0203327 0.000165774  0.00199159  -0.239313 -0.0214939   0.967802
    22.899  -0.0304527  0.00123104 -0.00226947  -0.240412 -0.0211277   0.958646
   22.9032 -0.00861482 -0.00409528  0.00518738  -0.241388 -0.0293064    0.95828
   22.9088  0.00629888 -0.00622581  0.00572002  -0.239801 -0.0278416   0.970487
   22.9131  0.00416835 -0.00569318  0.00572002  -0.241632 -0.0174656   0.987821
    22.919 -0.00754956 -0.00303002  0.00572002  -0.241144 -0.0180759   0.991117
   22.9234  -0.0347138  0.00176367 -0.00173683  -0.232965 -0.0218601   0.976102
    22.929 -0.0245938  0.0022963 0.00199159  -0.225885 -0.0186863   0.958402
   22.9331 -9.27066e-05 -0.000366859    0.0105137   -0.22674 -0.0206394   0.948515
    22.939   0.0169515 -0.00356265   0.0131769  -0.229425 -0.0289402   0.952543
   22.9433   0.0244084 -0.00516055  0.00891581   -0.23089 -0.0273533   0.974271
    22.949  0.00842941 -0.00622581  0.00518738  -0.236017 -0.0180759   0.996854
   22.9532 -0.00382113 -0.00569318  0.00838318  -0.239557 -0.0173435    1.00332
    22.959  -0.0102127 -0.00356265  0.00944844  -0.236017 -0.0200291   0.989408
   22.9633   -0.0118106 -0.000899491   0.00891581  -0.232355 -0.0178318   0.965849
   22.9689 -0.00914745  0.00123104  0.00891581  -0.233454 -0.0224705   0.948026
   22.9731  -0.0128759 0.000165774  0.00465475  -0.236994 -0.0313816   0.946561
    22.979 -0.00754956 -0.00303002  0.00412212   -0.24029 -0.0290623   0.960355
   22.9834 -0.00808219 -0.00249739  0.00252422  -0.244684 -0.0229588   0.979398
    22.989   -0.0176696 -0.000899491 -0.000138938  -0.247492 -0.0236912   0.991361
   22.9931  -0.0134085 -0.00196476  0.00518738  -0.245295 -0.0238133   0.983915
    22.999  -0.0139411 -0.00143212  0.00625265  -0.241266 -0.0222263   0.968412
   23.0035 -0.00861482 -0.00143212  0.00625265  -0.240656 -0.0272312   0.959745
   23.0088 -0.00382113 -0.00356265  0.00572002  -0.242243 -0.0330906   0.958036
   23.0131  0.00523362 -0.00622581  0.00572002  -0.242975 -0.0297947   0.967069
    23.019 -0.00435376 -0.00462792  0.00252422  -0.244928 -0.0246677    0.98599
   23.0235  -0.0139411 -0.00356265  0.00572002  -0.245661 -0.0255222   0.994413
   23.0289 -0.00754956 -0.00356265   0.0105137  -0.239557 -0.0244236    0.97891
   23.0331 -0.0192675 0.00123104 0.00199159  -0.231745 -0.0221043   0.957426
    23.039 -0.0256591  0.0038942 -0.0012042  -0.230402 -0.0264988   0.947172
   23.0433  -0.0187348 0.000698406  -0.0012042  -0.232599 -0.0329685   0.949247
    23.049  0.00842941 -0.00622581  0.00625265  -0.233698 -0.0312595    0.96536
   23.0531  0.00523362 -0.00675845  0.00572001  -0.237726 -0.0239353   0.990629
    23.059  -0.0102127 -0.00569318  0.00358948  -0.241877 -0.0211277    1.00503
   23.0636  -0.0016906 -0.00622581  0.00998107  -0.23797 -0.019907  0.993925
   23.0688   -0.0166043 -0.000366859   0.00412212  -0.231623 -0.0177097   0.972929
   23.0731 -0.0224633 0.00176367 0.00358949  -0.231745 -0.0208836   0.955839
    23.079  0.00736415 -0.00409528   0.0131769  -0.234186 -0.0279636   0.947904
   23.0836   0.0196147 -0.00675845   0.0131769  -0.234186 -0.0272312   0.955228
   23.0888  0.00842941 -0.00462792  0.00785055  -0.238337 -0.0213718   0.976224
   23.0933  0.00736414 -0.00409528  0.00944844  -0.243586 -0.0202732   0.991727
    23.099  0.00150519 -0.00303002  0.00891581  -0.238703 -0.0191746   0.983182
   23.1031 -0.00861482 0.000165774  0.00572002  -0.232233 -0.0169773   0.970121
    23.109 -0.00808219 0.000698406  0.00625265  -0.234919 -0.0207615   0.964384
   23.1132 0.000439926 -0.00303002  0.00891581  -0.236261 -0.0275974   0.958036
    23.119  0.00896204 -0.00516055   0.0105137  -0.234797 -0.0264988   0.964384
   23.1231   0.0126905 -0.00569318   0.0126442  -0.241632 -0.0211277   0.987699
    23.129  0.00257045 -0.00622581   0.0121116  -0.247004 -0.0214939   0.998075
   23.1335 -9.27062e-05  -0.00462792    0.0121116  -0.239313 -0.0211277   0.981351
   23.1389 -0.0166043 0.00123104 0.00678528 -0.232965 -0.018198  0.962308
   23.1432 -0.0192675 0.00176367 0.00518738  -0.236139 -0.0227146   0.949613
    23.149  0.00523362 -0.00303002  0.00891581  -0.236505 -0.0318699   0.942533
   23.1533  0.00629888 -0.00356265  0.00572002  -0.236261 -0.0312595   0.956083
    23.159  0.00470098 -0.00516055  0.00785054  -0.246149 -0.0236912   0.984159
   23.1633  0.00203782 -0.00729108  0.00998107  -0.252008 -0.0241795   0.999662
    23.169  -0.0229959 -0.00356265  0.00145896  -0.244806 -0.0240574   0.995023
   23.1734   -0.0368443   0.00123104 -0.000671573  -0.241755 -0.0180759   0.980253
   23.1787  -0.0102127 -0.00143212   0.0105137  -0.244318 -0.0223484   0.959745
   23.1834  0.00629888 -0.00356265    0.011579  -0.241022 -0.0326023   0.945219
    23.189  -0.0016906 -0.00196476  0.00412212  -0.238337 -0.0300388   0.951688
   23.1932  0.00310309 -0.00303002  0.00625265  -0.245661 -0.0235691   0.973173
    23.199  -0.0048864 -0.00462792  0.00731791  -0.248468 -0.0258884   0.986234
   23.2032 -0.00754956 -0.00462792  0.00998107  -0.239191 -0.0243015   0.983427
    23.209 -0.00222324 -0.00143212   0.0121116  -0.235529 -0.0180759   0.974882
   23.2136  -0.0176696 0.000698406  0.00572002   -0.23675 -0.0240574   0.963285
   23.2187    -0.015539 -0.000899491   0.00199159   -0.23089 -0.0327244    0.95474
   23.2232  -0.00808219  -0.00143212 -0.000671573  -0.229914 -0.0264988   0.964017
    23.229  -0.0128759 -0.00143212 -0.00333473 -0.240412 -0.021616  0.986112
   23.2334  -0.0203327 -0.00409528  -0.0012042  -0.241755 -0.0261326   0.996732
    23.239  -0.0102127 -0.00516055  0.00838318  -0.232599 -0.0219822   0.988798
   23.2433  0.00949467 -0.00249739   0.0169053  -0.231256 -0.0153904   0.974149
    23.249 -0.0032885 0.00123104  0.0105137  -0.232233 -0.0230808   0.953641
   23.2532 -0.00914745 0.000698406  0.00465475  -0.226374 -0.0316258    0.94119
    23.259  0.00683151 -0.00249739  0.00625265  -0.229059 -0.0266209   0.953275
   23.2633  0.00629888 -0.00516055  0.00518738 -0.241388 -0.023325  0.977689
    23.269 -0.000625339  -0.00675845   0.00518738  -0.243586 -0.0274754      0.996
   23.2734  -0.0048864 -0.00462792  0.00625265  -0.239557 -0.0217381   0.998075
    23.279  0.00150519 -0.00356265   0.0121116 -0.242121 -0.014658  0.985868
   23.2832 -0.00595166 -0.00303002   0.0121116  -0.242243 -0.0240574    0.96414
    23.289  -0.0048864 -0.00249739  0.00998108  -0.236505 -0.0313816   0.949857
   23.2934  0.00683151 -0.00303002  0.00891581  -0.239069 -0.0252781   0.953886
   23.2989   0.0116252 -0.00569318  0.00891581  -0.247248 -0.0252781   0.968168
   23.3031   0.0196147 -0.00888897   0.0147748  -0.245905 -0.0293064   0.981962
   23.3088 -9.27057e-05  -0.00516055   0.00998107   -0.2409 -0.021616  0.984769
   23.3131  -0.0187348 -0.00143212  0.00518738    -0.2409 -0.0167332   0.975858
    23.319  0.00416835 -0.00356265   0.0126442  -0.237726 -0.0273533   0.961576
   23.3233   0.0137557 -0.00356265   0.0110463  -0.231989 -0.0301609   0.954862
   23.3288   0.0116252 -0.00409528  0.00838318  -0.235773 -0.0225925   0.961698
   23.3331   0.0185494 -0.00729108   0.0110463  -0.243586 -0.0254002     0.9783
    23.339 -0.00115797 -0.00622581  0.00358948  -0.243097 -0.0283299   0.993803
   23.3435  -0.0261917 -0.00196476  -0.0028021  -0.239801 -0.0178318   0.994047
    23.349   -0.0240612 -0.000366859   0.00305685 -0.239679 -0.014658  0.979032
    23.353  -0.00861482 -0.000899491   0.00944844   -0.23443 -0.0249119   0.956083
    23.359   0.0164189 -0.00249739   0.0142421  -0.229059 -0.0280857   0.941801
   23.3634   0.0260063 -0.00303002   0.0137095  -0.234186 -0.0238133   0.947904
   23.3688   0.0100273 -0.00516055  0.00944844   -0.24151 -0.0262547   0.968778
   23.3731   0.0185494 -0.00888897   0.0153074  -0.242731 -0.0264988   0.990873
    23.379   0.0217452 -0.00675845     0.01584 -0.241266 -0.016489  0.998441
   23.3832 -0.00222324 -0.00303002  0.00998107  -0.241632 -0.0150242   0.989652
   23.3888   -0.011278 -0.00143212  0.00944844  -0.237604 -0.0238133    0.97122
   23.3934 -0.00435376 -0.00143212  0.00891581  -0.233088 -0.0249119   0.954984
    23.399 -0.00115797 -0.00196476  0.00731792 -0.236139 -0.023325  0.953641
   23.4033  -0.0128759 -0.00196476  0.00305685   -0.24029 -0.0283299   0.966947
   23.4089  -0.0128759 -0.00303002  0.00252422  -0.240534 -0.0266209    0.98184
   23.4131 -0.00541903 -0.00143212  0.00678528  -0.238092 -0.0185642   0.986845
    23.419 -0.00968009 0.000698406  0.00838318  -0.236139 -0.0195408   0.978788
   23.4235  -0.00648429 -0.000366859   0.00891581  -0.232965 -0.0260105   0.962919
   23.4289   0.00683151 -0.000899491   0.00998107  -0.229547 -0.0263767   0.952055
    23.433   0.0158863 -0.00143212  0.00998107  -0.232965 -0.0262547   0.956327
    23.439   0.0132231 -0.00516055  0.00838318  -0.240534 -0.0307713   0.976102
   23.4432   0.0126905 -0.00888897  0.00998107  -0.243464 -0.0286961      0.996
    23.449  0.00363572 -0.00729108   0.0121116  -0.242487 -0.0191746   0.997831
   23.4534  -0.0048864 -0.00356265   0.0126442  -0.242121 -0.0191746   0.985258
    23.459  -0.00861482 -0.000899491    0.0105137  -0.239191 -0.0261326   0.961698
   23.4633 -0.0107454 0.00123104 0.00625265  -0.234919 -0.0280857   0.940702
   23.4689   0.00629888 -0.000899491   0.00838318  -0.237238 -0.0295506   0.943021
   23.4731   0.0217452 -0.00462792  0.00944844  -0.24444 -0.031992  0.963041
    23.479  0.00842941 -0.00516055  0.00358948  -0.247736 -0.0280857   0.983182
   23.4835 -0.00435376 -0.00409528  0.00358948  -0.246271 -0.0206394   0.994047
   23.4888 -0.00914745 -0.00303002  0.00838318  -0.245172 -0.0201511   0.992094
   23.4931  -0.0134085 -0.00249739  0.00838318  -0.241999 -0.0244236   0.974271
    23.499   -0.0176696 -0.000899491   0.00252422  -0.236505 -0.0257664    0.95535
   23.5034   -0.0134085 -0.000366859   0.00145895  -0.237116 -0.0263767   0.954252
   23.5091 -0.00648429 -0.00303002  0.00199159   -0.24151 -0.0284519   0.966947
   23.5133 -0.00115797 -0.00675845  0.00465475  -0.241999 -0.0257664   0.979032
   23.5189 0.000972558 -0.00516055  0.00891581  -0.239313 -0.0195408     0.9866
   23.5231 -0.00275587 -0.00196476   0.0110463  -0.237848 -0.0180759   0.982206
   23.5291  -0.0229959 0.000698406  0.00252422  -0.233454 -0.0218601   0.963529
   23.5333 -0.0245938 0.00176367 -0.0012042  -0.226618 -0.0239353   0.949735
   23.5391   0.00257045 -0.000366859   0.00518738  -0.229792 -0.0239353   0.955228
   23.5432   0.0137557 -0.00569318  0.00785054  -0.238337 -0.0266209   0.973539
   23.5491   0.0121578 -0.00995424  0.00891581  -0.239435 -0.0247898   0.991605
   23.5535 -0.000625339  -0.00675845   0.00785054 -0.239435 -0.016367   1.00015
   23.5591 -0.00968009 -0.00356265  0.00998107  -0.242365 -0.0145359   0.992582
   23.5635   -0.011278 -0.00143212  0.00944844   -0.23736 -0.0207615   0.968168
   23.5691   -0.0016906 -0.000366859   0.00891581  -0.22967 -0.023447  0.945219
   23.5733   0.00629888 -0.000899491   0.00944844   -0.23443 -0.0246677    0.94412
   23.5789    0.014821 -0.00356265   0.0105137  -0.242487 -0.0293064   0.957059
   23.5832   0.0105599 -0.00462792  0.00625265  -0.242365 -0.0279636   0.974393
   23.5891   0.0126905 -0.00409528  0.00944844  -0.242731 -0.0196629   0.992948
   23.5933  0.00310309 -0.00303002   0.0126442  -0.245905 -0.0183201    0.99539
   23.5989  -0.0150064 -0.00196476  0.00785055    -0.2409 -0.0243015   0.977079
   23.6033  0.00310309 -0.00303002   0.0121116  -0.234674 -0.0244236   0.959989
   23.6091   0.0153536 -0.00303002   0.0131769 -0.239801 -0.025034  0.957792
   23.6133  0.00576625 -0.00409528  0.00625265  -0.243219 -0.0307713   0.962431
   23.6191 0.000972558 -0.00569318  0.00625265  -0.239923 -0.0289402   0.976469
   23.6232 -9.27062e-05  -0.00409528    0.0105137  -0.241632 -0.0208836   0.991239
   23.6291   -0.0229959 -0.000366859   0.00518738  -0.243464 -0.0212498   0.983305
   23.6336 -0.00968009 -0.00196476  0.00998107  -0.234797 -0.0272312    0.96121
   23.6391   0.0180168 -0.00196476   0.0147748  -0.228449 -0.0263767   0.949613
   23.6432 0.000439927 0.000165774  0.00572002  -0.235407 -0.0269871   0.951322
    23.649 -0.00115797 -0.00462792  0.00518738 -0.239191 -0.033823  0.962675
   23.6531   0.0169515 -0.00888897   0.0110463 -0.238214 -0.030405  0.985502
   23.6591   0.0254736 -0.00942161   0.0169053  -0.244074 -0.0188084    1.00308
   23.6637     0.02068 -0.00835634   0.0190358  -0.246149 -0.0197849   0.997099
    23.669  0.00310309 -0.00409528   0.0131769   -0.23675 -0.0249119   0.974393
   23.6732 -0.0139411 0.00123104 0.00465475  -0.231745 -0.0218601    0.95413
   23.6791 -0.00115797 0.000698406  0.00678528  -0.237116 -0.0252781   0.945463
   23.6833   0.0158863 -0.00356265  0.00944844  -0.237848 -0.0337009     0.9512
   23.6891   0.0238757 -0.00622581   0.0110463  -0.236628 -0.0279636    0.97122
   23.6936  0.00736414 -0.00409528  0.00785054  -0.242609 -0.0175877   0.992948
   23.6989 -0.00701693 -0.00303002  0.00731791  -0.242853 -0.0201511   0.994413
   23.7032  0.00203782 -0.00303002   0.0110463   -0.23321 -0.0227146   0.979032
   23.7091   -0.0032885 -0.000899491   0.00731792  -0.231012 -0.0183201    0.96768
   23.7135 -0.00222324 -0.00196476  0.00731792  -0.236261 -0.0232029   0.958768
    23.719 -9.27066e-05  -0.00462792   0.00572002  -0.235041 -0.0316258   0.958768
   23.7232  0.00150519 -0.00516055  0.00465475  -0.235529 -0.0244236   0.976102
    23.729 -0.00914745 -0.00356265  0.00412212 -0.242975 -0.016367  0.992338
   23.7331  -0.0102127 -0.00462792  0.00891581 -0.241388 -0.021616  0.986845
   23.7391  -0.0166043 -0.00143212  0.00678528  -0.231745 -0.0223484   0.967924
   23.7435 -0.0203327 0.00282893 0.00305685  -0.230646 -0.0183201   0.955106
    23.749  -0.0102127 0.000165774  0.00678528  -0.235163 -0.0254002   0.948026
   23.7531  0.00629888 -0.00622581    0.011579  -0.235773 -0.0330906   0.954984
   23.7591  0.0334631 -0.0104869  0.0179706  -0.240046 -0.0255222   0.979276
   23.7638   0.0180168 -0.00888897   0.0126442  -0.249445 -0.0190525    1.00015
   23.7691 -0.00914745 -0.00675845  0.00838318  -0.248713 -0.0232029   0.999662
   23.7734 -0.00754956 -0.00462792   0.0110463  -0.241266 -0.0205174   0.980497
    23.779  0.00150519 -0.00249739   0.0131769   -0.24029 -0.0183201   0.959379
   23.7832   0.0116252 -0.00303002   0.0153074  -0.240656 -0.0294285   0.945707
    23.789    0.014821 -0.00462792    0.011579  -0.238703 -0.0346775   0.948026
   23.7931 -0.00115797 -0.00356265  0.00252422  -0.241755 -0.0249119   0.966093
   23.7991  0.00896204 -0.00516055  0.00891581  -0.247004 -0.0212498   0.985624
   23.8033   0.0153536 -0.00622581   0.0153074  -0.243586 -0.0260105   0.990995
   23.8091  -0.0123432 -0.00143212  0.00625265   -0.23736 -0.0214939   0.980497
   23.8136    -0.015539 -0.000899491   0.00625265  -0.236628 -0.0194187   0.968046
   23.8189   -0.015539 -0.00196476  0.00518738  -0.236383 -0.0295506   0.959867
   23.8234  -0.0102127 -0.00249739  0.00252422  -0.235041 -0.0312595   0.959257
    23.829   0.0110926 -0.00622581  0.00838318 -0.238459 -0.023325  0.973173
   23.8332   0.0110926 -0.00782371   0.0126442 -0.243586 -0.023325  0.990751
   23.8391  -0.0016906 -0.00516055   0.0105137  -0.241388 -0.0256443   0.990873
   23.8435   -0.0176696 -0.000366859   0.00305685  -0.234674 -0.0191746    0.97476
   23.8491 -0.0176696 0.00123104 0.00518738  -0.232355 -0.0192966    0.95767
   23.8534  -0.0139411 0.000698406  0.00465475  -0.233088 -0.0301609    0.94705
   23.8591  -0.00701693 -0.000899491  0.000926323  -0.233942 -0.0322361   0.950468
   23.8633 -0.000625339  -0.00409528   0.00305685  -0.239435 -0.0255222    0.97183
   23.8691  -0.0032885 -0.00622581  0.00518738  -0.245661 -0.0240574   0.995023
   23.8736 -0.00275587 -0.00622581  0.00838318  -0.245539 -0.0240574    1.00113
    23.879   -0.011278 -0.00303002  0.00785055  -0.240778 -0.0180759   0.986967
   23.8833   -0.0139411 -0.000366859   0.00891581  -0.237726 -0.0177097   0.965726
   23.8891   -0.0150064 -0.000899491   0.00785055  -0.236994 -0.0274754    0.95059
   23.8931  -0.0134085 -0.00196476  0.00305685 -0.236383 -0.030405  0.947904
   23.8991  0.00150519 -0.00356265  0.00572002  -0.239435 -0.0256443   0.960477
   23.9036   0.0137557 -0.00462792   0.0110463  -0.244684 -0.0249119   0.981229
   23.9088 -9.27062e-05  -0.00409528   0.00891581 -0.244196 -0.023325   0.98953
   23.9132  -0.0032885 -0.00409528    0.011579  -0.237848 -0.0190525    0.97952
   23.9191  0.00470098 -0.00249739   0.0131769   -0.23443 -0.0211277   0.969266
   23.9235   0.0142884 -0.00356265   0.0153074  -0.235651 -0.0280857   0.961698
   23.9291    0.014821 -0.00516055   0.0126442  -0.234797 -0.0275974   0.956815
   23.9332 0.000439926 -0.00409528  0.00412212 -0.236383 -0.023447  0.969755
   23.9391  -0.0102127 -0.00303002  0.00145895 -0.243219 -0.023447  0.991972
   23.9433   -0.0229959  -0.00196476 -0.000138942  -0.242853 -0.0228367   0.994413
   23.9491  -0.0176696 -0.00196476  0.00625265  -0.235895 -0.0183201   0.977689
   23.9536 -9.27062e-05 -0.000899491    0.0137095  -0.233942 -0.0188084    0.96121
   23.9591   0.0110926 -0.00143212   0.0137095  -0.234552 -0.0261326   0.947172
   23.9634 0.000439926 -0.00143212  0.00412212  -0.232599 -0.0294285    0.94473
   23.9689   -0.0048864 -0.000899491 -0.000138938  -0.235407 -0.0257664   0.964628
   23.9733 0.000439926 -0.00303002  0.00412212  -0.244074 -0.0232029   0.992338
   23.9791 -0.00115797 -0.00516055  0.00785055  -0.244196 -0.0224705    1.00162
   23.9834 0.000972559 -0.00569318    0.011579   -0.23797 -0.0175877   0.991849
   23.9891 0.000972559 -0.00196476   0.0126442   -0.23675 -0.0166111   0.976835
   23.9933   0.00203782 -0.000366859    0.0126442 -0.236139 -0.025034  0.956571
   23.9989  0.00310309 -0.00249739  0.00891581  -0.232477 -0.0294285   0.946195
   24.0031  0.00203782 -0.00409528  0.00518738 -0.234919 -0.025156  0.958646
   24.0091  -0.0123432 -0.00356265  0.00145896  -0.242365 -0.0238133   0.980131
   24.0133 -0.00968009 -0.00462792  0.00572002  -0.240046 -0.0238133   0.986478
   24.0191  0.00896204 -0.00516055   0.0142421  -0.233088 -0.0194187   0.981474
   24.0236 -0.00275587 0.000165774  0.00891581  -0.233942 -0.0191746   0.973783
   24.0291  -0.00754956 -0.000366859   0.00785054  -0.234674 -0.0274754   0.959013
   24.0333  0.00416835 -0.00356265  0.00998108 -0.231012 -0.030405  0.953275
   24.0391  0.00683151 -0.00409528  0.00785055 -0.236994 -0.025156  0.970121
   24.0433  0.00150519 -0.00675845  0.00785055   -0.24737 -0.0257664   0.991972
    24.049 -0.00595166 -0.00675845  0.00731792  -0.244562 -0.0260105   0.994901
   24.0532 -0.00861482 -0.00249739  0.00838318  -0.238092 -0.0180759   0.983915
   24.0591 -0.00914745 0.000165774  0.00944844  -0.240168 -0.0183201   0.967313
   24.0637   -0.0048864 -0.000899491   0.00944844  -0.238214 -0.0286961   0.945097
   24.0689 -9.27057e-05  -0.00196476   0.00944844  -0.233454 -0.0339451   0.933256
   24.0731  0.00203782 -0.00196476  0.00731791  -0.24029 -0.028574  0.953153
   24.0791   0.0158863 -0.00675845   0.0105137  -0.249445 -0.0269871   0.983427
   24.0837   0.0169515 -0.00835634    0.011579 -0.245539 -0.026865  0.996366
   24.0891  -0.0048864 -0.00196476  0.00518738   -0.24151 -0.0177097   0.996122
   24.0933  -0.0150064 0.000698406  0.00625265  -0.244318 -0.0172215   0.981474
   24.0991  -0.0139411 0.000165774  0.00944844  -0.244928 -0.0219822   0.969633
   24.1033  -0.00648429 -0.000899491   0.00838318  -0.239191 -0.0222263    0.95889
   24.1091 0.000972558 -0.00249739  0.00678528  -0.239923 -0.0238133   0.958036
   24.1134  -0.0107454 -0.00356265  0.00199159   -0.24505 -0.0283299   0.974149
    24.119  -0.0224633 -0.00409528 -0.00226947  -0.243708 -0.0315037   0.980375
   24.1231   -0.011278 -0.00196476  0.00358948  -0.241755 -0.0213718   0.981596
   24.1291 -0.0198001 0.00123104 0.00305685  -0.239313 -0.0184422   0.972929
   24.1335   -0.0123432 -0.000366859   0.00572002  -0.233454 -0.0291843   0.956693
    24.139    0.014821 -0.00303002   0.0147748  -0.228083 -0.0327244   0.950346
   24.1432  0.00842941 -0.00409528    0.011579  -0.237482 -0.0284519   0.963773
   24.1491  0.00203782 -0.00516055  0.00838318  -0.246881 -0.0241795   0.977201
   24.1532 -0.00115797 -0.00516055  0.00785055  -0.242853 -0.0211277   0.988309
   24.1591 -0.00701693 -0.00356265  0.00838318  -0.241632 -0.0136814   0.992216
   24.1636  -0.0107454 -0.00196476  0.00944844  -0.241144 -0.0178318    0.97183
    24.169  -0.0118106 -0.00196476  0.00944844  -0.237848 -0.0263767   0.958646
   24.1731  -0.00275587 -0.000366859   0.00785054   -0.23443 -0.0244236   0.952177
   24.1791 0.00629888 0.00123104 0.00625265  -0.231012 -0.0224705   0.945707
   24.1835  -0.0048864 -0.00143212  0.00199159  -0.235773 -0.0269871   0.966825
   24.1891  -0.0160717 -0.00409528 -0.00226947  -0.240534 -0.0315037   0.987943
   24.1934  -0.0187348 -0.00303002  0.00199159  -0.241022 -0.0211277   0.992704
   24.1991   -0.021398 -0.00196476  0.00625265   -0.24151 -0.0107517   0.997465
   24.2032   -0.0150064 -0.000899491   0.00572002  -0.234064 -0.0190525   0.976469
    24.209 -0.00861482 0.000165774  0.00518738  -0.226618 -0.0273533   0.955473
   24.2131 -0.00222324 -0.00196476  0.00572002  -0.232721 -0.0279636   0.957792
   24.2191  0.00416835 -0.00409528  0.00625265 -0.238825 -0.028574  0.960111
   24.2232   0.0121578 -0.00569318    0.011579   -0.23797 -0.0222263   0.975858
   24.2291   0.0201473 -0.00729108   0.0169053  -0.237116 -0.0158787   0.991605
   24.2336   0.0121578 -0.00569318   0.0174379  -0.235895 -0.0227146   0.977445
   24.2391  0.00416835 -0.00409528   0.0179706  -0.234674 -0.0295506   0.963285
   24.2433   -0.0032885 -0.000366859   0.00998108  -0.235163 -0.0263767   0.958646
   24.2491 -0.0107454 0.00336157 0.00199159  -0.235651 -0.0232029   0.954008
   24.2531 -0.00595166 -0.00143212  0.00358949  -0.239679 -0.0275974   0.973295
   24.2591 -0.00115797 -0.00622581  0.00518738 -0.243708 -0.031992  0.992582
   24.2635 -0.000625338  -0.00675845   0.00891581  -0.245417 -0.0246677   0.990751
   24.2691 -9.27057e-05  -0.00729108    0.0126442  -0.247126 -0.0173435    0.98892
   24.2732  0.00576625 -0.00356265   0.0131769  -0.240046 -0.0211277   0.964506
   24.2791   0.0116252 0.000165774   0.0137095  -0.232965 -0.0249119   0.940092
   24.2833  0.000439926 -0.000366859   0.00625265  -0.237604 -0.0299168   0.948759
   24.2891   -0.0107454 -0.000899491  -0.00120421  -0.242243 -0.0349216   0.957426
   24.2936  -0.0048864 -0.00249739  0.00252422  -0.243097 -0.0257664   0.977323
    24.299 0.000972558 -0.00409528  0.00625265  -0.243952 -0.0166111   0.997221
   24.3032 -0.00541903 -0.00303002  0.00678528  -0.241632 -0.0208836   0.986845
   24.3091  -0.0118106 -0.00196476  0.00731792 -0.239313 -0.025156  0.976469
   24.3131 -0.00701693 -0.00143212  0.00838318  -0.237116 -0.0246677   0.964994
   24.3191  -0.00222324 -0.000899491   0.00944844  -0.234919 -0.0241795   0.953519
   24.3235 -0.00115797 -0.00303002  0.00838318  -0.236628 -0.0283299   0.957792
   24.3288  0.00363572 -0.00569318  0.00785055  -0.239191 -0.0291843   0.970487
   24.3336 -9.27066e-05  -0.00409528   0.00838318  -0.240412 -0.0230808    0.98184
   24.3391 -0.00754956 -0.00196476  0.00838318  -0.240778 -0.0202732   0.984769
   24.3434 -0.00861482 -0.00196476  0.00731791  -0.235529 -0.0208836   0.966459
   24.3491 -0.00968009 -0.00196476  0.00625265   -0.23028 -0.0214939   0.948148
   24.3533  0.00683151 -0.00462792  0.00998107  -0.232111 -0.0236912   0.949003
   24.3591   0.0233431 -0.00729108   0.0137095  -0.238214 -0.0284519    0.95767
   24.3634    0.024941 -0.00835634   0.0121116  -0.243586 -0.0286961   0.976835
   24.3689   0.0100273 -0.00729108  0.00625265   -0.24444 -0.0214939   0.995145
   24.3732  -0.0160717 -0.00303002  0.00199159  -0.245417 -0.0184422   0.999662
   24.3791  -0.0224633 -0.00143212  0.00412212  -0.243952 -0.0210056   0.984525
   24.3835    -0.015539 -0.000899491   0.00785054  -0.236139 -0.0221043   0.959013
   24.3888 -0.0150064 0.00176367 0.00572002  -0.232355 -0.0238133   0.943021
   24.3932  -0.011278 0.00176367 0.00199159  -0.237238 -0.0289402   0.945341
   24.3991  -0.0048864 -0.00196476  0.00145896   -0.24029 -0.0310154   0.961332
   24.4035  0.00896204 -0.00569318  0.00838318   -0.24029 -0.0249119   0.981718
   24.4091 -0.00222323 -0.00409528  0.00785054  -0.242365 -0.0194187   0.995878
   24.4132  -0.0176696 -0.00196476  0.00572002  -0.241266 -0.0214939   0.990629
   24.4189 -0.00914745 -0.00196476  0.00944844  -0.234186 -0.0239353   0.973295
   24.4233   -0.0016906 -0.000899491   0.00998108 -0.232477 -0.023447  0.961942
   24.4291  0.00416835 -0.00249739  0.00891581  -0.237604 -0.0272312    0.96121
   24.4333  0.00363572 -0.00569318  0.00572002  -0.238581 -0.0289402   0.964994
   24.4391 -0.00275587 -0.00409528  0.00465475  -0.238947 -0.0229588   0.979765
   24.4436 -0.00914745 -0.00196476  0.00572002  -0.242121 -0.0196629   0.991727
   24.4491  -0.0123432 -0.00196476  0.00731791  -0.239801 -0.0222263   0.976713
   24.4533    -0.011278 -0.000366859   0.00731791 -0.230646 -0.023325  0.956937
   24.4591 0.00363572 0.00123104 0.00891581 -0.230036 -0.023447  0.951932
   24.4636    0.0121578 -0.000366859   0.00944844  -0.237604 -0.0277195   0.955106
   24.4689   0.0212126 -0.00729108   0.0121116  -0.238337 -0.0313816    0.96829
   24.4732   0.0201473 -0.00835634    0.011579  -0.240534 -0.0244236   0.993192
   24.4791 0.000972558 -0.00462792  0.00838318  -0.247736 -0.0175877    1.00662
   24.4837 -0.00968009 -0.00409528  0.00891581  -0.244318 -0.0213718   0.991727
   24.4889 -0.00914745 -0.00249739  0.00838318   -0.23321 -0.0224705   0.965849
   24.4931 -0.00808219  0.00123104  0.00731792  -0.232843 -0.0223484   0.951078
   24.4991 -0.000625339 -0.000899491   0.00785055  -0.237482 -0.0295506   0.944242
   24.5035  0.00523362 -0.00462792  0.00678528  -0.235163 -0.0324802   0.951932
   24.5092 -0.00275587 -0.00356265  0.00305685   -0.23675 -0.0230808   0.977567
   24.5135 -0.00595166 -0.00409528  0.00518738  -0.243586 -0.0183201   0.996488
   24.5192 -0.00382113 -0.00462792  0.00998107  -0.239801 -0.0236912   0.990263
   24.5233  -0.0144738 -0.00143212  0.00625265  -0.231989 -0.0227146   0.973295
   24.5292  -0.0134085 0.000165774  0.00518738  -0.235285 -0.0211277   0.964994
   24.5334 0.000972558 -0.00303002  0.00838318 -0.239191 -0.028574   0.95828
    24.539 0.000972558 -0.00462792  0.00572002  -0.236628 -0.0306492   0.961698
   24.5433  -0.0107454 -0.00356265 0.000393692  -0.241022 -0.0217381    0.98306
   24.5492   -0.015539 -0.00356265  0.00358948  -0.248713 -0.0195408   0.992704
   24.5536  -0.0128759 -0.00303002  0.00891581  -0.242609 -0.0244236   0.977811
   24.5592  -0.00541903 -0.000899491    0.0105137   -0.23443 -0.0213718    0.96182
   24.5635  -0.0016906 0.000698406  0.00998108   -0.23736 -0.0207615   0.953519
   24.5691  0.00470098 -0.00249739  0.00785055  -0.239313 -0.0307713   0.946561
   24.5733  0.00683151 -0.00569318  0.00465475   -0.23736 -0.0326023   0.959379
   24.5792  0.00576625 -0.00622581  0.00678528   -0.24383 -0.0222263   0.988187
   24.5833  0.00363572 -0.00729108   0.0105137  -0.250299 -0.0197849    1.00149
   24.5892 -0.00968009 -0.00569318  0.00731791  -0.243586 -0.0238133   0.993436
   24.5934 -0.00595166 -0.00303002  0.00944844   -0.23736 -0.0184422   0.975004
   24.5991 -0.000625339  -0.00196476    0.0121116   -0.23797 -0.0189304    0.95474
   24.6033  -0.0016906 -0.00249739  0.00891581  -0.235529 -0.0315037   0.943632
   24.6092  0.00150519 -0.00303002  0.00518738  -0.233088 -0.0308933   0.953519
   24.6136   0.0100273 -0.00462792  0.00944844  -0.239801 -0.0212498   0.974882
    24.619 0.000439927 -0.00462792  0.00785054  -0.24444 -0.023447  0.989774
   24.6233  0.00257046 -0.00516055  0.00944844   -0.23797 -0.0249119   0.987821
   24.6292   0.0132231 -0.00516055     0.01584  -0.234186 -0.0166111   0.976469
   24.6336  0.00363572 -0.00303002   0.0131769  -0.236383 -0.0195408   0.966581
   24.6392 0.000972558 -0.00356265  0.00998108  -0.234797 -0.0310154   0.958158
   24.6433  0.00416835 -0.00462792  0.00731792  -0.234308 -0.0282078   0.961942
   24.6492  -0.0016906 -0.00569318  0.00625265  -0.241999 -0.0211277   0.981107
   24.6537  -0.0032885 -0.00729108  0.00944844  -0.245905 -0.0244236   0.992704
   24.6592  0.00523362 -0.00622581   0.0137095  -0.239923 -0.0239353   0.984891
   24.6634  0.00363572 -0.00196476   0.0131769 -0.236017 -0.016489  0.967802
   24.6692   0.00257045 -0.000366859    0.0121116  -0.235407 -0.0222263   0.951444
   24.6734   0.00523362 -0.000366859   0.00731791   -0.23321 -0.0334568   0.943998
   24.6792   0.00363572 -0.000899491   0.00252422  -0.235163 -0.0299168   0.955839
   24.6834  0.00470098 -0.00356265  0.00358949 -0.243341 -0.023325  0.981718
   24.6892  0.00150519 -0.00516055  0.00412212 -0.246515 -0.025156   1.00076
   24.6935 -0.00382113 -0.00356265  0.00625265  -0.240534 -0.0217381   0.999052
   24.6992   -0.0123432 -0.000366859   0.00785054  -0.237848 -0.0150242   0.981474
   24.7033 -0.0272569 0.00176367 0.00305685   -0.23736 -0.0227146   0.960844
   24.7092 -0.0171369 0.00123104 0.00199159  -0.232965 -0.0322361   0.946195
   24.7137  -0.00115797 -0.000899491   0.00465475  -0.233698 -0.0275974   0.949491
    24.719 -0.00595166 -0.00303002  0.00252422  -0.240412 -0.0240574   0.967924
   24.7234  0.00789678 -0.00675845  0.00785054  -0.242609 -0.0271091     0.9866
   24.7292 -0.000625338  -0.00409528   0.00731791  -0.238337 -0.0218601    0.98892
   24.7334   -0.031518  0.00282894 -0.00120421 -0.236383 -0.016367  0.977445
   24.7392  -0.0192675 0.000698406  0.00518738  -0.236872 -0.0240574   0.965604
   24.7434  0.00363572 -0.00409528  0.00998107  -0.235407 -0.0300388   0.957304
   24.7491  0.00629888 -0.00409528  0.00678528  -0.236505 -0.0255222   0.960355
   24.7532  -0.0048864 -0.00303002  0.00358949  -0.242731 -0.0238133   0.978178
   24.7592 -0.00808219 -0.00462792  0.00358949   -0.24737 -0.0260105   0.994901
   24.7638 -0.00382113 -0.00569318  0.00785055  -0.243464 -0.0208836    0.98892
   24.7692  -0.0187348 -0.00143212  0.00572002  -0.238092 -0.0172215   0.969511
   24.7734  -0.0331159  0.00176367 0.000926323  -0.236139 -0.0245457   0.953886
   24.7792  -0.0107454 -0.00143212  0.00518738  -0.234064 -0.0300388    0.94351
   24.7834  0.00842941 -0.00462792  0.00838318  -0.234064 -0.0283299   0.951444
   24.7892   0.0142884 -0.00675845   0.0105137  -0.239801 -0.0258884   0.974515
   24.7934   0.0233431 -0.00888897   0.0142421  -0.244318 -0.0254002      0.996
   24.7992  0.00203782 -0.00516055  0.00731791   -0.24029 -0.0206394    1.00039
   24.8034  -0.0224633 0.000165774 0.000393692  -0.236139 -0.0162449   0.987089
   24.8092  -0.021398 0.00123104 0.00199159  -0.235651 -0.0214939   0.969511
   24.8133  -0.0198001 0.000165774  0.00199159  -0.233088 -0.0280857   0.951688
   24.8192 -0.00754956 -0.00303002  0.00358948  -0.231501 -0.0271091   0.949491
   24.8235  0.00203782 -0.00409528  0.00465475  -0.236872 -0.0254002   0.965482
   24.8292  0.00416835 -0.00622581  0.00838318  -0.241877 -0.0261326   0.981596
   24.8334   0.0164189 -0.00782371   0.0153074  -0.238092 -0.0225925   0.984891
    24.839 -0.00222323 -0.00089949  0.00998107  -0.234919 -0.0188084   0.978788
   24.8435 -0.0134085 0.00176367 0.00785054  -0.236628 -0.0228367    0.96768
   24.8492 0.000439926 -0.00143212  0.00944844 -0.234674 -0.028574  0.954862
   24.8534 -0.00115797 -0.00196476  0.00358948   -0.23382 -0.0271091   0.957792
   24.8592   -0.0123432  -0.00196476 -0.000671573  -0.242975 -0.0255222   0.977811
   24.8636  -0.0107454 -0.00516055  0.00358948  -0.249689 -0.0267429   0.993558
   24.8692  0.00842941 -0.00782371   0.0137095  -0.243952 -0.0218601   0.991849
   24.8735  0.00203782 -0.00356265   0.0142421  -0.240046 -0.0168552    0.97891
   24.8792  -0.0102127 -0.00143212    0.011579   -0.24029 -0.0225925   0.959867
   24.8833  0.00842941 -0.00409528   0.0153074  -0.235163 -0.0297947   0.940946
   24.8892   0.0318652 -0.00569318   0.0179706  -0.232965 -0.0284519   0.944364
   24.8933      0.0308 -0.00675845   0.0163727  -0.242243 -0.0258884   0.968046
   24.8992   0.0217452 -0.00888897   0.0147748 -0.247248 -0.026865  0.989286
   24.9035  0.00736415 -0.00782371   0.0110463  -0.241022 -0.0227146   0.997709
   24.9092  -0.0102127 -0.00249739  0.00678528 -0.240412 -0.016489  0.993314
   24.9134  -0.0245938 0.000698406  0.00358948  -0.241632 -0.0210056   0.973173
   24.9192   -0.0198001 -0.000899491   0.00518738  -0.234308 -0.0278416   0.951078
   24.9238 -0.00222324 -0.00303002  0.00891581  -0.233454 -0.0262547   0.950956
   24.9288  -0.0048864 -0.00356265  0.00572002 -0.242121 -0.025034  0.964017
   24.9335  -0.0176696 -0.00356265 0.000393692  -0.243708 -0.0271091   0.977201
    24.939  -0.0171369 -0.00249739  0.00252422 -0.238703 -0.021616  0.986234
   24.9432  0.00150519 -0.00196476   0.0121116  -0.239069 -0.0156345   0.983182
   24.9492    -0.011278 -0.000899491   0.00785054  -0.238825 -0.0225925   0.966093
   24.9533 -0.00914745 -0.00249739  0.00678528  -0.232233 -0.0288181   0.952665
   24.9592   0.0169515 -0.00409528   0.0131769  -0.234186 -0.0244236   0.957182
   24.9635   0.0126905 -0.00516055  0.00998107  -0.244806 -0.0241795   0.972196
   24.9692  0.00896204 -0.00782371  0.00944844  -0.246027 -0.0291843   0.988554
   24.9737   0.0105599 -0.00675845   0.0126442  -0.241755 -0.0211277   0.997099
    24.979  0.00949467 -0.00409528   0.0153074  -0.243341 -0.0131931   0.988432
   24.9832  -0.00648429 -0.000899491   0.00944844  -0.239191 -0.0222263   0.963895
   24.9892 -0.0128759 0.00176367 0.00465475  -0.229547 -0.0289402   0.942899
   24.9933 0.000439926 0.000698406  0.00625265  -0.231623 -0.0256443   0.944608
   24.9992 -0.00115797 -0.00249739  0.00412212  -0.239679 -0.0272312   0.961576
   25.0032  0.00896204 -0.00622581  0.00785055  -0.239801 -0.0301609   0.981962
   25.0092  0.00842941 -0.00356265  0.00678528  -0.238825 -0.0212498   0.998197
   25.0134  -0.0171369 0.000698406 0.000926327  -0.241999 -0.0153904   0.996366
    25.019  -0.0171369 -0.00143212  0.00678528  -0.238092 -0.0238133   0.976713
   25.0233 0.000972558 -0.00356265   0.0126442  -0.229914 -0.0269871   0.958158
   25.0292  0.00683151 -0.00249739  0.00891581  -0.233332 -0.0228367   0.954374
   25.0335  -0.0016906 -0.00303002  0.00358948 -0.240412 -0.028574  0.962186
   25.0391  -0.0187348 -0.00249739 -0.00173683  -0.239557 -0.0312595   0.975004
   25.0434  -0.0166043 -0.00196476  0.00145896 -0.239801 -0.019907  0.985868
   25.0492  -0.0160717 -0.00143212  0.00625265  -0.242121 -0.0175877   0.983427
   25.0536    -0.011278 -0.000366859   0.00944844  -0.236872 -0.0267429    0.96768
   25.0592   0.00416835 -0.000366859    0.0110463  -0.23028 -0.026865  0.955595
   25.0633 -0.00914745  0.00123104  0.00145896  -0.234674 -0.0232029   0.955595
   25.0692  -0.0203327 -0.00143212 -0.00333473  -0.241632 -0.0295506   0.966215
   25.0734   -0.0118106  -0.00516055 -0.000138938  -0.242487 -0.0310154   0.987943
   25.0792 -9.27066e-05  -0.00675845   0.00838318   -0.24383 -0.0184422    1.00113
   25.0835  0.00257045 -0.00622581   0.0153074  -0.244074 -0.0157566   0.992338
   25.0892  0.00150519 -0.00303002   0.0142421   -0.23675 -0.0239353   0.969633
   25.0934 -9.27066e-05  0.000165774    0.0110463  -0.229914 -0.0239353    0.94827
   25.0992   0.0158863 -0.00196476     0.01584  -0.232843 -0.0249119   0.943754
   25.1032   0.0339958 -0.00622581   0.0195685  -0.237604 -0.0324802    0.95474
   25.1092   0.0233431 -0.00622581  0.00998108  -0.238581 -0.0301609    0.97537
   25.1135  -0.0032885 -0.00462792  0.00305685  -0.240656 -0.0183201   0.993558
   25.1192  0.00310309 -0.00622581   0.0121116  -0.242365 -0.0178318    0.99661
   25.1232  -0.0048864 -0.00303002  0.00838318   -0.23797 -0.0235691   0.982572
   25.1292   -0.0235285   0.00176367 -0.000671569  -0.233332 -0.0217381   0.962553
   25.1337  -0.0102127 0.000698406  0.00358949  -0.236261 -0.0236912   0.954008
   25.1389    -0.011278 -0.000899491   0.00252422  -0.240168 -0.0310154   0.958768
   25.1434  -0.0107454 -0.00356265  0.00145896   -0.24151 -0.0274754   0.972074
   25.1489 -0.00382113 -0.00409528  0.00465475   -0.24444 -0.0192966   0.986112
   25.1532 -0.00595166 -0.00143212  0.00785054  -0.244806 -0.0221043   0.986234
   25.1592 -0.00968009 0.000165774  0.00731791  -0.239191 -0.0245457   0.969999
   25.1637 -0.00648429 0.000698406  0.00785055  -0.234797 -0.0211277   0.953031
    25.169 -0.0118106 0.00123104 0.00358949   -0.23675 -0.0249119   0.950224
   25.1733  -0.0139411 -0.00196476  -0.0012042  -0.241266 -0.0322361   0.961698
   25.1792 -9.27062e-05  -0.00729108   0.00412212  -0.243952 -0.0291843   0.982816
   25.1836  0.00363572 -0.00782371  0.00838318  -0.246027 -0.0200291   0.998441
   25.1891 -0.00435376 -0.00516055  0.00891581  -0.246637 -0.0190525   0.996976
   25.1933   -0.011278 -0.00196476  0.00838318    -0.2409 -0.0214939   0.977445
   25.1992 -0.0102127 0.00123104 0.00891581  -0.234797 -0.0214939   0.953153
   25.2034 -0.00222324 0.000698406  0.00998107  -0.234919 -0.0267429   0.942777
    25.209   0.0164189 -0.00249739  0.00944844   -0.23797 -0.0324802   0.949979
   25.2132   0.0185494 -0.00409528  0.00518738   -0.24029 -0.0288181   0.967924
   25.2192  0.00416835 -0.00462792  0.00572002  -0.241877 -0.0222263   0.986967
   25.2234 0.000972558 -0.00356265  0.00944844  -0.24383 -0.021616  0.995878
    25.229  -0.0032885 -0.00249739   0.0105137  -0.240534 -0.0223484   0.983915
   25.2336   -0.0134085 -0.000899491   0.00731791  -0.234186 -0.0221043   0.965849
   25.2392    -0.011278 -0.000366859   0.00518738  -0.235407 -0.0257664   0.958768
   25.2434 0.000439926 -0.00356265  0.00678528  -0.239801 -0.0297947   0.959623
   25.2492  0.00416835 -0.00569318  0.00731791  -0.239801 -0.0269871     0.9689
   25.2534  0.00310309 -0.00516055  0.00891581  -0.241022 -0.0217381   0.985624
   25.2592 -0.00275587 -0.00303002  0.00944844  -0.243219 -0.0211277   0.989042
   25.2638 -9.27066e-05  -0.00303002    0.0126442  -0.237116 -0.0219822   0.971464
   25.2691   0.0100273 -0.00196476   0.0126442  -0.229059 -0.0219822   0.955473
   25.2732  0.00310309 0.000698406  0.00572002 -0.231501 -0.025156  0.951444
   25.2792   -0.0134085 -0.000366859 -0.000671569  -0.236872 -0.0297947   0.955717
   25.2834  0.00629888 -0.00622581  0.00785054  -0.236994 -0.0283299   0.974149
   25.2892   0.0345284 -0.00995424   0.0195685  -0.239923 -0.0206394   0.996976
   25.2937   0.0281368 -0.00942161   0.0195685  -0.244318 -0.0188084    1.00259
   25.2991   0.0190821 -0.00835634   0.0190358  -0.238214 -0.0212498   0.984525
   25.3033   0.0100273 -0.00249739   0.0147748  -0.230036 -0.0202732   0.961088
   25.3092 -0.00382113  0.00176367  0.00678528  -0.232233 -0.0243015    0.94766
   25.3133  0.00683151 -0.00249739  0.00891581  -0.234919 -0.0323582   0.945707
   25.3191   0.0174842 -0.00516055  0.00998107  -0.234797 -0.0305271   0.960477
   25.3234 -0.00275587 -0.00303002  0.00305685  -0.239679 -0.0223484   0.986112
   25.3292  -0.0032885 -0.00462792  0.00731791  -0.243708 -0.0210056   0.996976
   25.3334 0.000972558 -0.00462792    0.011579   -0.23797 -0.0225925   0.983793
   25.3392  -0.00808219 -0.000366859   0.00838318  -0.232599 -0.0218601   0.970731
   25.3435  -0.00435376 -0.000899491   0.00944844   -0.23675 -0.0239353   0.961698
    25.349  0.00470098 -0.00516055   0.0110463 -0.238825 -0.030405  0.954984
   25.3533  0.00949467 -0.00622581  0.00891581   -0.23797 -0.0284519   0.967191
   25.3592  -0.0032885 -0.00356265  0.00465475  -0.244806 -0.0201511   0.989164
   25.3633  -0.0123432 -0.00356265  0.00465475   -0.24859 -0.0219822   0.990507
   25.3692   -0.011278 -0.00249739  0.00678528  -0.239313 -0.0244236   0.972562
   25.3737 -0.0102127 0.00176367 0.00731791  -0.233454 -0.0206394   0.959135
    25.379 -0.00648429  0.00176367  0.00731791  -0.237482 -0.0246677   0.949857
   25.3832 0.000439926 -0.00249739  0.00625265   -0.23736 -0.0332127    0.94705
   25.3892     0.02068 -0.00729108    0.011579  -0.237238 -0.0294285   0.968412
   25.3935   0.0334631 -0.00995424   0.0169053  -0.246271 -0.0202732   0.996854
   25.3992  0.0265389 -0.0110195  0.0185032  -0.248835 -0.0214939    1.00296
   25.4036   0.0228105 -0.00942161   0.0222316  -0.239435 -0.0217381   0.987577
    25.409   0.0217452 -0.00462792   0.0222316 -0.236017 -0.016489  0.967435
   25.4132   0.0158863 -0.00249739   0.0174379  -0.238214 -0.0229588   0.950346
   25.4192  0.00470098 -0.00196476  0.00891581  -0.234308 -0.0329685   0.943876
   25.4233   -0.0102127 -0.000366859 -0.000138938  -0.234064 -0.0269871   0.958036
   25.4292  0.00416835 -0.00462792  0.00785054  -0.243219 -0.0201511   0.980741
   25.4333  0.00257046 -0.00675845   0.0105137   -0.24444 -0.0245457   0.990507
   25.4392 -0.00701693 -0.00409528  0.00785055   -0.23675 -0.0225925   0.985014
   25.4435 0.000972558 -0.00249739    0.011579  -0.235895 -0.0167332   0.974515
   25.4492 -0.00648429 -0.00196476  0.00891581   -0.23736 -0.0235691   0.961698
   25.4535 -0.00275587 -0.00409528  0.00678528  -0.234186 -0.0316258   0.955961
   25.4592  0.00523362 -0.00462792  0.00518738  -0.236872 -0.0246677   0.968534
   25.4634  0.00416835 -0.00516055  0.00785055  -0.245783 -0.0197849   0.987333
   25.4691 -0.000625339  -0.00569318    0.0105137  -0.244562 -0.0255222   0.990873
   25.4732  -0.0048864 -0.00356265  0.00891581   -0.23675 -0.0208836    0.97952
   25.4792 -0.0102127 0.00123104 0.00518738  -0.235895 -0.0153904    0.96414
   25.4836 -0.00648429  0.00336157  0.00412212  -0.235529 -0.0263767   0.948515
   25.4891 -0.00435376  0.00176367 0.000926327  -0.232233 -0.0340672   0.945219
   25.4933 -0.00275587 -0.00143212 0.000393692  -0.236628 -0.0274754   0.963773
   25.4992 -0.00754956 -0.00516055  0.00358948  -0.246027 -0.0246677   0.988554
   25.5038  -0.0107454 -0.00675845  0.00572002  -0.245905 -0.0269871    1.00039
   25.5092 -0.00808219 -0.00516055  0.00891581  -0.239923 -0.0196629   0.994901
   25.5134 -0.00648429 -0.00303002   0.0137095  -0.238947 -0.0155125   0.977201
   25.5193   0.0126905 -0.00462792   0.0206337 -0.236994 -0.026865  0.955106
   25.5234   0.0116252 -0.00356265   0.0147748  -0.233088 -0.0327244   0.944974
   25.5293  -0.0048864 -0.00143212  0.00412212  -0.236994 -0.0256443    0.95535
   25.5337  0.00150519 -0.00409528  0.00625265  -0.243952 -0.0254002   0.973173
   25.5393  0.00470098 -0.00569318  0.00998107  -0.242487 -0.0274754   0.985746
   25.5434  -0.0032885 -0.00356265  0.00838318  -0.238459 -0.0188084   0.986478
   25.5493   0.0116252 -0.00409528     0.01584  -0.238214 -0.0170994   0.975614
   25.5536  0.00896204 -0.00303002   0.0147748  -0.236017 -0.0274754   0.962431
   25.5593 -0.000625339  -0.00249739   0.00731791  -0.233332 -0.0290623   0.955961
   25.5638 0.000439926 -0.00516055  0.00678528  -0.237238 -0.0225925   0.965116
    25.569 -0.00648429 -0.00675845  0.00731791   -0.24444 -0.0246677   0.985746
   25.5733  0.00789678 -0.00942161   0.0153074   -0.24444 -0.0262547   0.996122
   25.5793   0.0169515 -0.00675845   0.0185032  -0.239923 -0.0172215    0.98538
   25.5838  -0.00115797 -0.000899491     0.011579  -0.237116 -0.0170994   0.966459
   25.5893  -0.00914745 -0.000366859   0.00944844  -0.233698 -0.0280857   0.948759
   25.5933   0.0180168 -0.00409528   0.0179706  -0.231256 -0.0301609   0.943021
   25.5993   0.0164189 -0.00462792   0.0131769  -0.235163 -0.0261326   0.957914
   25.6036 0.000439926 -0.00622581  0.00678528  -0.241755 -0.0271091   0.982694
   25.6093  0.0185494 -0.0104869  0.0147748  -0.243341 -0.0252781    1.00015
   25.6136   0.0217452 -0.00835634   0.0163727    -0.2409 -0.0178318    0.99661
   25.6193 -0.00382113 -0.00249739   0.0105137 -0.238825 -0.018198  0.981596
   25.6235  -0.0198001 0.000165774  0.00678528  -0.236628 -0.0266209   0.963285
    25.629 -0.00968009 -0.00143212  0.00678528   -0.23382 -0.0280857    0.94766
   25.6334  0.00363572 -0.00356265  0.00785055  -0.235773 -0.0257664     0.9512
   25.6393 -9.27066e-05  -0.00303002   0.00518738  -0.241877 -0.0282078   0.971098
   25.6435 0.000439926 -0.00356265  0.00625265  -0.242975 -0.0256443   0.985624
   25.6493 0.000972558 -0.00356265  0.00891581  -0.239191 -0.0179539   0.985502
   25.6538 -0.00808219 -0.00143212  0.00785055  -0.238214 -0.0190525   0.976591
   25.6593  -0.0032885 -0.00143212  0.00998107  -0.237482 -0.0262547   0.963163
   25.6636  0.00416835 -0.00249739  0.00838318   -0.23443 -0.0273533   0.954618
   25.6692  0.00576625 -0.00356265  0.00518738  -0.237116 -0.0254002   0.963041
   25.6734  0.00257045 -0.00569318  0.00572002  -0.244928 -0.0263767   0.982694
   25.6791 -0.00595166 -0.00675845  0.00625265  -0.246637 -0.0245457   0.993803
   25.6834   -0.021398 -0.00356265  0.00518738  -0.241999 -0.0183201   0.989164
   25.6893  -0.0176696 -0.00196476  0.00998107  -0.239923 -0.0186863   0.975004
   25.6938   0.0100273 -0.00303002   0.0179706  -0.237604 -0.0249119   0.954496
   25.6991   0.0233431 -0.00303002   0.0201011  -0.234674 -0.0275974   0.942777
   25.7033   0.0132231 -0.00409528   0.0142421  -0.237116 -0.0272312   0.952665
   25.7093   0.0212126 -0.00835634   0.0142421  -0.243464 -0.0279636    0.97476
   25.7135     0.02068 -0.00942161   0.0126442   -0.24444 -0.0262547   0.992826
   25.7193   0.0116252 -0.00782371   0.0137095  -0.239801 -0.0192966   0.997465
   25.7235  0.00789678 -0.00569318   0.0179706  -0.240168 -0.0170994   0.990018
   25.7293 -0.00541903 -0.00303002   0.0137095  -0.242243 -0.0190525   0.983793
   25.7334 -0.00222324 -0.00196476   0.0110463  -0.235895 -0.0228367    0.96536
   25.7393  0.00203782 -0.00143212  0.00731791  -0.234919 -0.0247898   0.952787
   25.7438  0.00576625 -0.00409528  0.00838318  -0.242609 -0.0260105   0.968412
    25.749  0.00842941 -0.00622581   0.0105137  -0.244928 -0.0290623   0.978178
   25.7534 -0.000625338  -0.00303002   0.00891581  -0.241388 -0.0223484    0.98245
   25.7593  -0.00754956 -0.000366859   0.00944844 -0.239313 -0.018198  0.978422
   25.7637 -0.00541903 -0.00196476   0.0105137  -0.236383 -0.0247898   0.960722
   25.7693 -0.00541903 -0.00303002  0.00944844  -0.231989 -0.0288181   0.951322
   25.7734 -0.00222324 -0.00249739  0.00891581   -0.23736 -0.0263767   0.960844
   25.7793 0.000972558 -0.00196476  0.00838318  -0.242731 -0.0239353   0.970365
   25.7833  0.00150519 -0.00516055  0.00891581  -0.241144 -0.0240574   0.984159
   25.7893  0.00203782 -0.00835634  0.00944844  -0.239557 -0.0241795   0.997953
   25.7935  0.00363572 -0.00675845   0.0137095  -0.241877 -0.0225925   0.984403
   25.7993  0.00523362 -0.00516055   0.0179706  -0.244196 -0.0210056   0.970853
   25.8035   0.0110926 -0.00249739   0.0147748   -0.23675 -0.0235691   0.955839
   25.8092   0.0169515 0.000165774    0.011579  -0.229303 -0.0261326   0.940824
   25.8133   0.0185494 -0.00409528   0.0126442  -0.236505 -0.0300388   0.959257
   25.8193   0.0201473 -0.00835634   0.0137095  -0.243708 -0.0339451   0.977689
   25.8237   0.0126905 -0.00569318    0.011579  -0.243464 -0.0238133    0.98953
   25.8291  0.00523362 -0.00303002  0.00944844  -0.243219 -0.0136814    1.00137
   25.8334  -0.00861482 -0.000899491   0.00625265  -0.23675 -0.021616  0.979765
   25.8393 -0.0224633 0.00123104 0.00305685   -0.23028 -0.0295506   0.958158
   25.8433 -0.00861482 -0.00196476  0.00518738   -0.23675 -0.0278416   0.958402
   25.8493  0.00523362 -0.00516055  0.00731792  -0.243219 -0.0261326   0.958646
   25.8535  0.00363572 -0.00569318  0.00678528  -0.240534 -0.0235691   0.972684
   25.8593 -0.00382113 -0.00303002  0.00731791    -0.2409 -0.0173435   0.988676
   25.8639   -0.0107454 -0.000899491   0.00891581  -0.241388 -0.0196629   0.980497
   25.8692  -0.0118106 -0.00196476  0.00944844  -0.238825 -0.0256443   0.970365
   25.8734  0.00203782 -0.00143212  0.00998107 -0.234797 -0.023325  0.963163
   25.8793    0.0158863 -0.000899491    0.0105137  -0.230768 -0.0210056   0.955961
   25.8834   0.0105599 -0.00356265  0.00838318  -0.235041 -0.0282078   0.967924
   25.8893  0.00523362 -0.00622581  0.00625265  -0.239313 -0.0354099   0.979887
   25.8934 -0.00382113 -0.00462792  0.00625265  -0.242731 -0.0235691   0.989774
   25.8993  -0.0128759 -0.00303002  0.00625265  -0.246149 -0.0117283   0.999662
   25.9036 -0.00968009 -0.00143212  0.00785054  -0.236139 -0.0180759   0.973417
   25.9093 -0.00648429 0.000165774  0.00944844   -0.22613 -0.0244236   0.947172
   25.9133 -0.00595166 -0.00143212  0.00731791  -0.232965 -0.0275974   0.946683
   25.9193 -0.00541903 -0.00303002  0.00518738  -0.239801 -0.0307713   0.946195
   25.9238  0.00523362 -0.00516055  0.00838318  -0.239801 -0.0239353   0.969511
   25.9293   0.0158863 -0.00729108    0.011579  -0.239801 -0.0170994   0.992826
   25.9335 -0.00808219 -0.00462792  0.00625265  -0.239557 -0.0218601   0.988065
   25.9393  -0.0320506 -0.00196476 0.000926323  -0.239313 -0.0266209   0.983305
   25.9433  -0.0139411 -0.00196476  0.00465475  -0.238092 -0.0230808   0.968778
   25.9493  0.00416835 -0.00196476  0.00838318  -0.236872 -0.0195408   0.954252
   25.9537  0.00416835 -0.00356265  0.00731791  -0.237482 -0.0260105   0.962553
   25.9593  0.00416835 -0.00516055  0.00625265  -0.238092 -0.0324802   0.970853
   25.9633  -0.0123432 -0.00196476  0.00252422  -0.242365 -0.0260105   0.978788
   25.9693  -0.0288548  0.00123104 -0.00120421  -0.246637 -0.0195408   0.986723
   25.9738   -0.011278 -0.00249739  0.00838318  -0.242487 -0.0239353    0.97952
   25.9791  -0.0032885 -0.00196476  0.00891581  -0.234674 -0.0239353   0.963163
   25.9835 -0.00754956  0.00176367  0.00412212  -0.233576 -0.0208836   0.952177
   25.9893  0.00416835 -0.00249739  0.00998107  -0.237726 -0.0280857   0.952909
   25.9934  0.00629888 -0.00569318  0.00731791 -0.240168 -0.032114  0.966459
   25.9993  0.00363572 -0.00569318  0.00572002  -0.243586 -0.0239353   0.990018
   26.0035 -0.00382113 -0.00516055  0.00785055  -0.247736 -0.0178318    1.00137
   26.0093  -0.0118106 -0.00409528  0.00944844  -0.245661 -0.0212498   0.991605
   26.0136 -0.00754956 -0.00356265    0.011579 -0.238214 -0.021616  0.970121
   26.0193 -0.000625339  -0.00196476     0.011579   -0.23443 -0.0212498   0.949003
   26.0234   0.0105599 -0.00249739   0.0137095  -0.236383 -0.0294285   0.941679
   26.0293   0.0137557 -0.00409528   0.0110463  -0.238581 -0.0328465   0.953764
   26.0336 -0.00382113 -0.00249739  0.00145896  -0.240778 -0.0249119   0.975614
   26.0393  -0.0102127 -0.00303002  0.00199159  -0.243341 -0.0206394   0.993314
   26.0435  -0.0048864 -0.00462792  0.00838318   -0.24151 -0.0227146   0.995267
   26.0491 -0.000625339  -0.00303002    0.0105137  -0.236261 -0.0205174     0.9783
   26.0535  -0.00861482 -0.000899491   0.00731791  -0.234552 -0.0211277   0.965482
   26.0593   -0.0166043 -0.000366859   0.00199159   -0.23675 -0.0289402   0.959623
   26.0635   0.0137557 -0.00462792   0.0105137  -0.237848 -0.0308933   0.960599
   26.0693   0.0323979 -0.00835634   0.0185032  -0.239679 -0.0239353   0.975736
   26.0738   0.0196147 -0.00675845   0.0174379  -0.242487 -0.0208836   0.989164
   26.0793  -0.0016906 -0.00356265   0.0110463   -0.24029 -0.0225925   0.983671
   26.0835   -0.0118106 -0.000899491   0.00678528   -0.23321 -0.0207615   0.963529
   26.0893  0.000972558 -0.000366859    0.0110463   -0.22967 -0.0221043    0.95181
   26.0935   0.0126905 -0.00143212   0.0105137   -0.23321 -0.0278416   0.951322
   26.0993  0.00736415 -0.00303002  0.00465475  -0.236383 -0.0294285   0.961332
   26.1034  0.00203782 -0.00569318  0.00358948  -0.239313 -0.0257664   0.984525
   26.1093 0.000972558 -0.00569318  0.00731791  -0.244562 -0.0224705     1.0032
   26.1138  -0.0048864 -0.00462792  0.00891581  -0.244684 -0.0208836   0.998441
   26.1193 -0.00808219 -0.00249739  0.00944844  -0.236994 -0.0189304    0.97598
   26.1233  -0.011278 0.00123104 0.00838318  -0.232477 -0.0213718    0.95535
   26.1293 -0.00914745 0.000698406  0.00625265  -0.235529 -0.0293064   0.944364
   26.1338  0.00736415 -0.00409528  0.00678528  -0.236261 -0.0324802   0.948026
   26.1393   0.0190821 -0.00569318  0.00838318  -0.237238 -0.0264988   0.968412
   26.1435   0.0169515 -0.00462792    0.011579  -0.242975 -0.0219822   0.991239
   26.1493  -0.0118106 -0.00249739  0.00465475  -0.243341 -0.0221043   0.994901
   26.1534  -0.0139411 -0.00249739  0.00572002  -0.235773 -0.0206394   0.980253
   26.1593   0.0100273 -0.00356265   0.0153074  -0.233698 -0.0211277    0.96768
   26.1639  0.00150519 -0.00196476  0.00785055  -0.238459 -0.0267429   0.959867
   26.1688 -0.00541903 -0.00356265  0.00305685  -0.238214 -0.0293064   0.957792
   26.1735 -0.00861482 -0.00409528  0.00199159  -0.238703 -0.0241795   0.974027
   26.1793 -0.000625338  -0.00516055   0.00838318  -0.245905 -0.0212498   0.992338
   26.1836  0.00736415 -0.00675845   0.0147748  -0.244562 -0.0230808   0.986112
   26.1893 -0.00275587 -0.00196476  0.00998108  -0.234797 -0.0206394   0.968168
   26.1935 -0.00808219  0.00282893  0.00731792  -0.232965 -0.0202732   0.957792
   26.1993  -0.011278  0.0022963 0.00252422  -0.236628 -0.0279636   0.949613
   26.2034 -0.00435376 -0.00143212  0.00199159  -0.235529 -0.0315037    0.95181
   26.2093  0.00736414 -0.00409528  0.00625265   -0.23797 -0.0247898   0.978178
   26.2135  0.00416835 -0.00569318  0.00785054  -0.247004 -0.0201511    1.00174
   26.2193  -0.0107454 -0.00569318  0.00572002  -0.245783 -0.0227146   0.999052
   26.2237   -0.015539 -0.00196476  0.00518738  -0.237238 -0.0200291   0.982206
    26.229 -0.00595166 0.000165774   0.0105137   -0.23675 -0.0169773   0.962797
   26.2334 -0.00275587 -0.00143212   0.0121116   -0.23797 -0.0271091   0.945951
   26.2393 -0.00595166 -0.00249739  0.00625265  -0.234186 -0.0337009   0.945829
   26.2437   -0.0118106  -0.00143212 -0.000138942  -0.237726 -0.0255222   0.965726
   26.2492 -0.00968009 -0.00196476  0.00199159  -0.247004 -0.0218601   0.986112
   26.2534 -0.00648429 -0.00356265  0.00678528 -0.243952 -0.025156  0.990018
   26.2593 -0.00754956 -0.00196476  0.00731791  -0.236872 -0.0206394    0.98184
   26.2637 -0.0187348 0.00123104 0.00358948  -0.238825 -0.0186863   0.970731
   26.2693  -0.0171369 -0.00143212  0.00518738  -0.239191 -0.0283299   0.957426
   26.2733  0.00257045 -0.00462792  0.00785054 -0.236017 -0.030405   0.95535
   26.2793  0.00949467 -0.00462792  0.00838318  -0.241144 -0.0223484   0.973295
   26.2837 0.000439926 -0.00569318  0.00838318  -0.248835 -0.0232029   0.989652
   26.2893 -0.00808219 -0.00516055  0.00785054  -0.244318 -0.0263767   0.987699
   26.2935  -0.0032885 -0.00196476   0.0105137   -0.23736 -0.0186863   0.975126
   26.2993  -0.015539 0.00176367 0.00572002   -0.23797 -0.0175877   0.959135
   26.3034 -0.0293875 0.00176367 -0.0012042 -0.235895 -0.030283  0.943754
   26.3093  -0.00914745 -0.000366859   0.00199159  -0.232233 -0.0333347   0.947782
   26.3134  -0.0016906 -0.00196476  0.00252422  -0.240412 -0.0247898   0.973783
   26.3193  -0.0166043 -0.00409528 -0.00120421  -0.248713 -0.0249119   0.995878
   26.3234  -0.0107454 -0.00569318  0.00465475  -0.242487 -0.0256443    0.99954
   26.3293 -0.00382113 -0.00303002  0.00998107 -0.237848 -0.016489   0.98892
   26.3334  -0.00861482 -0.000366859   0.00998107  -0.239191 -0.0174656   0.969755
   26.3393 -0.00541903 -0.00143212   0.0105137 -0.234552 -0.030283  0.950101
   26.3437   0.00363572 -0.000899491   0.00785055 -0.231379 -0.030405  0.946928
   26.3493   0.0110926 -0.00196476  0.00785055  -0.238581 -0.0229588   0.961332
   26.3535 0.000439926 -0.00409528  0.00518738  -0.243586 -0.0260105   0.979032
   26.3593  -0.0016906 -0.00569318  0.00731791  -0.238825 -0.0254002   0.989164
   26.3636   0.0121578 -0.00462792   0.0153074  -0.236139 -0.0160008   0.984403
   26.3693 -0.00808219 0.000698406  0.00785054   -0.23675 -0.0194187   0.970731
   26.3737  -0.0192675 0.000165774  0.00305685 -0.232843 -0.030283  0.959745
   26.3789  0.00203782 -0.00409528  0.00731791  -0.231256 -0.0272312   0.958402
   26.3834  0.00896204 -0.00569318  0.00944844  -0.238947 -0.0218601   0.970853
   26.3893  -0.0032885 -0.00569318  0.00731791 -0.244318 -0.026865  0.988432
   26.3938  -0.0118106 -0.00462792  0.00572002  -0.240656 -0.0240574   0.992826
   26.3993 -0.00968009 -0.00303002  0.00838318  -0.237848 -0.0144138   0.980741
   26.4035 -0.00115797 -0.00196476   0.0121116 -0.236261 -0.019907  0.962064
   26.4093  0.00416835 -0.00143212   0.0105137  -0.231745 -0.0306492   0.946317
   26.4136 -0.00382113 0.000165774  0.00145896  -0.231134 -0.0286961   0.947172
   26.4192   -0.0102127 -0.000899491   -0.0012042  -0.238459 -0.0246677   0.963651
   26.4233  -0.0048864 -0.00462792  0.00412212  -0.244196 -0.0278416   0.987333
   26.4293  0.00576625 -0.00675845   0.0105137  -0.242365 -0.0235691    1.00198
   26.4334  0.00629888 -0.00569318   0.0147748  -0.240412 -0.0149021   0.994047
   26.4393 -0.00595166 -0.00196476   0.0126442 -0.239679 -0.019907  0.975858
   26.4434  -0.00914745 -0.000899491   0.00838318  -0.235773 -0.0279636   0.956815
   26.4493 -0.00914745 -0.00143212  0.00518738 -0.234674 -0.026865  0.948392
   26.4537 -0.00808219 -0.00196476  0.00412212  -0.239069 -0.0260105    0.95535
   26.4593   0.0100273 -0.00569318   0.0105137  -0.243586 -0.0291843   0.973783
   26.4638   0.0110926 -0.00622581   0.0105137  -0.242365 -0.0230808   0.985868
    26.469  -0.0150064 -0.00143212  0.00199159 -0.239313 -0.016489  0.982694
   26.4734    -0.015539 -0.000899491   0.00572001 -0.238947 -0.023325  0.973417
   26.4793    -0.011278 -0.000899491   0.00572001  -0.235895 -0.0275974   0.959257
   26.4835 -0.00115797 -0.00143212  0.00625265  -0.234308 -0.0246677   0.955473
   26.4893    0.014821 -0.00516055    0.011579 -0.239557 -0.025156  0.970365
   26.4936  0.00523362 -0.00675845  0.00731791  -0.245172 -0.0273533   0.990018
   26.4993 -0.00541903 -0.00569318  0.00465475   -0.24444 -0.0219822      0.996
   26.5037   -0.011278 -0.00249739  0.00625265  -0.240656 -0.0155125   0.985624
   26.5093 -0.00115797 -0.00196476   0.0142421 -0.238825 -0.019907  0.967435
   26.5135  0.00842941 -0.00196476   0.0163727  -0.234919 -0.0262547   0.946439
   26.5193  0.00683151 -0.00196476   0.0110463  -0.231501 -0.0271091   0.940214
   26.5236 -9.27062e-05  -0.00409528   0.00572002   -0.23675 -0.0275974   0.957792
   26.5292  0.00523362 -0.00622581  0.00625265  -0.243952 -0.0282078   0.983182
   26.5335   0.0169515 -0.00782371   0.0126442  -0.243464 -0.0228367   0.997465
   26.5393  0.00896204 -0.00516055   0.0142421  -0.240534 -0.0168552   0.995878
   26.5436 0.000972558 -0.00196476   0.0142421  -0.241144 -0.0195408   0.981962
   26.5493 -0.00435376 -0.00143212  0.00891581  -0.236994 -0.0255222   0.959501
   26.5539  -0.00754956 -0.000366859   0.00518738  -0.232843 -0.0264988   0.948515
   26.5594  -0.00701693 -0.000366859   0.00465475  -0.239069 -0.0264988    0.95767
   26.5637   0.0121578 -0.00462792   0.0105137  -0.244318 -0.0280857   0.973051
   26.5693  0.00842941 -0.00462792  0.00998107  -0.241022 -0.0239353   0.983427
   26.5735 -0.0283222 0.00123104 -0.0012042  -0.238825 -0.0184422   0.985868
   26.5793   -0.0123432 -0.000899491   0.00838318  -0.239313 -0.0202732   0.974882
   26.5838  0.00789678 -0.00249739   0.0131769  -0.234308 -0.0252781   0.957059
   26.5892 -0.00435376 0.000165774  0.00358948  -0.231379 -0.0258884   0.953031
   26.5935 -0.00968009 -0.00196476 0.000926323  -0.239313 -0.0263767   0.966947
   26.5994 -0.00275587 -0.00569318  0.00465475  -0.244684 -0.0288181   0.984403
   26.6039 0.000972558 -0.00569318  0.00891581  -0.241632 -0.0240574   0.995267
   26.6093 -0.00914745 -0.00303002  0.00838318  -0.241632 -0.0162449   0.994657
   26.6134  -0.0139411 -0.00249739  0.00891581  -0.241144 -0.0195408   0.975614
   26.6193 -0.00754956 -0.00249739   0.0105137  -0.233088 -0.0266209   0.948637
   26.6235  -0.00595166 -0.000366859   0.00731791  -0.229059 -0.0266209   0.940702
   26.6293 -0.00115797 -0.00196476  0.00572002  -0.236505 -0.0275974    0.95474
   26.6334 -0.00382113 -0.00462792  0.00199159 -0.241632 -0.030283  0.974271
   26.6393  -0.0171369 -0.00196476 -0.00226947  -0.238703 -0.0241795   0.992582
   26.6438  -0.0219306 0.000165774  0.00145895  -0.240046 -0.0169773    1.00003
   26.6491  -0.0144738 -0.00196476  0.00838318  -0.241144 -0.0201511   0.985868
   26.6535  0.00257045 -0.00249739   0.0126442  -0.232599 -0.0258884   0.963041
   26.6593   0.0164189 -0.00196476   0.0147748  -0.230402 -0.0243015   0.953031
   26.6638   0.0164189 -0.00409528   0.0147748  -0.238703 -0.0252781   0.957304
   26.6693   0.0100273 -0.00675845   0.0105137 -0.240412 -0.030283  0.968656
   26.6734  0.00523362 -0.00516055  0.00678528  -0.237848 -0.0239353   0.984159
   26.6793  0.00842941 -0.00303002   0.0121116   -0.24029 -0.0168552   0.990018
   26.6834 -0.00754956 -0.00249739  0.00944844  -0.239191 -0.0222263   0.975004
   26.6893   -0.0160717 -0.000366859   0.00305685  -0.230158 -0.0266209   0.957059
   26.6935 -0.00435376 0.000698406  0.00518738 -0.230158 -0.023447  0.954374
   26.6993 -0.00701693 -0.00143212  0.00252422  -0.239923 -0.0262547   0.961576
   26.7036 -0.00435376 -0.00569318  0.00145896  -0.241388 -0.0316258   0.977567
   26.7093 -0.00435376 -0.00569318  0.00358949  -0.241144 -0.0229588   0.998319
   26.7137 -0.00968009 -0.00303002  0.00731791 -0.246515  -0.01478   1.00027
   26.7193  -0.0224633 -0.00196476  0.00731791 -0.242121 -0.021616    0.9783
   26.7235  -0.0267243 0.000698406  0.00305685  -0.231501 -0.0252781   0.951932
   26.7293  -0.0187348  0.00282893 0.000926323  -0.232843 -0.0229588   0.942777
   26.7336   -0.0118106 -0.000899491  0.000926323  -0.239923 -0.0286961   0.948148
   26.7391 -9.27062e-05  -0.00516055   0.00145896  -0.239801 -0.0327244   0.964506
   26.7434  0.00257045 -0.00409528  0.00252422  -0.240412 -0.0225925   0.988309
   26.7493 -0.00382113 -0.00249739  0.00572002  -0.245172 -0.0167332    0.99893
   26.7534 -0.00808219 -0.00303002  0.00838318  -0.241632 -0.0227146   0.987211
   26.7593   -0.011278 -0.00143212  0.00572002   -0.23382 -0.0228367   0.968534
    26.764 0.000439926 -0.00143212  0.00838318  -0.235529 -0.0212498   0.958646
   26.7693  0.00736414 -0.00409528   0.0105137  -0.239069 -0.0296726   0.956083
   26.7737  0.00363572 -0.00516055  0.00572002 -0.238092 -0.031992  0.966215
   26.7793 0.000972558 -0.00356265  0.00518738  -0.242121 -0.0200291   0.985014
   26.7833  -0.0123432 -0.00249739  0.00678528  -0.246271 -0.0179539    0.98953
   26.7893 -0.00595166 -0.00356265   0.0110463  -0.240046 -0.0247898   0.974393
   26.7938  0.00416835 -0.00143212    0.011579  -0.232355 -0.0218601    0.95828
   26.7992 -0.000625339  0.000165774   0.00785055  -0.234919 -0.0211277   0.951444
   26.8034  0.00203782 -0.00249739  0.00572002  -0.238825 -0.0307713   0.954374
   26.8093  0.00470098 -0.00569318  0.00465475  -0.239679 -0.0312595   0.973539
   26.8137  0.00203782 -0.00675845  0.00625265  -0.244806 -0.0205174   0.996732
   26.8193 -0.00648429 -0.00569318  0.00891581  -0.247858 -0.0190525    1.00039
   26.8237  -0.0160717 -0.00356265  0.00785055  -0.241877 -0.0229588   0.984891
   26.8292   -0.0102127 -0.000366859   0.00785055 -0.235773 -0.019907  0.962431
   26.8335   0.00842941 -0.000899491    0.0131769   -0.23675 -0.0223484   0.945951
   26.8393   0.0100273 -0.00249739   0.0105137  -0.237848 -0.0334568   0.943754
   26.8435  0.00150519 -0.00249739  0.00305685  -0.238092 -0.0323582   0.959745
   26.8493 0.000972558 -0.00409528  0.00358948  -0.242975 -0.0222263    0.98184
   26.8538 -9.27066e-05  -0.00409528   0.00731791  -0.245661 -0.0225925   0.992582
   26.8593 -0.00595166 -0.00356265  0.00838318  -0.240534 -0.0252781   0.988432
   26.8633 -0.00914745 -0.00143212  0.00678528  -0.235407 -0.0201511   0.974271
   26.8693  -0.0128759 0.000165774  0.00731791  -0.236383 -0.0232029   0.963041
   26.8736 0.000972558 -0.00409528   0.0126442  -0.23736 -0.031992  0.958768
   26.8793   0.0260063 -0.00729108   0.0163727  -0.237726 -0.0279636   0.964506
   26.8834   0.0169515 -0.00569318   0.0121116  -0.241877 -0.0212498   0.980863
   26.8892  -0.0032885 -0.00356265  0.00838318   -0.24383 -0.0238133    0.98953
   26.8935 -0.00861482 -0.00356265   0.0105137  -0.238581 -0.0236912   0.978788
   26.8993 -0.00968009 -0.00143212  0.00944844  -0.232599 -0.0191746   0.961454
   26.9036  -0.00222324 -0.000899491    0.0110463  -0.231989 -0.0238133   0.953764
   26.9093   0.0185494 -0.00516055   0.0153074  -0.234674 -0.0312595   0.954862
   26.9134   0.0260063 -0.00622581    0.011579  -0.236994 -0.0284519    0.96768
   26.9193   0.0212126 -0.00729108    0.011579  -0.241144 -0.0221043   0.990629
   26.9238   0.0110926 -0.00835634   0.0131769  -0.244806 -0.0218601    1.00247
   26.9293 -0.00595166 -0.00622581   0.0105137  -0.241388 -0.0206394   0.992216
   26.9336  -0.0107454 -0.00356265  0.00944844  -0.234919 -0.0172215   0.969389
   26.9393   -0.0123432 -0.000366859   0.00625265  -0.232111 -0.0224705   0.950346
   26.9434 -0.00754956 0.000165774  0.00358948  -0.233576 -0.0308933   0.943998
   26.9492   -0.011278 -0.00143212  -0.0012042  -0.235529 -0.0289402   0.953519
   26.9535  -0.0192675 -0.00196476 -0.00226947  -0.239191 -0.0230808   0.975736
   26.9593  0.00203782 -0.00409528  0.00838318  -0.243464 -0.0229588   0.995023
   26.9636  0.00896204 -0.00462792   0.0121116  -0.240534 -0.0213718    0.99185
   26.9693 -0.00541903 -0.00143212  0.00731791  -0.234674 -0.0183201    0.97537
   26.9738  -0.00701693 -0.000366859   0.00678528  -0.235407 -0.0232029   0.965726
   26.9792  -0.0016906 -0.00249739  0.00678528  -0.236628 -0.0289402   0.958402
   26.9837  0.00257045 -0.00409528  0.00625265  -0.235651 -0.0271091   0.960111
    26.989  0.00203782 -0.00462792  0.00625265   -0.2409 -0.023325  0.980741
   26.9934 -0.00115797 -0.00569318  0.00838318  -0.245417 -0.0227146   0.992826
   26.9993 -0.00701693 -0.00516055    0.011579  -0.239801 -0.0214939   0.981229
   27.0039  0.00203782 -0.00196476   0.0131769  -0.232477 -0.0197849   0.964506
   27.0093 -0.0016906  0.0022963 0.00465475  -0.233454 -0.0235691   0.953764
   27.0135  -0.0235285  0.00336157 -0.00759579  -0.235773 -0.0291843   0.946561
   27.0193   -0.0198001 -0.000366859  -0.00493263  -0.235407 -0.0296726   0.957304
   27.0234  0.00150519 -0.00622581  0.00678528  -0.241632 -0.0252781   0.986723
   27.0293  0.0105599 -0.0104869  0.0131769  -0.248102 -0.0232029    1.00357
   27.0338  0.00203782 -0.00835634   0.0137095  -0.242975 -0.0217381   0.995634
   27.0394 0.000972558 -0.00303002     0.01584  -0.236628 -0.0173435   0.975736
   27.0435 -0.000625338  0.000165774    0.0137095   -0.23797 -0.0214939   0.955106
   27.0493  -0.0182022 0.000698406  0.00412212  -0.237116 -0.0318699   0.942411
   27.0534  -0.0123432 -0.00249739  0.00305685  -0.234552 -0.0311375   0.949857
   27.0593   0.0116252 -0.00409528  0.00838318  -0.240534 -0.0244236   0.972684
   27.0639   0.0142884 -0.00622581   0.0105137  -0.246027 -0.0247898   0.988798
    27.069 -9.27066e-05  -0.00569318   0.00785054  -0.240168 -0.0243015   0.987211
   27.0736 -0.00648429 -0.00143212  0.00838318  -0.235895 -0.0200291    0.97891
   27.0793  0.00629888 -0.00196476   0.0147748  -0.239435 -0.0227146   0.967557
   27.0837  0.00789678 -0.00356265   0.0121116 -0.237848 -0.030405  0.955717
   27.0893   0.0100273 -0.00462792  0.00944844  -0.235651 -0.0288181   0.960233
   27.0935   0.0121578 -0.00462792  0.00944844 -0.244318 -0.023325  0.980497
   27.0993 -0.00701693 -0.00462792  0.00572002  -0.249445 -0.0255222   0.992094
   27.1034  -0.0309854 -0.00196476  0.00145895  -0.240656 -0.0230808   0.984525
   27.1093  -0.0395075  0.00176367 0.000393692  -0.235773 -0.0161228   0.970609
   27.1137 -0.0235285 0.00123104 0.00465475   -0.23797 -0.0224705   0.953886
   27.1193 -0.00382113 -0.00143212  0.00678528   -0.23382 -0.0328465    0.94119
   27.1233    0.024941 -0.00462792   0.0121116  -0.232721 -0.0290623    0.95413
   27.1293   0.0446484 -0.00835634   0.0195685  -0.242853 -0.0224705   0.983549
   27.1337   0.0297347 -0.00995424   0.0179706  -0.247248 -0.0247898   0.999418
   27.1393 -0.00222323 -0.00516055  0.00838318  -0.239679 -0.0219822   0.996976
   27.1436   -0.0309854   0.00176367 -0.000138938  -0.237238 -0.0139256   0.984769
   27.1493   -0.0379096    0.0022963 -0.000138938 -0.238337 -0.019907  0.962675
   27.1534  -0.0235285 -0.00143212  0.00305685  -0.232477 -0.0307713   0.944608
   27.1593  -0.0032885 -0.00249739  0.00625265  -0.231867 -0.0267429     0.9512
   27.1638  0.00523362 -0.00409528  0.00785055  -0.241022 -0.0221043   0.970121
   27.1693 0.000439926 -0.00622581  0.00785055  -0.242121 -0.0261326   0.984037
   27.1734 -0.00435376 -0.00356265  0.00891581  -0.235895 -0.0218601   0.989042
   27.1793  -0.00541903 -0.000366859   0.00944844  -0.236261 -0.0149021   0.982328
   27.1837  -0.00754956 -0.000899491   0.00891581  -0.236139 -0.0225925   0.967069
   27.1893  -0.0107454 -0.00143212  0.00518738 -0.230524 -0.030405  0.956083
   27.1936   -0.0134085 -0.000899491  0.000926327  -0.232599 -0.0247898   0.960966
   27.1993 -0.00382113 -0.00409528  0.00731791  -0.242365 -0.0236912   0.977689
   27.2033  0.00470098 -0.00782371   0.0131769  -0.243097 -0.0288181   0.990995
   27.2093 -0.00648429 -0.00409528  0.00785054 -0.238581 -0.021616  0.991117
   27.2137  -0.0293875  0.00176367 0.000393692  -0.238825 -0.0149021   0.976835
   27.2193  -0.0437685  0.00282893 -0.00386737  -0.235651 -0.0247898   0.955106
   27.2236 -0.0304527 0.00176367 -0.0012042  -0.229425 -0.0306492   0.942289
   27.2293  -0.00435376 -0.000366859   0.00358949  -0.233332 -0.0262547     0.9512
   27.2335   0.0196147 -0.00675845    0.011579  -0.243219 -0.0283299    0.97244
   27.2393      0.0308 -0.00942161     0.01584   -0.24444 -0.0296726   0.992216
   27.2438  0.00523362 -0.00462792  0.00785055    -0.2409 -0.0192966    1.00003
   27.2492  -0.0293875 -0.00143212  0.00199159  -0.241632 -0.0144138    0.99014
   27.2536  -0.0299201 -0.00143212  0.00358949  -0.238581 -0.0245457   0.969755
   27.2593   -0.0123432 -0.000899491   0.00625265  -0.232477 -0.0288181   0.950956
   27.2635 -0.000625338 -0.000899491   0.00678528  -0.235773 -0.0241795   0.948881
   27.2693  0.00363572 -0.00462792  0.00678528  -0.241877 -0.0275974   0.963285
   27.2738  0.00523362 -0.00729108  0.00731792  -0.242243 -0.0294285   0.981107
   27.2792  0.00203782 -0.00356265  0.00678528  -0.240534 -0.0190525   0.987699
   27.2835  -0.00701693 -0.000366859   0.00731791  -0.240046 -0.0167332   0.981474
   27.2893 -0.00275587 -0.00249739    0.011579  -0.236628 -0.0258884   0.967924
   27.2937  0.00683151 -0.00356265   0.0110463  -0.232477 -0.0267429   0.956571
   27.2993  0.00363572 -0.00303002  0.00678528  -0.235895 -0.0238133    0.95828
   27.3035  0.00896204 -0.00569318  0.00838318  -0.242609 -0.0283299   0.973417
   27.3091   0.0153536 -0.00782371  0.00998107   -0.24444 -0.0283299   0.991483
   27.3135  0.00363572 -0.00462792  0.00944844  -0.243219 -0.0174656   0.994047
   27.3193 0.000439926 -0.00409528   0.0153074  -0.241877 -0.0160008   0.980375
   27.3239 -0.00754956 -0.00196476   0.0110463  -0.236994 -0.0254002   0.960355
   27.3292  -0.0224633   0.0022963 0.000926323   -0.23321 -0.0295506   0.949369
   27.3334 -0.00861482 0.000165774  0.00252422  -0.235529 -0.0277195   0.949979
   27.3393  0.00523362 -0.00409528  0.00518738  -0.241388 -0.0291843    0.96536
   27.3436 -0.00222324 -0.00356265  0.00199159  -0.244684 -0.0275974   0.990141
   27.3493  -0.0240612 0.000165774 -0.00386737  -0.243586 -0.0186863   0.999418
   27.3536  -0.037377 0.00123104 -0.0012042  -0.243097 -0.0177097    0.99307
   27.3593   -0.031518 0.000698406  0.00305685  -0.241022 -0.0227146   0.973783
   27.3637   -0.0150064 -0.000366859   0.00412212  -0.236383 -0.0249119   0.953031
   27.3691  0.00576625 -0.00303002  0.00944844  -0.236505 -0.0263767   0.949247
   27.3737  0.00896204 -0.00516055   0.0105137  -0.241266 -0.0299168   0.962919
   27.3793  0.00310309 -0.00516055  0.00731792  -0.243708 -0.0322361   0.973295
   27.3833   0.0201473 -0.00622581   0.0163727  -0.241755 -0.0249119   0.980253
   27.3893  0.00789678 -0.00196476   0.0137095  -0.240534 -0.0212498   0.982816
   27.3938 -0.00808219 -0.00143212  0.00731791  -0.237848 -0.0252781    0.96829
   27.3993  0.00523362 -0.00622581   0.0126442   -0.23443 -0.0256443   0.958158
   27.4035 -9.27066e-05  -0.00303002   0.00678528  -0.234919 -0.0269871   0.960844
   27.4093 -0.00541903 0.000165774 0.000926323  -0.235407 -0.0283299   0.963529
   27.4134   -0.0187348 -0.000899491   -0.0028021  -0.238092 -0.0263767   0.980497
   27.4193  -0.0320506 -0.00196476 -0.00653052  -0.240778 -0.0244236   0.997465
   27.4236  -0.0219306 -0.00196476 0.000926327  -0.240046 -0.0227146   0.989408
   27.4293  -0.0118106 -0.00196476  0.00838318  -0.239313 -0.0210056   0.981351
   27.4336  -0.0048864 -0.00143212  0.00838318 -0.231989 -0.023447  0.959379
   27.4393   0.00203782 -0.000899491   0.00838318  -0.224665 -0.0258884   0.937406
   27.4435   0.0132231 -0.00622581   0.0131769  -0.232111 -0.0286961   0.953397
   27.4493  0.0244084 -0.0115521  0.0179706  -0.239557 -0.0315037   0.969389
   27.4537   0.0286694 -0.00888897   0.0190358  -0.238581 -0.0239353   0.987211
   27.4593   0.0329305 -0.00622581   0.0201011 -0.237604 -0.016367   1.00503
   27.4637  0.00416835 -0.00356265   0.0121116  -0.235285 -0.0194187   0.984037
   27.4693   -0.0245938 -0.000899491   0.00412212  -0.232965 -0.0224705   0.963041
   27.4734  -0.00968009 -0.000899491   0.00731791  -0.235651 -0.0236912   0.960111
   27.4793   0.00523362 -0.000899491    0.0105137  -0.238337 -0.0249119   0.957182
   27.4836  0.00576625 -0.00356265  0.00944844  -0.237116 -0.0235691   0.968656
   27.4892  0.00629888 -0.00622581  0.00838318  -0.235895 -0.0222263   0.980131
   27.4938 -0.00595166 -0.00303002  0.00785055  -0.239801 -0.0222263   0.979398
   27.4994  -0.0182022 0.000165774  0.00731792  -0.243708 -0.0222263   0.978666
   27.5036  0.00523362 -0.00143212   0.0121116  -0.236872 -0.0223484   0.965604
   27.5094   0.0286694 -0.00303002   0.0169053  -0.230036 -0.0224705   0.952543
   27.5135   0.0153536 -0.00516055   0.0110463  -0.237726 -0.0282078   0.961454
   27.5194  0.00203782 -0.00729108  0.00518738  -0.245417 -0.0339451   0.970365
   27.5235  0.00523362 -0.00622581  0.00891581  -0.247858 -0.0238133   0.987821
   27.5294  0.00842941 -0.00516055   0.0126442  -0.250299 -0.0136814    1.00528
   27.5339  0.00789678 -0.00409528   0.0147748  -0.242731 -0.0196629   0.979154
   27.5394  0.00736414 -0.00303002   0.0169053  -0.235163 -0.0256443   0.953031
   27.5435  0.00150519 -0.00143212    0.011579  -0.239313 -0.0269871   0.948637
   27.5494 -0.00435376 0.000165774  0.00625265  -0.243464 -0.0283299   0.944242
   27.5539 0.000439926 -0.00249739  0.00412212  -0.241755 -0.0261326   0.964506
   27.5594  0.00523362 -0.00516055  0.00199159  -0.240046 -0.0239353   0.984769
   27.5639 -0.00541903 -0.00462792  0.00465475  -0.243219 -0.0238133   0.988187
   27.5694  -0.0160717 -0.00409528  0.00731792  -0.246393 -0.0236912   0.991605
   27.5736  -0.0203327 -0.00249739  0.00572002  -0.239557 -0.0244236   0.979887
   27.5792  -0.0187348 0.000165774  0.00305685  -0.233698 -0.0225925   0.964384
   27.5837  0.00257045 -0.00303002  0.00625265  -0.236383 -0.0264988   0.959135
   27.5894   0.0180168 -0.00729108   0.0105137  -0.238092 -0.0329685    0.95767
   27.5935 -0.00968009 -0.00303002  0.00358949   -0.23797 -0.0269871   0.970731
   27.5994   -0.037377  0.00123104 -0.00333473  -0.242853 -0.0179539   0.989774
   27.6038  -0.0166043 -0.00196476  0.00625265  -0.244684 -0.0217381   0.987333
   27.6094    -0.011278 -0.000899491   0.00678528   -0.23443 -0.0256443     0.9689
   27.6137  -0.0251264   0.0054921 -0.00226947  -0.229914 -0.0201511   0.956693
   27.6194  -0.0293875  0.00495946 -0.00386737 -0.235529 -0.023447  0.953641
   27.6236   -0.0160717 -0.000366859 -0.000671573  -0.236261 -0.0323582   0.958158
   27.6294  0.00416835 -0.00303002  0.00518738  -0.236261 -0.0277195   0.980741
   27.6337 -0.00382113 -0.00196476  0.00572002  -0.243341 -0.0178318    1.00223
   27.6394   -0.027257 -0.00143212  0.00145896  -0.244196 -0.0205174   0.996854
   27.6439  -0.0405728 0.000165774 -0.00226947  -0.234186 -0.0232029   0.976224
   27.6494 -0.0251264  0.0022963 0.00305685  -0.230036 -0.0195408   0.958646
   27.6535 -0.00648429 0.000165774  0.00838318  -0.233576 -0.0256443   0.946195
   27.6594  0.00523362 -0.00196476  0.00785055  -0.233088 -0.0340672   0.946928
    27.664   0.0110926 -0.00143212  0.00572002  -0.234674 -0.0277195   0.965726
   27.6692  -0.00382113 -0.000899491   0.00199159  -0.242609 -0.0202732   0.988065
   27.6737 -0.00861482 -0.00356265  0.00465475  -0.243708 -0.0240574   0.996122
   27.6794 -0.00595166 -0.00409528  0.00891581  -0.235773 -0.0228367   0.985868
   27.6836 -0.00754956 -0.00143212  0.00944844   -0.23382 -0.0185642   0.971952
   27.6894 -0.00115797 -0.00249739   0.0105137   -0.23736 -0.0274754   0.958402
   27.6936 0.000439926 -0.00356265  0.00785055   -0.23675 -0.0343113   0.954862
   27.6994 -0.00435376 -0.00303002  0.00412212  -0.239679 -0.0246677   0.970243
   27.7041 -0.000625339  -0.00516055   0.00785054  -0.246271 -0.0197849   0.987211
   27.7094  -0.0144738 -0.00516055  0.00572001   -0.24444 -0.0260105   0.987577
   27.7136  -0.0123432 -0.00356265  0.00838318  -0.236872 -0.0219822   0.973539
   27.7194   0.00896204 -0.000899491      0.01584  -0.234797 -0.0177097   0.957304
   27.7236 -0.00541903  0.00176367  0.00625265  -0.235529 -0.0274754   0.946928
   27.7294  -0.0048864 -0.00143212  0.00145895  -0.234674 -0.0327244   0.952421
   27.7336 0.000439926 -0.00462792  0.00199159  -0.237848 -0.0254002    0.97598
   27.7394  -0.0203327 -0.00409528  -0.0012042  -0.244074 -0.0213718   0.998685
   27.7438  -0.0325833 -0.00303002 0.000393692  -0.242853 -0.0224705    1.00223
   27.7494    -0.031518 -0.000899491   0.00305685  -0.236628 -0.0177097   0.987089
   27.7536 -0.0261917  0.0022963 0.00572002 -0.233454 -0.016489  0.963651
   27.7594 -0.0256591 0.00282893 0.00358948  -0.231745 -0.0275974   0.945097
    27.764  -0.0229959 0.000698406 -0.00173684  -0.231012 -0.0326023   0.944364
   27.7694  -0.0032885 -0.00196476  0.00199159  -0.235163 -0.0245457    0.96121
   27.7737  0.00363572 -0.00303002  0.00518738  -0.240778 -0.0218601   0.984525
   27.7793 -0.00382113 -0.00409528  0.00625265  -0.24029 -0.023325  0.996488
   27.7835  0.00257045 -0.00462792    0.011579  -0.236994 -0.0185642   0.988065
   27.7894  -0.00115797 -0.000899491   0.00944844  -0.235651 -0.0188084   0.971952
   27.7938  -0.015539 0.00176367 0.00252422  -0.236628 -0.0277195   0.960233
   27.7992  -0.0128759 -0.00143212  0.00199159  -0.238214 -0.0295506   0.955961
   27.8035 -0.00968009 -0.00303002  0.00199159   -0.24151 -0.0241795   0.966093
   27.8094  0.00363572 -0.00409528  0.00891581   -0.24737 -0.0241795   0.985502
    27.814  0.00150519 -0.00409528   0.0105137   -0.24798 -0.0247898    0.98953
   27.8194  -0.0123432 -0.00196476  0.00678528  -0.241755 -0.0200291   0.974149
   27.8236   -0.015539 0.000698406  0.00678528  -0.237726 -0.0206394   0.959745
   27.8294 -0.0123432  0.0022963 0.00518738  -0.237848 -0.0290623   0.950712
   27.8336   0.00203782 -0.000899491   0.00731791  -0.238459 -0.0315037   0.948148
   27.8394   0.0142884 -0.00516055   0.0105137  -0.240412 -0.0273533   0.966337
   27.8437   0.0185494 -0.00835634   0.0142421  -0.247004 -0.0254002   0.992704
   27.8494  0.00683151 -0.00782371   0.0126442  -0.248835 -0.0243015    1.00174
   27.8539 -0.00861482 -0.00409528  0.00838318  -0.242609 -0.0196629   0.989042
   27.8594  -0.0176696 0.000165774  0.00785055  -0.239069 -0.0191746   0.969511
   27.8636 -0.0192675 0.00123104 0.00731791  -0.238825 -0.0271091    0.95181
   27.8694 -0.00648429 -0.00249739  0.00785054  -0.235895 -0.0311375   0.943021
    27.874  0.00789678 -0.00462792  0.00838318  -0.236383 -0.0269871   0.955717
   27.8793   0.0137557 -0.00409528  0.00838318 -0.243219 -0.025156  0.980131
   27.8837  0.00203782 -0.00516055  0.00785054  -0.243708 -0.0244236   0.990629
   27.8892 -0.00754956 -0.00516055  0.00838318  -0.237848 -0.0192966   0.984037
   27.8935 -0.00541903 -0.00196476  0.00838318  -0.237116 -0.0185642   0.975126
   27.8994 -0.000625339  -0.00249739   0.00891581  -0.238092 -0.0243015   0.962919
   27.9035   0.0142884 -0.00622581   0.0137095  -0.234797 -0.0279636   0.955106
   27.9094    0.014821 -0.00569318    0.011579  -0.236261 -0.0246677   0.967924
   27.9139  0.00257045 -0.00462792  0.00678528  -0.244928 -0.0222263   0.987699
   27.9194   -0.011278 -0.00462792  0.00465475  -0.244806 -0.0230808   0.991239
   27.9237  -0.0166043 -0.00143212  0.00518738  -0.235895 -0.0189304   0.980863
   27.9294 -0.0134085 0.00176367 0.00731792  -0.234308 -0.0173435   0.966093
   27.9337  -0.0048864 0.000698406  0.00838318   -0.23443 -0.0255222   0.948148
   27.9394  0.00736414 -0.00196476  0.00944844 -0.229792 -0.030405  0.942899
   27.9437   0.0126905 -0.00409528  0.00944844  -0.232721 -0.0258884   0.963773
   27.9494   0.0132231 -0.00729108    0.011579  -0.242609 -0.0238133   0.989286
   27.9537  0.00896204 -0.00835634   0.0131769  -0.242121 -0.0243015   0.999906
   27.9594 -0.000625339  -0.00462792    0.0110463  -0.236017 -0.0183201   0.995878
   27.9636   -0.015539 0.000165774  0.00785054  -0.237482 -0.0158787   0.980375
   27.9694  -0.0198001 0.000698406  0.00625265  -0.236505 -0.0260105   0.956205
   27.9739 -0.00435376 -0.00143212  0.00625265  -0.231012 -0.0318699   0.942777
   27.9794  0.00470098 -0.00249739  0.00572002  -0.235773 -0.0264988   0.955595
   27.9837   0.0196147 -0.00569318   0.0121116  -0.244684 -0.0260105   0.973783
   27.9894   0.0334631 -0.00888897   0.0206337  -0.241999 -0.0275974   0.984037
   27.9937   0.0110926 -0.00409528   0.0142421  -0.237726 -0.0200291   0.985624
   27.9994 -0.00861482 0.000698406  0.00731791  -0.241022 -0.0183201   0.977689
   28.0039   -0.0032885 -0.000899491   0.00785055  -0.238459 -0.0283299   0.962797
   28.0091 0.000972559 -0.00196476  0.00572002  -0.232721 -0.0296726   0.955595
   28.0136  0.00150519 -0.00303002  0.00518738 -0.239191 -0.023325  0.965971
   28.0194 -0.000625339  -0.00516055   0.00625265 -0.247492 -0.026865  0.982816
   28.0239  0.00203782 -0.00622581  0.00785054  -0.243097 -0.0280857   0.992582
   28.0294  0.00629888 -0.00409528   0.0126442  -0.238459 -0.0170994   0.987455
   28.0336  0.00203782 -0.00196476   0.0153074  -0.239191 -0.0162449   0.969144
   28.0394  0.00576625 -0.00196476   0.0137095   -0.23321 -0.0282078   0.948026
   28.0437   0.0196147 -0.00143212   0.0126442  -0.227961 -0.0290623   0.943265
   28.0493   0.0254736 -0.00303002    0.011579  -0.235407 -0.0238133   0.958768
   28.0535   0.0217452 -0.00888897   0.0121116  -0.242975 -0.0278416   0.980253
   28.0594  0.00523362 -0.00888897  0.00838318  -0.240534 -0.0262547   0.997465
   28.0641  -0.0102127 -0.00303002  0.00465475  -0.239435 -0.0149021    1.00064
   28.0691   -0.011278 -0.00196476  0.00785054 -0.241022 -0.016367  0.985868
   28.0737 -0.00435376 -0.00303002   0.0105137  -0.234919 -0.0266209   0.962186
   28.0794  0.00576625 -0.00249739    0.011579  -0.230768 -0.0255222   0.948881
   28.0838   -0.0128759 -0.000366859   0.00305685  -0.238092 -0.0227146   0.953031
   28.0894  -0.0245938 -0.00196476  -0.0028021  -0.243219 -0.0296726   0.966459
   28.0937 0.000439927 -0.00569318  0.00731791    -0.2409 -0.0264988   0.982206
   28.0993   0.0116252 -0.00462792   0.0142421 -0.24151 -0.01478 0.988065
   28.1036 -0.00115797 -0.00303002    0.011579  -0.242365 -0.0196629   0.976835
   28.1094 -9.27066e-05  -0.00356265   0.00998107 -0.236017 -0.028574  0.961942
   28.1136 0.000972558 -0.00249739  0.00625265  -0.234064 -0.0243015   0.957059
   28.1193 -0.00275587 -0.00196476  0.00465475   -0.24151 -0.0230808   0.962186
   28.1235  0.00310309 -0.00569318  0.00785055  -0.245295 -0.0296726   0.976957
   28.1294  0.00257045 -0.00675845  0.00785055   -0.24444 -0.0254002   0.992338
   28.1339 -0.00275587 -0.00356265  0.00891581  -0.245172 -0.0157566    0.99307
   28.1393 -0.00115797 -0.00303002   0.0126442  -0.242243 -0.0207615    0.97476
   28.1435   -0.0102127 -0.000899491   0.00838318 -0.233698 -0.028574  0.952543
   28.1494 -0.0166043 0.00176367 0.00145896  -0.231501 -0.0255222    0.94351
   28.1537   -0.0134085  0.000165774 -0.000671573  -0.236872 -0.0274754   0.951078
   28.1594  0.00789678 -0.00516055  0.00785054  -0.241022 -0.0329685   0.972074
   28.1637   0.0212126 -0.00835634   0.0137095 -0.241877 -0.025156  0.993436
   28.1694 -9.27062e-05  -0.00462792   0.00838318  -0.242365 -0.0169773   0.999906
   28.1737   -0.0123432 -0.000899491   0.00731792 -0.240778 -0.021616  0.988309
   28.1793  -0.0107454 0.000165774  0.00625265  -0.235773 -0.0245457   0.966459
   28.1838  -0.00648429 -0.000366859   0.00518738  -0.234797 -0.0222263   0.950712
   28.1894  -0.00648429 -0.000899491   0.00465475  -0.238825 -0.0266209   0.950712
   28.1937  0.00736415 -0.00409528  0.00944844  -0.240778 -0.0311375   0.965238
   28.1994  0.00949467 -0.00516055  0.00838318  -0.24151 -0.023325  0.982694
   28.2035  -0.0144738 -0.00143212 0.000393692  -0.242121 -0.0174656   0.988187
   28.2094  -0.0219306 0.000698406 0.000393692  -0.239801 -0.0229588   0.979154
    28.214  -0.0150064 0.000698406  0.00252422  -0.234552 -0.0247898   0.963407
   28.2192  -0.00861482 -0.000366859   0.00518738  -0.232233 -0.0232029   0.954984
   28.2236 0.000972558 -0.00249739  0.00731792  -0.236139 -0.0279636   0.960844
   28.2294   0.0100273 -0.00675845  0.00891581  -0.239801 -0.0296726   0.976224
    28.234  0.00203782 -0.00782371  0.00731791  -0.241266 -0.0219822   0.992948
   28.2394  -0.0128759 -0.00409528  0.00572002  -0.241266 -0.0170994   0.997831
   28.2437   -0.0187348 -0.000899491   0.00465475  -0.238092 -0.0210056   0.983305
   28.2494  -0.0166043 0.000698406  0.00412212  -0.231012 -0.0228367   0.958524
   28.2535 -0.0048864 0.00123104 0.00731791  -0.227716 -0.0227146   0.942411
   28.2594   0.00310309 -0.000899491   0.00731791  -0.232233 -0.0278416   0.947416
   28.2636  0.00683151 -0.00462792  0.00572002  -0.236994 -0.0297947   0.966581
   28.2694  0.00363572 -0.00622581  0.00518738  -0.238337 -0.0236912   0.986845
   28.2739 -0.00382113 -0.00462792  0.00572002  -0.241266 -0.0217381   0.999174
   28.2792 -0.00754956 -0.00409528  0.00785054  -0.242243 -0.0227146   0.994535
   28.2836 -0.00914745 -0.00249739  0.00785054  -0.235651 -0.0191746   0.972807
   28.2894  -0.0150064 0.000698406  0.00465475  -0.231745 -0.0200291   0.955717
   28.2938  -0.00968009 -0.000899491   0.00518738  -0.237482 -0.0294285   0.954862
   28.2994   0.0100273 -0.00569318  0.00998108 -0.241877 -0.033823  0.961942
   28.3035  0.00896204 -0.00516055  0.00944844  -0.241388 -0.0241795   0.975736
   28.3093  0.00523362 -0.00303002  0.00944844  -0.242975 -0.0180759   0.986723
   28.3135  0.00257045 -0.00356265   0.0110463  -0.242121 -0.0230808   0.980985
   28.3194 -0.00541903 -0.00143212  0.00838318  -0.235041 -0.0258884   0.965604
   28.3238 -0.00115797  0.00123104  0.00678528  -0.231623 -0.0232029   0.956937
   28.3292   0.00363572 -0.000366859   0.00625265  -0.237604 -0.0241795   0.956205
   28.3335  0.00416835 -0.00569318  0.00678528  -0.242243 -0.0290623    0.96475
   28.3394 -0.00435376 -0.00729108  0.00465475  -0.241999 -0.0275974   0.987821
   28.3439   -0.011278 -0.00516055  0.00358949   -0.24383 -0.0202732    1.00393
   28.3493 -0.00968009 -0.00356265  0.00731791 -0.242853 -0.018198  0.990018
   28.3536  -0.00808219 -0.000366859   0.00891581  -0.234919 -0.0202732   0.961332
   28.3594 -0.00541903   0.0022963  0.00838318 -0.231745 -0.023325  0.947538
   28.3639  0.000972558 -0.000366859   0.00731791  -0.236994 -0.0289402   0.945097
   28.3691  0.00736414 -0.00462792  0.00572002  -0.239191 -0.0315037   0.952665
   28.3735  0.00736414 -0.00516055  0.00572002  -0.239557 -0.0262547   0.978544
   28.3794 -9.27066e-05  -0.00409528   0.00572002  -0.245172 -0.0201511    1.00149
   28.3835  0.00416835 -0.00622581   0.0131769  -0.244928 -0.0202732      0.996
   28.3894  0.00257045 -0.00462792   0.0131769  -0.237238 -0.0200291   0.972562
    28.394 -0.00754956 0.000165774  0.00572002  -0.237726 -0.0207615    0.95889
   28.3993 -0.00648429 -0.00143212  0.00358948  -0.242853 -0.0294285   0.954252
   28.4036  0.00416835 -0.00569318  0.00625265  -0.240656 -0.0329685   0.958646
   28.4094  0.00203782 -0.00409528  0.00678528  -0.241144 -0.0222263   0.977445
   28.4135   -0.0208654 -0.000366859   0.00145896  -0.247248 -0.0174656   0.991727
   28.4194  -0.0150064 -0.00196476  0.00678528  -0.244318 -0.0252781   0.981474
   28.4239  -0.00435376 -0.000899491    0.0105137  -0.235041 -0.0254002    0.96182
   28.4291 -0.00648429  0.00176367  0.00838318  -0.234797 -0.0206394   0.952299
   28.4335 -0.000625338  -0.00143212   0.00785055 -0.239191 -0.026865   0.95059
   28.4394  -0.0048864 -0.00462792  0.00305685  -0.237848 -0.0327244   0.964262
   28.4438  -0.0048864 -0.00462792  0.00252422  -0.240656 -0.0252781   0.992948
   28.4494 -0.000625338  -0.00462792   0.00785054  -0.248102 -0.0188084    1.00454
   28.4537 -0.00861482 -0.00516055  0.00838318  -0.244318 -0.0207615   0.988432
   28.4594  -0.0139411 -0.00249739  0.00731792  -0.234674 -0.0203953   0.966947
   28.4638 -0.0144738 0.00123104 0.00518738  -0.234186 -0.0225925    0.95181
   28.4693   -0.0032885 -0.000899491   0.00678528 -0.235285 -0.031992  0.943265
   28.4736  0.00576625 -0.00303002  0.00678528 -0.232721 -0.032114  0.951566
   28.4794 -0.00382113 -0.00143212 0.000393692   -0.23797 -0.0210056   0.975858
   28.4839  -0.0224633 -0.00143212     -0.0044  -0.245295 -0.0207615   0.993436
   28.4891  -0.0176696 -0.00409528  0.00358949  -0.239801 -0.0258884   0.992338
   28.4935 -0.00435376 -0.00303002  0.00998107  -0.233332 -0.0188084   0.980375
   28.4994  -0.0118106 0.000165774  0.00678528 -0.236383 -0.016489  0.967191
   28.5039 -0.00648429 -0.00196476  0.00838318  -0.236628 -0.0279636   0.957304
   28.5094  0.00683151 -0.00462792  0.00944844 -0.233332 -0.030283   0.96121
   28.5136  0.00576625 -0.00462792  0.00838318  -0.239435 -0.0222263   0.978056
   28.5194  -0.0016906 -0.00409528  0.00785055  -0.245417 -0.0228367   0.987211
   28.5236  -0.0118106 -0.00409528  0.00785055  -0.238092 -0.0245457   0.980741
   28.5295 -0.00595166 -0.00196476   0.0110463  -0.231501 -0.0172215   0.969144
   28.5338   0.0116252 -0.00143212   0.0169053   -0.23321 -0.0195408   0.958036
   28.5395   0.0174842 -0.00356265     0.01584  -0.232843 -0.0322361   0.950346
   28.5437   0.0217452 -0.00462792    0.011579  -0.232599 -0.0306492   0.959257
   28.5495   0.0196147 -0.00569318  0.00998107  -0.240412 -0.0217381   0.984525
   28.5539  0.00736415 -0.00622581  0.00891581  -0.245783 -0.0238133   0.999296
   28.5595  0.00310309 -0.00516055   0.0121116  -0.240778 -0.0244236   0.995878
   28.5639  -0.0016906 -0.00143212   0.0137095 -0.236628 -0.016489  0.981474
   28.5694 -0.0166043  0.0022963 0.00731791  -0.236383 -0.0194187    0.95889
   28.5736   -0.021398  0.00176367 0.000926323  -0.234186 -0.0316258   0.941434
   28.5794    -0.011278 -0.000899491 -0.000138942   -0.23382 -0.0312595   0.945829
   28.5836  0.00203782 -0.00409528  0.00358948 -0.240656 -0.025034  0.967924
   28.5895 -0.00648429 -0.00516055  0.00252422  -0.244684 -0.0266209   0.988187
   28.5937  0.00150519 -0.00516055  0.00838318  -0.240778 -0.0230808   0.994657
   28.5995 -0.00115797 -0.00143212  0.00891581  -0.238825 -0.0153904   0.985258
   28.6039 -0.0144738 0.00123104 0.00572002  -0.239191 -0.0222263   0.968168
   28.6095  0.00363572 -0.00196476   0.0121116  -0.237116 -0.0323582   0.956083
   28.6137  0.00949467 -0.00409528  0.00998108  -0.237238 -0.0263767   0.958158
   28.6195   0.0121578 -0.00622581   0.0105137  -0.243586 -0.0208836   0.975248
   28.6236  -0.0032885 -0.00516055  0.00625265  -0.246515 -0.0262547    0.99014
   28.6295   -0.015539 -0.00303002  0.00358948  -0.241999 -0.0232029   0.986112
    28.634 -0.00435376 -0.00196476  0.00944844  -0.238092 -0.0158787   0.969633
   28.6395 -0.00382113 0.000165774  0.00838318  -0.235895 -0.0222263   0.954252
   28.6436 -0.0139411 0.00123104 0.00145896   -0.23321 -0.0300388   0.945219
   28.6495   -0.0134085 -0.000899491  -0.00173683  -0.234674 -0.0273533   0.952787
   28.6538 -0.00222324 -0.00516055  0.00358949 -0.241144 -0.025156  0.978056
   28.6595 -0.00435376 -0.00675845  0.00678528  -0.245295 -0.0257664   0.998319
    28.664  -0.0118106 -0.00516055  0.00625265 -0.243219 -0.019907  0.999784
   28.6694  -0.0187348 -0.00196476  0.00678528 -0.240168 -0.014658  0.984647
   28.6736 -0.0288548 0.00123104 0.00412212  -0.237482 -0.0219822    0.96414
   28.6795  -0.0245938  0.00176367 0.000926323   -0.23443 -0.0301609    0.94705
   28.6836  -0.0150064 0.000698406 0.000393692  -0.234919 -0.0280857   0.945585
   28.6895 -0.00435376 -0.00196476  0.00305685   -0.24029 -0.0264988   0.962919
    28.694  0.00310309 -0.00462792  0.00731791   -0.24383 -0.0279636   0.983671
   28.6993 -0.00115797 -0.00409528  0.00838318   -0.24151 -0.0230808   0.991849
   28.7037 -0.00701693 -0.00143212  0.00785055  -0.238581 -0.0183201   0.984159
   28.7095  -0.00914745 -0.000899491   0.00785055   -0.23797 -0.0225925   0.970975
   28.7138  0.00629888 -0.00462792    0.011579  -0.236383 -0.0274754   0.959379
   28.7195   0.0164189 -0.00622581   0.0131769  -0.235773 -0.0266209   0.957792
   28.7236  0.00203782 -0.00409528  0.00678528   -0.24151 -0.0266209   0.972318
   28.7294  -0.0123432 -0.00356265 0.000926327 -0.246149 -0.026865  0.988554
   28.7336 -0.00914745 -0.00409528  0.00465475  -0.242609 -0.0213718   0.988432
   28.7395   -0.0048864 -0.000899491   0.00891581  -0.237848 -0.0177097   0.976957
    28.744 -0.0118106  0.0022963 0.00572002  -0.236628 -0.0239353   0.961698
   28.7495 -0.00595166 0.000698406  0.00412212  -0.233942 -0.0293064   0.944974
   28.7535   0.0196147 -0.00356265   0.0110463  -0.232965 -0.0273533   0.946195
   28.7595   0.0260063 -0.00569318   0.0131769  -0.240168 -0.0260105   0.972807
   28.7641   0.0196147 -0.00835634   0.0126442  -0.246149 -0.0264988   0.995023
   28.7695  0.00842941 -0.00835634    0.011579  -0.242487 -0.0221043   0.999418
   28.7738  -0.0160717 -0.00143212  0.00518738  -0.239191 -0.0160008   0.992216
   28.7795   -0.0363117    0.0022963 -0.000671573  -0.238825 -0.0190525   0.973173
   28.7836 -0.0368443 0.00123104 -0.0028021  -0.233576 -0.0262547   0.949735
   28.7894  -0.0128759 -0.00143212  0.00412212  -0.229914 -0.0278416   0.945341
   28.7936   0.0132231 -0.00409528    0.011579  -0.236628 -0.0261326   0.962553
   28.7995   0.0121578 -0.00516055  0.00944844  -0.242121 -0.0262547   0.978056
   28.8036 -0.00115797 -0.00409528  0.00572002  -0.237238 -0.0217381   0.984281
   28.8095 -0.00435376 -0.00143212  0.00785054  -0.235773 -0.0157566   0.984769
   28.8141 -0.0208654 0.00123104 0.00465475  -0.238214 -0.0211277   0.974027
   28.8193  -0.0144738 -0.00143212  0.00518738  -0.232721 -0.0278416   0.958158
   28.8238  0.00203782 -0.00303002  0.00572002 -0.231134 -0.025156  0.957059
   28.8295 -0.00222324 -0.00409528  0.00572002    -0.2409 -0.0238133   0.971708
   28.8337   0.0126905 -0.00995424   0.0137095  -0.245539 -0.0275974   0.986967
   28.8395   0.0228105 -0.00888897   0.0163727 -0.240534 -0.023447  0.992704
   28.8438  -0.00861482 -0.000899491   0.00838318  -0.239923 -0.0153904   0.984037
   28.8495  -0.0400401  0.00282893 0.000393692  -0.239679 -0.0212498    0.96182
   28.8538  -0.0320506  0.00282893 0.000393692  -0.232599 -0.0295506   0.942167
   28.8595  -0.0208654   0.0038942 -0.00226947  -0.232477 -0.0279636   0.945951
   28.8639  -0.0251264  0.00123104 -0.00653053  -0.242121 -0.0290623    0.96536
   28.8695  -0.0299201 -0.00303002 -0.00759579  -0.246027 -0.0315037   0.984891
    28.874   -0.0219306  -0.00409528 -0.000138938  -0.242731 -0.0223484   0.998685
   28.8794 -0.00115797 -0.00462792   0.0137095  -0.244562 -0.0153904   0.997221
   28.8837  0.00629888 -0.00462792   0.0153074  -0.243586 -0.0235691   0.977811
   28.8895 -9.27066e-05  -0.00143212   0.00838318   -0.23382 -0.0284519   0.952909
   28.8937 -0.00115797 0.000165774  0.00625265  -0.234308 -0.0244236   0.946928
   28.8995  0.00257045 -0.00303002  0.00785054  -0.242731 -0.0267429   0.957548
   28.9041  0.00789678 -0.00675845  0.00944844  -0.241999 -0.0312595   0.972196
   28.9092   0.0116252 -0.00516055  0.00891581  -0.239313 -0.0229588   0.987455
   28.9138  -0.0160717 0.000698406  0.00145896  -0.241999 -0.0161228   0.987821
   28.9195   -0.021398 -0.00143212  0.00518738  -0.239069 -0.0235691   0.970731
   28.9239  0.00576625 -0.00409528   0.0131769  -0.230768 -0.0269871   0.958158
   28.9294  0.00736415 -0.00249739  0.00891581  -0.227594 -0.0241795   0.955961
   28.9336  0.00257045 -0.00462792  0.00625265  -0.235895 -0.0283299   0.965116
   28.9394 0.000972558 -0.00622581  0.00518738  -0.244196 -0.0324802   0.974271
   28.9436 -0.00808219 -0.00356265  0.00518738  -0.243952 -0.0213718   0.987333
   28.9495  -0.0309854 0.000165774  0.00145896  -0.243952 -0.0139256   0.989408
    28.954  -0.0309854 0.000165774  0.00199159  -0.238092 -0.0240574   0.965604
   28.9595 -0.0198001 0.00123104 0.00358948  -0.231989 -0.0305271   0.952787
   28.9637 -0.00808219 0.000698406  0.00465475  -0.235163 -0.0269871   0.951566
   28.9694  0.00629888 -0.00196476  0.00838318 -0.238337 -0.023447  0.950346
   28.9736  0.00842941 -0.00516055  0.00944844  -0.238581 -0.0255222   0.971952
   28.9795   0.0238757 -0.00835634   0.0163727  -0.240778 -0.0197849    1.00039
   28.9839   0.0260063 -0.00675845   0.0201011  -0.243464 -0.0157566    1.00015
   28.9894    0.014821 -0.00516055   0.0179706  -0.244196 -0.0195408    0.99307
   28.9936 -0.000625338  -0.00196476     0.011579  -0.238092 -0.0190525   0.971708
   28.9994 -0.0160717 0.00123104 0.00518738  -0.231989 -0.0185642   0.950346
   29.0036   -0.0102127 -0.000899491   0.00412212  -0.235529 -0.0274754   0.954496
   29.0095 -0.00435376 -0.00303002  0.00305685  -0.239069 -0.0363865   0.958646
   29.0138  0.00789678 -0.00462792    0.011579  -0.241877 -0.0247898    0.97537
   29.0195   0.0196147 -0.00569318   0.0190358  -0.243097 -0.0189304   0.986967
   29.0241  -0.0032885 -0.00249739  0.00944844  -0.236505 -0.0256443   0.972562
   29.0293  -0.0256591 0.000165774 0.000926323  -0.231501 -0.0266209   0.963285
   29.0339 -0.00275587 -0.00143212  0.00678528  -0.235407 -0.0272312   0.959867
   29.0395   0.0201473 -0.00303002   0.0126442  -0.239313 -0.0278416   0.956449
   29.0436   0.0126905 -0.00462792  0.00944844  -0.241022 -0.0257664   0.974393
   29.0495  0.00523362 -0.00622581  0.00625265  -0.242731 -0.0236912   0.992338
   29.0537  -0.0048864 -0.00409528  0.00678528  -0.243097 -0.0236912   0.988798
   29.0595   -0.0128759 -0.000899491   0.00678528  -0.243464 -0.0236912   0.985258
    29.064 -0.0224633 0.00336157 0.00199159  -0.237726 -0.0218601   0.962553
   29.0693  -0.0341812  0.00655736 -0.00226947  -0.231989 -0.0200291   0.939848
   29.0737   -0.0219306    0.0022963 -0.000138938  -0.234308 -0.0274754   0.949247
   29.0795 -0.00701693 -0.00409528  0.00199159  -0.238581 -0.0290623   0.973173
   29.0841   0.0137557 -0.00782371  0.00998108  -0.241755 -0.0203953   0.994169
   29.0895   0.0318652 -0.00942161   0.0179706  -0.242975 -0.0175877    1.00064
   29.0937   0.0100273 -0.00462792    0.011579  -0.238581 -0.0190525   0.987455
   29.0995  -0.0118106 0.000165774  0.00518738  -0.234186 -0.0205174   0.974271
   29.1036 -0.00222324 -0.00143212  0.00838318   -0.23443 -0.0252781   0.963285
   29.1095  0.00736414 -0.00303002    0.011579  -0.234674 -0.0300388   0.952299
   29.1139   0.0100273 -0.00516055   0.0105137  -0.236017 -0.0260105   0.965238
   29.1194   0.0126905 -0.00729108  0.00944844   -0.23736 -0.0219822   0.978178
   29.1236 -0.00115797 -0.00356265  0.00625265  -0.238459 -0.0232029   0.981107
   29.1295  -0.0150064 0.000165774  0.00305685  -0.239557 -0.0244236   0.984037
   29.1338  -0.00701693 -0.000366859   0.00785054  -0.235529 -0.0224705   0.969633
   29.1395  0.000972558 -0.000899491    0.0126442  -0.231501 -0.0205174   0.955228
   29.1437  0.00523362 -0.00356265  0.00998108  -0.235651 -0.0257664   0.959013
   29.1493  0.00949467 -0.00622581  0.00731792  -0.239801 -0.0310154   0.962797
   29.1535  0.00842941 -0.00622581  0.00838318 -0.243586 -0.025034  0.984525
   29.1595  0.00736414 -0.00622581  0.00944844   -0.24737 -0.0190525    1.00625
   29.1639  -0.0150064 -0.00303002  0.00465475  -0.242487 -0.0195408     0.9866
   29.1695    -0.037377  0.000165774 -0.000138938  -0.237604 -0.0200291   0.966947
   29.1736  -0.0363117  0.00282893 -0.00173683   -0.23736 -0.0245457   0.955595
   29.1795  -0.0352464   0.0054921 -0.00333473  -0.237116 -0.0290623   0.944242
   29.1839  0.00257046 -0.00249739  0.00785054  -0.238092 -0.0277195   0.959745
   29.1895  0.0403873 -0.0104869  0.0190358  -0.239069 -0.0263767   0.975248
   29.1938   0.0270715 -0.00782371   0.0153074  -0.243219 -0.0239353   0.986967
   29.1995   0.0137557 -0.00516055    0.011579   -0.24737 -0.0214939   0.998685
   29.2036 -0.00382113 -0.00303002  0.00731791  -0.242609 -0.0208836   0.988187
   29.2094   -0.0171369 -0.000366859   0.00412212  -0.235285 -0.0200291   0.970365
   29.2136  -0.0016906 -0.00249739  0.00731791  -0.236505 -0.0238133   0.959867
   29.2195  0.00949467 -0.00516055  0.00944844  -0.239801 -0.0296726   0.955106
   29.2236 -0.00222324 -0.00409528  0.00465475  -0.239069 -0.0282078   0.962919
   29.2295  0.00150519 -0.00409528  0.00678528  -0.243341 -0.0221043   0.982694
   29.2341  0.00683151 -0.00462792   0.0110463  -0.246881 -0.0217381   0.989408
   29.2395  -0.0032885 -0.00356265  0.00838318  -0.239557 -0.0228367   0.974515
   29.2438  -0.00222324 -0.000899491   0.00838318  -0.232843 -0.0206394   0.960233
   29.2495   0.0121578 -0.00143212   0.0137095  -0.235895 -0.0241795   0.954862
   29.2537   0.0329305 -0.00675845   0.0206337  -0.238092 -0.0313816   0.952909
   29.2595   0.0355937 -0.00835634   0.0174379   -0.23736 -0.0294285   0.968778
   29.2638   0.0164189 -0.00622581  0.00891581  -0.243952 -0.0211277   0.996732
   29.2695  -0.0198001 -0.00462792  0.00199159  -0.248468 -0.0202732     1.0021
   29.2738  -0.0352464 -0.00249739 0.000393692  -0.239679 -0.0217381   0.984037
   29.2795  -0.00861482 -0.000366859   0.00838318  -0.232477 -0.0190525   0.964506
   29.2836  0.00736414 0.000165774   0.0121116  -0.234674 -0.0238133   0.948881
   29.2895 0.000439926 -0.00143212  0.00625265  -0.233698 -0.0337009   0.942289
   29.2941  0.00683151 -0.00409528  0.00572002  -0.231989 -0.0306492   0.957304
   29.2993  0.00789678 -0.00303002  0.00518738  -0.239679 -0.0217381   0.984891
   29.3038   -0.0176696  -0.00143212 -0.000671569  -0.243219 -0.0235691   0.996854
   29.3095  -0.0160717 -0.00249739  0.00465475  -0.235407 -0.0236912   0.988554
   29.3136  0.00203782 -0.00143212   0.0105137  -0.232355 -0.0183201   0.977933
   29.3195  -0.00595166 -0.000899491   0.00678528  -0.236628 -0.0227146   0.963163
   29.3239  -0.0048864 -0.00303002  0.00625265  -0.234797 -0.0315037   0.953397
   29.3293  0.00576625 -0.00409528  0.00625265  -0.234308 -0.0271091    0.96414
   29.3341 -0.00275587 -0.00303002  0.00358949  -0.243464 -0.0200291   0.984647
   29.3395  0.00150519 -0.00622581   0.0105137  -0.244684 -0.0243015   0.990385
   29.3436 -0.00808219 -0.00356265  0.00731791  -0.235407 -0.0232029   0.977323
   29.3495  -0.0331159   0.0038942 -0.00173684  -0.232721 -0.0173435   0.964872
   29.3536  -0.0198001 0.000698406  0.00465475  -0.235651 -0.0252781   0.952787
   29.3595   0.0142884 -0.00569318   0.0126442  -0.232721 -0.0341892   0.948392
    29.364   0.0302673 -0.00622581   0.0121116   -0.23382 -0.0277195   0.967191
   29.3694  0.00257046 -0.00409528  0.00358949  -0.244318 -0.0219822   0.993436
   29.3737   -0.021398 -0.00516055  0.00199159 -0.245661 -0.025034   1.00052
   29.3795  -0.0187348 -0.00462792  0.00625265  -0.238214 -0.0208836   0.992094
   29.3838 -0.00275587 -0.00303002   0.0142421  -0.236994 -0.0139256   0.974393
   29.3893  0.00310309 -0.00196476   0.0147748  -0.236383 -0.0235691   0.950956
   29.3936 -0.00914745 0.000165774  0.00305685  -0.231256 -0.0328465   0.940702
   29.3995  -0.0198001  0.00123104 -0.00386737  -0.233942 -0.0261326   0.953886
   29.4039   -0.0192675 -0.000899491   -0.0012042  -0.243097 -0.0229588   0.976102
   29.4094   -0.011278 -0.00409528  0.00358949  -0.242609 -0.0262547   0.990018
   29.4136 -0.00435376 -0.00462792  0.00731791  -0.23675 -0.019907  0.990873
   29.4194 -0.00222324 -0.00303002   0.0105137  -0.237726 -0.0149021   0.979032
   29.4237   -0.0176696 -0.000899491   0.00465475  -0.238092 -0.0254002   0.964262
   29.4295  -0.0187348 -0.00143212  0.00145896   -0.23443 -0.0299168    0.95535
   29.4337  0.00842941 -0.00462792  0.00891581   -0.23797 -0.0221043    0.96121
   29.4395  0.00470098 -0.00516055  0.00625265 -0.246149 -0.023325    0.9783
   29.4441   -0.0187348  -0.00356265 -0.000138938  -0.245172 -0.0284519   0.988432
   29.4494  0.00150519 -0.00462792   0.0110463  -0.239923 -0.0195408   0.983427
   29.4536   0.0164189 -0.00303002   0.0190358  -0.239069 -0.0153904   0.968168
   29.4595   0.00150519 -0.000899491    0.0121116  -0.236628 -0.0274754   0.952177
   29.4639 -0.00275587 -0.00143212  0.00572002  -0.233942 -0.0312595   0.945829
   29.4695   0.0100273 -0.00409528  0.00891581  -0.238337 -0.0252781   0.959867
   29.4736   0.0276042 -0.00888897   0.0163727  -0.245905 -0.0272312   0.985014
   29.4795  0.0345284 -0.0110195  0.0190358  -0.246515 -0.0274754   0.999906
    29.484   0.0196147 -0.00835634   0.0174379 -0.243097 -0.018198  0.997099
   29.4894 -9.27066e-05  -0.00356265    0.0147748   -0.24151 -0.0167332   0.979398
   29.4937   0.0116252 -0.00249739   0.0169053  -0.237848 -0.0267429   0.954862
   29.4995   0.0190821 -0.00249739   0.0153074  -0.23443 -0.030283  0.942655
   29.5041  0.00949467 -0.00409528   0.0110463   -0.23736 -0.0264988     0.9512
   29.5094  0.00363572 -0.00569318  0.00944844  -0.242609 -0.0280857   0.970731
   29.5139  -0.0032885 -0.00516055  0.00678528   -0.24383 -0.0280857   0.987577
   29.5196  0.00257045 -0.00516055  0.00998107  -0.241388 -0.0195408   0.988065
   29.5238  0.00257045 -0.00303002   0.0126442  -0.239801 -0.0180759     0.9783
   29.5296  -0.00595166 -0.000899491   0.00891581   -0.23797 -0.0271091   0.966825
   29.5337 -0.00115797 -0.00249739  0.00731792  -0.235163 -0.0284519   0.957182
   29.5396 -9.27066e-05  -0.00409528   0.00678528 -0.237848 -0.025156  0.960477
   29.5437 -0.00275587 -0.00516055  0.00572002  -0.244318 -0.0279636   0.977201
   29.5496 -0.00275587 -0.00516055  0.00465475  -0.245905 -0.0267429   0.990385
    29.554  -0.0224633 -0.00196476 0.000393692  -0.242121 -0.0184422     0.9866
   29.5596   -0.0256591 -0.000366859   0.00358949  -0.238337 -0.0180759   0.971464
   29.5638  -0.00808219 -0.000899491   0.00838318  -0.234919 -0.0256443   0.953641
   29.5696  -0.00222324 -0.000899491   0.00678528  -0.232477 -0.0274754   0.942533
   29.5739  -0.00648429 -0.000899491   0.00145896  -0.234064 -0.0261326   0.953764
   29.5796  -0.0203327 -0.00143212 -0.00493263  -0.240534 -0.0272312   0.980863
   29.5837  -0.0256591 -0.00249739 -0.00386737   -0.24383 -0.0244236   0.998563
   29.5896  -0.0139411 -0.00462792  0.00572002  -0.240046 -0.0172215   0.998808
   29.5939  0.00470098 -0.00516055   0.0179706  -0.237848 -0.0162449   0.988065
   29.5996  0.00736414 -0.00303002   0.0179706  -0.236139 -0.0224705   0.966459
   29.6036 -9.27066e-05  -0.00143212    0.0105137  -0.231379 -0.0262547   0.945341
   29.6096 -0.000625338 -0.000366859   0.00678528  -0.232355 -0.0257664   0.947904
   29.6139  0.00150519 -0.00249739  0.00572002  -0.239557 -0.0271091   0.968412
   29.6196  0.00150519 -0.00622581  0.00678528   -0.24151 -0.0266209   0.984281
   29.6237 -0.00435376 -0.00409528  0.00625265   -0.23797 -0.0200291   0.989286
   29.6296  -0.00914745 -0.000899491   0.00572002   -0.23797 -0.0180759   0.983549
   29.6341 -0.00754956 -0.00143212  0.00731792  -0.236383 -0.0238133   0.968412
   29.6393 -0.00382113 -0.00196476  0.00678528  -0.231256 -0.0271091   0.956327
   29.6438  0.00150519 -0.00249739  0.00625265  -0.233942 -0.0255222   0.960233
   29.6496  0.00470098 -0.00516055  0.00731791  -0.242975 -0.0269871   0.975614
   29.6541  0.00523362 -0.00729108  0.00998107  -0.244318 -0.0273533   0.988432
   29.6596 -0.000625338  -0.00462792     0.011579  -0.239801 -0.0202732   0.991117
    29.664   -0.011278 -0.00196476   0.0105137  -0.240046 -0.0179539   0.979154
   29.6696  0.00310309 -0.00409528   0.0163727  -0.236994 -0.0252781   0.956083
   29.6738    0.024941 -0.00356265   0.0179706  -0.23028 -0.028574  0.941068
   29.6796    0.0153536 -0.000899491   0.00678528  -0.234186 -0.0273533   0.951322
   29.6838 0.000972558 -0.00303002 0.000926323  -0.243464 -0.0294285   0.972318
   29.6896   0.0110926 -0.00782371  0.00838318  -0.243219 -0.0286961   0.990995
    29.694   0.0132231 -0.00675845   0.0142421  -0.240656 -0.0196629    1.00149
   29.6996 -0.00541903 -0.00356265   0.0110463  -0.243586 -0.0162449   0.993681
   29.7038  -0.0048864 -0.00516055   0.0126442  -0.239801 -0.0238133   0.969389
   29.7096   0.0142884 -0.00462792   0.0163727  -0.231745 -0.0274754   0.949491
   29.7142   0.0196147 -0.00249739   0.0142421  -0.235773 -0.0258884   0.949491
   29.7194 0.000439926 -0.00356265  0.00785054  -0.243097 -0.0290623   0.960722
   29.7239  0.00523362 -0.00622581  0.00891581  -0.241388 -0.0284519   0.976102
   29.7296   0.0100273 -0.00409528   0.0105137   -0.24029 -0.0183201   0.988676
   29.7338   0.0126905 -0.00356265   0.0153074  -0.242609 -0.0170994   0.983671
   29.7396  0.00789678 -0.00303002   0.0131769  -0.236628 -0.0254002   0.965116
   29.7438   -0.0171369   0.00282893 -0.000671573  -0.230036 -0.0255222   0.955717
   29.7495 -0.0123432  0.0022963 -0.0012042  -0.236872 -0.0223484   0.959623
   29.7537  -0.0118106 -0.00356265 0.000926327  -0.243708 -0.0282078   0.970487
   29.7596  -0.0224633 -0.00569318  -0.0012042  -0.241632 -0.0275974   0.987455
   29.7643  -0.0256591 -0.00249739 -0.00173684  -0.242731 -0.0157566   0.998319
   29.7696  -0.0150064 -0.00196476  0.00518738   -0.24383 -0.0153904   0.984159
    29.774 -0.00222324 -0.00303002   0.0121116  -0.235651 -0.0247898   0.958158
   29.7796   0.00789678 -0.000366859    0.0137095  -0.231012 -0.0244236    0.94412
   29.7837   0.0190821 -0.00249739   0.0142421  -0.236872 -0.0238133   0.946439
   29.7896   0.0217452 -0.00782371   0.0142421  -0.241144 -0.0312595   0.960722
   29.7936  0.00150519 -0.00675845  0.00572002    -0.2409 -0.0280857   0.984769
   29.7996   -0.0187348  -0.00303002 -0.000138938   -0.24383 -0.0161228    1.00357
   29.8038  -0.0128759 -0.00249739  0.00731791  -0.245783 -0.0169773   0.996854
   29.8095 -0.00222324 -0.00303002   0.0126442  -0.239069 -0.0239353   0.973417
   29.8137 -9.27066e-05 -0.000899491   0.00998107  -0.234674 -0.0217381   0.954374
   29.8196   0.00150519 -0.000899491   0.00838318  -0.239557 -0.0229588   0.949857
   29.8239  0.00683151 -0.00462792  0.00944844  -0.241022 -0.0315037    0.95535
   29.8296  0.00257045 -0.00462792  0.00785055  -0.239313 -0.0278416   0.973417
   29.8337 -0.00861482 -0.00249739  0.00731792  -0.243341 -0.0175877   0.989652
   29.8396  -0.0139411 -0.00249739  0.00785055  -0.243464 -0.0206394   0.983549
   29.8441 -0.00968009 -0.00249739  0.00785055  -0.235285 -0.0258884   0.967313
   29.8493   0.00470098 -0.000899491   0.00998108  -0.231745 -0.0222263    0.95767
   29.8537   0.0169515 -0.00196476   0.0142421  -0.236505 -0.0257664    0.95767
   29.8596   0.0142884 -0.00569318   0.0121116  -0.238947 -0.0330906    0.96768
   29.8642  0.00789678 -0.00675845  0.00785055  -0.240534 -0.0263767   0.988187
   29.8695  -0.0016906 -0.00462792  0.00838318  -0.245172 -0.0178318   0.999662
   29.8737 -0.00595166 -0.00356265   0.0110463  -0.242975 -0.0213718   0.988554
   29.8796  -0.00861482 -0.000899491   0.00891581  -0.234552 -0.0239353   0.966581
   29.8839 -0.00968009  0.00176367  0.00625265  -0.231501 -0.0208836   0.947904
   29.8896 -0.00754956 0.000698406  0.00412212  -0.234797 -0.0272312   0.942655
   29.8937  0.00150519 -0.00249739  0.00305685  -0.236628 -0.0341892   0.953519
   29.8996  0.00470098 -0.00462792  0.00358949  -0.239069 -0.0267429   0.979032
    29.904 -0.00275587 -0.00516055  0.00358949  -0.244074 -0.0188084   0.999296
   29.9096 -0.00701693 -0.00516055  0.00678528 -0.243464 -0.021616  0.997709
   29.9136 -0.00595166 -0.00356265  0.00998107  -0.237238 -0.0218601   0.981107
   29.9196 0.000439926 -0.00249739   0.0121116  -0.234064 -0.0200291   0.961454
   29.9242  -0.00808219 -0.000899491   0.00625265  -0.236017 -0.0271091   0.951932
   29.9294   -0.0102127 -0.000899491   0.00145896  -0.237116 -0.0316258   0.957304
   29.9338 -0.00595166 -0.00303002  0.00358948  -0.238337 -0.0241795   0.972196
   29.9395 -0.00648429 -0.00409528  0.00678528  -0.241266 -0.0194187   0.985258
   29.9437   0.0105599 -0.00569318   0.0163727 -0.239557 -0.023325  0.985258
   29.9496 0.000439927 -0.00196476  0.00998107  -0.233454 -0.0218601   0.971464
   29.9539 -0.0160717 0.00123104 0.00358949   -0.23028 -0.0197849   0.958524
   29.9596 0.000439926 -0.00303002   0.0121116  -0.232721 -0.0273533   0.955106
   29.9638  0.00523362 -0.00516055  0.00944844  -0.236139 -0.0311375   0.962553
   29.9696 -0.00275587 -0.00409528  0.00199159  -0.239435 -0.0249119   0.983305
   29.9742  -0.0118106 -0.00409528  0.00145895  -0.243219 -0.0197849    1.00064
   29.9794  -0.0208654 -0.00409528  0.00412212  -0.243341 -0.0205174   0.995023
   29.9838   -0.0256591 -0.000366859   0.00412212  -0.237482 -0.0197849    0.97183
   29.9896 -0.0251264  0.0038942 0.00305685  -0.233088 -0.0207615   0.950224
   29.9938 -0.0134085  0.0022963 0.00412212  -0.235163 -0.0284519   0.943265
   29.9996   0.0132231 -0.00409528   0.0105137  -0.238092 -0.0311375   0.949613
   30.0037   0.0323979 -0.00782371     0.01584  -0.240534 -0.0261326   0.971464
   30.0096   0.0217452 -0.00675845   0.0126442  -0.244562 -0.0218601   0.994779
   30.0138  0.00842941 -0.00569318   0.0110463  -0.245661 -0.0214939   0.997587
   30.0193 -0.00861482 -0.00196476  0.00731791   -0.24029 -0.0202732    0.98184
   30.0241  -0.0176696 0.000698406  0.00572002  -0.235407 -0.0211277   0.964872
   30.0295 -0.00435376 -0.00143212  0.00838318  -0.237604 -0.0271091   0.956693
   30.0338  0.00629888 -0.00409528  0.00838318  -0.239557 -0.0305271   0.955595
   30.0396  0.00949467 -0.00569318  0.00785055  -0.239679 -0.0269871   0.967924
   30.0438 -0.00648429 -0.00249739  0.00252422  -0.243586 -0.0224705   0.986478
   30.0496 -0.00435376 -0.00356265  0.00731791  -0.243586 -0.0218601   0.986723
   30.0542 0.000972558 -0.00356265   0.0121116  -0.235285 -0.0212498   0.970975
   30.0596 -0.00595166 0.000698406  0.00838318 -0.231379 -0.021616  0.959135
   30.0638  -0.0032885 0.000165774  0.00838318  -0.235651 -0.0279636   0.954496
   30.0696  0.00150519 -0.00356265  0.00891581  -0.237116 -0.0316258   0.956571
   30.0737  0.00150519 -0.00569318  0.00678528  -0.238703 -0.0266209   0.978178
   30.0796 -0.00382113 -0.00622581  0.00678528  -0.245661 -0.0217381    1.00247
    30.084  -0.0134085 -0.00622581  0.00678528  -0.246027 -0.0217381   0.997343
   30.0895  -0.0171369 -0.00303002  0.00785055   -0.23736 -0.0207615   0.976347
   30.0938 -0.0102127 0.00123104  0.0105137  -0.234552 -0.0197849   0.958768
   30.0996 -0.00595166  0.00123104  0.00891581  -0.237848 -0.0269871   0.945951
   30.1038 -0.00541903 -0.00196476  0.00465475  -0.236994 -0.0335789   0.944608
   30.1096   -0.0123432  -0.00196476 -0.000138938  -0.238092 -0.0282078    0.96475
    30.114 -0.00595166 -0.00356265  0.00412212 -0.246149 -0.021616  0.989408
   30.1196  0.00257045 -0.00569318  0.00891581  -0.246393 -0.0229588   0.995145
   30.1238  0.00203782 -0.00516055   0.0121116  -0.237238 -0.0213718   0.984891
   30.1296  0.00363572 -0.00249739   0.0137095  -0.236017 -0.0188084    0.97122
    30.134 -0.00222324 -0.00196476  0.00785055  -0.239557 -0.0261326   0.959501
   30.1395 -0.00275587 -0.00409528  0.00518738  -0.236261 -0.0315037    0.95413
   30.1438  0.00257045 -0.00303002  0.00572002 -0.236872 -0.025034  0.967802
   30.1493  0.00150519 -0.00356265  0.00785054  -0.245661 -0.0210056   0.987333
   30.1537 -0.00595166 -0.00409528  0.00731791  -0.243586 -0.0247898   0.987211
   30.1596    -0.015539 -0.000366859   0.00412212  -0.233576 -0.0213718   0.974638
   30.1642 -0.0128759 0.00123104 0.00625265  -0.233088 -0.0175877   0.963041
   30.1694 -0.00222324 -0.00143212  0.00998107  -0.234919 -0.0269871   0.950956
   30.1738  0.00470098 -0.00303002  0.00785055  -0.231745 -0.0323582   0.950712
   30.1796  0.00576625 -0.00409528  0.00465475  -0.236139 -0.0246677   0.974638
    30.184 -0.00595166 -0.00516055  0.00252422 -0.246515 -0.021616  0.998319
   30.1896   -0.021398 -0.00516055  0.00145896  -0.244074 -0.0241795   0.998319
   30.1937  -0.0251264 -0.00196476  0.00145896 -0.236872 -0.018198  0.985502
   30.1996  -0.021398 0.00123104 0.00305685  -0.237604 -0.0158787   0.968046
   30.2039  -0.00701693 -0.000899491   0.00891581  -0.236383 -0.0274754   0.945707
   30.2094  0.00363572 -0.00196476  0.00731791  -0.232355 -0.0327244   0.941801
   30.2137  0.00363572 -0.00196476  0.00305685   -0.23797 -0.0245457    0.96182
   30.2196  0.00683151 -0.00356265  0.00572002 -0.245783 -0.023325  0.982206
   30.2238  -0.0102127 -0.00356265  0.00305685  -0.241877 -0.0267429   0.992216
   30.2294  -0.0128759 -0.00249739  0.00572001  -0.236628 -0.0190525   0.989042
   30.2339 -0.000625339  -0.00196476    0.0110463 -0.238337 -0.016367  0.974882
   30.2396  -0.0048864 -0.00249739  0.00838318   -0.23675 -0.0283299   0.960477
   30.2439 -0.000625338  -0.00303002   0.00518738 -0.233088 -0.030405  0.956815
   30.2496  0.00363572 -0.00409528  0.00465475  -0.238825 -0.0219822   0.968534
   30.2537  0.00310309 -0.00569318  0.00891581  -0.245661 -0.0245457   0.984769
   30.2596  0.00789678 -0.00622581   0.0147748  -0.241022 -0.0263767   0.988676
   30.2642  0.00629888 -0.00303002   0.0147748  -0.236139 -0.0168552   0.979154
   30.2696 -0.000625338 -0.000366859    0.0105137  -0.236872 -0.0177097   0.962308
   30.2737 -0.00914745 0.000698406  0.00465475   -0.23321 -0.0306492    0.94766
   30.2796 -0.00595166  0.00123104 0.000393692  -0.231256 -0.0307713   0.948392
   30.2839  0.00470098 -0.00249739  0.00305685  -0.238947 -0.0238133    0.96829
   30.2896  0.00310309 -0.00729108  0.00785055  -0.246393 -0.0264988   0.990995
    30.294 0.000439926 -0.00835634   0.0110463   -0.24505 -0.0260105    1.00137
   30.2996  -0.0048864 -0.00516055    0.011579 -0.242609 -0.016367  0.993803
   30.3038  -0.0102127 -0.00249739   0.0110463  -0.24151 -0.018198  0.972318
   30.3096 -0.00382113 -0.00249739   0.0105137  -0.236505 -0.0296726   0.950956
   30.3137  0.00683151 -0.00303002  0.00998107  -0.234186 -0.0288181   0.942899
   30.3196  0.00789678 -0.00356265  0.00944844  -0.239801 -0.0246677    0.95413
    30.324 -0.00808219 -0.00303002  0.00305685  -0.243952 -0.0284519   0.974638
   30.3296  0.00257045 -0.00569318  0.00891581   -0.24151 -0.0255222   0.990263
   30.3337  0.00363572 -0.00303002  0.00998107  -0.239557 -0.0160008   0.989774
   30.3396  -0.0123432 0.000698406  0.00572001  -0.239801 -0.0194187   0.976591
   30.3439  -0.0032885 -0.00143212  0.00944844  -0.236139 -0.0282078   0.963041
   30.3495 0.000439926 -0.00143212  0.00731791  -0.233698 -0.0256443   0.957182
   30.3538  0.00416835 -0.00409528  0.00838318  -0.238703 -0.0236912   0.965971
   30.3596  0.00896204 -0.00729108   0.0110463  -0.243341 -0.0282078   0.983549
   30.3636   0.0164189 -0.00835634     0.01584  -0.241755 -0.0240574   0.991361
   30.3696   0.0121578 -0.00516055     0.01584  -0.238703 -0.0157566   0.982572
   30.3741  0.00523362 -0.00143212   0.0137095  -0.236505 -0.0205174   0.964872
   30.3795   0.00629888 -0.000899491    0.0121116  -0.232965 -0.0278416   0.948148
   30.3836  0.00629888 -0.00143212  0.00838318  -0.232233 -0.0263767   0.944242
   30.3896  -0.0016906 -0.00249739  0.00465475  -0.237482 -0.0263767   0.961454
   30.3939  -0.0016906 -0.00462792  0.00465475  -0.244074 -0.0288181   0.987577
   30.3996   0.0105599 -0.00675845  0.00944844   -0.24444 -0.0228367    1.00137
   30.4039  0.00470098 -0.00569318   0.0121116  -0.241632 -0.0161228   0.996976
   30.4096 -0.00754956 -0.00249739   0.0105137  -0.239923 -0.0197849   0.980131
   30.4137 -0.00595166 -0.00143212  0.00891581  -0.236017 -0.0254002   0.957182
   30.4196 -9.27062e-05  -0.00143212   0.00838318  -0.233088 -0.0257664   0.943876
   30.4237  0.00150519 -0.00143212  0.00731791 -0.237116 -0.026865  0.953641
   30.4296  -0.0048864 -0.00249739  0.00199159  -0.242243 -0.0290623   0.973051
   30.4337  0.00363572 -0.00569318  0.00678528  -0.241144 -0.0239353   0.984525
   30.4396  0.00683151 -0.00356265   0.0110463  -0.238337 -0.0174656   0.987089
    30.444  -0.0048864 0.000165774  0.00785054  -0.238092 -0.0210056   0.980131
   30.4496  -0.00701693 -0.000366859   0.00572002  -0.235285 -0.0269871   0.964628
   30.4539  -0.00115797 -0.000899491   0.00465475 -0.232111 -0.026865  0.956083
   30.4596  0.00310309 -0.00196476  0.00572002   -0.23675 -0.0262547   0.963895
   30.4638  0.00257045 -0.00462792  0.00572002  -0.243586 -0.0273533   0.979765
   30.4695 -0.00648429 -0.00622581  0.00358949  -0.243097 -0.0243015   0.990751
   30.4739 -0.00754956 -0.00356265  0.00678528  -0.240046 -0.0188084   0.989896
   30.4796  -0.00382113 -0.000899491    0.0121116 -0.238825 -0.019907  0.973417
   30.4839  -0.0203327 0.000698406  0.00465475   -0.23443 -0.0257664   0.950224
   30.4896   -0.021398  0.00123104 0.000393692  -0.230524 -0.0274754   0.941557
   30.4937  -0.00701693 -0.000366859   0.00305685  -0.236383 -0.0273533   0.956327
   30.4996   0.0142884 -0.00569318   0.0105137  -0.244806 -0.0295506   0.979032
   30.5042   0.0196147 -0.00835634   0.0126442   -0.24383 -0.0252781   0.995634
   30.5097 0.000439926 -0.00462792  0.00838318  -0.241388 -0.0168552   0.999296
   30.5139   -0.0182022 -0.000366859   0.00572002  -0.242609 -0.0178318   0.986845
   30.5197  -0.0192675 0.000698406  0.00465475  -0.237238 -0.0249119   0.961454
   30.5238 -0.0128759 0.00123104 0.00358948  -0.231134 -0.0264988   0.944974
   30.5297  -0.00541903 -0.000899491   0.00518738  -0.237604 -0.0261326   0.952177
   30.5343  0.00470098 -0.00569318  0.00838318  -0.243464 -0.0290623   0.965971
   30.5393  0.00257045 -0.00569318  0.00785055   -0.24029 -0.0255222   0.980985
   30.5439 -0.00115797 -0.00303002  0.00944844  -0.240168 -0.0174656   0.990629
   30.5497  -0.0048864 -0.00196476  0.00998107  -0.241388 -0.0201511   0.980375
   30.5541  -0.0102127 -0.00249739  0.00785054  -0.234919 -0.0275974   0.960844
   30.5597  -0.0016906 -0.00143212  0.00731791  -0.231623 -0.0263767   0.954984
    30.564  0.00683151 -0.00303002  0.00891581  -0.239191 -0.0246677   0.963407
   30.5696  0.00416835 -0.00622581  0.00944844  -0.244684 -0.0261326   0.969389
   30.5737  -0.0048864 -0.00409528  0.00518738  -0.242243 -0.0228367   0.985014
   30.5797  -0.0107454 -0.00196476  0.00572002 -0.242487 -0.016489  0.996854
   30.5841   -0.011278 -0.00143212  0.00998107  -0.242243 -0.0194187   0.976835
   30.5896   -0.0150064 -0.000899491   0.00944844  -0.239313 -0.0254002   0.960599
   30.5937 -0.00222324 0.000165774  0.00944844 -0.235895 -0.023325  0.952665
   30.5997    0.0110926 -0.000899491   0.00838318  -0.237604 -0.0258884   0.952177
    30.604  0.00203782 -0.00462792  0.00412212  -0.241632 -0.0322361   0.969755
   30.6097 -0.00648429 -0.00516055  0.00305685 -0.240168 -0.025034   0.99246
   30.6141 -0.00808219 -0.00303002  0.00572002  -0.244318 -0.0151463    1.00332
   30.6196  -0.0107454 -0.00196476  0.00625265  -0.248835 -0.0141697    1.00162
   30.6238 -0.00648429 -0.00196476  0.00944844  -0.239191 -0.0201511   0.977811
   30.6295 -0.00222324 -0.00196476   0.0126442  -0.229547 -0.0261326   0.954008
   30.6337  0.00363572 -0.00303002   0.0126442  -0.235895 -0.0290623   0.953764
   30.6397  0.00949467 -0.00409528   0.0126442 -0.242243 -0.031992  0.953519
   30.6439  0.00203782 -0.00303002  0.00678528  -0.241144 -0.0240574   0.971464
   30.6497  -0.0134085 -0.00143212  0.00252422  -0.242731 -0.0168552   0.988065
   30.6543  -0.0160717 -0.00143212  0.00572002  -0.240534 -0.0238133   0.978178
   30.6597  -0.0107454 -0.00196476  0.00731792  -0.235651 -0.0300388   0.969633
    30.664 -0.00861482 -0.00196476  0.00838318  -0.235651 -0.0246677   0.965116
   30.6697 -0.00648429 -0.00196476  0.00944844  -0.235651 -0.0192966   0.960599
   30.6737  0.00470098 -0.00622581  0.00998107  -0.236261 -0.0258884   0.969999
   30.6797  0.0158863 -0.0104869  0.0105137  -0.236872 -0.0324802   0.979398
   30.6841   0.0110926 -0.00888897   0.0131769  -0.242121 -0.0247898   0.986478
   30.6897  0.00629888 -0.00729108     0.01584   -0.24737 -0.0170994   0.993558
   30.6941  0.00257045 -0.00356265   0.0121116  -0.238459 -0.0189304   0.972074
   30.6997 -0.00115797 0.000165774  0.00838318  -0.229547 -0.0207615    0.95059
   30.7038  -0.00808219 -0.000366859   0.00518738   -0.23321 -0.0284519   0.950346
   30.7097 0.000439927 -0.00303002  0.00465475  -0.236872 -0.0361424   0.950101
   30.7143  0.00842941 -0.00409528  0.00625265  -0.241632 -0.0262547   0.975736
   30.7196 0.000972558 -0.00303002  0.00518738 -0.246393 -0.016367   1.00137
   30.7238  -0.0150064 -0.00196476  0.00465475  -0.242121 -0.0211277   0.993436
   30.7297   -0.0309854 -0.000899491   0.00412212  -0.237848 -0.0258884   0.985502
   30.7338   -0.0240612 -0.000366859   0.00358948  -0.238214 -0.0243015   0.968534
   30.7397  -0.0171369 0.000165774  0.00305685  -0.238581 -0.0227146   0.951566
   30.7442 -0.000625338  -0.00249739   0.00572002  -0.238459 -0.0256443   0.959257
   30.7495   0.0158863 -0.00516055  0.00838318 -0.238337 -0.028574  0.966947
   30.7538  0.00416835 -0.00409528  0.00838318  -0.241266 -0.0264988   0.977811
   30.7597 -0.00754956 -0.00303002  0.00838318  -0.244196 -0.0244236   0.988676
   30.7642  -0.0032885 -0.00196476  0.00998107  -0.238092 -0.0202732   0.973661
   30.7697  0.000972558 -0.000899491     0.011579  -0.231989 -0.0161228   0.958646
   30.7739  0.00416835 -0.00143212   0.0121116  -0.233332 -0.0206394   0.954984
   30.7794   0.0105599 -0.00303002   0.0121116 -0.235773 -0.030405   0.95535
   30.7837 -9.27066e-05  -0.00409528   0.00625265  -0.241266 -0.0258884   0.980985
   30.7897  -0.0139411 -0.00409528 0.000926323  -0.245661 -0.0161228    1.00259
    30.794 -0.00861482 -0.00462792  0.00731791  -0.242243 -0.0191746   0.990507
   30.7997  -0.0032885 -0.00516055   0.0137095  -0.238825 -0.0222263   0.978422
   30.8039   0.0110926 -0.00356265   0.0174379  -0.235651 -0.0244236   0.959745
   30.8096   0.0254736 -0.00196476   0.0211664  -0.232477 -0.0266209   0.941068
   30.8137   0.0164189 -0.00303002    0.011579 -0.235407 -0.026865   0.95413
   30.8197  0.00736414 -0.00409528  0.00199159  -0.238337 -0.0271091   0.967191
   30.8241  -0.0032885 -0.00196476  -0.0012042  -0.240778 -0.0228367    0.97891
   30.8296   -0.0245938 -0.000366859      -0.0044  -0.243586 -0.0207615   0.997099
   30.8338   -0.0283222  -0.00249739 -0.000138942  -0.242243 -0.0227146   0.996366
   30.8395  -0.0123432 -0.00249739  0.00625265  -0.237116 -0.0202732   0.977445
   30.8438  0.000439926 -0.000899491   0.00944844  -0.235041 -0.0217381   0.960844
   30.8497   0.0110926 -0.00356265   0.0131769  -0.237848 -0.0295506   0.954984
   30.8539    0.024941 -0.00729108     0.01584  -0.238581 -0.0291843   0.957304
   30.8597   0.0105599 -0.00516055  0.00785054   -0.24029 -0.0235691   0.973417
   30.8644  -0.0128759 -0.00249739  0.00252422 -0.243952 -0.023325  0.989652
   30.8695 -0.00701693 -0.00249739  0.00678528  -0.241266 -0.0227146   0.984281
   30.8739  -0.0107454 0.000165774  0.00412212  -0.234186 -0.0201511   0.966825
   30.8797  -0.0299201  0.00336157 -0.00386737  -0.231989 -0.0227146   0.956449
   30.8838  -0.0309854   0.0022963 -0.00493263  -0.235529 -0.0296726   0.954618
   30.8897  0.00203782 -0.00409528  0.00625265  -0.237238 -0.0297947    0.96121
   30.8939   0.0212126 -0.00675845    0.011579  -0.240168 -0.0241795   0.985014
   30.8997  0.00523362 -0.00516055  0.00785055  -0.246881 -0.0208836    1.00308
   30.9039  0.00576625 -0.00569318   0.0131769  -0.245172 -0.0207615   0.993192
   30.9097  0.00363572 -0.00303002   0.0131769  -0.236505 -0.0195408   0.970609
   30.9139 -0.00648429 0.000698406  0.00785055  -0.233942 -0.0213718   0.953397
   30.9197   -0.0016906 -0.000899491   0.00785055  -0.236139 -0.0288181   0.944242
   30.9242  0.00470098 -0.00409528  0.00625265  -0.235651 -0.0316258   0.949003
   30.9297   0.0158863 -0.00729108   0.0110463  -0.238703 -0.0261326   0.972684
   30.9339      0.0308 -0.00995424   0.0195685   -0.24505 -0.0214939   0.992704
   30.9397   0.0270715 -0.00942161   0.0195685  -0.243097 -0.0217381   0.993192
   30.9438  0.00470098 -0.00356265   0.0126442 -0.236017 -0.019907  0.980619
   30.9497 -0.00914745 0.000165774  0.00891581   -0.23675 -0.0212498    0.97122
    30.954 -0.00648429 -0.00303002  0.00838318  -0.238825 -0.0279636   0.958158
   30.9597  0.00150519 -0.00516055  0.00625265  -0.235529 -0.0299168   0.954862
   30.9639  0.00523362 -0.00462792  0.00678528  -0.239679 -0.0244236   0.975126
   30.9697   0.0100273 -0.00569318  0.00998107  -0.246271 -0.0219822   0.989896
   30.9742  0.00629888 -0.00462792  0.00998107  -0.241144 -0.0235691   0.983549
   30.9796 -0.00648429 0.000165774  0.00731791  -0.233454 -0.0192966    0.96829
   30.9838 -0.0224633 0.00336157 0.00145896  -0.234308 -0.0201511   0.958036
   30.9897  -0.027257 0.00176367 -0.0012042  -0.234674 -0.0300388   0.949491
   30.9938 -0.00914745 -0.00303002  0.00358948  -0.232965 -0.0313816   0.956449
   30.9997   0.0132231 -0.00729108   0.0110463 -0.239557 -0.023447  0.984525
   31.0039    0.014821 -0.00835634   0.0131769  -0.247858 -0.0213718     1.0021
   31.0097 -0.00382113 -0.00462792  0.00731791  -0.243219 -0.0232029   0.995145
   31.0141  -0.00754956 -0.000366859   0.00785054  -0.236383 -0.0177097    0.97952
   31.0196 -0.00914745 0.000698406  0.00838318  -0.237848 -0.0184422    0.96121
   31.0238 0.000439925 -0.00303002   0.0105137  -0.236017 -0.0301609   0.943021
   31.0297   0.0276042 -0.00622581   0.0163727  -0.232599 -0.0312595   0.945097
   31.0341   0.0158863 -0.00356265  0.00944844  -0.239679 -0.0229588   0.969266
   31.0396 -0.00435376 -0.00356265  0.00465475 -0.246637 -0.023325  0.989286
   31.0438 -0.00541903 -0.00516055  0.00678528  -0.240168 -0.0245457    0.99246
   31.0496 -0.00754956 -0.00196476  0.00678528  -0.235651 -0.0170994   0.985014
   31.0538 -0.0160717 0.00123104 0.00358949  -0.238581 -0.0191746   0.972562
   31.0597   -0.0240612 -0.000899491  0.000926327  -0.235773 -0.0301609    0.95767
   31.0639 -0.00808219 -0.00356265  0.00572002  -0.232721 -0.0280857   0.956937
   31.0697  0.00842941 -0.00356265  0.00944844  -0.240778 -0.0217381   0.974515
   31.0742  0.00576625 -0.00569318  0.00891581  -0.245783 -0.0263767   0.987943
   31.0796 0.000439926 -0.00569318  0.00998107  -0.238947 -0.0258884   0.985136
   31.0838  0.00363572 -0.00249739   0.0131769 -0.236261 -0.016367  0.973417
   31.0897  -0.00115797 -0.000366859     0.011579   -0.23736 -0.0205174   0.958646
    31.094  -0.00382113 -0.000899491   0.00785055  -0.232599 -0.0318699   0.946195
   31.0997  -0.00701693 -0.000899491   0.00145896  -0.231989 -0.0293064   0.952909
   31.1038  -0.00861482  -0.00303002 -0.000671573  -0.241755 -0.0235691   0.977811
   31.1097 -0.00754956 -0.00569318  0.00199159  -0.247004 -0.0263767   0.996366
   31.1141  -0.0123432 -0.00409528  0.00305685  -0.242975 -0.0232029    0.99954
   31.1197 -0.00914745 -0.00196476  0.00838318    -0.2409 -0.0136814   0.988187
   31.1237  0.00150519 -0.00303002   0.0147748  -0.239191 -0.0194187   0.965726
   31.1297   0.0196147 -0.00409528   0.0174379  -0.233332 -0.0307713   0.945951
   31.1342   0.0212126 -0.00196476    0.011579  -0.233332 -0.0278416   0.945585
   31.1396  0.000439926 -0.000899491   0.00305685 -0.241144 -0.025156  0.962064
   31.1438 -0.00435376 -0.00462792  0.00518738  -0.243219 -0.0293064    0.97952
   31.1497   0.0116252 -0.00782371   0.0126442 -0.239557 -0.023325  0.990263
   31.1537 -0.00115797 -0.00249739  0.00838318  -0.238825 -0.0151463   0.986845
   31.1597   -0.0123432 -0.000899491   0.00731791   -0.23797 -0.0224705    0.97122
   31.1642 -0.00222324 -0.00356265  0.00944844  -0.233698 -0.0301609   0.959135
   31.1693  -0.0048864 -0.00303002  0.00358948   -0.23443 -0.0245457   0.959501
   31.1738 -0.00275587 -0.00462792  0.00358948  -0.242243 -0.0235691   0.971342
   31.1797 -0.000625339  -0.00675845   0.00678528   -0.24444 -0.0290623   0.986478
    31.184 0.000439926 -0.00622581  0.00944844   -0.24151 -0.0223484   0.991239
   31.1897  0.00310309 -0.00303002    0.011579  -0.240656 -0.0156345   0.979398
   31.1939 -0.00595166 0.000698406  0.00891581  -0.236872 -0.0245457   0.960233
   31.1997  -0.0171369  0.00336157 0.000393692 -0.232111 -0.030283  0.945219
   31.2039  -0.0187348   0.0022963 -0.00386737  -0.234552 -0.0257664   0.946439
   31.2097  -0.0176696 -0.00143212 -0.00226947  -0.241144 -0.0274754    0.96829
    31.214  -0.0107454 -0.00462792  0.00145896   -0.24444 -0.0297947   0.992948
   31.2197 -0.00435376 -0.00569318  0.00625265   -0.24383 -0.0210056    1.00198
    31.224  -0.0187348 -0.00356265  0.00625265  -0.242609 -0.0149021   0.991361
   31.2295  -0.0166043 -0.00303002  0.00998107  -0.239069 -0.0219822   0.971098
   31.2338 0.000972558 -0.00303002   0.0126442  -0.233942 -0.0271091     0.9512
   31.2397 -0.00115797 -0.00196476  0.00572002  -0.234186 -0.0257664   0.945341
   31.2441  -0.00968009 -0.000899491  -0.00173684  -0.239557 -0.0277195    0.95889
   31.2497 -0.00541903 -0.00249739  0.00145896  -0.242243 -0.0283299   0.977811
   31.2538  0.00896204 -0.00516055   0.0110463  -0.240778 -0.0210056   0.988798
   31.2597  -0.0032885 -0.00249739   0.0105137  -0.239313 -0.0177097   0.985136
   31.2643 -0.00541903 -0.00196476   0.0131769  -0.237116 -0.0236912   0.973173
   31.2697  0.00683151 -0.00249739   0.0137095   -0.23321 -0.0260105   0.961088
   31.2737 -0.00275587 -0.00196476  0.00731792  -0.233332 -0.0246677   0.957182
   31.2797 -0.000625338  -0.00462792   0.00785055 -0.240046 -0.026865  0.968534
   31.2843  0.00842941 -0.00782371    0.011579  -0.244074 -0.0266209   0.986478
   31.2897  0.00736415 -0.00835634   0.0147748 -0.242121 -0.019907  0.993558
   31.2939 -0.00435376 -0.00356265    0.011579  -0.240046 -0.0172215   0.983915
   31.2997   -0.0107454 -0.000366859   0.00891581  -0.237604 -0.0232029    0.96475
   31.3039  -0.00382113 -0.000899491   0.00891581  -0.232599 -0.0275974   0.945097
   31.3097   0.00257045 -0.000366859   0.00838318  -0.231867 -0.0273533   0.943143
   31.3139  0.00842941 -0.00249739  0.00785055  -0.238947 -0.0288181   0.964017
   31.3196   0.0158863 -0.00675845  0.00785055  -0.244196 -0.0280857   0.987211
   31.3239  0.00150519 -0.00569318  0.00572002  -0.242243 -0.0205174   0.999418
   31.3297  -0.0144738 -0.00143212  0.00625265 -0.241022 -0.016489  0.997221
   31.3339 -0.00808219 -0.00303002   0.0137095    -0.2409 -0.0203953   0.979398
   31.3397  0.00896204 -0.00569318   0.0190358  -0.235285 -0.0240574   0.954862
   31.3441   0.0153536 -0.00303002   0.0153074  -0.233088 -0.0256443   0.946439
   31.3497   -0.0016906 -0.000899491   0.00572002  -0.239435 -0.0279636   0.956815
   31.3539 -0.00595166 -0.00249739  0.00305685  -0.242853 -0.0282078   0.971098
   31.3597   -0.011278 -0.00249739  0.00305685    -0.2409 -0.0219822   0.985014
   31.3641   -0.0176696 -0.000899491   0.00465475  -0.241877 -0.0180759   0.987211
   31.3697  -0.0261917 0.000165774  0.00145896  -0.240778 -0.0225925   0.973051
   31.3739  -0.0235285 0.000165774  0.00145896  -0.233454 -0.0263767   0.959013
   31.3795 -0.00435376 0.000165774  0.00625265  -0.232843 -0.0252781   0.958402
   31.3839 -0.00275587 -0.00196476  0.00412212  -0.241877 -0.0267429   0.967557
   31.3897 -0.000625338  -0.00675845   0.00572002  -0.245417 -0.0291843   0.981229
   31.3942 0.000972559 -0.00516055  0.00891581  -0.242609 -0.0230808   0.994169
   31.3997  -0.0150064 0.000698406  0.00625265  -0.243341 -0.0168552   0.991239
    31.404 -0.0299201 0.00123104 0.00305685  -0.240168 -0.0222263   0.968534
   31.4097 -0.00382113 -0.00196476    0.011579  -0.231379 -0.0273533   0.946195
   31.4139    0.0153536 -0.000899491    0.0126442  -0.231012 -0.0263767   0.944364
   31.4196  0.00736415 -0.00249739  0.00625265  -0.239435 -0.0297947   0.956693
   31.4237   0.0190821 -0.00888897   0.0126442  -0.241266 -0.0316258    0.97537
   31.4297   0.0185494 -0.00782371   0.0131769  -0.239435 -0.0225925   0.996976
   31.4339  -0.0032885 -0.00303002  0.00678528  -0.243097 -0.0162449    1.00284
   31.4397   -0.011278 -0.00356265  0.00785054    -0.2409 -0.0210056   0.984525
   31.4439  -0.0107454 -0.00196476  0.00785054  -0.231501 -0.0222263   0.960477
   31.4497  -0.015539 0.00123104 0.00358948  -0.232111 -0.0206394    0.95181
   31.4541 -0.00595166 -0.00356265  0.00625265  -0.238947 -0.0273533   0.953886
   31.4597 -0.000625338  -0.00569318   0.00572002 -0.238214 -0.030283  0.965971
   31.4641 -0.00115797 -0.00409528  0.00625265  -0.238092 -0.0194187   0.985136
   31.4695  0.00789678 -0.00356265   0.0137095  -0.242121 -0.0151463   0.989652
   31.4741  -0.0016906 -0.00249739   0.0110463  -0.237726 -0.0230808    0.97476
   31.4797  -0.00541903 -0.000899491   0.00678528  -0.229792 -0.0243015   0.960355
   31.4837 -0.00115797  0.00123104  0.00785054  -0.233698 -0.0224705   0.957059
   31.4897 -0.00275587 -0.00249739  0.00838318  -0.240656 -0.0288181   0.961332
   31.4941 -9.27062e-05  -0.00729108   0.00731792 -0.240168 -0.030283  0.976835
   31.4997 -9.27062e-05  -0.00729108   0.00838318  -0.242975 -0.0201511   0.996732
   31.5041 -0.00648429 -0.00569318  0.00998107  -0.247248 -0.0179539      0.996
   31.5097 -0.000625339  -0.00516055    0.0131769  -0.240168 -0.0247898   0.973051
   31.5139   0.0105599 -0.00143212   0.0142421  -0.232965 -0.0230808   0.951322
   31.5198  0.00842941 0.000698406    0.011579  -0.236505 -0.0232029   0.942533
   31.5239  0.00416835 -0.00356265  0.00785055  -0.239679 -0.0339451    0.94766
   31.5298  0.00576625 -0.00675845  0.00465475  -0.238581 -0.0335789   0.969022
   31.5342  0.00310309 -0.00569318  0.00518738  -0.243341 -0.0206394   0.994779
   31.5398 -0.00541903 -0.00462792  0.00838318  -0.247614 -0.0197849    1.00137
   31.5438 -0.00861482 -0.00409528   0.0105137  -0.241022 -0.0252781   0.986478
   31.5498 -0.00222324 -0.00249739   0.0121116   -0.23443 -0.0211277   0.966825
   31.5544  -0.0016906 -0.00196476   0.0110463 -0.237848 -0.023447  0.953764
   31.5598 -0.00222324 -0.00356265  0.00731791  -0.239435 -0.0332127   0.950956
    31.564  0.00203782 -0.00462792  0.00465475  -0.237848 -0.0297947   0.964628
   31.5698 -0.00222324 -0.00462792  0.00518738  -0.241877 -0.0196629   0.984159
   31.5738 -0.00115797 -0.00569318   0.0121116  -0.242609 -0.0229588   0.987821
   31.5798 -0.00861482 -0.00249739  0.00944844  -0.235529 -0.0266209    0.97537
    31.584  -0.00968009 -0.000366859   0.00731791  -0.231256 -0.0196629   0.963529
   31.5898  0.00257045 -0.00249739   0.0121116  -0.234064 -0.0228367   0.957182
   31.5939  0.00736415 -0.00462792   0.0105137  -0.235651 -0.0327244   0.958036
   31.5998  0.00949467 -0.00569318  0.00785054  -0.237116 -0.0282078   0.974882
   31.6043  0.00310309 -0.00569318  0.00625265  -0.243341 -0.0190525   0.996122
   31.6097 -0.00861482 -0.00569318  0.00731791  -0.244562 -0.0211277   0.998319
   31.6139  -0.0192675 -0.00356265  0.00678528  -0.237604 -0.0223484   0.981596
   31.6198   -0.0347138    0.0022963 -0.000671569  -0.232965 -0.0177097   0.959989
    31.624 -0.0405728 0.00442683    -0.0044  -0.233454 -0.0239353   0.946195
   31.6298   -0.0182022 -0.000366859   0.00252422  -0.234186 -0.0328465   0.946195
   31.6339   0.0153536 -0.00569318   0.0121116   -0.23675 -0.0273533   0.962186
   31.6398   0.0228105 -0.00782371   0.0142421  -0.242487 -0.0202732   0.987211
   31.6442 -0.000625339  -0.00462792   0.00678528  -0.242975 -0.0218601   0.999784
   31.6495   -0.0261917 -0.000899491  0.000926327  -0.238337 -0.0202732   0.991483
   31.6539  -0.0219306 0.000165774  0.00412212  -0.235773 -0.0162449   0.972196
   31.6598   -0.0134085 -0.000366859   0.00572002 -0.235773 -0.023447  0.959013
   31.6642  -0.0048864 -0.00356265  0.00625265  -0.236139 -0.0311375   0.955473
   31.6697  0.00736415 -0.00516055  0.00731791  -0.237604 -0.0255222   0.963407
   31.6738 -0.00914745 -0.00303002  0.00305685  -0.242487 -0.0214939   0.980741
   31.6798 -0.00648429 -0.00356265  0.00785054  -0.243464 -0.0245457   0.988798
   31.6844 -0.00595166 -0.00249739  0.00838318  -0.237726 -0.0203953   0.978666
   31.6897  -0.0203327 0.000165774  0.00572002  -0.234186 -0.0172215   0.962797
   31.6938 -0.00648429 -0.00143212   0.0105137  -0.234919 -0.0262547   0.954496
   31.6997  0.00363572 -0.00303002  0.00785054 -0.236139 -0.032114  0.953886
   31.7038 -0.00115797 -0.00303002  0.00199159 -0.239313 -0.026865  0.967924
   31.7098  -0.0123432 -0.00409528 0.000926327 -0.245539 -0.023325   0.99307
   31.7142  -0.0176696 -0.00516055  0.00572002  -0.247614 -0.0239353    1.00137
   31.7198 -0.00648429 -0.00516055   0.0126442 -0.242975 -0.019907  0.986478
   31.7239  0.00257045 -0.00356265     0.01584  -0.237726 -0.0174656   0.965604
   31.7298 -0.000625338  0.000165774    0.0110463  -0.235651 -0.0255222   0.948637
    31.734  0.00470098 0.000165774  0.00731791  -0.236261 -0.0326023   0.942045
   31.7396   0.0265389 -0.00462792   0.0131769  -0.238337 -0.0299168   0.954008
   31.7439   0.0313326 -0.00675845     0.01584  -0.242731 -0.0252781   0.979642
   31.7498   0.0217452 -0.00835634   0.0163727  -0.245172 -0.0241795   0.996366
   31.7539  0.00576625 -0.00622581    0.011579  -0.241388 -0.0207615   0.991361
   31.7598    -0.011278 -0.000366859   0.00518738  -0.237116 -0.0189304   0.976713
   31.7644  -0.00808219 -0.000366859   0.00891581  -0.236383 -0.0257664   0.962797
   31.7698  0.00363572 -0.00409528   0.0110463  -0.235651 -0.0299168    0.95413
   31.7742  0.00203782 -0.00462792  0.00731791  -0.235407 -0.0264988   0.960966
   31.7794  0.00416835 -0.00356265  0.00731791  -0.241632 -0.0243015   0.980619
   31.7838   0.0153536 -0.00569318   0.0147748  -0.244928 -0.0244236   0.989286
   31.7898  -0.0102127 -0.00196476  0.00678528  -0.238092 -0.0213718    0.97952
   31.7943  -0.0288548   0.0022963 0.000926327  -0.233576 -0.0189304   0.966215
   31.7996  -0.0102127 0.000698406  0.00838318  -0.235163 -0.0246677   0.955228
   31.8038   0.0110926 -0.00409528   0.0131769  -0.234919 -0.0300388   0.949735
   31.8098   0.0142884 -0.00569318  0.00998107  -0.235651 -0.0272312   0.963773
   31.8144 -0.00222324 -0.00303002  0.00305685  -0.244074 -0.0241795   0.992216
   31.8196 -0.00861482 -0.00462792  0.00412212  -0.24798 -0.023447   1.00149
   31.8239  -0.0123432 -0.00409528  0.00572002 -0.241144 -0.019907  0.990263
   31.8298  -0.0150064 0.000165774  0.00785054  -0.237482 -0.0172215   0.974638
   31.8339  -0.011278 0.00123104 0.00838318   -0.23736 -0.0236912   0.954496
   31.8398 -0.00968009 0.000165774  0.00518738  -0.233454 -0.0307713   0.940092
   31.8438 -0.0166043 0.00123104 -0.0028021  -0.233942 -0.0279636   0.951078
   31.8498   -0.0128759 -0.000899491   -0.0028021  -0.242975 -0.0236912   0.976713
    31.854  0.00789678 -0.00729108  0.00998107   -0.24444 -0.0239353   0.990018
   31.8598  0.00949467 -0.00729108   0.0153074  -0.237116 -0.0206394   0.991117
    31.864  -0.00541903 -0.000899491   0.00891581  -0.236872 -0.0173435   0.983549
   31.8698  -0.00808219 -0.000366859   0.00731791  -0.238825 -0.0240574    0.96536
    31.874  -0.0016906 -0.00303002  0.00838318  -0.234308 -0.0300388   0.954252
   31.8798  0.00203782 -0.00356265  0.00572002  -0.235285 -0.0246677   0.962919
   31.8838 -0.00222324 -0.00409528  0.00465475  -0.244562 -0.0223484   0.980253
   31.8898  -0.0128759 -0.00409528  0.00305685  -0.244074 -0.0258884   0.987821
   31.8942   -0.0261917  -0.00143212 -0.000138938  -0.235529 -0.0206394   0.983182
   31.8998 -0.0203327 0.00123104 0.00465475 -0.236017 -0.016367  0.971464
   31.9038  -0.0118106 0.000165774  0.00891581  -0.236139 -0.0246677    0.95413
   31.9098 0.000439925 -0.00249739   0.0105137  -0.229547 -0.0300388   0.945219
    31.914   0.0126905 -0.00249739  0.00998107  -0.232843 -0.0247898   0.960477
   31.9198 -0.00115797 -0.00303002  0.00358949  -0.243952 -0.0246677   0.985868
    31.924 -0.00861482 -0.00622581  0.00358949  -0.243952 -0.0269871   0.998319
   31.9298  -0.0171369 -0.00356265  0.00305685  -0.238214 -0.0189304   0.997587
    31.934  -0.0240612 0.000698406  0.00412212 -0.239435 -0.014658  0.983182
   31.9397  -0.0219306 0.000165774  0.00572002  -0.236383 -0.0255222   0.957426
   31.9439   -0.0166043 -0.000366859   0.00358948  -0.229425 -0.0308933   0.941557
   31.9497   -0.0102127 -0.000366859   0.00305685  -0.234186 -0.0262547   0.951078
   31.9538  -0.0134085 -0.00249739 0.000393692  -0.242853 -0.0279636   0.969144
   31.9598 -9.27076e-05  -0.00622581   0.00412212  -0.240412 -0.0290623   0.984037
   31.9639   0.0142884 -0.00675845   0.0137095  -0.237482 -0.0192966   0.992704
   31.9698 0.000972558 -0.00356265   0.0137095  -0.240412 -0.0168552   0.984525
   31.9742 -0.00861482 -0.00249739  0.00944844  -0.237726 -0.0279636   0.966581
   31.9796 -0.00435376 -0.00249739  0.00678528  -0.232721 -0.0289402   0.956083
    31.984 -9.27066e-05  -0.00196476   0.00625265  -0.238092 -0.0232029   0.960844
   31.9895 -0.00382113 -0.00462792  0.00465475 -0.246149 -0.028574  0.974515
   31.9939  -0.0102127 -0.00516055  0.00145896  -0.244318 -0.0293064   0.987211
   31.9998   -0.011278 -0.00249739  0.00572002  -0.242487 -0.0178318   0.988432
   32.0043    -0.011278 -0.000899491     0.011579  -0.243341 -0.0170994   0.972807
   32.0098  -0.015539 0.00176367 0.00785054  -0.236994 -0.0277195   0.952055
   32.0138   -0.0176696   0.00282893 -0.000138938  -0.232477 -0.0278416   0.942533
   32.0198  -0.0150064 0.000698406  -0.0028021  -0.239069 -0.0244236   0.952665
   32.0241 -9.27066e-05  -0.00569318   0.00412212 -0.245172 -0.030283  0.975248
   32.0298   0.0158863 -0.00942161   0.0126442  -0.243708 -0.0274754   0.996244
   32.0342  0.00363572 -0.00516055   0.0110463  -0.243586 -0.0152683    1.00247
   32.0396  -0.0139411 -0.00196476  0.00731792 -0.243586 -0.016489  0.988309
   32.0439 -0.00861482 -0.00249739  0.00998108  -0.236383 -0.0255222   0.963407
   32.0498 0.000972559 -0.00143212    0.011579  -0.232477 -0.0245457   0.946195
    32.054  0.00470098 -0.00249739   0.0105137  -0.237726 -0.0247898   0.948148
   32.0598  0.00523362 -0.00516055  0.00731791  -0.240656 -0.0307713   0.962431
   32.0643 0.000439926 -0.00516055  0.00518738  -0.239191 -0.0255222   0.980741
   32.0694 -0.00435376 -0.00356265  0.00731791  -0.240656 -0.0155125    0.99014
   32.0742 -0.00861482 -0.00196476  0.00891581  -0.240656 -0.0194187   0.983427
   32.0798 -0.00914745 -0.00143212  0.00785054  -0.234064 -0.0257664   0.968778
    32.084  -0.00382113 -0.000899491   0.00625265  -0.232477 -0.0221043   0.959013
   32.0898 -9.27057e-05  -0.00196476   0.00731791  -0.238459 -0.0239353   0.960477
   32.0939  0.00203782 -0.00462792  0.00678528  -0.241755 -0.0306492   0.971098
   32.0997  0.00150519 -0.00516055  0.00572002  -0.241755 -0.0243015   0.986967
   32.1038 -0.00595166 -0.00303002  0.00785054  -0.242609 -0.0160008   0.992826
   32.1098  -0.0144738 -0.00143212  0.00731791  -0.240778 -0.0205174   0.979887
   32.1141  -0.0016906 -0.00249739   0.0121116  -0.23321 -0.025156  0.958646
   32.1197   0.0164189 -0.00303002     0.01584  -0.230768 -0.0238133   0.944608
   32.1238   0.0105599 -0.00143212  0.00838318  -0.234919 -0.0277195   0.949003
   32.1298   0.0153536 -0.00462792  0.00998107  -0.238337 -0.0330906   0.969633
   32.1343   0.0254736 -0.00888897   0.0174379  -0.241266 -0.0261326   0.990629
   32.1398   0.0126905 -0.00675845   0.0163727  -0.242731 -0.0183201    1.00027
    32.144 -0.00222324 -0.00303002    0.011579  -0.241144 -0.0211277   0.993192
   32.1498  -0.00754956 -0.000899491   0.00838318 -0.236261 -0.023325  0.971708
   32.1539  -0.0118106 0.000698406  0.00625265  -0.232233 -0.0235691   0.951322
   32.1598  -0.0166043 0.000698406  0.00252422  -0.234186 -0.0299168   0.949003
   32.1641 -0.00701693 -0.00249739  0.00252422  -0.237604 -0.0330906   0.961698
   32.1698  0.00363572 -0.00516055  0.00465475  -0.239435 -0.0254002   0.976835
    32.174  -0.0016906 -0.00409528  0.00572002   -0.2409 -0.019907  0.987211
   32.1798 -0.00648429 -0.00303002  0.00838318  -0.239801 -0.0225925   0.984281
   32.1842  0.00150519 -0.00356265    0.011579 -0.234797 -0.023325  0.968778
   32.1897  0.00949467 -0.00409528   0.0137095  -0.231256 -0.0214939   0.959135
   32.1939   0.0121578 -0.00356265    0.011579  -0.235407 -0.0264988   0.961088
   32.1998    0.014821 -0.00303002  0.00944844  -0.239557 -0.0315037   0.963041
   32.2038 -9.27062e-05  -0.00356265   0.00678528  -0.241144 -0.0252781   0.979642
   32.2098  -0.0198001 -0.00303002  0.00305685   -0.24444 -0.0186863   0.996854
   32.2141  -0.0171369 -0.00249739  0.00625265  -0.243708 -0.0201511   0.984891
   32.2198 -0.00968009 -0.00303002   0.0105137  -0.241266 -0.0219822   0.972318
   32.2239 -0.0182022 0.00123104 0.00358949  -0.236383 -0.0228367   0.956327
   32.2298  -0.0267243   0.0054921 -0.00333473  -0.231501 -0.0236912   0.940336
    32.234  -0.0160717  0.00123104 -0.00226947  -0.236628 -0.0263767   0.954252
   32.2398  -0.00754956  -0.00356265 -0.000671573   -0.24151 -0.0247898   0.982084
   32.2442 -0.00222324 -0.00622581  0.00678528  -0.243341 -0.0185642    1.00113
   32.2497  0.00523362 -0.00835634   0.0137095  -0.245417 -0.0166111    1.00625
   32.2539 -0.00595166 -0.00409528  0.00891581  -0.239557 -0.0177097   0.984647
   32.2598  -0.0171369 0.000165774  0.00412212  -0.233698 -0.0188084   0.963041
   32.2639  -0.0107454 -0.00143212  0.00465475  -0.237482 -0.0258884   0.956327
   32.2698 -0.00435376 -0.00303002  0.00518738  -0.241266 -0.0329685   0.949613
    32.274  -0.0102127 -0.00196476  0.00305685  -0.241144 -0.0257664   0.966703
   32.2797   -0.0160717 -0.000899491  0.000926323  -0.241022 -0.0185642   0.983793
   32.2841  -0.0171369 -0.00196476  0.00358948  -0.240656 -0.0221043   0.978544
   32.2898  -0.0182022 -0.00303002  0.00625265   -0.24029 -0.0256443   0.973295
   32.2941  -0.0139411 0.000165774  0.00412212  -0.237726 -0.0243015   0.965116
   32.2998 -0.00968009  0.00336157  0.00199159  -0.235163 -0.0229588   0.956937
   32.3038  -0.00968009 -0.000899491  0.000393692  -0.236505 -0.0252781   0.962797
   32.3098 -0.00968009 -0.00516055 -0.00120421  -0.237848 -0.0275974   0.968656
   32.3138 -0.00808219 -0.00409528  0.00412212  -0.244562 -0.0230808   0.986356
   32.3198 -0.00648429 -0.00303002  0.00944844  -0.251276 -0.0185642    1.00406
   32.3242 -0.00701693 -0.00143212  0.00838318  -0.240412 -0.0185642     0.9783
   32.3296 -0.00754956 0.000165774  0.00731792  -0.229547 -0.0185642   0.952543
   32.3339 -0.00115797 -0.00249739  0.00838318  -0.233698 -0.0279636   0.949857
   32.3398  0.00523362 -0.00516055  0.00944844  -0.237848 -0.0373631   0.947172
   32.3441  0.00629888 -0.00409528  0.00838318 -0.239069 -0.028574  0.971586
   32.3498  0.00736414 -0.00303002  0.00731792   -0.24029 -0.0197849      0.996
    32.354  0.00150519 -0.00569318  0.00998108  -0.239069 -0.0223484   0.993192
   32.3598 -0.00435376 -0.00835634   0.0126442  -0.237848 -0.0249119   0.990385
    32.364 -0.00648429 -0.00356265  0.00998108  -0.237848 -0.0247898   0.973417
   32.3697 -0.00861482  0.00123104  0.00731792  -0.237848 -0.0246677   0.956449
   32.3742 -0.00648429 -0.00143212  0.00465475 -0.234919 -0.028574  0.958646
   32.3798 -0.00435376 -0.00409528  0.00199159  -0.231989 -0.0324802   0.960844
   32.3839  -0.0048864 -0.00462792  0.00518738  -0.239923 -0.0282078   0.975248
   32.3898 -0.00541903 -0.00516055  0.00838318  -0.247858 -0.0239353   0.989652
   32.3942  0.00470098 -0.00462792   0.0131769  -0.239313 -0.0207615   0.977567
   32.3998    0.014821 -0.00409528   0.0179706  -0.230768 -0.0175877   0.965482
    32.404  0.00842941 -0.00462792   0.0126442  -0.232111 -0.0264988   0.959623
   32.4098  0.00203782 -0.00516055  0.00731792  -0.233454 -0.0354099   0.953764
   32.4138  0.00683151 -0.00516055  0.00838318  -0.239801 -0.0262547   0.976469
   32.4198   0.0116252 -0.00516055  0.00944844  -0.246149 -0.0170994   0.999174
    32.424 0.000439926 -0.00516055  0.00891581  -0.240534 -0.0197849   0.990263
   32.4298  -0.0107454 -0.00516055  0.00838318  -0.234919 -0.0224705   0.981351
    32.434  -0.0219306 -0.00143212  0.00518738  -0.236383 -0.0222263   0.963163
   32.4398 -0.0331159  0.0022963 0.00199159  -0.237848 -0.0219822   0.944974
   32.4439   -0.0166043 -0.000366859   0.00252422  -0.234674 -0.0238133   0.950834
   32.4498 -9.27057e-05  -0.00303002   0.00305685  -0.231501 -0.0256443   0.956693
   32.4542  -0.0118106 -0.00303002 0.000393692  -0.238947 -0.0212498   0.972074
   32.4598  -0.0235285 -0.00303002 -0.00226947  -0.246393 -0.0207615    0.99246
    32.464   -0.0229959  -0.00303002 -0.000671573  -0.241144 -0.0235691   0.995023
   32.4698  -0.0144738 -0.00196476  0.00518738  -0.236994 -0.0158787   0.985502
   32.4738   -0.011278 -0.00143212  0.00891581  -0.239313 -0.0161228   0.969633
   32.4798  -0.0144738 -0.00196476  0.00572002  -0.237726 -0.0283299   0.954496
    32.484 0.000439926 -0.00303002  0.00572002  -0.235773 -0.0280857   0.953519
   32.4896    0.014821 -0.00569318   0.0110463  -0.242365 -0.0210056   0.969022
   32.4942  0.00523362 -0.00675845  0.00998107  -0.246637 -0.0245457   0.983182
   32.4999  0.00310309 -0.00569318    0.011579  -0.241022 -0.0247898   0.984037
    32.504 -9.27066e-05  -0.00196476    0.0105137  -0.238214 -0.0158787   0.975614
   32.5098  -0.00222324 -0.000899491   0.00944844  -0.239191 -0.0202732   0.962431
   32.5139  0.00363572 -0.00196476   0.0110463  -0.235407 -0.0323582     0.9512
   32.5199  0.00683151 -0.00196476  0.00625265  -0.235285 -0.0293064   0.955717
   32.5241   0.0169515 -0.00516055  0.00944844  -0.24383 -0.023447  0.977567
   32.5298   0.0137557 -0.00835634   0.0126442 -0.248224 -0.026865  0.997343
   32.5342  -0.0032885 -0.00675845  0.00891581  -0.243586 -0.0236912   0.997709
   32.5398   -0.015539 -0.00196476  0.00731791   -0.24029 -0.0156345    0.98245
   32.5439 -0.0198001 0.00123104 0.00625265  -0.238337 -0.0217381   0.959379
   32.5498 -0.0150064 0.00123104 0.00358948  -0.232965 -0.0324802   0.941557
   32.5541 -0.00541903 -0.00143212  0.00358948  -0.232965 -0.0300388   0.944486
   32.5599 -0.000625338  -0.00462792   0.00518738  -0.240534 -0.0269871   0.964994
   32.5643 -0.00701693 -0.00516055  0.00305685   -0.24383 -0.0300388   0.987211
   32.5698 -0.000625338  -0.00409528   0.00572002  -0.240412 -0.0236912      0.996
    32.574   0.0100273 -0.00356265   0.0137095  -0.239557 -0.0151463   0.987577
   32.5799 -0.00701693 -0.00303002   0.0110463  -0.238581 -0.0227146   0.973051
   32.5843  -0.0134085 -0.00196476  0.00572002  -0.234552 -0.0316258   0.957426
   32.5896 -0.00435376 -0.00249739  0.00518738  -0.234674 -0.0274754   0.953153
    32.594 0.000972558 -0.00462792  0.00678528  -0.240656 -0.0247898   0.968412
   32.5999 -0.00541903 -0.00462792  0.00465475 -0.243708 -0.028574  0.985868
   32.6043  -0.0128759 -0.00356265  0.00412212 -0.240412 -0.023325  0.987577
   32.6099   -0.0123432 -0.000899491   0.00731792  -0.237726 -0.0170994   0.975614
   32.6141 -0.0176696 0.00176367 0.00465475  -0.235407 -0.0235691   0.960844
   32.6198   -0.0229959   0.00176367 -0.000138938  -0.231745 -0.0280857   0.949735
    32.624   -0.0139411 -0.000899491  0.000926323  -0.232721 -0.0255222   0.952299
   32.6299  0.00523362 -0.00622581  0.00891581  -0.239069 -0.0267429   0.973539
    32.634  0.00789678 -0.00835634  0.00998107  -0.243708 -0.0275974    0.99661
   32.6399  -0.0016906 -0.00675845  0.00731791  -0.242487 -0.0195408   0.998808
   32.6443 -0.00648429 -0.00409528  0.00891581  -0.239679 -0.0142918   0.987577
   32.6497 -0.00435376 -0.00143212   0.0105137  -0.237238 -0.0205174   0.969633
    32.654 -0.000625338  -0.00143212   0.00944844  -0.232965 -0.0261326    0.94766
   32.6599  0.00203782 -0.00249739  0.00678528  -0.232233 -0.0262547   0.941679
   32.6645  0.00949467 -0.00409528  0.00625265 -0.237604 -0.026865  0.959379
   32.6696  0.00896204 -0.00569318  0.00518738  -0.242853 -0.0261326   0.980863
   32.6742 -0.00275587 -0.00569318  0.00465475 -0.242121 -0.019907  0.990385
   32.6795   -0.0224633 -0.000899491   0.00199159  -0.240046 -0.0161228    0.98953
   32.6839 -0.00968008 -0.00143212  0.00998107  -0.239069 -0.0211277   0.977933
   32.6899   0.0105599 -0.00516055   0.0147748  -0.235773 -0.0255222   0.961942
    32.694  0.00683151 -0.00303002  0.00838318  -0.234674 -0.0249119   0.956693
   32.6999  0.00736415 -0.00303002  0.00731791  -0.240656 -0.0257664   0.966459
   32.7046  0.00363572 -0.00569318  0.00625265  -0.245783 -0.0267429   0.982328
   32.7098 0.000439926 -0.00516055  0.00678528  -0.241999 -0.0222263   0.988676
   32.7141   -0.0123432 -0.000899491   0.00465475  -0.238581 -0.0180759   0.981962
   32.7199 -0.0277896 0.00176367 0.00252422  -0.237482 -0.0224705   0.965726
   32.7241   -0.021398 0.000698406  0.00412212  -0.231989 -0.0275974   0.947538
   32.7298  -0.00968009 -0.000366859   0.00252422 -0.229914 -0.026865  0.947782
   32.7339 -0.00808219 -0.00196476 0.000393692  -0.237482 -0.0273533   0.968412
   32.7399 0.000439926 -0.00622581  0.00412212  -0.242975 -0.0279636    0.98953
   32.7443    0.014821 -0.00835634    0.011579 -0.240656 -0.023325   1.00076
   32.7499   0.0142884 -0.00569318   0.0163727   -0.24029 -0.0177097    0.99661
   32.7539  0.00150519 -0.00303002   0.0153074  -0.239435 -0.0212498    0.97537
   32.7598 -0.00541903 -0.00196476   0.0110463  -0.231989 -0.0275974   0.950346
   32.7646 -0.00275587 -0.00143212  0.00891581  -0.230036 -0.0275974   0.942045
   32.7698 -0.00595166 -0.00303002  0.00625265  -0.238581 -0.0295506   0.955473
   32.7741  -0.0048864 -0.00516055  0.00465475  -0.241877 -0.0315037    0.97244
   32.7799 -9.27062e-05  -0.00409528   0.00678528  -0.239069 -0.0247898   0.987455
   32.7839 -0.00382113 -0.00143212  0.00678528  -0.241388 -0.0186863   0.992582
   32.7899 -0.00222324 -0.00249739  0.00998107    -0.2409 -0.0228367   0.976835
   32.7942  0.00842941 -0.00356265   0.0137095  -0.233576 -0.0278416   0.961088
   32.7996  0.00842941 -0.00196476  0.00998107  -0.234797 -0.0257664   0.959501
   32.8039  0.00203782 -0.00356265  0.00731791  -0.243464 -0.0266209   0.965604
   32.8099 -0.00968009 -0.00516055  0.00412212   -0.24444 -0.0294285   0.977933
   32.8144  -0.0219306 -0.00303002  0.00145896  -0.241755 -0.0224705   0.990751
   32.8197  -0.0235285 -0.00143212  0.00305685  -0.244196 -0.0170994   0.987577
   32.8241   -0.015539 -0.00143212  0.00625265   -0.2409 -0.023447  0.966703
   32.8299   -0.0048864 -0.000366859   0.00785054  -0.230646 -0.0273533   0.947782
   32.8341 0.000439926 0.000698406  0.00678528   -0.23321 -0.0246677   0.946683
   32.8399 0.000439926 -0.00196476  0.00358949  -0.242609 -0.0286961   0.960722
   32.8441 -0.00808219 -0.00356265  -0.0012042 -0.243097 -0.030405  0.980009
   32.8499   -0.0123432  -0.00303002 -0.000138938  -0.243586 -0.0200291   0.999174
   32.8543  -0.0128759 -0.00303002  0.00465475  -0.247736 -0.0149021    1.00113
   32.8599  -0.0198001 -0.00143212  0.00518738  -0.242975 -0.0206394   0.979398
    32.864 -0.0229959 0.00123104 0.00358948  -0.234552 -0.0224705   0.955228
   32.8699  -0.0107454 0.000698406  0.00572002  -0.237848 -0.0219822   0.946806
   32.8743 -0.000625339  -0.00356265   0.00625265  -0.243219 -0.0278416   0.952909
   32.8798  0.00203782 -0.00516055  0.00412212  -0.240534 -0.0288181   0.967069
   32.8841  0.00150519 -0.00409528  0.00358948   -0.24151 -0.0185642   0.986356
   32.8898  0.00416835 -0.00516055  0.00998107  -0.244806 -0.0161228   0.990873
   32.8942  0.00363572 -0.00303002   0.0121116   -0.23797 -0.0232029   0.975614
   32.8999 -0.000625338 -0.000366859   0.00891581   -0.23028 -0.0222263   0.963773
    32.904  -0.00222324 -0.000899491   0.00731791  -0.233454 -0.0203953   0.960111
   32.9099 -0.000625339  -0.00409528   0.00572002  -0.236872 -0.0286961   0.962064
   32.9141  0.00363572 -0.00675845  0.00572002  -0.234186 -0.0299168   0.977933
   32.9199  0.00789678 -0.00569318  0.00944844  -0.237726 -0.0191746   0.996244
   32.9243  0.00310309 -0.00622581     0.01584  -0.241022 -0.0189304   0.992704
   32.9298 -0.00754956 -0.00303002   0.0110463  -0.232599 -0.0257664   0.969999
   32.9339 -0.0187348 0.00336157 0.00145895  -0.226007 -0.0239353   0.952177
   32.9399 -0.0240612 0.00336157 0.00145895   -0.23028 -0.0256443   0.946439
   32.9441  -0.0102127 -0.00143212  0.00518738  -0.234064 -0.0356541   0.952909
   32.9497  0.00203782 -0.00462792  0.00518738  -0.235773 -0.0332127   0.974638
   32.9541  0.00576625 -0.00569318  0.00625265  -0.243097 -0.0213718   0.998319
   32.9599  -0.0048864 -0.00569318  0.00891581  -0.245661 -0.0221043    1.00223
   32.9641   -0.021398 -0.00303002  0.00625265  -0.239435 -0.0258884   0.986356
   32.9697 -0.0288548 0.00123104 0.00145896   -0.23675 -0.0213718   0.966093
   32.9742  -0.0187348 0.000165774  0.00465475  -0.239557 -0.0256443   0.949979
   32.9799 -9.27066e-05  -0.00409528   0.00838318  -0.239557 -0.0356541   0.947904
   32.9842  0.00310309 -0.00356265  0.00465475  -0.239801 -0.0307713   0.963285
   32.9899 -0.00222324 -0.00249739  0.00412212  -0.244928 -0.0205174   0.983182
    32.994 -0.000625338  -0.00249739   0.00785054 -0.244806 -0.023325  0.988187
   32.9999   -0.0160717 -0.000366859   0.00305685  -0.23675 -0.025034  0.978544
   33.0044  -0.0245938  0.00123104 0.000926327  -0.233088 -0.0188084   0.966581
   33.0096  -0.00861482 -0.000366859   0.00625265  -0.235529 -0.0240574   0.958768
    33.014  0.00416835 -0.00462792  0.00838318  -0.235773 -0.0313816   0.959013
   33.0198  0.00310309 -0.00622581  0.00572002  -0.237482 -0.0236912   0.973539
   33.0244 -0.00222324 -0.00569318  0.00518738  -0.243586 -0.0170994   0.994413
   33.0297  -0.0048864 -0.00569318  0.00785055   -0.24383 -0.0210056   0.995023
   33.0339  -0.0160717 -0.00249739  0.00625265   -0.23675 -0.0196629   0.975492
   33.0398 -0.0203327  0.0022963 0.00358949  -0.234186 -0.0155125   0.954618
   33.0442 -0.0128759 0.00176367 0.00572002  -0.236017 -0.0235691   0.943754
   33.0498  -0.0016906 -0.00249739  0.00625265  -0.236383 -0.0313816   0.949491
   33.0539  0.00629888 -0.00569318  0.00625265   -0.24029 -0.0246677   0.967557
   33.0599   0.0228105 -0.00888897   0.0153074  -0.248224 -0.0180759   0.991483
   33.0644   0.0212126 -0.00835634     0.01584  -0.249323 -0.0197849    1.00162
   33.0696 -0.00968009 -0.00303002  0.00625265   -0.24383 -0.0174656   0.989774
    33.074   -0.0347138   0.00176367 -0.000138938  -0.241266 -0.0152683   0.969511
   33.0799  -0.0256591 0.000698406  0.00358948  -0.241022 -0.0235691   0.952543
   33.0843  0.00736415 -0.00516055   0.0121116  -0.239923 -0.0288181   0.949003
   33.0899  0.00896204 -0.00622581  0.00838318 -0.240656 -0.023325  0.959257
   33.0941 -0.00115797 -0.00409528  0.00412212  -0.245172 -0.0221043   0.978544
   33.0999  -0.0107454 -0.00196476  0.00199159  -0.245539 -0.0246677   0.987821
   33.1039  -0.0139411 -0.00143212  0.00358948  -0.238825 -0.0200291   0.977811
   33.1098 -0.00595166 -0.00143212  0.00838318  -0.233942 -0.0184422   0.965482
   33.1139  0.00523362 -0.00249739    0.011579  -0.234308 -0.0279636   0.958036
   33.1199   0.0153536 -0.00516055    0.011579  -0.234674 -0.0324802   0.957059
   33.1243  0.00842941 -0.00569318  0.00625265  -0.236628 -0.0274754   0.970853
   33.1299  0.00736414 -0.00622581  0.00731791  -0.243219 -0.0252781   0.993681
   33.1342 0.000439926 -0.00409528  0.00838318  -0.244928 -0.0257664   0.999296
   33.1399   -0.0229959 -0.000366859   0.00358949  -0.238459 -0.0222263   0.981229
   33.1441 -0.0325833  0.0022963 0.00199159  -0.233942 -0.0213718    0.96121
   33.1498 -0.00754956 0.000165774   0.0105137   -0.23443 -0.0291843   0.946806
    33.154   0.0126905 -0.00409528   0.0147748  -0.234552 -0.0343113   0.942655
   33.1599   0.0121578 -0.00516055   0.0105137  -0.236505 -0.0307713   0.958768
   33.1643  0.00949467 -0.00516055  0.00785055 -0.243097 -0.026865  0.986845
   33.1699  0.00896204 -0.00622581   0.0121116  -0.245295 -0.0261326    1.00174
   33.1739   0.0174842 -0.00782371   0.0195685  -0.239435 -0.0221043   0.992338
   33.1798   0.0180168 -0.00462792   0.0190358  -0.235041 -0.0196629   0.975614
   33.1844 -9.27066e-05 -0.000899491    0.0121116  -0.234674 -0.0254002   0.960111
   33.1898 -0.00275587 -0.00303002  0.00998107 -0.232965 -0.030405  0.950101
   33.1939    0.014821 -0.00569318   0.0126442  -0.231012 -0.0275974   0.957548
   33.1999    0.014821 -0.00462792  0.00944844  -0.236261 -0.0240574   0.978788
   33.2041 -0.00701693 -0.00303002  0.00358949  -0.238581 -0.0239353   0.989896
   33.2099 -0.00382113 -0.00356265  0.00891581  -0.230036 -0.0206394   0.982206
   33.2143  -0.00275587 -0.000899491    0.0110463  -0.226862 -0.0185642    0.97183
   33.2198  -0.00541903 -0.000899491   0.00891581  -0.229303 -0.0240574   0.961454
   33.2239  0.00576625 -0.00409528  0.00838318  -0.227961 -0.0277195   0.954374
   33.2299  0.00523362 -0.00409528  0.00625265   -0.23089 -0.0235691   0.967802
   33.2343  0.00470098 -0.00569318  0.00891581  -0.240534 -0.0214939   0.993314
   33.2399  0.00896204 -0.00888897   0.0137095  -0.243219 -0.0227146   0.999052
   33.2441  0.00949467 -0.00622581   0.0147748   -0.23736 -0.0174656   0.985624
   33.2499 -0.0150064  0.0022963 0.00572001  -0.236261 -0.0131931   0.969511
   33.2541 -0.0192675  0.0022963 0.00465475  -0.237604 -0.0218601   0.950346
   33.2598  -0.0016906 -0.00196476  0.00838318 -0.233942 -0.030283  0.939725
   33.2641  0.00789678 -0.00303002  0.00944844  -0.237116 -0.0261326   0.955106
   33.2699   0.0281368 -0.00729108   0.0174379  -0.248346 -0.0217381   0.981962
   33.2743   0.0276042 -0.00888897   0.0163727  -0.248346 -0.0225925   0.994535
   33.2797 -0.00541903 -0.00303002  0.00358949  -0.241388 -0.0180759    0.99307
   33.2839  -0.00861482 -0.000899491   0.00731791 -0.242853 -0.014658  0.981351
   33.2899  0.00150519 -0.00356265   0.0142421  -0.242609 -0.0238133   0.962308
   33.2942 -0.00115797 -0.00356265  0.00838318  -0.236383 -0.0297947   0.950346
   33.2998 -0.00648429 -0.00143212  0.00199159  -0.238337 -0.0238133   0.958646
   33.3039   -0.0128759  -0.00196476 -0.000138938  -0.246759 -0.0236912   0.976957
   33.3097  -0.0144738 -0.00303002  0.00145896  -0.244318 -0.0275974   0.985014
    33.314  -0.0144738 -0.00143212  0.00412212  -0.236872 -0.0211277   0.982084
   33.3199  -0.015539 0.00123104 0.00465475  -0.238581 -0.0169773   0.970731
   33.3241  -0.0107454 0.000165774  0.00678528  -0.236139 -0.0274754   0.953886
   33.3297   0.0158863 -0.00462792   0.0147748  -0.230036 -0.0326023    0.94827
    33.334   0.0318652 -0.00569318   0.0153074  -0.236872 -0.0258884   0.963407
   33.3399   0.0201473 -0.00622581  0.00998108  -0.247248 -0.0271091   0.986478
   33.3444 -0.00435376 -0.00516055  0.00305685  -0.245539 -0.0289402   0.997953
   33.3498   -0.0283222 -0.000899491  -0.00173684  -0.241877 -0.0186863   0.994169
   33.3539 -0.0341812 0.00123104 0.00145896  -0.243586 -0.0158787   0.977689
   33.3599  -0.0192675 0.000698406  0.00678528  -0.238581 -0.0284519   0.951932
   33.3643 -9.27062e-05 -0.000366859   0.00838318  -0.232843 -0.0327244   0.938627
   33.3696   0.0100273 -0.00196476  0.00731791  -0.239679 -0.0277195   0.950468
    33.374  0.00257045 -0.00303002  0.00252422   -0.24737 -0.0305271   0.972074
   33.3799  -0.0123432 -0.00249739 -0.00120421  -0.243464 -0.0297947    0.98953
   33.3841  -0.0134085 -0.00196476  0.00412212  -0.241266 -0.0180759      0.996
   33.3899  -0.0102127 -0.00249739    0.011579  -0.243097 -0.0177097   0.985136
   33.3945  -0.0102127 -0.00196476  0.00998107   -0.23675 -0.0286961   0.965116
   33.3996  -0.00541903 -0.000366859   0.00678528  -0.231623 -0.0280857   0.955228
    33.404  0.00150519 -0.00196476  0.00838318  -0.237116 -0.0243015   0.959745
   33.4099  0.00363572 -0.00569318  0.00891581  -0.241999 -0.0307713   0.971464
   33.4139 -0.00701693 -0.00462792  0.00572002  -0.240046 -0.0288181   0.984159
   33.4199   -0.011278 -0.00196476  0.00731791  -0.238947 -0.0162449   0.987577
   33.4243  0.00310309 -0.00356265   0.0163727  -0.238337 -0.0173435   0.974638
   33.4296    0.014821 -0.00356265   0.0169053  -0.231501 -0.0266209   0.955717
    33.434    0.0137557 -0.000366859    0.0105137  -0.228815 -0.0249119   0.949735
   33.4399 0.000972558 -0.00143212  0.00518738  -0.23675 -0.023325  0.959135
   33.4441  0.00310309 -0.00622581  0.00625265  -0.242121 -0.0300388   0.979398
   33.4499   0.0153536 -0.00782371  0.00944844  -0.241999 -0.0252781   0.997587
   33.4541   0.0116252 -0.00622581    0.011579  -0.243464 -0.0136814   0.999052
   33.4599 -0.00541903 -0.00409528   0.0126442  -0.242121 -0.0158787   0.983182
   33.4642  -0.0128759 -0.00143212  0.00891581  -0.235041 -0.0228367   0.958402
   33.4698 -0.00115797  0.00123104  0.00678528   -0.23382 -0.0222263   0.942045
   33.4739 -0.00541903  0.00123104  0.00145896  -0.238947 -0.0244236   0.945585
   33.4799   -0.0208654 -0.000899491  -0.00599789  -0.241388 -0.0305271   0.964262
   33.4844   -0.011278 -0.00356265  -0.0012042  -0.240778 -0.0238133   0.985014
   33.4896 -0.00222324 -0.00356265  0.00678528  -0.241266 -0.0149021   0.995878
    33.494   -0.0166043 -0.000366859   0.00465475  -0.239923 -0.0196629    0.98892
   33.4999   -0.0134085 -0.000366859   0.00572002  -0.234064 -0.0246677   0.970365
   33.5042 -0.00115797 -0.00143212  0.00838318  -0.232477 -0.0219822    0.95828
   33.5099  -0.0032885 -0.00196476  0.00731792  -0.236383 -0.0249119   0.958402
   33.5141 -0.00382113 -0.00409528  0.00625265   -0.23797 -0.0305271   0.970609
   33.5197 -0.00595166 -0.00462792  0.00465475  -0.238337 -0.0240574   0.985624
    33.524 -0.00968009 -0.00356265  0.00625265  -0.240046 -0.0178318    0.99014
   33.5299  0.00683151 -0.00516055   0.0169053  -0.237848 -0.0224705   0.978178
   33.5342   0.0270715 -0.00569318   0.0232969  -0.231134 -0.0262547   0.958158
   33.5399    0.0142884 -0.000899491    0.0121116 -0.229792 -0.025034  0.947904
   33.5441   -0.0048864 -0.000899491   0.00412212  -0.235285 -0.0286961   0.954008
   33.5499   0.0132231 -0.00782371   0.0121116  -0.239801 -0.0324802   0.974149
   33.5544   0.0196147 -0.00888897   0.0131769 -0.241755 -0.025034   0.99307
   33.5599 -0.00275587 -0.00462792  0.00785055  -0.244074 -0.0190525    1.00027
   33.5642  -0.0128759 -0.00196476  0.00785055  -0.243586 -0.0227146   0.989774
   33.5699  -0.0032885 -0.00143212   0.0121116  -0.237604 -0.0249119   0.964017
   33.5741   0.00842941 -0.000899491    0.0147748 -0.234552 -0.025034  0.944242
   33.5799  -0.0048864 0.000698406  0.00465475 -0.237482 -0.030283  0.945463
   33.5839  -0.0198001 0.000165774 -0.00493263  -0.241877 -0.0326023   0.961454
   33.5899 -0.00861482 -0.00303002 -0.00173683  -0.242853 -0.0255222    0.97952
    33.594 -0.00115797 -0.00409528  0.00518738  -0.243341 -0.0208836   0.992338
   33.5999 -0.00968009 -0.00303002  0.00731792  -0.243586 -0.0230808   0.987699
   33.6045  -0.0102127 -0.00303002  0.00678528  -0.238947 -0.0238133   0.969755
   33.6097  -0.0107454 -0.00196476  0.00465475  -0.235773 -0.0240574   0.958768
   33.6142 -0.00701693 -0.00196476  0.00465475  -0.239801 -0.0272312   0.959257
   33.6199  0.00150519 -0.00462792  0.00572002  -0.244196 -0.0286961    0.96768
   33.6241 -0.00382113 -0.00516055  0.00465475   -0.24383 -0.0245457   0.982206
   33.6299  0.00257046 -0.00516055    0.011579  -0.244806 -0.0202732   0.992338
   33.6343  -0.0118106 -0.00249739  0.00891581  -0.244684 -0.0207615   0.981229
   33.6399  -0.0389749  0.00123104 -0.00120421   -0.23675 -0.0214939   0.957792
   33.6441   -0.0048864 -0.000899491   0.00944844  -0.232599 -0.0221043   0.947172
   33.6499   0.0302673 -0.00356265   0.0163727  -0.238703 -0.0264988   0.951078
    33.654   0.0233431 -0.00516055  0.00785054 -0.242365 -0.030405  0.964628
   33.6599   0.0169515 -0.00675845  0.00678528  -0.243219 -0.0245457   0.985502
   33.6645   0.0100273 -0.00622581    0.011579 -0.247736 -0.016489   1.00186
   33.6698  -0.0048864 -0.00516055    0.011579  -0.247736 -0.0177097   0.995145
   33.6741  -0.0139411 -0.00356265  0.00838318  -0.238459 -0.0202732   0.970243
   33.6799   -0.0107454 -0.000366859   0.00678528  -0.233576 -0.0205174   0.952055
   33.6841  -0.00222324 -0.000366859   0.00731792  -0.237604 -0.0255222    0.94705
   33.6899  0.00257045 -0.00356265  0.00572002 -0.238581 -0.030283  0.953764
   33.6945   0.0100273 -0.00569318  0.00785054   -0.23736 -0.0258884   0.973661
   33.6997  0.00683151 -0.00462792  0.00891581  -0.241022 -0.0195408   0.991239
   33.7041 -0.00861482 -0.00409528  0.00731791  -0.241022 -0.0208836   0.987821
   33.7099  0.00789678 -0.00675845   0.0163727  -0.232843 -0.0224705   0.972807
   33.7143   0.0164189 -0.00356265   0.0163727  -0.230402 -0.0207615   0.964506
   33.7199  -0.00541903 -0.000366859   0.00625265  -0.235651 -0.0262547   0.960599
   33.7241 -0.00701693 -0.00356265  0.00412212  -0.235529 -0.0316258   0.962919
   33.7298 -0.00861482 -0.00409528  0.00252422 -0.235773 -0.025034  0.982206
    33.734  -0.0118106 -0.00409528  0.00465475  -0.242243 -0.0194187   0.997587
   33.7399  -0.0160717 -0.00409528  0.00731791  -0.240046 -0.0238133   0.985624
   33.7444  -0.0118106 -0.00303002   0.0105137 -0.229792 -0.025034  0.963285
   33.7498    0.014821 -0.00196476   0.0163727  -0.229547 -0.0222263   0.950468
   33.7539   0.0185494 -0.00143212   0.0131769  -0.235163 -0.0294285   0.946561
   33.7599   0.0260063 -0.00675845   0.0137095  -0.233942 -0.0363865   0.957182
   33.7646   0.0158863 -0.00782371  0.00785054   -0.23736 -0.0282078   0.983182
   33.7699 -0.00808219 -0.00516055  0.00145896  -0.245783 -0.0214939    1.00284
   33.7743 -0.00648429 -0.00569318  0.00731791  -0.242609 -0.0247898   0.998197
   33.7798  -0.0102127 -0.00249739  0.00838318  -0.236872 -0.0271091   0.989164
    33.784 -0.0171369 0.00123104 0.00518738 -0.237482 -0.025034  0.969511
   33.7898 -0.0235285  0.0022963 0.00199159  -0.238092 -0.0229588   0.949857
   33.7939 -0.00968009 -0.00196476  0.00358949  -0.235407 -0.0261326   0.954252
   33.7999    -0.011278  -0.00303002 -0.000671569  -0.236994 -0.0241795    0.97183
   33.8041   -0.0150064  -0.00143212 -0.000138938  -0.242609 -0.0227146   0.987211
   33.8099 -0.00595166 -0.00356265  0.00518738  -0.240168 -0.0263767   0.983793
   33.8145 -0.00861482 -0.00249739  0.00625265  -0.234308 -0.0200291   0.975126
   33.8197  -0.00701693 -0.000899491   0.00838318   -0.23321 -0.0173435   0.966337
   33.8243 -0.00115797 -0.00143212  0.00625265  -0.234919 -0.0299168   0.954862
   33.8298  0.00310309 -0.00196476  0.00412212  -0.235651 -0.0388279   0.949125
    33.834  0.00257045 -0.00462792  0.00358948  -0.240534 -0.0255222   0.972684
   33.8399 0.000972559 -0.00782371  0.00838318 -0.246881 -0.018198  0.998441
   33.8443 -0.00754956 -0.00516055  0.00998107  -0.242487 -0.0238133    0.98953
   33.8499  -0.0150064 -0.00196476  0.00625265 -0.236628 -0.023447  0.978422
    33.854  -0.0203327 0.000698406  0.00358948 -0.237848 -0.021616  0.960111
   33.8599  -0.0182022 0.000698406  0.00252422  -0.236872 -0.0280857    0.94119
   33.8645 -0.00115797 -0.00249739  0.00358948  -0.235163 -0.0305271   0.952299
   33.8699  0.00842941 -0.00303002  0.00305685  -0.235651 -0.0246677   0.964017
   33.8743  0.00310309 -0.00516055  0.00731791  -0.242365 -0.0235691    0.98306
   33.8799 -0.00222324 -0.00729108    0.011579  -0.249079 -0.0224705     1.0021
   33.8842 -0.00595166 -0.00409528  0.00944844 -0.245172 -0.016367  0.990018
   33.8899  -0.00968009 -0.000899491   0.00731792  -0.241266 -0.0102634   0.977933
   33.8941  -0.0032885 -0.00196476  0.00891581  -0.238581 -0.0217381   0.960355
