                   0  0 -0  0 0 0 0 0 0 0 0 0 0 0 0 0 1 0 0
                   0  0 -0  0 0 0 0 0 0 0 0 0 0 0 0 0 1 0 0
                   0  0 -0  0 0 0 0 0 0 0 0 0 0 0 0 0 1 0 0
             0.19984  0 -0  0 0 0 0 0 0 0 0 0 0 0 0 0 1 0 0
             0.30016 -0.0232272 -0.0171809  0.0412828 -2.42051e-05  8.55973e-05  0.000170108 0.000633336  0.00258486  0.00221223 0 0 0 0 0 0 1 0 0
             0.30016 -0.0571424 -0.0135715  0.0318622 -0.000755856 -0.000560878   0.00218361  0.0006145 0.00311185 0.00244146  5.98951e-08 -6.90319e-09  1.72485e-08  3.46585e-09  3.18313e-09 -9.49981e-09 1 0 0
                 0.4 -0.0658127  -0.033953  0.0773897 -0.000659732 -0.000312266   0.00242093 -0.000168093   0.00254499   0.00434822  5.98951e-08 -6.90319e-09  1.72485e-08  3.46585e-09  3.18313e-09 -9.49981e-09 1 0 0
                 0.4   0.780529 -0.0953598   0.206002 -0.0036874 0.00510173  0.0119602 -0.0122162 0.00919065  0.0373455 -7.09952e-05  8.74845e-06 -1.02578e-05  1.73663e-06 -2.60272e-06 -4.72085e-06 1 0 0
             0.49984  0.145717 -0.177515  0.156536  0.00104532 -0.00201119 -0.00288299    0.001014 -0.00692716  -0.0157462 -2.35182e-05  9.98258e-06 -3.25722e-06 -9.35665e-07  9.88138e-07  2.66629e-06 1.00031       0       0
             0.49984 0.0375645 -0.018842 0.0617113 0.000748948 -0.00127108 -0.00269539 -0.000218916  0.000162188   -0.0147805 -1.25596e-05 -8.19405e-06  7.09861e-06  5.47276e-07 -1.03153e-06  2.98958e-06 1.00032       0       0
            0.600164 0.0181338 -0.124045  0.131634 0.000379755  -0.0014037 0.000843905 -0.00260981 -0.00209464  0.00748033 -1.5118e-05 3.19368e-06 2.85714e-06 -1.99416e-06 -3.01102e-07 -5.69068e-06 0.998937        0        0
            0.600164  0.348033 -0.109057  0.126662  -0.00132725 -0.000243316    0.0060372 -0.0117489 0.00295902  0.0408029  -5.6668e-05 -2.33502e-06  2.89499e-06  2.40038e-06  -4.7375e-06 -3.81205e-05 0.998998        0        0
            0.700004 0.0948955 -0.122571  0.152995 0.000531328  -0.0015493  0.00017953 -0.00300229 -0.00174279 -0.00123611 -2.23588e-05  1.68572e-06  6.10252e-06 -2.74478e-06 -1.69535e-06  6.48067e-08 1.00076       0       0
            0.700004  0.0694683 -0.0458414  0.0723067 3.46386e-05  -0.0023587 0.000499162 -0.00640128 -0.00719734 0.000920958 -1.97052e-05 -7.03667e-06  1.49831e-05  1.02581e-05  1.55048e-05 -4.39233e-06 1.00077       0       0
            0.799844 0.0420935 -0.108374  0.135036 0.000329118 -0.00135432 0.000168801 -0.00406632 -0.00137175 -0.00230875 -1.89016e-05 -1.28041e-06  1.26084e-05 -7.49553e-06  -6.4185e-06  2.34068e-07 1.00082       0       0
            0.799844   0.315495 -0.0792554   0.111874 -4.79842e-05 -0.000360972 -0.000152375 -0.00710737  0.00401886 -0.00486985 -4.88708e-05 -4.11721e-06  1.53666e-05  4.43326e-06 -3.30044e-05  1.03038e-05 1.00082       0       0
            0.900164 0.0645421 -0.195422  0.152935  0.00157625 -0.00162774 -0.00258441 0.000819988 -0.00152192  -0.0110153 -2.26805e-05  6.90293e-06  1.51478e-05 -3.50274e-05 -8.25094e-06  3.24629e-05 1.00111       0       0
            0.900164 -0.0406415   -0.06011  0.0537129  0.00107576 -0.00123666 -0.00184357  -0.0019088   0.0016499 -0.00659181 -1.08329e-05 -7.92509e-06  2.62586e-05 -2.01977e-05 -1.62268e-05  1.64193e-05 1.00113       0       0
                   1 -0.0307495  -0.139848   0.109081  0.000379991 -0.000893963  0.000221681 -0.00729786  0.00123364  0.00510727 -1.51857e-05 -1.00062e-06  2.38227e-05 -1.50625e-05 -1.85324e-05 -2.52189e-05 1.00015       0       0
                   1   0.267155 -0.0751338  0.0441532 0.000180725 -0.00053906 0.000526022 -0.00812109  0.00192292  0.00676171  -4.8333e-05 -8.14854e-06  3.12066e-05 -9.68726e-06 -2.89819e-05 -3.15845e-05 1.00016       0       0
             1.09984 0.0467234 -0.151924  0.110085  0.000349498 -0.000538647 -0.000921741 -0.00790197  0.00288967 -0.00110977 -2.62338e-05  -1.3902e-06  2.82011e-05 -2.84762e-05 -2.35947e-05 -3.61074e-06 0.999577        0        0
             1.09984   0.0518074 -0.00560445   0.0622489 -0.000488906 -0.000834419  0.000133826  -0.0133364 0.000249273  0.00553284 -2.70081e-05 -1.73663e-05  3.35916e-05 -2.92617e-06  -1.3691e-05 -2.90153e-05 0.999611        0        0
             1.20016    0.06852 -0.0942903   0.116659  -0.00032693 -0.000751899   0.00120139 -0.00554646 -0.00173258  0.00633911 -2.85902e-05 -1.01157e-05  3.31983e-05 -2.71037e-05 -1.65419e-05 -3.93597e-05 0.998592        0        0
             1.20016   0.298438 -0.0601032   0.149758 -0.00093731 0.000294733   0.0022518 -0.00984377  0.00415477   0.0126084 -5.38007e-05 -1.36483e-05  2.96632e-05 -8.77675e-06 -4.46515e-05 -6.39435e-05 0.998612        0        0
                 1.3  0.0431215 -0.0984976   0.141827 0.000583052  -0.0022017 0.000223437 -0.00152655 -0.00667717 -0.00237151 -3.15037e-05 -1.13936e-05   3.3797e-05 -5.38347e-05  3.40372e-06 -1.54468e-05 0.99766       0       0
                 1.3  0.169308 -0.045905  0.137414 -0.000141346  -0.00178609  0.000790436 -0.00720646 -0.00460978 0.000983481 -4.56144e-05  -1.6802e-05  3.43394e-05 -3.06558e-05 -7.52516e-06 -2.83878e-05 0.99768       0       0
             1.39984 0.0535293   -0.1086  0.178898 0.000701281 -0.00269115 2.70061e-05 -0.00127228 -0.00828315  -0.0021994 -3.44388e-05 -1.21705e-05  3.46147e-05 -6.11211e-05 -2.15801e-06 -1.37376e-05 0.997444        0        0
             1.39984   0.288476 -0.0882517   0.163009 -0.000464534  -0.00106442   0.00225013 -0.0106393 0.00147688  0.0115749 -6.03273e-05 -1.38541e-05  3.67144e-05 -2.29131e-05 -4.43344e-05 -6.72389e-05 0.997489        0        0
             1.50016 0.0169805 -0.111741  0.150781   0.00138034  -0.00229231 -0.000282673 0.000607137 -0.00236084 -0.00183985 -4.00345e-05 -1.34109e-05  3.95025e-05 -7.54707e-05 -2.21806e-05 -9.78265e-06 0.997575        0        0
             1.50016  0.241789 -0.113652  0.100692 1.31617e-05 9.44589e-05  0.00179105 -0.00904772   0.0134391   0.0103139 -6.40653e-05 -1.25321e-05  4.56862e-05  -3.6355e-05  -8.7058e-05 -5.72831e-05 0.997632        0        0
             1.60001 0.0687213 -0.122834  0.122683  0.000339017 -0.000327544 -0.000455255 -0.00616756  0.00446252 -0.00210726 -4.76831e-05 -1.36005e-05  4.77616e-05 -5.91012e-05  -6.0942e-05 -1.02056e-05 0.997111        0        0
             1.60001   0.390048 -0.0821327      0.185 -0.00025153 0.000946197  0.00102554 -0.00957328   0.0115804  0.00696295 -8.37798e-05 -1.81018e-05  4.08142e-05  -4.3055e-05 -9.67674e-05 -4.55107e-05 0.997142        0        0
             1.69985  0.161898 -0.149103  0.190962   0.00118426  -0.00268914 -0.000992173 -0.000120593   -0.0092477  -0.00388531 -5.60369e-05 -1.37586e-05  4.55599e-05 -8.21635e-05 -1.75196e-05 -8.82543e-06 0.997474        0        0
             1.69985  0.339395 -0.108136  0.110469 -0.000381881 -0.000575056   0.00137975 -0.0115546  0.0048527  0.0107406 -7.51954e-05 -1.74882e-05  5.53531e-05  -3.4907e-05 -7.44682e-05  -6.6237e-05 0.997528        0        0
             1.80017 0.0783509 -0.151545  0.138394  0.00131036 -0.00122372 -0.00125052   -0.002947 -0.00037611 -0.00598141 -4.99319e-05 -1.48457e-05  5.55487e-05 -8.82551e-05 -5.69931e-05 -9.99914e-06 0.997094        0        0
             1.80017  0.379368 -0.103995  0.178156 0.000769254 0.000975868 0.000628933 -0.00627866   0.0138863  0.00572994 -8.33663e-05 -2.03048e-05  5.13745e-05 -7.18723e-05 -0.000119529 -5.60113e-05 0.997123        0        0
             1.90001  0.132955 -0.137934  0.181806  0.000774874  -0.00221549 -0.000478999  -0.00484504  -0.00540425 -0.000645597 -5.50552e-05 -1.86821e-05  5.69282e-05 -8.63725e-05 -4.13618e-05 -3.11448e-05 0.997223        0        0
             1.90001   0.331833 -0.0853481   0.113375 -0.000317008 -0.000889128   0.00229525  -0.012158 0.00232277   0.017234 -7.72675e-05 -2.44505e-05  6.51777e-05 -5.35001e-05 -7.54859e-05  -0.00010189 0.997284        0        0
             1.99985  0.106085 -0.120899  0.153177 0.000474385  -0.0015277 8.22118e-05 -0.00384873 -0.00198936  0.00231784 -5.23867e-05 -2.30757e-05  6.54095e-05 -8.80335e-05 -6.29994e-05 -3.88732e-05 0.997734        0        0
             1.99985   0.296455 -0.0639243   0.129561 0.000310222 0.000109195 0.000871608 -0.0041901 0.00876839 0.00690323 -7.37233e-05 -2.97951e-05  6.84666e-05 -8.40135e-05 -0.000109093 -5.65998e-05 0.997739        0        0
             2.10017 0.0854563 -0.112957  0.155917 0.000449764 -0.00172665 0.000278218 -0.00582682   -0.002023  0.00218611 -4.92022e-05 -2.66811e-05  7.07811e-05 -9.85502e-05  -6.2501e-05 -3.94853e-05 0.998281        0        0
             2.10017   0.326123 -0.0885785  0.0940873 -0.000314745 -0.000798978   0.00160528 -0.0116208 0.00285896  0.0104199 -7.68225e-05 -2.91008e-05  7.82489e-05 -7.37046e-05 -8.73817e-05 -7.25261e-05 0.998312        0        0
             2.20001 0.0954857 -0.144114  0.135643  0.00116254 -0.00100149 -0.00101963  -0.00187316 -0.000291953  -0.00415968 -5.22007e-05 -2.56808e-05  7.80433e-05  -0.00012369  -8.1697e-05 -1.66629e-05 0.998068        0        0
             2.20001   0.229479 -0.0656437   0.148321  0.00066314 -1.3118e-05 0.000309845 -0.00527611   0.0057136  0.00426662 -6.73108e-05 -3.47166e-05  7.67493e-05 -0.000106525 -0.000108412  -4.9926e-05 0.998094        0        0
             2.29985 0.0709419 -0.124344  0.154951  0.00124516 -0.00196331 -7.2409e-05 -0.000142777  -0.00386275  0.000569095 -5.07767e-05 -3.02119e-05  8.04768e-05 -0.000127648 -6.39751e-05 -3.98756e-05 0.999264        0        0
             2.29985  0.278789 -0.128207  0.141972 0.000723398 -0.00112444  0.00145255  -0.0038179 0.000586305   0.0102899  -7.4998e-05 -2.95544e-05  8.21516e-05 -0.000111535  -8.6711e-05 -7.90888e-05 0.999292        0        0
             2.40017 0.0825112 -0.122168  0.160084  0.000762281  -0.00210755 -0.000403343 -0.00419017 -0.00446451 -0.00258151 -5.52746e-05  -3.1726e-05   8.4109e-05 -0.000121951 -7.12306e-05 -3.36558e-05 0.999555        0        0
             2.40017    0.12394 -0.0986511   0.156597  0.000222617 -0.000715737  0.000766757 -0.00782516  0.00519617  0.00456221 -5.92864e-05 -3.42989e-05  8.47591e-05 -0.000105434 -0.000109797 -6.23633e-05 0.999576        0        0
             2.50001 0.0655679 -0.120592  0.169433  9.92502e-05   -0.0020158 -0.000106073 -0.00644989 -0.00230154 -0.00086122 -5.35917e-05 -3.39798e-05   8.8899e-05 -0.000121648 -7.91001e-05 -4.20576e-05 1.00011       0       0
             2.50001   0.346775 -0.0856462   0.146176 0.000112595 -0.00141822  0.00127453 -0.00518039 0.000130765  0.00809354 -8.69016e-05 -3.84503e-05  9.18048e-05  -0.00012374 -9.63326e-05 -7.82283e-05 1.00012       0       0
             2.59985 0.108634 -0.13447 0.187039   0.00142919  -0.00232095 -0.000601213  0.00175651 -0.00445558 -0.00169734 -5.92242e-05 -3.55766e-05  9.23228e-05 -0.000159389 -8.17327e-05 -3.51057e-05 0.999785        0        0
             2.59985  0.213237 -0.101335  0.144314  0.00103883 -0.00156885  0.00155369 -0.000440616 -0.000193211    0.0125334  -7.1357e-05 -3.95855e-05  9.76145e-05  -0.00014702 -0.000100828 -9.30784e-05 0.999819        0        0
             2.70017  0.118695 -0.109085  0.198637  0.00081169 -0.00233733 0.000465326 -0.00456862 -0.00336683  0.00323484   -5.767e-05 -4.12059e-05  9.79894e-05 -0.000147173 -8.85686e-05  -5.6195e-05 0.99867       0       0
             2.70017   0.273664 -0.0672631   0.119779 0.000409155 -0.00140508  0.00157948 -0.00736871  0.00251149   0.0103895 -7.57901e-05 -4.60797e-05  0.000107794 -0.000133466 -0.000115581 -8.54546e-05 0.99869       0       0
             2.80001  0.0952814 -0.0994265   0.164203  0.00131631 -0.00134728 0.000406492  -0.0010789 0.000238668 0.000723257 -5.46802e-05 -4.51154e-05  0.000107962 -0.000165859 -0.000113106 -5.02126e-05 0.999325        0        0
             2.80001   0.251667 -0.0990504   0.133748   0.00063775 -0.000891135   0.00237634 -0.00637301  0.00211138   0.0137135  -7.3336e-05 -4.48887e-05  0.000111766 -0.000142283 -0.000124602 -0.000104104 0.999365        0        0
             2.89985   0.103032 -0.0847953    0.15602 0.000586756 -0.00164007 0.000573898  -0.00431583  -0.00129908 -0.000225554 -5.72233e-05 -4.84141e-05   0.00011369 -0.000154244 -0.000107889 -5.19999e-05 0.999504        0        0
             2.89985   0.288228 -0.0663941   0.129931 8.41445e-05 -5.3439e-05  0.00111829 -0.00823414  0.00948094   0.0027129 -7.86849e-05 -5.02924e-05  0.000117189 -0.000137325 -0.000155807 -6.41105e-05 0.999517        0        0
             3.00017 0.0856479 -0.115111  0.158167  0.000752339  -0.00130644 -0.000332123 -0.00235229 -0.00128394 -0.00453566 -5.48529e-05 -4.73159e-05  0.000119918 -0.000168213 -0.000117752 -3.67864e-05 0.998969        0        0
             3.00017   0.254897 -0.0482402   0.134613 0.000223135 -0.00146991 0.000812736  -0.006179 -0.0039688 0.00303878 -7.58237e-05 -5.52389e-05  0.000122812 -0.000149197 -0.000111675 -6.81749e-05 0.998996        0        0
             3.10001  0.118063 -0.118807  0.200863 0.000592697 -0.00276113 2.88896e-06  -0.00338591  -0.00820745 -0.000597403 -5.53531e-05 -5.03049e-05  0.000122237 -0.000171529 -9.59398e-05 -5.00172e-05 0.998478        0        0
             3.10001   0.392939 -0.0799449   0.143833  0.000165751 -0.000972185  0.000795163 -0.00636723  0.00350329   0.0039904 -8.76229e-05 -5.48068e-05  0.000129637 -0.000157326 -0.000150226 -6.89594e-05 0.998488        0        0
             3.19985  0.109182 -0.148573  0.175169  0.00128788 -0.00207092 -0.00125538 -0.00063264 -0.00430379 -0.00603141  -5.4755e-05 -4.98039e-05  0.000130924 -0.000196075 -0.000126014 -3.08128e-05 0.999046        0        0
             3.19985  0.350977 -0.124922  0.146602  0.000336377 -0.000615479   0.00112025 -0.00797385  0.00421942  0.00912058 -8.38589e-05 -5.21966e-05  0.000134716 -0.000162507 -0.000166802 -9.42915e-05 0.999094        0        0
             3.30017 0.150577 -0.15931 0.186807 0.000802031 -0.00213817 -0.00133736 -0.00569077 -0.00326703 -0.00479044 -5.63331e-05 -5.07898e-05  0.000136745 -0.000191309 -0.000133186 -4.05449e-05 0.998044        0        0
             3.30017   0.257326 -0.0685782   0.064326  0.000480465  0.000204662 -0.000795554 -0.00716244   0.0136692 -0.00196861  -6.7903e-05 -6.19063e-05   0.00015251 -0.000181905 -0.000203862 -5.15071e-05 0.99805       0       0
             3.40001 0.0437953 -0.138771 0.0995391 0.000160275  6.4566e-05 -0.00048936 -0.00561499  0.00545231  -0.0012029 -4.66434e-05 -5.48223e-05  0.000152404  -0.00018899 -0.000174644 -6.05676e-05 0.997994        0        0
             3.40001  0.158121 -0.061685  0.116156 -0.00029939 -0.00141689 0.000232882 -0.00973884 -0.00660158  0.00403591 -6.20572e-05 -6.41011e-05  0.000150077 -0.000168742 -0.000129173 -8.27673e-05 0.998024        0        0
             3.49985 0.0469653 -0.134451  0.159418  0.000341016  -0.00256758 -0.000333386  -0.00430471  -0.00815485 -6.83796e-06 -5.20941e-05 -5.78517e-05  0.000149645 -0.000207298 -0.000122967 -6.62305e-05 0.998393        0        0
             3.49985    0.34075 -0.0963348    0.10814   6.2216e-05 -0.000441992  0.000708279 -0.00562331  0.00595925  0.00610065 -8.71701e-05 -6.25582e-05  0.000156508 -0.000199236 -0.000188685 -9.18341e-05 0.9984      0      0
             3.60018  0.118719 -0.144322  0.153645   0.00130323  -0.00133644 -0.000811832  0.00103603   -0.001116 -0.00130259 -5.99855e-05 -5.94986e-05   0.00015651 -0.000235154 -0.000161274 -5.60853e-05 0.998616        0        0
             3.60018 0.243086 -0.10281 0.113875   0.00057158 -0.000748048  0.000341326 -0.00494065  0.00208313  0.00604355 -7.52432e-05 -6.41787e-05   0.00016166  -0.00020775 -0.000177611 -8.74052e-05 0.998646        0        0
             3.70002 0.0968148 -0.142522  0.154576  0.000369212  -0.00166973 -0.000575445  -0.00671066 -0.000536232  0.000646943 -5.62318e-05 -6.19493e-05  0.000162134   -0.0002198 -0.000155902  -6.5032e-05 0.998518        0        0
             3.70002   0.337419 -0.0886505   0.119967  0.000135927 -0.000597169  0.000884567 -0.00759455   0.0057283   0.0100582 -8.56823e-05 -6.88059e-05  0.000166734 -0.000212514 -0.000188405 -0.000104844 0.998538        0        0
             3.79986 0.109987 -0.13089 0.148129  0.000851128  -0.00143194 -0.000358064 -0.00126439 -0.00381067  0.00110589 -5.81992e-05 -6.58779e-05  0.000168289 -0.000241234 -0.000165051 -6.95643e-05 0.998462        0        0
             3.79986 0.262955 -0.06434 0.173387  0.000383066  -0.00103609 -6.39771e-05 -0.00514502 -0.00189217  0.00282608 -7.73846e-05 -7.39424e-05   0.00016517 -0.000222652 -0.000177738  -7.6743e-05 0.998476        0        0
             3.90018  0.064088 -0.136632  0.192277   0.00136306  -0.00330712 -0.000561376 -0.00246028 -0.00894803 -0.00258185 -5.59794e-05 -6.71818e-05  0.000167554 -0.000258142 -0.000137828  -6.7304e-05 0.998835        0        0
             3.90018  0.375946 -0.121489  0.169473  0.000631383 -8.03705e-05  0.000148418 -0.00785571   0.0139657 0.000806853 -9.27862e-05 -6.85894e-05  0.000171167  -0.00023428  -0.00024164 -8.18043e-05 0.99885       0       0
             4.00002  0.100231 -0.166355  0.178868  0.00120705 -0.00173846 -0.00175718   -0.001776  -0.0011661 -0.00833834 -6.25067e-05 -6.50537e-05  0.000174718 -0.000261976 -0.000185052 -4.83492e-05 0.998486        0        0
             4.00002   0.229307 -0.0617941   0.142498  0.000869827 -0.000790229  -0.00056402  -0.00336377   0.00497518 -0.000642751 -7.82021e-05 -7.82708e-05  0.000179572 -0.000250548 -0.000213886 -8.07281e-05 0.998505        0        0
             4.09986  0.097514 -0.135684  0.188472   0.00107689  -0.00219622 -4.37823e-05 -0.00339439 -0.00281315  0.00165132 -6.00684e-05 -7.19475e-05  0.000180489 -0.000264641 -0.000178633 -9.04669e-05 0.998192        0        0
             4.09986  0.32789 -0.15475 0.202732  0.000689338 -0.000583531   0.00119193 -0.00589214  0.00788549  0.00934949 -8.85483e-05 -6.93792e-05    0.0001789 -0.000253165 -0.000230044 -0.000123938 0.998209        0        0
             4.20018  0.142083 -0.154927  0.215464 0.000668171 -0.00290927 -0.00104636 -0.00567878 -0.00593688 -0.00167971  -6.3826e-05 -7.21025e-05  0.000183807 -0.000265784 -0.000172192 -6.99346e-05 0.999051        0        0
             4.20018   0.218148 -0.0728177   0.123678 7.61491e-05 -0.00161758 0.000145909 -0.00914721  0.00302472  0.00559671 -7.26838e-05  -8.2399e-05  0.000195924 -0.000246801 -0.000211379 -0.000100981 0.999075        0        0
             4.30002 0.0994772 -0.145165  0.178566   0.00084765  -0.00185851 -0.000380453  -0.00560652 -0.000244945   0.00251931 -5.57182e-05 -7.68102e-05  0.000195231 -0.000283723 -0.000203919 -8.59567e-05 0.998166        0        0
             4.30002  0.306939 -0.167666  0.170109   0.00059898 -0.000639206   0.00186368 -0.0065482 0.00694215  0.0170506 -8.16131e-05 -7.41337e-05  0.000196525 -0.000277236 -0.000240222 -0.000149606 0.998194        0        0
             4.39986 0.0888096 -0.139096  0.177667   0.00119088   -0.0020805 -0.000318292 -0.0022805 -0.0017752 0.00129114 -5.53512e-05    -8.03e-05  0.000200757 -0.000301959 -0.000199532 -8.57332e-05 0.997867        0        0
             4.39986   0.211108 -0.0667187   0.131921  0.000396717 -0.000974913  0.000801053 -0.00751074  0.00545025  0.00796557 -7.04928e-05 -8.92553e-05  0.000206932 -0.000275729 -0.000233327 -0.000114629 0.997892        0        0
             4.50018 0.0889252 -0.117676  0.170446  0.00106664 -0.00176236 0.000274939  -0.00276849 -0.000700379  0.000404695 -5.41973e-05 -8.57413e-05  0.000207913 -0.000303857 -0.000210498 -9.47374e-05 0.998017        0        0
             4.50018  0.340114 -0.199297  0.155843 0.000323646 6.69239e-05  0.00313438 -0.00827644   0.0102594   0.0184874 -8.55675e-05 -7.49514e-05  0.000210116 -0.000278719 -0.000264191 -0.000175465 0.998057        0        0
             4.60002 0.126674 -0.12684 0.162041  0.000312763  -0.00138752 -0.000638621  -0.00794803 -0.000864157  -0.00621434 -5.88267e-05 -8.63415e-05  0.000216245 -0.000297042 -0.000219562 -7.63648e-05 0.998881        0        0
             4.60002   0.332745 -0.0587336   0.188072  4.60103e-05 -0.000144855   0.00118175 -0.00832053  0.00647354  0.00526974 -8.50282e-05 -9.54539e-05  0.000213048 -0.000290445 -0.000257215 -0.000126626 0.998912        0        0
             4.69986  0.103326 -0.119084  0.217948     0.001011  -0.00335537 -0.000105784 -0.000932899  -0.00927168 -0.000883972 -5.51456e-05  -9.0846e-05  0.000216401 -0.000327802 -0.000186074 -9.64958e-05 0.999971        0        0
             4.69986  0.309808 -0.125496  0.174793 0.000193374 -0.00120198  0.00207609 -0.00638373  0.00499032   0.0126817 -8.06188e-05 -8.97297e-05  0.000222516 -0.000301431 -0.000252857 -0.000156951 1.00001       0       0
             4.80018  0.128381 -0.129306  0.198825  0.000873214  -0.00234269 -0.000356101 -0.00189737 -0.00264259 0.000218893 -5.74029e-05 -9.28372e-05  0.000225953 -0.000327412 -0.000224527 -9.09441e-05 0.999105        0        0
             4.80018  0.386156 -0.128693  0.175008 0.000697574 -0.00103024  0.00115547 -0.0021032 0.00532134 0.00980867 -9.03714e-05 -9.30861e-05  0.000229351  -0.00032439 -0.000266648 -0.000133823 0.999125        0        0
             4.90002   0.12296 -0.134865  0.199058   0.00131763  -0.00276158 -0.000867398  -0.0038537 -0.00488212 -0.00222788 -5.73489e-05 -9.40244e-05  0.000231009 -0.000344175 -0.000223218 -8.55951e-05 0.998901        0        0
             4.90002  0.287139 -0.135607  0.170101  0.000487254 -0.000848682   0.00161757 -0.00946829  0.00783264   0.0136865 -7.75911e-05 -9.35798e-05  0.000235222 -0.000316533 -0.000282611 -0.000157091 0.998943        0        0
             4.99986 0.0886465 -0.128996  0.169627    0.0012236  -0.00195534 -0.000625556 -0.00139622 -0.00073245 -0.00293046 -5.57022e-05 -9.64374e-05  0.000238736 -0.000349066 -0.000248227 -9.64825e-05 0.998976        0        0
             4.99986  0.368942 -0.136464  0.168318 0.000567586 0.000383815  0.00150732 -0.00493776   0.0145129   0.0101794 -9.11067e-05 -9.53208e-05  0.000239378 -0.000330753 -0.000322854  -0.00015545 0.999009        0        0
             5.10018  0.131726 -0.126982  0.165788   0.00111908  -0.00145066 -0.000492017 -0.00384137  3.3375e-05 -0.00369447 -6.34677e-05 -9.87218e-05   0.00024498  -0.00035183 -0.000260034 -0.000102345 0.998352        0        0
             5.10018  0.241479 -0.109467  0.159659 0.000246231 -0.00105981  0.00178981 -0.00944615  0.00131662    0.011151 -7.78105e-05 -0.000100769   0.00024588 -0.000323392 -0.000268973 -0.000169455 0.998408        0        0
             5.20002 0.0548829 -0.112343  0.169255  0.00067656 -0.00250603 1.18988e-05  -0.00471578  -0.00509949 -0.000144001 -5.88365e-05 -0.000102387  0.000249202 -0.000351898  -0.00023951 -0.000115939 0.998211        0        0
             5.20002  0.384838 -0.070852  0.122786 -7.45931e-05 -0.000131707   0.00148614 -0.00926047   0.0105401  0.00861158 -0.000101265 -0.000107564  0.000255915 -0.000328462 -0.000317566 -0.000155303 0.998239        0        0
             5.29986  0.127503 -0.120144  0.155572  0.000940667  -0.00140762 -0.000260855 -0.00225304  0.00098616 0.000124521 -6.69863e-05  -0.00010417  0.000256897 -0.000368538 -0.000273148 -0.000108881 0.999344        0        0
             5.29986   0.256058 -0.0947265   0.171769 0.000238567 2.30258e-05  0.00185558 -0.00684772   0.0103895   0.0138573 -8.32242e-05 -0.000107389  0.000254988 -0.000344611  -0.00031813 -0.000171177 0.999381        0        0
             5.40018 0.0662457 -0.102019  0.153758  0.00121698 -0.00183682  0.00026715 -0.00312507 -0.00254756  0.00318621 -6.47587e-05 -0.000108796  0.000261431 -0.000382133 -0.000264542  -0.00012105 0.999386        0        0
             5.40018  0.407093 -0.129473  0.196522 0.000394134 0.000234242    0.001096 -0.00958026   0.0107298  0.00768711 -0.000109074 -0.000104588  0.000256069 -0.000353254 -0.000334187 -0.000142141 0.999405        0        0
             5.50002  0.119653 -0.143616  0.183787  0.00088454 -0.00240505 -0.00118356 -0.00460189 -0.00568094 -0.00401693 -7.37218e-05 -0.000105244  0.000262987 -0.000381379 -0.000262678 -9.21424e-05 0.999006        0        0
             5.50002   0.219846 -0.0900185   0.181138 0.000643568 -0.00164005  0.00043566 -0.00525062 -0.00110685  0.00654605 -8.67156e-05 -0.000112615  0.000263499 -0.000374293 -0.000285816 -0.000140084 0.999029        0        0
             5.59987 0.0752972 -0.129632   0.20766   0.00090167  -0.00319539 -0.000229326  -0.00343882   -0.0077856 -0.000781001 -6.87076e-05 -0.000109629  0.000265819 -0.000391725 -0.000257668 -0.000119227 0.998853        0        0
             5.59987  0.278976 -0.108579   0.11378 -8.70687e-05  -0.00281234   0.00259306 -0.0106068 -0.0072014  0.0177332 -9.64046e-05 -0.000111971  0.000278766 -0.000355064 -0.000265772 -0.000204599 0.998904        0        0
             5.70019   0.126619 -0.0973414   0.178224 0.000148026 -0.00187551 0.000470027  -0.00600045 -0.000588908 -0.000580032 -7.32444e-05 -0.000116324  0.000276897 -0.000385724 -0.000298959 -0.000131183 0.998568        0        0
             5.70019   0.158412 -0.0563344  0.0966912 -0.000553969 -0.000521524   0.00145838 -0.0113715 0.00893194 0.00537015 -7.65458e-05 -0.000121451  0.000288354 -0.000358856 -0.000341484 -0.000158453 0.998595        0        0
             5.80003 0.0220471 -0.108611  0.111985  0.000750642 -0.000277318 -6.91103e-05 -0.00109901  0.00717665 -0.00266412 -6.50899e-05 -0.000117151  0.000290929 -0.000414009 -0.000329518 -0.000118005 0.9989      0      0
             5.80003  0.298727 -0.157858  0.147003 0.000295275 0.000774287  0.00178556 -0.0041408  0.0127166 0.00912395 -0.000102129 -0.000110427  0.000286328 -0.000399122  -0.00036331 -0.000173255 0.998929        0        0
             5.89987 0.0684562 -0.137689  0.124023  0.00107134 -0.00143481  -0.0010492 -0.00199368 -0.00204063 -0.00409975 -7.77642e-05 -0.000115227  0.000292862 -0.000426141 -0.000298014 -0.000104973 0.999409        0        0
             5.89987   0.160357 -0.0830515   0.137227 0.000359343 -0.00093619  0.00126012 -0.00596018 0.000178867   0.0107139 -9.01357e-05 -0.000122565  0.000291125  -0.00040268 -0.000310862 -0.000173487 0.999455        0        0
             6.00019 0.0753597 -0.114823  0.169149  0.00095494 -0.00228465 0.000319468 -0.00277666 -0.00578618   0.0046402 -7.85805e-05 -0.000121482  0.000293485 -0.000428554 -0.000286452 -0.000140021 0.998821        0        0
             6.00019  0.344456 -0.170339  0.143662 0.000304885 -0.00105122  0.00132477 -0.00803977  0.00144708   0.0106663 -0.000114781 -0.000113421  0.000297204 -0.000405129 -0.000327529 -0.000168971 0.998843        0        0
             6.10003  0.125562 -0.147661  0.162107 0.000386995 -0.00184824 -0.00126807 -0.00617652 -0.00303422 -0.00424189 -8.61627e-05 -0.000118754  0.000300229  -0.00042427 -0.000309644  -0.00010525 0.998722        0        0
             6.10003   0.210052 -0.0550122   0.137621 -0.000378804  -0.00168658   0.00112804  -0.0106784 -0.00331562   0.0113493  -9.7833e-05 -0.000131348  0.000303686 -0.000397055  -0.00031066 -0.000177617 0.998771        0        0
             6.19987 0.0657941 -0.115625  0.176082  0.00119953 -0.00256563 0.000105587 -0.00118965 -0.00572787 0.000374067 -8.05955e-05 -0.000125776  0.000303452 -0.000456049 -0.000301173 -0.000141979 0.998746        0        0
             6.19987   0.242012 -0.0629211   0.129182 0.00015343 -0.0011435 0.00110824  -0.010239 0.00356985 0.00635182 -0.000104079 -0.000132272  0.000310287 -0.000411744 -0.000348455 -0.000170088 0.998778        0        0
             6.30019 0.0711686 -0.112308  0.171333 0.000984417 -0.00186292 1.23467e-05 -0.000937911  -0.00154084  -0.00212714 -8.29246e-05 -0.000128293  0.000310304 -0.000454856  -0.00032686 -0.000137007 0.99913       0       0
             6.30019   0.173508 -0.0781514   0.105586   0.00051881 -0.000937106   0.00105191 -0.00448598  0.00452988  0.00448339 -9.6512e-05 -0.00013279  0.00031968 -0.000436051 -0.000357146 -0.000168122 0.99915       0       0
             6.40003  0.0457763 -0.0988271   0.133352 0.000616363 -0.00105771 0.000278159 -0.00437215  0.00204538  -0.0018554 -8.36914e-05 -0.000132256  0.000320878 -0.000450995 -0.000346211 -0.000144207 0.99906       0       0
             6.40003    0.30284 -0.0895769   0.159568   0.0002482 0.000185054  0.00129955 -0.00706042  0.00974373  0.00456627  -0.00011881 -0.000133409  0.000317433 -0.000436947 -0.000389978 -0.000174728 0.999077        0        0
             6.49987  0.104493 -0.120861  0.168488  0.000781628   -0.0020516 -0.000566463 -0.00317248 -0.00508007 -0.00345927 -9.32985e-05 -0.000132424  0.000322462 -0.000468386 -0.000326019 -0.000132798 0.998171        0        0
             6.49987   0.279218 -0.0888818   0.125698 -9.69245e-05 -0.000827666   0.00133648 -0.00942311  0.00252521  0.00870879 -0.000116995 -0.000136513  0.000328724 -0.000435624 -0.000366172 -0.000190692 0.998208        0        0
             6.60027  0.111528 -0.127588  0.155182   0.00112702  -0.00178926 -0.000623148 -0.000151592  -0.00332248  -0.00274684 -9.48535e-05 -0.000134198  0.000329856 -0.000481752 -0.000343739 -0.000140302 0.998847        0        0
             6.60027  0.357216 -0.131414  0.182405 0.000811959 0.000243288 -0.00060598  -0.0027081   0.0109443 -0.00355447 -0.000127703 -0.000133377  0.000326459 -0.000469939 -0.000417935  -0.00013649 0.998843        0        0
             6.70011  0.082421 -0.180779  0.181704  0.00136273 -0.00260671 -0.00222466 -0.00236035 -0.00644592  -0.0103984 -9.31656e-05 -0.000129096  0.000331551 -0.000494233 -0.000335123 -0.000118275 0.998046        0        0
             6.70011  0.291576 -0.146012  0.146966  0.000217382 -0.000216816   0.00138332 -0.00960564  0.00939179   0.0130383 -0.000120792 -0.000133612  0.000336951 -0.000454214 -0.000414017 -0.000230078 0.998104        0        0
             6.79995 0.0897436 -0.133951  0.151871  0.000363179   -0.0015252 -0.000501186  -0.00623513 -0.000856474 -0.000921929 -9.74012e-05 -0.000137126  0.000341236 -0.000478936 -0.000369673  -0.00016929 0.998623        0        0
             6.79995   0.291314 -0.0586048   0.147256   0.00029557 -0.000607443  0.000248027 -0.00559152  0.00478559  0.00380264 -0.000125343 -0.000147952  0.000342104 -0.000478111 -0.000402456 -0.000191244 0.998631        0        0
             6.90027  0.113014 -0.134596  0.180426   0.00126399  -0.00209977 -0.000162849 -0.00106837 -0.00362652 0.000918436 -9.77623e-05 -0.000140927  0.000344367 -0.000513654 -0.000361244 -0.000176446 0.998637        0        0
             6.90027  0.354321 -0.101738  0.134826 0.000112565  -0.0011144  0.00278449 -0.00945706  0.00138563   0.0201942 -0.000131097 -0.000145156  0.000351045 -0.000468994 -0.000391889 -0.000269413 0.998688        0        0
             7.00011   0.107867 -0.0873435   0.179142   0.0011189 -0.00216368  0.00129545 -0.00101324 -0.00312166  0.00735043 -9.55525e-05 -0.000150562  0.000351893 -0.000512983  -0.00036745  -0.00020149 0.99875       0       0
             7.00011  0.297286 -0.074838  0.137769 0.000585693 -0.00115968  0.00210157 -0.00480566  0.00301871   0.0121523 -0.000121718 -0.000151993  0.000357979 -0.000493631 -0.000401877 -0.000224675 0.99877       0       0
             7.09995  0.0775207 -0.0765685   0.157214  0.00106514  -0.0015801 0.000802416   -0.0015795 -0.000505318   0.00280145 -9.75283e-05 -0.000154271  0.000359683 -0.000514225 -0.000388099 -0.000178174 0.998561        0        0
             7.09995   0.248357 -0.0858984   0.103632 -4.24274e-05 -0.000266477   0.00226841 -0.0111864 0.00777641  0.0120133 -0.000121141 -0.000151973  0.000367634 -0.000467529 -0.000431709 -0.000223243 0.998596        0        0
             7.20027   0.121407 -0.0901163   0.131012  0.000551987 -0.000427342  0.000306052 -0.00659838  0.00274452 -0.00175421 -0.000102001 -0.000154926  0.000370761 -0.000509914  -0.00041458 -0.000164543 0.998828        0        0
             7.20027   0.339466 -0.0471289   0.150233 -0.000259877   0.00166189   0.00123565 -0.0121251  0.0167046 0.00341076 -0.000131462 -0.000160578  0.000368521 -0.000480782 -0.000487417 -0.000189329 0.998847        0        0
             7.30011 0.0476921 -0.108223  0.123753  0.000852069  -0.00138415 -0.000428314 -0.00257783 -0.00252009  -0.0048645  -9.8638e-05 -0.000154401  0.000375814  -0.00053145 -0.000389537 -0.000155988 0.999695        0        0
             7.30011  0.337797 -0.100202  0.145217  -0.00061817 -0.000536764   0.00156518 -0.0143567 0.00121728 0.00777912 -0.000139892 -0.000154537  0.000372878 -0.000472651 -0.000416988 -0.000218119 0.999745        0        0
             7.39995  0.109146 -0.146051  0.163382  0.00110917 -0.00209037 -0.00135718 -0.00191808 -0.00590802  -0.0073129  -0.00010914 -0.000151446  0.000375976 -0.000545557 -0.000384418 -0.000147325 0.999296        0        0
             7.39995   0.213015 -0.0941963   0.136208 0.000246834 -0.00102174 0.000744654 -0.00799604 0.000772364  0.00625614 -0.000123462 -0.000158551  0.000380136 -0.000511771 -0.000418775 -0.000213302 0.999335        0        0
             7.50027 0.0670103  -0.14048  0.167063  0.000980384  -0.00226575 -0.000740792 -0.00399983  -0.0044294 -0.00227371 -0.000105126 -0.000154576  0.000381247 -0.000551825 -0.000391939 -0.000173291 0.998318        0        0
             7.50027   0.314793 -0.0899865   0.126885 8.23419e-05 -0.00141235 0.000432257  -0.0110871 0.000106023  0.00505173 -0.000140245 -0.000161305  0.000387259 -0.000514464 -0.000421499 -0.000209314 0.998346        0        0
             7.60011    0.1153 -0.158226  0.184098 0.000922594 -0.00212996 -0.00100119 -0.00375562 -0.00340542 -0.00192519 -0.000108193 -0.000155494  0.000386821 -0.000561598 -0.000406439 -0.000172678 0.998189        0        0
             7.60011  0.242597 -0.109804  0.143263  0.000253099 -0.000829889   0.00153949 -0.0083375  0.0049275  0.0147366 -0.000125773   -0.0001623  0.000393021 -0.000534283 -0.000449536 -0.000254443 0.998229        0        0
             7.69995 0.0907388 -0.115796  0.157146 0.000677802 -0.00166842 0.000102709  -0.00483933 -0.000618816   0.00290084 -0.000107276 -0.000163971  0.000396066 -0.000565184  -0.00042214 -0.000199043 0.998573        0        0
             7.69995  0.284376 -0.061124  0.102244  0.000129294 -0.000586061   0.00138139 -0.00854603  0.00611804     0.01104 -0.000134949 -0.000171688  0.000404404 -0.000543544 -0.000460373 -0.000239034 0.998597        0        0
             7.80027 0.0838677 -0.102536  0.144352 0.000774992 -0.00134826 0.000388499  -0.00297798 -3.53809e-05    0.0020718 -0.000106758 -0.000168348   0.00040395 -0.000578988  -0.00043152 -0.000199631 0.998233        0        0
             7.80027   0.239819 -0.0845733   0.135365  0.000113582 -0.000631889   0.00186203 -0.00841537   0.0039519   0.0117386 -0.000128996 -0.000170636   0.00040545 -0.000549919 -0.000455866 -0.000247945 0.998264        0        0
             7.90011  0.115587 -0.105755  0.172617 0.000789352 -0.00202123 0.000184926  -0.00273024  -0.00375974 -0.000631717  -0.00011048 -0.000170882  0.000407038 -0.000587493 -0.000419105 -0.000191718 0.998415        0        0
             7.90011   0.318207 -0.0577077   0.142703 -0.000120146 -9.11311e-05   0.00144714 -0.00961849  0.00943871  0.00703683 -0.000138652 -0.000177307  0.000411867 -0.000550684 -0.000488911 -0.000229737 0.998439        0        0
             7.99995 0.0934209 -0.112881  0.155391   0.00119551  -0.00193974 -0.000566335 -0.000910848  -0.00339237  -0.00414402 -0.000110168 -0.000171743  0.000414141 -0.000604673  -0.00043197 -0.000178906 0.998995        0        0
             7.99995   0.216853 -0.0832707  0.0873434  3.87421e-05 -0.000719414   0.00106706 -0.0102117 0.00438918 0.00608175 -0.000127496 -0.000175287  0.000424446 -0.000556209 -0.000472725 -0.000229985 0.99903       0       0
             8.10027 0.0844724 -0.122598  0.131913  0.000666997 -0.000854145 -0.000397091 -0.00442009  0.00235481 -0.00179503 -0.000108522 -0.000172854  0.000424062 -0.000597121 -0.000460471 -0.000190848 0.998138        0        0
             8.10027  0.353289 -0.103694 0.0839953 0.000257416  0.00140719  0.00117745 -0.00681494   0.0175222  0.00797673 -0.000146477 -0.000175561  0.000431605  -0.00058231 -0.000542449 -0.000239587 0.998158        0        0
             8.20011 0.0845356 -0.126951 0.0970899   0.00106521 -3.35983e-05 -0.000645134 -0.00228494  0.00322746 -0.00195004 -0.000114209 -0.000174586  0.000434545 -0.000620176  -0.00047661 -0.000189693 0.998118        0        0
             8.20011  0.270162 -0.121238  0.107663  0.00026706 0.000309012 0.000863309 -0.00865999  0.00408876  0.00781439 -0.000141584 -0.000174914  0.000433041 -0.000586593 -0.000487322 -0.000239081 0.99815       0       0
             8.29995  0.109127 -0.146443  0.131512  0.000443483  -0.00144634 -0.000892496 -0.00703574 -0.00527958 -0.00424369 -0.000118922 -0.000174188  0.000436185  -0.00061385 -0.000441553 -0.000190872 0.99868       0       0
             8.29995  0.354541 -0.114576 0.0982821  -8.767e-05  0.00109057 0.000848713 -0.0100653  0.0119621 0.00651428 -0.000153741 -0.000178787  0.000441629 -0.000595078 -0.000533239 -0.000244653 0.998701        0        0
             8.40027  0.100082 -0.146591  0.101741   0.00119466 -0.000425307 -0.000931695   0.00135985 -0.000342863  -0.00324777 -0.000120558 -0.000177155  0.000445662 -0.000646778 -0.000474916 -0.000195634 0.997791        0        0
             8.40027  0.246948 -0.105675  0.112024 5.70719e-05 0.000467471  0.00133196 -0.00732617  0.00446214   0.0111574 -0.000141726   -0.0001827  0.000444357 -0.000598737 -0.000503266 -0.000268675 0.997843        0        0
             8.50011  0.128977 -0.128633  0.127117  0.000912864  -0.00135556 -0.000141121 -0.00480142 -0.00444575 0.000758482   -0.0001234 -0.000182895  0.000448716 -0.000640848 -0.000457303 -0.000217225 0.997986        0        0
             8.50011   0.386178 -0.0733049   0.135276 0.000286497 0.000280938 0.000423008 -0.00949059  0.00618648  0.00376523 -0.00016049 -0.00019065 0.000447855 -0.000614829 -0.000518177 -0.000232168 0.997998        0        0
             8.59996 0.0736029 -0.131072  0.148703   0.00064747  -0.00220602 -0.000567068 -0.00505572 -0.00733958 0.000198071  -0.00011855 -0.000184545   0.00045079 -0.000647624 -0.000448775 -0.000207599 0.997165        0        0
             8.59996   0.284499 -0.0729598   0.114132 -0.000316837  -0.00116731   0.00157181  -0.0121266 -0.00161503    0.013892 -0.000149592 -0.000192667  0.000456232 -0.000607284 -0.000483682 -0.000276957 0.997203        0        0
              8.6998   0.12276 -0.128467  0.158929   0.00120008  -0.00176437 -0.000238569 -0.00097579 -0.00343998  0.00194314 -0.000124534 -0.000188578   0.00045626 -0.000673266 -0.000478398 -0.000215618 0.997905        0        0
              8.6998   0.300543 -0.0564743   0.111426  0.000438563 -0.000581661   0.00084305 -0.00717593  0.00410125   0.0086772 -0.000150685 -0.000198942  0.000463772 -0.000638209 -0.000521365 -0.000249636 0.997932        0        0
             8.80012 0.0920625  -0.11462  0.154752 0.000960502 -0.00161672 0.000108446 -0.00391696 -0.00308131  0.00105542 -0.000119266 -0.000193231  0.000463865 -0.000674008 -0.000487436 -0.000221411 0.99765       0       0
             8.80012   0.308869 -0.0799236   0.128069 -0.000230849 -6.43721e-06   0.00167323 -0.0139776 0.00724213  0.0107939 -0.000150899 -0.000197717  0.000468288 -0.000619961 -0.000546112 -0.000271755 0.997683        0        0
             8.89996 0.0988134 -0.112801  0.144607  0.000524306  -0.00167405 -9.16768e-05  -0.0032896 -0.00301758 -0.00157252 -0.000122477 -0.000195765  0.000471034 -0.000672283 -0.000495586  -0.00021423 0.997946        0        0
             8.89996  0.378483 -0.105953  0.175618  2.60119e-05 -1.73731e-05  0.000948051 -0.00682669  0.00776293  0.00467396 -0.000163715 -0.000196587  0.000466644 -0.000652647 -0.000559443 -0.000246518 0.997961        0        0
              8.9998   0.11551 -0.138441    0.1768  0.00121052 -0.00239201 -0.00107015 -0.00191703 -0.00634424  -0.0062897 -0.000126993 -0.000194673  0.000472526 -0.000702299 -0.000488426  -0.00019643 0.997989        0        0
              8.9998   0.237679 -0.0877118   0.127397 0.000127469 -0.00182751  0.00174213 -0.00958528 -0.00387603   0.0121688 -0.000145442   -0.0002019  0.000480243 -0.000657378 -0.000504407 -0.000291787 0.998045        0        0
             9.10012  0.105374 -0.110461    0.1719  0.00107069 -0.00195486  0.00015916 -0.00253154 -0.00245371  0.00195915 -0.000125835 -0.000201808  0.000480292 -0.000706463 -0.000511754 -0.000231852 0.998017        0        0
             9.10012  0.289751 -0.165357  0.147182 0.000334198 -6.9996e-05  0.00182069 -0.00869611   0.0104415   0.0123633 -0.000152511 -0.000193112  0.000484454 -0.000674951 -0.000582602 -0.000286588 0.998048        0        0
             9.19996 0.0646502 -0.139038  0.132336   0.00127966  -0.00111991 -0.000756102 -0.000270219   0.00206235  -0.00055185 -0.000124856 -0.000200084  0.000490465 -0.000719053  -0.00053734 -0.000208095 0.99743       0       0
             9.19996   0.203783 -0.0685861    0.10116  0.000263664 -0.000373478  0.000528069 -0.00738522  0.00641269  0.00727857 -0.000145681 -0.000210263  0.000495423 -0.000678315 -0.000563794 -0.000248414 0.997459        0        0
              9.2998 0.0362891 -0.117498  0.115529 0.000648127  -0.0012245 -3.8551e-05  -0.00669434 -0.000528326   0.00232293 -0.000128164 -0.000205242  0.000496616 -0.000708828 -0.000532202 -0.000228016 0.997087        0        0
              9.2998  0.315706 -0.140116  0.193169  8.83001e-05 -5.04101e-05   0.00189049 -0.0104984 0.00603317  0.0146565 -0.000170616 -0.000201612  0.000484756 -0.000687149  -0.00057598 -0.000292648 0.997115        0        0
             9.40012   0.12716 -0.141095  0.192337  0.000689763  -0.00292617 -0.000780618  -0.0039001 -0.00917786 -0.00241717 -0.000141187 -0.000204843  0.000492561 -0.000727833 -0.000500002 -0.000212196 0.997479        0        0
             9.40012  0.194793 -0.062524  0.137346 -9.34807e-05  -0.00263595  0.000113469 -0.00951015 -0.00778909  0.00314281 -0.000151436 -0.000216476  0.000501147 -0.000694702 -0.000508958 -0.000240875 0.997505        0        0
             9.49996 0.0651046 -0.141581   0.19645   0.00106363  -0.00312671 -0.000746869 -0.000696388  -0.00698219  -0.00443236 -0.000134482 -0.000207365   0.00049777 -0.000746442 -0.000516205 -0.000217849 0.997668        0        0
             9.49996  0.298809 -0.108607  0.147226 9.58993e-05 -0.00207738  0.00142169 -0.00859151 -0.00133123  0.00952462 -0.000169931 -0.000211832  0.000505619 -0.000701586 -0.000552653 -0.000291361 0.997714        0        0
              9.5998  0.112288 -0.135401  0.192952  0.000934905  -0.00232676 -0.000610984 -0.00392086 -0.00199822 -0.00366138 -0.000142056 -0.000211469  0.000505353 -0.000752481 -0.000550173  -0.00022578 0.996872        0        0
              9.5998 0.272833 -0.07101 0.137292 0.000347968 -0.00177022 0.000729485 -0.00843369 0.000703326  0.00503943 -0.000166919 -0.000221169  0.000514237 -0.000724874 -0.000569148 -0.000271305 0.996906        0        0
             9.70012 0.0525409 -0.125581  0.185545  0.000949853  -0.00248005 -0.000455938 -0.00131737  -0.0020743 0.000223238 -0.000138394  -0.00021527  0.000512313 -0.000762872 -0.000551655 -0.000234994 0.997343        0        0
             9.70012   0.26116 -0.162423  0.143818  0.000129402 -0.000699425   0.00214202 -0.00769878   0.0091997   0.0169789 -0.000169567 -0.000209333  0.000519189 -0.000727422 -0.000616315 -0.000324405 0.997384        0        0
             9.79996 0.0933727 -0.129933   0.15027  0.000313601  -0.00131791 -0.000381659 -0.00625179  0.00181623 0.000848023 -0.000146467 -0.000217308  0.000523835 -0.000751753 -0.000584488 -0.000238098 0.998     0     0
             9.79996  0.375591 -0.103021  0.133432 -0.000327615 -0.000660527  0.000914314 -0.0107302 0.00467748 0.00900652 -0.000190128 -0.000221201  0.000526619 -0.000725455 -0.000609556 -0.000281532 0.998019        0        0
              9.8998 0.100689  -0.1644 0.168779  0.00141817 -0.00199446 -0.00163074 -0.00152379 -0.00401747 -0.00575245 -0.000151968 -0.000215315  0.000526984 -0.000798714 -0.000570896 -0.000217075 0.997633        0        0
              9.8998   0.219743 -0.0784641  0.0596688 -0.000123761  0.000302201  0.000247025 -0.0144488  0.0122475 0.00594199 -0.000168872 -0.000227513  0.000544692 -0.000726067 -0.000657184 -0.000278999 0.99768       0       0
             10.0001 0.0685786 -0.136904 0.0980722  6.63992e-05  0.000108716 -0.000461714 -0.00697498  0.00631546 -0.00140294 -0.000149202 -0.000221207  0.000544154 -0.000769466 -0.000623323 -0.000253436 0.99759       0       0
             10.0001  0.326458 -0.071441  0.119191 -0.000435293   0.00136242  0.000100319 -0.0108405   0.014255 0.00185233 -0.000188746 -0.000231135  0.000541146 -0.000745986 -0.000674068 -0.000270479 0.997599        0        0
                10.1 0.0830058  -0.13246  0.116098 0.000615603 -0.00109416 -0.00034224 -0.00230151  -0.0031373 -0.00174367   -0.0001541 -0.000225064  0.000547381 -0.000803175 -0.000584469 -0.000257545 0.997876        0        0
                10.1  0.289053 -0.068536  0.169582 -0.000476252 -4.69998e-05   0.00121849 -0.0106707 0.00300642 0.00816129 -0.000185855 -0.000234452  0.000539166 -0.000754713 -0.000624184   -0.0003104 0.997913        0        0
             10.1998 0.0561009 -0.127931  0.164892    0.0012816  -0.00300564 -0.000359766 -0.000705163   -0.0102239 -0.000549165 -0.000155878 -0.000228592  0.000544518 -0.000831023 -0.000549322 -0.000259782 0.998581        0        0
             10.1998   0.400491 -0.0422736   0.153956 -0.000227142 -0.000955907 -0.000355963  -0.0137108   0.0035338 -0.00168038 -0.000209129 -0.000240809  0.000546717  -0.00076009 -0.000633358 -0.000253761 0.998602        0        0
             10.3001 0.0903098 -0.152709  0.192598 0.000828192 -0.00284096 -0.00119933 -0.00419762 -0.00637393 -0.00205946 -0.000161911   -0.0002271   0.00054676 -0.000823694 -0.000580038 -0.000241843 0.998302        0        0
             10.3001  0.201145 -0.013489 0.0775065 -0.000221018  -0.00113907 -4.58914e-05 -0.0126675 0.00572237 0.00496769 -0.000178184 -0.000248356  0.000565416 -0.000772115  -0.00064572 -0.000278666 0.998329        0        0
                10.4  0.116688 -0.113504  0.131308  0.000822751 -0.000389029  0.000302932 -0.00370556  0.00680642  0.00531055 -0.000163251 -0.000236313   0.00056356 -0.000837371 -0.000649347 -0.000280057 0.997902        0        0
                10.4  0.334749 -0.116657  0.149042 -0.000508939  0.000148484   0.00160425 -0.0160508 0.00893006  0.0135805 -0.000197623 -0.000234723  0.000560837 -0.000771058 -0.000668775 -0.000325568 0.997946        0        0
             10.4998  0.126149 -0.137333  0.153525  0.000325879  -0.00164985 -0.000741533 -0.00565688  -0.0034006 -0.00229807 -0.000163998 -0.000235328  0.000567055 -0.000837058 -0.000608858 -0.000252142 0.997971        0        0
             10.4998    0.12856 -0.0274055    0.10131 -0.000763628  -0.00127904  -0.00164985   -0.0150264 -0.000510856   -0.0089699 -0.000164059 -0.000251802  0.000575562 -0.000784961 -0.000623619 -0.000215517 0.997979        0        0
             10.6001 0.0678123 -0.141483  0.137046 -0.000129911   -0.0018238 -0.000819688 -0.00520213  -0.0035733 -0.00375406 -0.000157748  -0.00023695  0.000575267 -0.000839964 -0.000612185 -0.000255407 0.99794       0       0
             10.6001  0.360635 -0.104496  0.132209  -0.00157472 -0.000408851   0.00261168  -0.014448 0.00414597  0.0175513 -0.000203667 -0.000242231  0.000576329 -0.000782841 -0.000663314 -0.000370994 0.997977        0        0
                10.7  0.103319 -0.116759  0.130201 -0.000129482  -0.00143418 -0.000114339 -0.00568296 -0.00204886 -0.00126791 -0.000168307 -0.000243586  0.000581777 -0.000857578 -0.000630269 -0.000275813 0.998258        0        0
                10.7   0.21246 0.0180916 0.0888244 -0.00130208 0.000131841 3.03351e-05  -0.0148618  0.00888522 -0.00117348 -0.000184687 -0.000264244   0.00058883 -0.000803604 -0.000691273 -0.000275449 0.998277        0        0
             10.7998   0.11602 -0.124095  0.125715   0.00099112  -0.00059416 -0.000233382   0.00153294   0.00235868 -0.000271406 -0.000168892 -0.000246338  0.000590829 -0.000901239 -0.000655038 -0.000272318 0.997545        0        0
             10.7998   0.337452 -0.0938514   0.120064 -0.000219923  0.000279294  0.000547529 -0.00843041  0.00731748  0.00420361 -0.000203929 -0.000250353  0.000591945 -0.000846079 -0.000689567 -0.000297106 0.997566        0        0
             10.9001  0.125123 -0.151487   0.14342   0.0011676 -0.00176811 -0.00125103 -0.000514036  -0.00507689  -0.00260901 -0.000171602 -0.000244605  0.000594211  -0.00090414 -0.000626347 -0.000252176 0.997806        0        0
             10.9001    0.21408 -0.0390105  0.0784544 -0.000195944 -0.000480564 -0.000517756 -0.0118397 0.00376754 0.00154982 -0.000185079  -0.00026169  0.000605011  -0.00083833 -0.000675652 -0.000274439 0.997833        0        0
                  11  0.102102 -0.134805  0.116229  0.000601946 -0.000788354 -0.000339076 -0.00500335 8.48878e-05   0.0022029 -0.000169342 -0.000250356  0.000605204 -0.000893259 -0.000661156 -0.000280568 0.997622        0        0
                  11   0.361265 -0.0884741  0.0885485 -0.000228743  4.28359e-05  0.000935424 -0.0120715 0.00446271  0.0103626 -0.000210622 -0.000257229  0.000609881 -0.000851941  -0.00069406 -0.000325455 0.997651        0        0
             11.0998  0.134463 -0.139535  0.124788  0.000677198 -0.000835084 -0.000634422 -0.00324098 -0.00208215 -0.00127231 -0.000173263  -0.00025316  0.000611968 -0.000909445  -0.00066256 -0.000273172 0.997459        0        0
             11.0998   0.260135 -0.0214199   0.111377 -0.000583432 -0.000307731  0.000565526  -0.0141495 0.000641979  0.00638133 -0.000193486 -0.000271404  0.000614316 -0.000844559 -0.000681574 -0.000314844 0.997493        0        0
             11.2001 0.0694282  -0.11978  0.140858 0.000999424 -0.00199801 1.66227e-05 -0.000613639  -0.00680354 -0.000196424 -0.000165999 -0.000259177  0.000615776 -0.000927547 -0.000640088 -0.000291173 0.99836       0       0
             11.2001   0.319205 -0.0389032  0.0606353 -0.000543497 -0.000428334   0.00123161 -0.0133871  0.0034131 0.00693179  -0.00020537 -0.000271149  0.000629222 -0.000853657 -0.000703321 -0.000330476 0.998395        0        0
                11.3 0.0997081  -0.11551  0.115713  0.000696051 -0.000539301  -0.00031038 -0.00323826  0.00191873 -0.00248061 -0.000169383 -0.000261867  0.000627467 -0.000925404 -0.000691388 -0.000281118 0.998012        0        0
                11.3  0.345748 -0.120197 0.0960866 -0.000404156   0.00126065   0.00096523 -0.0130543  0.0141174 0.00535795 -0.000208398 -0.000260226  0.000630997 -0.000870918 -0.000765789 -0.000325181 0.998041        0        0
             11.3998 0.0814981 -0.156675 0.0913731  0.000800017 -0.000378322  -0.00159116 -0.00207144 0.000941423 -0.00599099 -0.000172721 -0.000257376  0.000636278 -0.000938821 -0.000693365 -0.000255929 0.998299        0        0
             11.3998   0.321459 -0.0781919  0.0807191 -0.00035843   0.0023437 -0.00118666  -0.0115414   0.0206595 -0.00459836 -0.000210309  -0.00026939  0.000638567 -0.000883795 -0.000808275 -0.000263253 0.998315        0        0
             11.5001  0.116377 -0.174241 0.0879123  0.000287679 -9.18108e-05  -0.00155535 -0.00716624 0.000247484 -0.00357646 -0.000174648 -0.000257865  0.000645285 -0.000935262 -0.000698729 -0.000273538 0.998477        0        0
             11.5001   0.367001 -0.0242611    0.12735 -0.000530013  0.000719652  0.000170101 -0.0125088 0.00432753 0.00761014 -0.000215241 -0.000282218  0.000639079 -0.000896897 -0.000730994 -0.000334851 0.998508        0        0
                11.6 0.0819202 -0.140682  0.145329  0.00104236 -0.00259375 -0.00038014 -0.00100629  -0.0119531  0.00215437 -0.000172145 -0.000266556  0.000642137 -0.000972998 -0.000639441 -0.000313741 0.997622        0        0
                11.6   0.369164 -0.0977787   0.146316 -0.000254287 -0.000241997  0.000401369 -0.0118175 0.00431205 0.00624168 -0.000218046 -0.000272635  0.000642393 -0.000911178 -0.000738396   -0.0003368 0.997646        0        0
             11.6998  0.106617 -0.159805   0.16025   0.0012735  -0.0020569 -0.00139828 -0.00076573 -0.00539068 -0.00514119 -0.000177926 -0.000265244  0.000646099 -0.000983637 -0.000683294 -0.000285626 0.997519        0        0
             11.6998   0.272557 -0.0757457  0.0952086 -0.000340068  -0.00112268  0.000830349  -0.0135663 2.06782e-05   0.0091361 -0.000204864   -0.0002781  0.000657155  -0.00090659 -0.000718166 -0.000365758 0.997564        0        0
             11.8001 0.0956385 -0.133144  0.152194  0.000430334  -0.00152144 -0.000144235 -0.00577493 -0.00196677 0.000205488 -0.000174357 -0.000272625  0.000656081 -0.000966986 -0.000707958  -0.00032322 0.997529        0        0
             11.8001   0.334799 -0.0223705  0.0988219 -0.000163077 -0.000407456 -0.000329936  -0.0107929  0.00518439 -0.00155593 -0.000213071 -0.000290342  0.000665217 -0.000935401 -0.000755895 -0.000312614 0.997536        0        0
                11.9  0.069535 -0.127003  0.130027  0.000537586   -0.0014724 -0.000460804  -0.00354316  -0.00131332 -0.000737313 -0.000174681 -0.000275926  0.000664768 -0.000988709 -0.000715022  -0.00031307 0.99826       0       0
                11.9   0.313448 -0.0311304   0.112095 -0.000231764  -0.00111541 -0.000737653   -0.0106265 -3.40192e-05  -0.00295587 -0.000214663 -0.000290963  0.000667857 -0.000946736 -0.000731712 -0.000300352 0.998269        0        0
             11.9998  0.110392 -0.153739  0.160378  0.00136597 -0.00214499 -0.00124833 -9.37711e-06  -0.00530974  -0.00285107 -0.000183039 -0.000274344   0.00066551  -0.00102254 -0.000706895 -0.000297555 0.998118        0        0
             11.9998   0.318891 -0.0605897   0.150195  0.000629506 -8.72388e-05  -0.00176056 -0.00636164  0.00922427 -0.00731186 -0.000216286  -0.00028911  0.000667586 -0.000984888 -0.000793835 -0.000271872 0.998118        0        0
             12.1001 0.0958626  -0.16654  0.166757  0.00109394 -0.00223581  -0.0015151 -0.00488615 -0.00418535 -0.00323726 -0.000183903 -0.000274426  0.000670213  -0.00102103 -0.000718404 -0.000300585 0.997876        0        0
             12.1001  0.337823 -0.126955   0.12975 9.53723e-05  -0.0015471 0.000146167  -0.0126051 -0.00106679  0.00734673   -0.0002239 -0.000280408  0.000676552 -0.000973962 -0.000744685 -0.000360545 0.997908        0        0
                12.2  0.104564 -0.171206  0.163636 0.000769555 -0.00197077 -0.00152393 -0.00383867 -0.00331989 -0.00314274 -0.000188337 -0.000276071  0.000676816  -0.00102528 -0.000737508  -0.00030941 0.997388        0        0
                12.2   0.183351 -0.0514339     0.1181 -0.000225356  -0.00114941 -0.000432376 -0.0122519 0.00195894  0.0037756 -0.000200915 -0.000295282  0.000684666 -0.000972313 -0.000768826 -0.000347902 0.99742       0       0
             12.2998 0.0989581 -0.143435  0.154915   0.00054598   -0.0017174 -0.000425658 -0.00528685 -0.00160813 0.000648354  -0.00018925 -0.000283673  0.000685059  -0.00103295 -0.000750831  -0.00034128 0.997639        0        0
             12.2998   0.320622 -0.0858346   0.119277 -0.00029543 -0.00108675 0.000300739  -0.012735 0.00153295 0.00516899 -0.000226218 -0.000292736  0.000691224 -0.000988296 -0.000776706 -0.000367018 0.997662        0        0
             12.4001 0.0807927 -0.153313  0.159085  0.000856402  -0.00187241 -0.000954566 -0.00273214 -0.00295241 -0.00220214 -0.000188044 -0.000284802  0.000691515  -0.00105896 -0.000752972 -0.000326312 0.997847        0        0
             12.4001   0.121128 -0.0309718  0.0645333 0.000270084 -0.00157109 -0.00131378  -0.00796776 -0.000786159    -0.004858 -0.000194603 -0.000304755  0.000707529  -0.00102543   -0.0007656 -0.000310235 0.997855        0        0
                12.5 0.0817748 -0.130424  0.131439  0.000352345  -0.00104953 -0.000219512 -0.00517854  0.00182849  0.00180621  -0.00018948 -0.000291194  0.000703248  -0.00105546 -0.000779292 -0.000346837 0.997005        0        0
                12.5   0.282802 -0.0927976    0.11004 -0.000695995 -0.000790645   0.00211062 -0.0125103 0.00174037   0.016564 -0.000223189 -0.000297071  0.000706922  -0.00100843 -0.000786626 -0.000431271 0.997046        0        0
             12.5998 0.0653256 -0.108313  0.124269 0.000268636 -0.00123347 0.000280984  -0.00565059 -0.000732935   0.00337347 -0.000192898 -0.000297474   0.00071014   -0.0010692  -0.00077177 -0.000355334 0.997491        0        0
             12.5998   0.209758 -0.0347297  0.0939773 -0.000581268   -0.0010676  0.000196059   -0.0132977 -0.000421506   0.00255437  -0.00021728 -0.000309073  0.000715356  -0.00102391 -0.000779183 -0.000350567 0.997511        0        0
             12.7001 0.0548567 -0.125588  0.135953  0.000745174   -0.0016352 -0.000358495  -0.00119802  -0.00231137 -0.000975345  -0.00019654 -0.000297593  0.000713836    -0.001097 -0.000766693 -0.000334907 0.997045        0        0
             12.7001  0.320307 -0.126087  0.152126 0.000101879 -0.00102468 0.000172188 -0.00709572 0.000625301  0.00221576 -0.000241165 -0.000296972  0.000711216   -0.0010632 -0.000794135 -0.000353847 0.997062        0        0
                12.8  0.110703 -0.161273  0.172956  0.00142363  -0.0025029 -0.00165163 0.000534716 -0.00764497 -0.00829864 -0.000207666 -0.000294601  0.000713965  -0.00112169  -0.00075732 -0.000310823 0.997278        0        0
                12.8  0.256437 -0.097427 0.0986117 0.000105493 -0.00221056 0.000238637  -0.0101607 -0.00714535  0.00393829 -0.000232224 -0.000304542  0.000726696  -0.00105605 -0.000764978 -0.000381413 0.997321        0        0
             12.8998  0.121147 -0.148706  0.169166  0.000429113  -0.00194273 -0.000832336 -0.00657332 -0.00259964 -0.00202504 -0.000203362 -0.000300019  0.000723769  -0.00109687 -0.000787712 -0.000348275 0.996864        0        0
             12.8998 0.462476  -0.1043 0.145179 -0.000639343 -0.000321644   0.00134406 -0.0153102 0.00708381  0.0119641 -0.000260735 -0.000306994  0.000728168  -0.00104233 -0.000855296 -0.000429217 0.996907        0        0
             13.0001  0.147537 -0.135065  0.158693  0.000472535  -0.00171839 -0.000668235 -0.00377521 -0.00276538 0.000618382 -0.000211077 -0.000305102  0.000731857  -0.00111684  -0.00080355 -0.000355322 0.996943        0        0
             13.0001  0.260562  -0.10429 0.0911146   -0.0010069 -7.97764e-05   0.00142054 -0.0153897 0.00796785  0.0136138 -0.000229204 -0.000309466  0.000743727  -0.00104625 -0.000867287 -0.000430911 0.996996        0        0
                13.1  0.113075 -0.143443  0.123263  0.000211658 -0.000474479 -0.000501446 -0.00591744  0.00301534 0.000584875 -0.000202041 -0.000307185  0.000746836  -0.00112439 -0.000840012 -0.000358345 0.997478        0        0
                13.1   0.363198 -0.0335225   0.142114 -0.00058666  0.00103008  0.00126925 -0.0112931  0.0123427  0.0117411 -0.000244031 -0.000325681  0.000743897  -0.00108599 -0.000902664 -0.000422238 0.997506        0        0
             13.1998 0.0797931 -0.105041  0.134957 0.000793777 -0.00166907 0.000462769 -0.00112799  -0.0048024  0.00365267   -0.0002001 -0.000317141  0.000750986  -0.00115621 -0.000804082 -0.000381935 0.997583        0        0
             13.1998   0.274044 -0.0578155     0.1479 -0.000683427  -0.00138832  0.000868588  -0.0140031 -0.00435863   0.0058374 -0.000233481 -0.000324076  0.000748841  -0.00108052 -0.000814889 -0.000395211 0.997612        0        0
             13.3001  0.063634 -0.137414  0.172271  0.000749424    -0.002916 -0.000871974 -0.00256524 -0.00848753 -0.00468553 -0.000201405 -0.000313578  0.000750205  -0.00115958  -0.00078701 -0.000342807 0.997993        0        0
             13.3001   0.338277 -0.0483201   0.104389 -0.000358613  -0.00106164 -0.000214648    -0.01202   0.0036672 -0.00115483 -0.000247692 -0.000328098  0.000762284  -0.00110068 -0.000866482 -0.000363142 0.998014        0        0
                13.4 0.0527348  -0.13221  0.144992  0.000499058  -0.00159283 -0.000684418 -0.00403656 -0.00023532 -0.00351946 -0.000205246 -0.000316677  0.000760503  -0.00116431 -0.000840966 -0.000355028 0.998231        0        0
                13.4   0.194456 -0.0702082  0.0992179 -0.000764646  -0.00105686  0.000590519 -0.0153485  0.0023485 0.00459001  -0.00022933 -0.000326382  0.000768555  -0.00109496 -0.000860868 -0.000402882 0.998274        0        0
             13.4998 0.0831911  -0.13954  0.143628  0.000661275  -0.00134526 -0.000690663 -0.00212009 0.000473554 -0.00168706 -0.000209971 -0.000318583  0.000768157  -0.00118264 -0.000849078 -0.000361936 0.997861        0        0
             13.4998   0.371298 -0.0198703  0.0958371 -0.000409917  0.000539697  0.000315379 -0.0110055  0.0128675 0.00413202 -0.000258523  -0.00033843  0.000776876  -0.00112504 -0.000930726 -0.000395455 0.99789       0       0
             13.6001 0.0891317 -0.111835  0.117775  0.000457377 -0.000774352  0.000128081 -0.00347809  0.00140911  0.00284396 -0.000211632 -0.000326105  0.000779341  -0.00118425 -0.000862632 -0.000386342 0.997064        0        0
             13.6001   0.265207 -0.0812271   0.120775 -0.000487879 -0.000457212   0.00151527 -0.0112043 0.00213568   0.011773 -0.000241998 -0.000330789  0.000778899  -0.00113619 -0.000874074 -0.000439229 0.997093        0        0
                13.7  0.114637 -0.122523  0.145803  0.000976422  -0.00174944 -0.000319777  -0.00154819  -0.00486763 -0.000196238 -0.000215723 -0.000327557  0.000781888  -0.00121076 -0.000838716 -0.000373648 0.997043        0        0
                13.7   0.248517 -0.0342843  0.0665336 -0.000738099  0.000224368  0.000394041 -0.0161877 0.00944143 0.00338034 -0.000237577 -0.000341432  0.000796172  -0.00112197 -0.000924656 -0.000394537 0.997076        0        0
             13.7998 0.0795874 -0.117227 0.0966906  0.000109992  -0.00028055 -0.000220791  -0.0055221  0.00289676 -0.00137927 -0.000210232 -0.000330576  0.000797006  -0.00119328 -0.000886808 -0.000376408 0.997233        0        0
             13.7998   0.291695 -0.0759524  0.0872806 -0.00126948 0.000657178  0.00171729 -0.0168463   0.008088  0.0110456  -0.00024672 -0.000336967  0.000798851  -0.00112281 -0.000925119 -0.000450305 0.997274        0        0
             13.9001  0.100055 -0.126122 0.0992875  0.000274561 -0.000561735 -0.000475738  -0.00337932 -0.000635382  -0.00350398 -0.000216474 -0.000332071  0.000803744  -0.00121479   -0.0008742 -0.000372836 0.997622        0        0
             13.9001  0.335339 -0.060519  0.104783 -0.00104698 0.000372735  0.00079153 -0.0142407 0.00462793 0.00432635 -0.000256836  -0.00034262  0.000803033  -0.00114688 -0.000914255 -0.000419458 0.99766       0       0
                  14 0.0607727 -0.142279  0.120575 0.000544755 -0.00169379 -0.00102209 -0.00166431  -0.0056096 -0.00488413 -0.000214884  -0.00033152  0.000805681  -0.00123521 -0.000847913 -0.000366722 0.997885        0        0
                  14   0.262162 -0.0739118  0.0812185 -0.000855708 -0.000545946   0.00150368  -0.012524 0.00113447   0.011465 -0.000249531 -0.000342584   0.00081285  -0.00116493 -0.000894291 -0.000463972 0.997929        0        0
             14.0998  0.065718 -0.119361  0.108949  0.000659231  -0.00111973 -0.000225925 -0.00164152  -0.0017116  0.00126527 -0.000223345 -0.000337807  0.000812338  -0.00124649 -0.000878783 -0.000395072 0.9976      0      0
             14.0998   0.308993 -0.0451015  0.0853314 -0.000684068   0.00014612  0.000948706 -0.0135615 0.00608043 0.00849768 -0.000265348 -0.000349845  0.000816804  -0.00117227 -0.000933603 -0.000438266 0.997637        0        0
             14.2001 0.0525457 -0.124608 0.0998973  0.000811299 -0.000678256 -0.000435198 -0.00204542 0.000276816  0.00097516  -0.00022688 -0.000338988  0.000819395  -0.00125864 -0.000895672 -0.000389236 0.998013        0        0
             14.2001   0.231467 -0.0892615   0.122954 -0.000483804  1.34405e-05   0.00143513 -0.0125496 0.00376937  0.0129338 -0.000258012 -0.000344509  0.000815476  -0.00119229 -0.000923558 -0.000461202 0.998053        0        0
                14.3 0.0814018 -0.130469  0.129628   0.00109719  -0.00160046 -0.000417099 -0.00116786 -0.00498929 0.000473083 -0.000235931 -0.000340874  0.000820262  -0.00127398 -0.000874922 -0.000392814 0.998115        0        0
                14.3   0.30306 -0.078484  0.106926 -0.000291625 -0.000925661   0.00133132  -0.0126514 -0.00192784   0.0115131 -0.000274652 -0.000349134  0.000824436  -0.00120147 -0.000901696 -0.000459284 0.998155        0        0
             14.3998 0.0932774 -0.125767  0.144632  0.000897793  -0.00182439 -0.000406964 -0.00325548 -0.00580057 -0.00200582 -0.000242112 -0.000344095  0.000823941  -0.00127395 -0.000884521 -0.000394141 0.997432        0        0
             14.3998   0.283457 -0.0721821   0.141023 -4.27254e-05 -0.000294706  0.000708491 -0.0112442 0.00433432 0.00477735 -0.000274909  -0.00035298  0.000824846  -0.00122286 -0.000951213 -0.000434799 0.997458        0        0
             14.5001 0.0942827 -0.134346  0.170363  0.000737349  -0.00234104 -0.000515983 -0.00401354 -0.00556614 -0.00275196 -0.000240825 -0.000345575  0.000827967  -0.00128179  -0.00088609 -0.000393546 0.99847       0       0
             14.5001  0.362941 -0.109672  0.165033 -0.000581484 -0.000299773   0.00087622 -0.0147932 0.00778186 0.00531018  -0.00028707 -0.000349063  0.000829316  -0.00121453 -0.000975103  -0.00044248 0.998497        0        0
                14.6  0.122378 -0.162303  0.174727  0.00071614 -0.00211501 -0.00156623 -0.00379402 -0.00309598 -0.00524905 -0.000245364 -0.000343464  0.000834931  -0.00129684 -0.000909418 -0.000370564 0.998492        0        0
                14.6   0.414386 -0.0513553   0.159235 -0.000340607 -0.000387334  9.08044e-05 -0.0117162 0.00789139 0.00501733 -0.000296324 -0.000362558  0.000838098  -0.00124224 -0.000985839 -0.000431942 0.998524        0        0
             14.6998 0.0653682 -0.148505  0.168883  0.000784784  -0.00272386 -0.000711863 -0.00364676 -0.00541934  0.00193306 -0.000240182 -0.000349103  0.000840477  -0.00131197 -0.000903286 -0.000405192 0.99935       0       0
             14.6998  0.246817 -0.097029  0.122148  -0.00116897 -0.000185807   0.00061638 -0.0202039  0.0125833 0.00944551 -0.000270769 -0.000356809  0.000849385  -0.00121004  -0.00101566 -0.000451034 0.999389        0        0
             14.8001 0.0742452 -0.170628  0.133659  0.000370972 -0.000960594  -0.00157327 -0.00662926  0.00372222 -0.00292179 -0.000243335 -0.000347476  0.000853186  -0.00131545 -0.000965068 -0.000383126 0.999052        0        0
             14.8001  0.270895 -0.108448 0.0928627 -0.000552328  0.000473051  0.000270767 -0.0134543    0.01306 0.00884158 -0.000277385 -0.000358159  0.000860779  -0.00126902  -0.00102779 -0.000454401 0.999085        0        0
                14.9  0.060386 -0.156682  0.102946   0.00063553 -0.000454034 -0.000989877 -0.00296138  0.00308637 -0.00135848 -0.000245607   -0.0003524  0.000864152  -0.00134407 -0.000969454 -0.000408772 0.999554        0        0
                14.9   0.263273 -0.0471883   0.108338 -0.000889463  0.000914671   0.00143801 -0.0148057  0.0114071  0.0142559 -0.000281045 -0.000371035   0.00086348  -0.00126497  -0.00102668 -0.000503304 0.999599        0        0
             14.9998 0.0536781 -0.114266  0.104401 0.000693303 -0.00092603 0.000448975  -0.0018486 -0.00122739  0.00262207 -0.000250264 -0.000362728  0.000869484  -0.00135418 -0.000948064 -0.000447114 0.999256        0        0
             14.9998   0.36646 -0.027186 0.0911778 -0.000666972 -0.000158723  0.000743833 -0.0136435 0.00262243 0.00391322 -0.000306256 -0.000377293  0.000872075  -0.00127985  -0.00098424 -0.000455112 0.999277        0        0
             15.1001 0.0705694 -0.118005  0.129545  0.000540934  -0.00160871 -0.000157185 -0.00365456 -0.00444922 -0.00189036 -0.000257915 -0.000364681  0.000871546  -0.00135966 -0.000936113 -0.000422484 0.998632        0        0
             15.1001   0.202545 -0.0408272  0.0771725 -0.000322543 -0.000457361   0.00140958 -0.0105503 0.00306482 0.00817907 -0.000280774 -0.000378042  0.000881228  -0.00131228 -0.000985389 -0.000483637 0.99866       0       0
                15.2  0.0594445 -0.0876754   0.102538  8.01453e-05 -0.000842527  0.000685422 -0.00444501 0.000593384   0.0032807 -0.000259673  -0.00037253  0.000882125  -0.00135798 -0.000967704 -0.000443861 0.998494        0        0
                15.2   0.445188 -0.0577758   0.149501 -0.000834184  0.000775784  0.000260082   -0.0130617    0.0108318 -0.000381309 -0.000328152 -0.000377071  0.000873953  -0.00130635  -0.00104582 -0.000421954 0.998502        0        0
             15.2998 0.0754717 -0.150992  0.144391 0.000900291 -0.00232045 -0.00162501 -0.00136796 -0.00675021 -0.00589954 -0.000268241 -0.000363888  0.000879839  -0.00140087 -0.000934443 -0.000382629 0.998239        0        0
             15.2998  0.181836  -0.04397 0.0795474 -0.000459609 -0.000286277 -0.000482272   -0.011992  0.00778693 0.000647484 -0.000286139 -0.000382327  0.000891994   -0.0013303  -0.00102414 -0.000421955 0.998271        0        0
             15.4001  0.139747 -0.154721  0.124401  0.000837278 -0.000463448  -0.00110655 -0.00182097   0.0024627 -0.00177153 -0.000274017  -0.00036681  0.000892566  -0.00140611  -0.00100195 -0.000412886 0.998917        0        0
             15.4001  0.354572 -0.112209  0.114059 -0.000512703 -9.56668e-05   0.00110193 -0.0137033 0.00294619  0.0126647 -0.000312548  -0.00037369  0.000894545  -0.00132877  -0.00101399 -0.000502349 0.998968        0        0
                15.5  0.117008 -0.136459  0.129154  0.000691572  -0.00149593 -0.000545077   -0.0034549  -0.00477158 -0.000596843 -0.000272451  -0.00037274  0.000898059  -0.00140873 -0.000969493 -0.000435541 0.99932       0       0
                15.5   0.163065 -0.0365837   0.103659 -0.000259903 -0.000921326 -0.000748774   -0.0116294 -0.000789232  -0.00239944  -0.00028039 -0.000389888  0.000902852  -0.00135578  -0.00099481 -0.000423893 0.999333        0        0
             15.5998 0.0671825 -0.128098  0.122499  0.000530568  -0.00163799 -0.000501451 -0.00367993 -0.00403085 -0.00228696 -0.000270518 -0.000375821  0.000903653  -0.00141782 -0.000977539 -0.000437174 0.9988      0      0
             15.5998   0.36047 -0.136474  0.123912 -0.000894404 -0.000210174   0.00243981 -0.0156719 0.00382201  0.0165513 -0.000323158 -0.000373324  0.000903625  -0.00134058  -0.00103692 -0.000554382 0.998849        0        0
             15.7001  0.12584 -0.12416 0.127229  3.05016e-05  -0.00116839 -0.000415765 -0.00527279 -0.00157202 -0.00160229 -0.000283876 -0.000378965  0.000910053  -0.00141707  -0.00100349 -0.000439538 0.998687        0        0
             15.7001    0.221421 -0.00843845    0.120841 -0.00130599   0.0010447 6.76471e-05  -0.0155678   0.0142882 0.000218407 -0.000299734 -0.000399058   0.00091166  -0.00134831   -0.0011024 -0.000449745 0.99871       0       0
                15.8  0.128016 -0.138562  0.123259  0.000598154 -0.000881509 -0.000657621  -0.00259953 -0.000293929  -0.00121531 -0.000281656 -0.000380322    0.0009194  -0.00145373  -0.00101679 -0.000435956 0.997871        0        0
                15.8    0.3728 -0.104223   0.12797 -0.000528122 -0.000685169  1.28061e-05   -0.0122679 -0.000737646   0.00283058 -0.000326257 -0.000385825  0.000918615   -0.0013925  -0.00102526 -0.000461603 0.997893        0        0
             15.8998 0.0899835 -0.175468   0.16227  0.00110271 -0.00260072 -0.00169615  -0.0009962 -0.00860339 -0.00329702 -0.000275631 -0.000376791  0.000919285  -0.00147763 -0.000975909 -0.000416399 0.997974        0        0
             15.8998   0.235683 -0.0474319  0.0953263 -2.33995e-05  -0.00126007 -0.000772348   -0.010448 0.000370969   0.0022669 -0.000301566 -0.000399496  0.000931886  -0.00141284   -0.0010355 -0.000450212 0.998003        0        0
             16.0001  0.106105 -0.140022  0.143678  0.000494681    -0.001388 -0.000493622 -0.00576363 -0.00143329  0.00193868   -0.0002793 -0.000385792  0.000930336  -0.00146687  -0.00103117 -0.000458139 0.997294        0        0
             16.0001  0.391148 -0.100059  0.146834 -0.000514543   0.00079094  0.000889132 -0.0141486  0.0131626  0.0103057 -0.000330051 -0.000392473  0.000930212  -0.00141157  -0.00113198 -0.000510533 0.99732       0       0
                16.1  0.109601 -0.140628  0.150032 0.000838661 -0.00163296 -0.00049215 -0.000713495  -0.00300053 -0.000392415 -0.000279385 -0.000388924  0.000937766  -0.00149368  -0.00103115 -0.000455622 0.997866        0        0
                16.1   0.231802 -0.0588911  0.0859352 -0.000508304 -0.000214098 -0.000156327  -0.0119488  0.00698217 0.000861699 -0.000300894 -0.000402769  0.000949899  -0.00142117  -0.00109603 -0.000463215 0.997891        0        0
             16.1998 0.0868614 -0.139003  0.128062  9.87033e-05  -0.00101328 -0.000538117 -0.00556304 0.000222593 -0.00251741  -0.00027493 -0.000392084   0.00095064  -0.00147746  -0.00105512 -0.000452925 0.99804       0       0
             16.1998   0.342356 -0.0875108    0.10468 -0.000839298  0.000891547  0.000512052 -0.0134879  0.0131683 0.00370639 -0.000321139 -0.000400994  0.000955283  -0.00142492  -0.00114446 -0.000491786 0.998061        0        0
             16.3001 0.0662562 -0.158645  0.111286  0.000858375 -0.000812035  -0.00128448 -0.00149419 0.000679317 -0.00346891 -0.000276069 -0.000391993  0.000960643  -0.00152495  -0.00106179 -0.000437231 0.998422        0        0
             16.3001   0.27779 -0.106885 0.0737548 -7.94878e-05   0.00069065 -0.000129454 -0.0088342  0.0107688  0.0035786 -0.000314101 -0.000400999  0.000967907  -0.00147531  -0.00113221 -0.000481478 0.998448        0        0
                16.4 0.0817575 -0.177104  0.101387   0.00104606 -0.000511999  -0.00159889 -0.00227184 0.000845077 -0.00211883 -0.000281185 -0.000392016  0.000969674  -0.00153831  -0.00107044 -0.000438787 0.998813        0        0
                16.4   0.401303 -0.0682871    0.14703 6.67965e-05  0.00192102 -0.00151737  -0.0101955    0.018041 -0.00280942 -0.000338962 -0.000411486  0.000961655  -0.00148436  -0.00119011 -0.000433704 0.998825        0        0
             16.4998 0.0829361 -0.181815  0.128442  0.00100004 -0.00191028 -0.00167889 -0.00421947  -0.0068447 -0.00149812 -0.000286042 -0.000393927  0.000970013  -0.00154754  -0.00103336 -0.000447929 0.999045        0        0
             16.4998  0.332709 -0.151206  0.163047  1.4622e-05 0.000259653 0.000729863 -0.0110503 0.00773489  0.0137626  -0.00033115 -0.000399299  0.000963947 -0.00149926 -0.00113391 -0.00054441 0.99908       0       0
             16.6002  0.123327 -0.162407  0.160359  0.000704482  -0.00208594 -0.000890152 -0.00475948 -0.00631344  0.00074946 -0.000293017 -0.000400723  0.000972295  -0.00155264  -0.00104948 -0.000474309 0.998942        0        0
             16.6002    0.36145 -0.0833463   0.107709 8.40527e-05  0.00083494 0.000127372 -0.00862122   0.0145909  0.00633658 -0.000335257 -0.000415124  0.000982767  -0.00152295  -0.00118761 -0.000508733 0.998955        0        0
                16.7 0.0839171 -0.141246  0.117953  0.000496147 -0.000833352 -0.000439219 -0.00476136  0.00106417 0.000232149 -0.000287284 -0.000407282  0.000987211  -0.00156439  -0.00109943 -0.000482159 0.999672        0        0
                16.7   0.306625 -0.0701803  0.0805791  -0.00030022 -1.43857e-05   0.00115723 -0.0106661  0.0054895  0.0105492 -0.000328448 -0.000420116  0.000994396  -0.00152154  -0.00113608 -0.000547385 0.999699        0        0
             16.7998 0.0730635 -0.127943   0.12091  0.000856524 -0.000892625 -4.24506e-05  -0.00144963 -0.000256044   0.00144292 -0.000288973 -0.000413416  0.000994272   -0.0015914  -0.00109617 -0.000489086 0.999518        0        0
             16.7998   0.337461 -0.0566892   0.147569 0.000102237 7.04257e-05 3.04025e-05 -0.00817292  0.00545167  0.00145911 -0.000338022  -0.00042618  0.000989476  -0.00154637  -0.00114378 -0.000489041 0.999531        0        0
             16.9002 0.0712267 -0.145462  0.163016   0.0013159 -0.00262726 -0.00095443 -0.00156911 -0.00845782 -0.00244592 -0.000293572 -0.000412814  0.000992635  -0.00161424  -0.00105431 -0.000462445 0.999778        0        0
             16.9002  0.373717 -0.146032  0.183685  0.000520406 -0.000759231   0.00035534 -0.00765571  0.00344964  0.00543256 -0.000348849 -0.000412385  0.000989135  -0.00157375  -0.00114172 -0.000513139 0.999798        0        0
                  17  0.118245 -0.165001  0.200927 0.000966086 -0.00314115 -0.00160302 -0.00504239 -0.00821967 -0.00360177 -0.000303479 -0.000411564  0.000992917  -0.00161298  -0.00106691 -0.000453111 0.999808        0        0
                  17  0.330445 -0.111138  0.166068  0.000399305 -0.000533196 -0.000505308 -0.00863159  0.00996572  0.00270655 -0.000341426 -0.000421375  0.000999927  -0.00158589    -0.001188 -0.000492697 0.999822        0        0
             17.0998 0.0984146 -0.169051  0.176211 0.000911882 -0.00200963  -0.0013628 -0.00370827 -0.00138338 -0.00180788 -0.000299265 -0.000414051   0.00100512  -0.00162816   -0.0011201 -0.000469396 1.00053       0       0
             17.0998  0.335043 -0.124377  0.141946 0.000134195 0.000131009 0.000291841 -0.00908957   0.0127489  0.00841487  -0.00034251 -0.000422057   0.00101194  -0.00158939  -0.00121741 -0.000534404 1.00055       0       0
             17.2002 0.0694944 -0.155734  0.131237 0.000857177 -0.00126383  -0.0012808 -0.00415264  0.00176447 -0.00259725  -0.00030487 -0.000418176   0.00101674   -0.0016428   -0.0011453 -0.000478097 1.0005      0      0
             17.2002   0.158556 -0.0955889   0.121074  -8.0717e-05 -0.000563465  0.000389727 -0.0113599 0.00586037 0.00813462 -0.000321192 -0.000429028   0.00101882  -0.00159169  -0.00117439 -0.000546623 1.00053       0       0
                17.3 0.0649444 -0.134654  0.148865  0.000592755  -0.00152745 -0.000158708 -0.00404025 -0.00170247  0.00185349 -0.000306674 -0.000424857   0.00102147 -0.00164668 -0.00113409  -0.0005126 1.00181       0       0
                17.3  0.303933 -0.101973  0.145406 -9.19126e-05 -3.17085e-05  0.000352608 -0.00953029  0.00800877  0.00467055 -0.000351103 -0.000430606   0.00102237  -0.00160988  -0.00120532 -0.000530759 1.00183       0       0
             17.3998 0.0846817 -0.150375  0.161214    0.0010729  -0.00185903 -0.000877722 -0.00270852 -0.00274875 -0.00174067 -0.000312127 -0.000425369   0.00102746  -0.00167666  -0.00113185 -0.000487949 1.00117       0       0
             17.3998   0.184863 -0.0845389   0.129879   0.00026608 -0.000195123 -0.000187793 -0.00901303  0.00920784  0.00205704 -0.000330156 -0.000437374   0.00103377  -0.00163248  -0.00121044 -0.000511848 1.00119       0       0
             17.5002 0.0925741 -0.145491  0.147739  0.000899209  -0.00132345 -0.000603195  -0.00493227  -0.00055399 -0.000164788 -0.000312539 -0.000429714   0.00103836 -0.00168326 -0.00115569 -0.00049919 1.00061       0       0
             17.5002   0.364523 -0.0896172   0.151408  0.000315536 -0.000245692  0.000720737 -0.00903582  0.00568765  0.00817936 -0.000363676 -0.000440164   0.00103787  -0.00165193  -0.00120757 -0.000552983 1.00063       0       0
                17.6 0.0855486 -0.142138  0.150975    0.0012897  -0.00184775 -0.000698311  -0.00240622  -0.00335752 -0.000441362 -0.000318001 -0.000433475   0.00104325 -0.00171092 -0.00114595 -0.00049863 1.0004      0      0
                17.6    0.27192 -0.0894866   0.150797  0.000976593 -0.000251798  -0.00132041 -0.00502654  0.00816655  -0.0053202 -0.000352439 -0.000443158   0.00104359  -0.00169302  -0.00122714 -0.000466445 1.0004      0      0
             17.6998 0.0979469 -0.168028  0.182633  0.00101766 -0.00249909 -0.00133343  -0.0043864 -0.00539129 -0.00334999 -0.000318096 -0.000431437    0.0010457  -0.00171052  -0.00113794 -0.000484834 1.00139       0       0
             17.6998  0.335206 -0.145653  0.158615  0.000619491 -0.000100804 -0.000127135 -0.00666672   0.0116793  0.00375843 -0.000362003 -0.000435539   0.00105066  -0.00169256  -0.00125579 -0.000530711 1.0014      0      0
             17.8002 0.0331176  -0.16609  0.136503  0.00139251 -0.00160224 -0.00161574 -0.00255459 0.000233106  -0.0043292 -0.000322839  -0.00043323   0.00105651  -0.00173976  -0.00118028 -0.000485834 1.0004      0      0
             17.8002   0.291202 -0.0917085   0.161702   0.00106034 -0.000602292 -0.000421588 -0.00424253  0.00585727   0.0032151 -0.000371522 -0.000447377   0.00105194  -0.00172292  -0.00122812 -0.000534302 1.00041       0       0
                17.9 0.0967561 -0.151549   0.19297   0.00109391  -0.00272467 -0.000480305 -0.00422441 -0.00648908  0.00336149 -0.000334717 -0.000439126   0.00105404  -0.00174051  -0.00115242 -0.000525085 1.0004      0      0
                17.9  0.404846 -0.059703  0.175245   0.00073107 -0.000720087  -0.00173381 -0.00729771  0.00771435 -0.00590787 -0.000392494 -0.000456293   0.00105784  -0.00171904  -0.00125645 -0.000463836 1.00038       0       0
             17.9998 0.0947376 -0.165486  0.193263   0.0010449 -0.00272844 -0.00122389 -0.00515097 -0.00373436 0.000508557 -0.000338229 -0.000439618   0.00106088  -0.00175658  -0.00117521 -0.000498665 1.00117       0       0
             17.9998  0.366191 -0.142931  0.191417  0.000584406 -0.000389304 -0.000536184 -0.00808943   0.0119937  0.00406902  -0.00038902 -0.000443753   0.00106159  -0.00173531  -0.00128712 -0.000521653 1.00118       0       0
             18.1002  0.123694 -0.185409  0.194197  0.00119114 -0.00241919 -0.00202158  -0.0035382 -0.00342266 -0.00380317 -0.000343608 -0.000438431   0.00106844  -0.00178153  -0.00120085 -0.000481953 1.00108       0       0
             18.1002   0.376876 -0.0974368   0.151561  0.000943331 -4.60535e-05 -0.000979656 -0.00398377   0.0126189  0.00222353  -0.00039109 -0.000455414   0.00107709  -0.00177219    -0.001314 -0.000520207 1.00108       0       0
                18.2   0.03486 -0.150458  0.146214  0.000907168  -0.00187097 -0.000753892  -0.00494019 -0.000281171   0.00106742 -0.000338008 -0.000446548    0.0010808  -0.00178669  -0.00122294 -0.000525511 1.00026       0       0
                18.2   0.263223 -0.0838039   0.132066  0.000266533 -0.000920974  0.000250858 -0.00960459   0.0049469  0.00728894 -0.000381446  -0.00045905   0.00108374 -0.00175155 -0.00126669 -0.00056604 1.00028       0       0
             18.2998 0.0742703 -0.130621  0.152676 0.000455091 -0.00168847  -0.0001631  -0.00613622 -0.000339623   0.00166138 -0.000348365 -0.000452754   0.00108606   -0.0017901  -0.00123018 -0.000536774 0.999847        0        0
             18.2998  0.377009 -0.131729  0.153101 0.000311579 0.000526505  0.00113139 -0.00606518   0.0142187  0.00947346 -0.000405743 -0.000452649   0.00108627  -0.00178791  -0.00133696 -0.000588125 0.999854        0        0
             18.4002 0.0919698 -0.125394  0.127066   0.00117535 -0.000919409 -0.000526348 -0.000333786   0.00302389 -0.000751328 -0.000359014 -0.000456538   0.00109626  -0.00183726  -0.00125503 -0.000520375 0.999189        0        0
             18.4002 0.273388 -0.11435 0.145796   0.00086802 -0.000775769 -0.000149134 -0.00261494  0.00274868  0.00153633 -0.000394064 -0.000458546   0.00109265  -0.00182117  -0.00126238 -0.000535657 0.9992      0      0
                18.5 0.0731158 -0.147004  0.170204  0.000717171  -0.00254835 -0.000829698  -0.00398432  -0.00691659 -0.000793004 -0.000357976  -0.00045538   0.00109538  -0.00182756  -0.00120698 -0.000515536 0.998614        0        0
                18.5  0.413476 -0.109144  0.137368  0.00073881 0.000424273  0.00115222 -0.00136788   0.0129622    0.011282 -0.000422034 -0.000463057   0.00110218    -0.001838  -0.00134903 -0.000594184 0.99863       0       0
             18.5998    0.1262 -0.120362  0.150029  0.00132391 -0.00111799 -2.3076e-05 -0.000689618   0.00169524   0.00299792 -0.000367786  -0.00046458   0.00110742  -0.00186093  -0.00126617 -0.000539183 0.99909       0       0
             18.5998   0.35053 -0.112484  0.195809   0.00102736 -0.000547359  0.000941128 -0.00264452  0.00424901   0.0091805 -0.000411167 -0.000466057   0.00109859  -0.00184597  -0.00129376 -0.000580198 0.999105        0        0
             18.7002  0.109619 -0.132625  0.198678    0.0016815  -0.00329227 -0.000642678 -6.54389e-05   -0.0104834 -0.000994206  -0.00036836 -0.000465448   0.00110448  -0.00187603  -0.00120749 -0.000521016 0.999253        0        0
             18.7002  0.246441 -0.162024  0.146872    0.0010784 -0.000418341  0.000536537 -0.00431245   0.0103448   0.0056866 -0.000393165  -0.00045944     0.001115  -0.00184788  -0.00134647 -0.000565417 0.999268        0        0
                18.8 0.0751383 -0.132242  0.146919 0.000419314 -0.00143387  -0.0006564 -0.00765316   0.0016624 -0.00301294 -0.000366464 -0.000467342   0.00112058 -0.00184167 -0.00128716 -0.00052146 0.999252        0        0
                18.8  0.280792 -0.108195  0.169962 0.000203963 2.66281e-05  0.00151883 -0.00782044   0.0108378   0.0111006 -0.000405628 -0.000472241   0.00111632  -0.00183495  -0.00135576 -0.000614634 0.999279        0        0
             18.8998 0.0932545 -0.104265  0.150907 0.000984062 -0.00172051 0.000174237 -0.00161752 -0.00226398 0.000530241 -0.000376433 -0.000475888   0.00112546  -0.00188458  -0.00127785 -0.000549633 0.998661        0        0
             18.8998 0.235607 -0.15306 0.181074 0.000469295  0.00030053  0.00202136 -0.0047922   0.011697  0.0120879 -0.000403178 -0.000466206   0.00111975 -0.00186264 -0.00137455 -0.00062698 0.998684        0        0
             19.0002 0.0591548 -0.114189  0.148903  0.000736435  -0.00212257 -0.000198977 -0.00332823 -0.00300602 -0.00109014 -0.000376888 -0.000475982   0.00113063  -0.00188627   -0.0012742 -0.000535389 0.99956       0       0
             19.0002  0.265773 -0.126039  0.155534 0.000166189 0.000167249  0.00192015 -0.00617959   0.0123571   0.0119146 -0.000415937 -0.000473653   0.00112969 -0.00186354  -0.0013835 -0.00062225 0.99959       0       0
                19.1 0.0999264 -0.112381  0.148729  0.000977424  -0.00125468 -0.000165253 -0.00256517 0.000454841 0.000298222 -0.000388127  -0.00047965   0.00113791  -0.00190808  -0.00131092 -0.000538862 0.998313        0        0
                19.1   0.29748 -0.144841  0.142643  0.0006242 0.00035597 0.00129746 -0.00427789   0.0109167  0.00927803 -0.000425907 -0.000473274   0.00113933  -0.00189517  -0.00138801 -0.000599232 0.998336        0        0
             19.1998  0.109224 -0.135004  0.138482  0.000815006  -0.00131537 -0.000890007  -0.00355667 -0.000464108  -0.00185223 -0.000392056 -0.000478299   0.00114679  -0.00191297  -0.00131079 -0.000522995 0.997883        0        0
             19.1998   0.265385 -0.0889174    0.16529  0.000389156 -0.000157221 -0.000252808 -0.00621192   0.0071216  0.00183106 -0.000422126 -0.000487206    0.0011417  -0.00189183  -0.00136792 -0.000547186 0.997897        0        0
             19.3002  0.098281 -0.153394  0.180052  0.00102368 -0.00244716 -0.00102973 -0.00328859 -0.00601495 -0.00246778 -0.000388006 -0.000478482   0.00114809  -0.00193283  -0.00128092 -0.000530506 0.997347        0        0
             19.3002  0.264094 -0.156676  0.154008 0.000459603 -0.00113519  0.00142906 -0.00677854  0.00188215    0.013256 -0.000419982  -0.00047775    0.0011534    -0.001905  -0.00133945 -0.000636313 0.997381        0        0
                19.4 0.0629324 -0.134843  0.164949  0.000145349  -0.00224498 -0.000393856 -0.00683391  -0.0032916 -0.00108126 -0.000387082 -0.000484531   0.00115737 -0.00191926 -0.00130181 -0.00055321 0.998106        0        0
                19.4   0.278175 -0.0813841   0.209046 0.000104449 -0.00128155 0.000667474 -0.00587141  0.00223798  0.00559082 -0.000429059 -0.000495283   0.00114881  -0.00192043  -0.00134874 -0.000597394 0.998119        0        0
             19.4998 0.0475687 -0.117516  0.201497   0.00128031  -0.00353014 -9.08596e-05 0.000764002 -0.00809903  0.00129836 -0.000392231 -0.000490417   0.00115493   -0.0019776  -0.00127791 -0.000561967 0.999147        0        0
             19.4998   0.34507 -0.142607  0.181988 0.000783068  -0.0014391  0.00165054 -0.00233429  0.00507412   0.0118803  -0.00044988 -0.000485328   0.00115908  -0.00195474  -0.00137759 -0.000633741 0.999171        0        0
             19.6002  0.138456 -0.124646  0.196932   0.00106651  -0.00220784 -0.000420634  -0.00264849 -3.22269e-05  0.000476761 -0.000409049 -0.000492304   0.00116416  -0.00197281  -0.00134244 -0.000545941 0.998486        0        0
             19.6002  0.420394 -0.129821  0.214358   0.00102742 -0.000930046 -0.000372279 -0.00265589  0.00791808 0.000206834 -0.000464334 -0.000491296   0.00116087  -0.0019728 -0.00140885 -0.00054424 0.998483        0        0
                19.7 0.0986285 -0.167277  0.203797  0.00165004 -0.00318126 -0.00201973 -0.00129874  -0.0055373 -0.00496932 -0.000409697 -0.000485885   0.00116621  -0.00200232  -0.00132134 -0.000507907 0.998476        0        0
                19.7  0.199443 -0.151398  0.143887  0.000842314 -0.000525239  0.000476235 -0.00638094    0.013011   0.0106398 -0.000428007 -0.000488807   0.00117849  -0.00196302  -0.00144645 -0.000613326 0.998508        0        0
             19.7998  0.115306 -0.142953  0.155798  0.000587319  -0.00111393 -0.000552369 -0.00664794  0.00427551   0.0015658 -0.000408893 -0.000493489   0.00118382  -0.00197605  -0.00139468 -0.000564417 0.998267        0        0
             19.7998  0.436837 -0.173589  0.192502 0.000685864   0.0012021  0.00067044 -0.00450923   0.0196651  0.00896156 -0.000471672 -0.000487705   0.00117678  -0.00198925  -0.00151192 -0.000614694 0.998269        0        0
             19.9002  0.119971 -0.149028  0.165113   0.00166201  -0.00202448 -0.000856771 -0.000119254  -0.00373245  -0.00230692 -0.000413324 -0.000495677   0.00118919  -0.00203318  -0.00136087 -0.000555754 0.997818        0        0
             19.9002  0.245923 -0.154766  0.176535  0.000601642 -1.79827e-05  0.000671355   -0.00765 0.00988586 0.00668563 -0.000437179 -0.000494116   0.00118724  -0.00198014  -0.00145678 -0.000617175 0.997854        0        0
                  20 0.0874774 -0.142966   0.15846  0.000640194  -0.00170877 -0.000837943 -0.00583639 -0.00111388  -0.0033582 -0.000411242 -0.000498809   0.00119737  -0.00200604  -0.00137874 -0.000558381 0.998743        0        0
                  20   0.37366 -0.151858  0.175338 0.000622983 0.000382855 4.03173e-06 -0.00483818   0.0129348   0.0015076 -0.000467205 -0.000497201   0.00119426  -0.00201119  -0.00148541 -0.000591371 0.998744        0        0
             20.0998  0.109883 -0.153894  0.162603  0.00101316 -0.00205879 -0.00131535 -0.00316227 -0.00358786 -0.00382428 -0.000421775 -0.000499485   0.00120281  -0.00204081  -0.00137655 -0.000550905 0.998239        0        0
             20.0998   0.295937 -0.0854213   0.184473  0.000780243 -0.000820757   0.00115978 -0.00297064  0.00380424   0.0124115 -0.000458421 -0.000513461   0.00119862  -0.00203331  -0.00143451 -0.000660677 0.998268        0        0
             20.2002  0.0710264 -0.0997945   0.181164  0.00128776 -0.00276687 0.000686901 -0.00124362 -0.00561153  0.00717031 -0.000421568 -0.000513039   0.00120433  -0.00205998  -0.00136686 -0.000615115 0.998096        0        0
             20.2002  0.347925 -0.135828  0.177632  0.000702606 -0.000672745  0.000769859 -0.0062351 0.00860755 0.00674474 -0.000475675  -0.00050546   0.00120536  -0.00202846  -0.00147482 -0.000612898 0.9981      0      0
                20.3  0.111883 -0.125891  0.178526 0.000546273 -0.00215855 -0.00063433  -0.00592879  -0.00218725 -0.000339594 -0.000433005 -0.000510188   0.00121167  -0.00204342  -0.00140693 -0.000561635 0.998138        0        0
                20.3     0.1974 -0.0960968   0.143031 0.000492566 -0.00104797 0.000582152 -0.00521996  0.00534286  0.00747393 -0.000449473 -0.000516315   0.00121897  -0.00204404  -0.00146029 -0.000614528 0.99815       0       0
             20.3998 0.0666678 -0.115361  0.158105  0.000814085  -0.00178875 -5.25898e-05 -0.00317316 -0.00040452  0.00144975 -0.000426927 -0.000515357   0.00122284  -0.00207337  -0.00142368 -0.000583465 0.997742        0        0
             20.3998  0.372524 -0.137703  0.168271  0.000101036 -0.000617811   0.00243445 -0.00815344  0.00552034   0.0174159 -0.000487776 -0.000510708   0.00122093  -0.00203587  -0.00147793 -0.000693543 0.997781        0        0
             20.5002  0.117581 -0.104651  0.163772   0.00104108  -0.00188334 -8.08601e-05 -0.00129452  -0.0026818  -0.0011242  -0.00044216 -0.000519954   0.00122863  -0.00209129  -0.00142625 -0.000580654 0.997669        0        0
             20.5002  0.0783062 -0.0934077   0.125942 0.000440734 -0.00154797  0.00102618 -0.00568065 -0.00040511  0.00581998 -0.000434057  -0.00052192    0.0012363 -0.00205879 -0.00143856 -0.00062834 0.997692        0        0
                20.6  0.0377402 -0.0994074   0.143283 0.000651841 -0.00172556 0.000127901  -0.00375896 -0.000712535  -0.00164341 -0.000434075 -0.000522601   0.00123801  -0.00208703   -0.0014367 -0.000586335 0.998571        0        0
                20.6 0.371195 -0.15206 0.147079 0.000154564  0.00040713  0.00102272 -0.00770872   0.0129618  0.00340303 -0.000500164 -0.000511671   0.00123752  -0.00206129  -0.00154416 -0.000621971 0.998585        0        0
             20.6998  0.101752 -0.144762  0.134171  0.00109667 -0.00127518 -0.00125866 -0.00145097 0.000637947 -0.00660171 -0.000450751 -0.000516523   0.00124605   -0.0021206  -0.00145697 -0.000548379 0.998405        0        0
             20.6998  0.0935672 -0.0982309   0.131595  0.00100255 -0.00136958 0.000386368  -0.00094928 -0.000601113   0.00436227 -0.000449169 -0.000526144   0.00124657  -0.00211786  -0.00144808 -0.000623264 0.99843       0       0
             20.8002 0.0279416 -0.101816  0.148911 0.000928775 -0.00218617 0.000401324 -0.00243193 -0.00377737  0.00407861 -0.000446672 -0.000527778   0.00124753  -0.00211984  -0.00142852 -0.000611447 0.997868        0        0
             20.8002  0.364767 -0.200024  0.151042  0.000712863 -8.15032e-05   0.00143067  -0.003753 0.00954762 0.00999785 -0.000513617 -0.000507982   0.00124735   -0.0021137  -0.00153466 -0.000653703 0.997874        0        0
                20.9  0.156598 -0.153135  0.151806 0.000751511 -0.00132013 -0.00160478  -0.00387552 -0.000244601  -0.00532576 -0.000471006 -0.000520693   0.00125508  -0.00212704  -0.00147274 -0.000547445 0.997966        0        0
                20.9    0.12655 -0.0807978   0.102366 -2.66797e-05  -0.00146074  0.000693166 -0.00872154 -0.00196703  0.00955522  -0.00046501 -0.000535147   0.00126515  -0.00208538  -0.00145825 -0.000649819 0.998003        0        0
             20.9998  0.100411 -0.121312  0.148448 0.000630966 -0.00152531 0.000130249 -0.00288826 -0.00148023   0.0019055 -0.000455205 -0.000531118   0.00126502  -0.00213548  -0.00146335 -0.000614364 0.997559        0        0
             20.9998 0.399053 -0.11424 0.185325 0.000329891 0.000772283 0.000562975 -0.00480742   0.0140977  0.00384978  -0.00051476 -0.000532471    0.0012578  -0.00212108  -0.00158333 -0.000627779 0.997561        0        0
             21.1002  0.097115 -0.138772  0.166936  0.00120479 -0.00236119 -0.00105024 -0.000599427  -0.00515543  -0.00436486 -0.000462251 -0.000530166   0.00126719  -0.00216958   -0.0014467 -0.000574914 0.998186        0        0
             21.1002  0.237461 -0.128731  0.145291  0.00105496 -0.00136524 0.000802868 -0.000482118   0.00101631   0.00781582 -0.000490243 -0.000532401   0.00127173  -0.00216608   -0.0014949 -0.000659571 0.998207        0        0
                21.2 0.126874 -0.12199  0.18446   0.0011438 -0.00212726 2.08979e-05 -0.00139813 -0.00293713  0.00137235 -0.000464072 -0.000537186   0.00127379  -0.00217227  -0.00146791 -0.000612357 0.998673        0        0
                21.2  0.330765 -0.117699  0.174631 0.000702306 0.000573144 0.000376755 -0.00472506    0.016632  0.00262018 -0.000504072 -0.000537802   0.00127618  -0.00214877  -0.00160981 -0.000620906 0.998673        0        0
             21.2998  0.172786 -0.141828  0.182091   0.00101975  -0.00177477 -0.000855159 -0.00338233 -0.00154733 -0.00208556 -0.000464212  -0.00053778   0.00128564 -0.00217763 -0.00149105 -0.00058218 0.998417        0        0
             21.2998 0.315001 -0.10807 0.165326  0.00036898 -0.00028891 0.000928565 -0.00762192  0.00825525  0.00926054 -0.000492559 -0.000544513   0.00128929  -0.00214323  -0.00156407 -0.000661092 0.998444        0        0
             21.4002 0.0698313 -0.111272  0.163235  0.000562148  -0.00240529 -9.16907e-05 -0.00536208 -0.00428715  0.00272272 -0.000451993 -0.000546098   0.00129456 -0.00217312 -0.00147627 -0.00061264 0.998782        0        0
             21.4002 0.373184 -0.07854 0.136082  0.000561136 -0.000174665  0.000824721 -0.00396798   0.0106681  0.00814806 -0.000513042 -0.000552947   0.00130047  -0.00217896  -0.00159286 -0.000649909 0.998785        0        0
                21.5 0.0952131 -0.120674  0.136236      0.00161  -0.00103587 -0.000433659   0.00136052   0.00239207 -0.000423982 -0.000463003 -0.000547306   0.00130506  -0.00222715    -0.001534 -0.000598666 0.998815        0        0
                21.5 0.324125 -0.14547 0.176916  0.00101962 3.22875e-05   0.0010902 -0.00307842   0.0084078  0.00915125 -0.000509521 -0.000542064   0.00129682  -0.00219456  -0.00158689 -0.000666539 0.998839        0        0
             21.5999 0.0973993 -0.138517  0.174322   0.00155997  -0.00212941 -0.000814284 -0.000976844  -0.00447007  -0.00353069 -0.000466918 -0.000546804   0.00130494  -0.00222337  -0.00149748 -0.000592989 0.997795        0        0
             21.5999  0.168624 -0.133821  0.157197  0.00100293 -0.00148694 0.000781203  -0.00444766 -0.000824586    0.0066335 -0.000481362 -0.000547602   0.00130855  -0.00219553  -0.00152555 -0.000664523 0.997822        0        0
             21.7002  0.059801 -0.117246  0.169418  0.000444154  -0.00243654 -0.000131964   -0.0064982  -0.00472794 -0.000591806 -0.000463629 -0.000553258   0.00131299  -0.00219408   -0.0014996 -0.000618778 0.998198        0        0
             21.7002  0.464429 -0.181387  0.248407  8.26957e-06 -0.000210046    0.0027121 -0.00850601  0.00839928   0.0173242  -0.0005459 -0.00054032  0.00129697  -0.00217696  -0.00161073 -0.000746351 0.99823       0       0
                21.8 0.0965131 -0.115817  0.215138 0.000298288 -0.00348677 0.000373946 -0.00512983 -0.00797244  0.00197196 -0.000469702 -0.000558092   0.00131249  -0.00221245  -0.00148496 -0.000632252 0.997769        0        0
                21.8   0.132223 -0.0543401   0.104119 0.000140142 -0.00285988  0.00118024 -0.00537423 -0.00377874  0.00703362 -0.000476746  -0.00057082   0.00133565  -0.00220567  -0.00151384 -0.000667097 0.99778       0       0
             21.8999   0.057684 -0.0883126   0.153506 0.000663797 -0.00141646 0.000577367 -0.00228282  0.00386938  0.00258875 -0.000465296 -0.000567109   0.00133216  -0.00224348   -0.0015694 -0.000630172 0.997254        0        0
             21.8999  0.425461 -0.183426   0.19668  0.00060469 0.000231456  0.00212472 -0.00186716    0.013423   0.0121053 -0.000540556 -0.000547696   0.00132336  -0.00224773  -0.00165422 -0.000698745 0.997269        0        0
             22.0002 0.0765616 -0.108914  0.173184  0.00068687  -0.0023713 5.96103e-05  -0.00269323  -0.00256606 -3.59495e-05 -0.000470718 -0.000565836   0.00133594  -0.00225335  -0.00153381 -0.000612759 0.997537        0        0
             22.0002  0.210088 -0.107758  0.174502 0.000704555 -0.00128151  0.00163403 -0.00113932  0.00421244   0.0100304 -0.000497713 -0.000566332   0.00133581  -0.00226039  -0.00158699 -0.000683786 0.997554        0        0
                22.1   0.116973 -0.0978335   0.190042  0.00128025 -0.00227864 0.000184141  0.000314811  -0.00279912 -0.000463164 -0.000476608 -0.000571882    0.0013414   -0.0022811   -0.0015475 -0.000620148 0.997355        0        0
                22.1  0.354412 -0.133282   0.17892  0.00100319 -0.00146334  0.00215601 -0.0010601 0.00122623  0.0123321 -0.000525571 -0.000564541   0.00134375  -0.00226913  -0.00158692 -0.000711486 0.99738       0       0
             22.1999  0.0860831 -0.0994779   0.187682  0.00212042 -0.00248974 2.77961e-05  0.00344276 -0.00352542 -0.00201528  -0.00047597 -0.000574115   0.00134831  -0.00230976  -0.00155148 -0.000617527 0.997443        0        0
             22.1999  0.201849 -0.128186  0.136089  0.00135952 -0.00148141   0.0016602 -0.00204106  0.00265678  0.00816133 -0.000499586 -0.000567804   0.00135917  -0.00226979  -0.00159903 -0.000690345 0.997479        0        0
             22.3002  0.0933285 -0.0876535   0.164614 0.000671345 -0.00148559 0.000225389 -0.00589686  0.00130495 -0.00139333 -0.000480403   -0.0005781   0.00136121  -0.00225423  -0.00159093 -0.000624141 0.997493        0        0
             22.3002  0.393305 -0.111985  0.131691 0.000365367 0.000385627  0.00130275 -0.00770019   0.0132732  0.00489104 -0.000541546 -0.000573056    0.0013683  -0.00224052  -0.00168863 -0.000669226 0.997504        0        0
                22.4   0.15949 -0.118886  0.144143  0.000674239  -0.00083207 -0.000706308 -0.0046153 0.00201625 -0.0046349  -0.00049111 -0.000575307   0.00137464  -0.00227917  -0.00161267 -0.000600106 0.997441        0        0
                22.4   0.37422 -0.103929  0.215842  0.000299753 -0.000323386   0.00150734 -0.00658339  0.00365677   0.0101069 -0.000535719 -0.000578497   0.00135972  -0.00225988  -0.00163589 -0.000705096 0.997471        0        0
             22.4999   0.12256 -0.124296  0.213564   0.00151725  -0.00349526 -0.000352526  0.00169802  -0.0112531 0.000596453 -0.000484806 -0.000578912   0.00137004  -0.00231948  -0.00152953 -0.000625846 0.998086        0        0
             22.4999   0.324597 -0.0809697   0.122422    0.0010953   -0.0018442 -0.000265859 -0.00133772 0.000113643 0.000422655  -0.00052637 -0.000587711   0.00138939  -0.00229592  -0.00161746 -0.000624084 0.998088        0        0
             22.6002 0.0603014 -0.131054  0.162092 0.000976058 -0.00193033 -0.00059157 -0.00649732 3.24339e-05 -0.00303949  -0.00047763 -0.000580188   0.00138565  -0.00230571  -0.00160913 -0.000617775 0.998224        0        0
             22.6002   0.303615 -0.0733123   0.102261 -4.64868e-07 -0.000382128 -0.000116987  -0.0149663  0.00969868 -0.00056596 -0.000527475 -0.000591631   0.00139839  -0.00224264  -0.00168794 -0.000635355 0.998245        0        0
                22.7 0.0660547 -0.144975  0.129853 0.000683666 -0.00102644 -0.00128394 -0.00492617  0.00191947 -0.00606139 -0.000483931 -0.000578774   0.00139773  -0.00231457  -0.00163784 -0.000606217 0.999976        0        0
                22.7    0.31436 -0.0610607   0.209781 0.000368683 0.000238582 -0.00172486 -0.00739006   0.0101755  -0.0095312 -0.000535614 -0.000596272   0.00138104  -0.00229374  -0.00170929 -0.000580558 0.999973        0        0
             22.7999 0.0993431 -0.162076  0.198194  0.00128107  -0.0034821 -0.00146977 0.000561357 -0.00980194 -0.00350353 -0.000496564 -0.000578171   0.00138936  -0.00235386  -0.00156246 -0.000619401 1.00046       0       0
             22.7999    0.25061 -0.0886231   0.174486  0.000444488  -0.00100134 -0.000667212 -0.00494888  0.00825041 0.000459448 -0.000527009 -0.000593211   0.00139477  -0.00230897  -0.00169586 -0.000646829 1.00047       0       0
             22.9002 0.0583594 -0.165704  0.189087 0.000922468 -0.00277298 -0.00128701 -0.00620441 -0.00443574 -0.00235977 -0.000492563 -0.000579767   0.00139807  -0.00235058  -0.00161705 -0.000634627 1.00171       0       0
             22.9002   0.260687 -0.0718657   0.164005  0.000709251  -0.00196926 -0.000335216 -0.00692689 0.000304697   0.0037048  -0.00053468 -0.000599501   0.00140353  -0.00233822  -0.00166048 -0.000677222 1.00172       0       0
                  23 0.0558722 -0.130921  0.189374  0.000933502  -0.00276386 -0.000203758 -0.00332185 -0.00262215  0.00328721  -0.00049923 -0.000589527   0.00140322  -0.00236984  -0.00162984 -0.000673222 1.0017      0      0
                  23   0.213257 -0.0318114   0.102593 5.81887e-05 -0.00129005  0.00052887 -0.0107114 0.00776208 0.00751515 -0.000531522 -0.000609803   0.00142176  -0.00231127  -0.00170943 -0.000702984 1.00172       0       0
             23.0999 0.0610876 -0.110768  0.135634  0.000747097 -0.000736199  0.000275487 -0.00262252  0.00657439  0.00322837 -0.000505073 -0.000596819   0.00142017  -0.00237786  -0.00170446 -0.000677467 1.00113       0       0
             23.0999   0.330669 -0.0498202   0.147155  0.000108805   0.00087348 -0.000162059  -0.00842883    0.0177194 -0.000583858 -0.000561538 -0.000609305   0.00141793  -0.00233453  -0.00179712 -0.000649577 1.00114       0       0
             23.2002 0.0846388 -0.131142  0.148337 0.000918418 -0.00138746 -0.00069583  -0.00374476 -6.28625e-05  -0.00355014 -0.000514067 -0.000595282   0.00142512  -0.00239592  -0.00166667 -0.000642562 1.00053       0       0
             23.2002   0.358312 -0.0591529   0.164924 -0.000114716 -0.000123714  5.62167e-06  -0.0120608  0.00775626 0.000365497 -0.000571161 -0.000609999   0.00142189  -0.00233144   -0.0017364 -0.000670707 1.00055       0       0
                23.3 0.0680991 -0.151807  0.172287   0.0012491 -0.00250512 -0.00120213 -0.000922086  -0.00572072  -0.00469227 -0.000515995 -0.000593695   0.00142658  -0.00241931  -0.00163466 -0.000637565 1.00033       0       0
                23.3   0.355299 -0.0756557   0.181565  0.000667579  -0.00111778 -0.000198604 -0.00502256  0.00283528  0.00141931 -0.000576359 -0.000609675    0.0014248   -0.0023838  -0.00171001 -0.000681333 1.00035       0       0
             23.3999  0.118562 -0.155816  0.212216    0.0014664  -0.00308773 -0.000893133 -0.000957603  -0.00659811  -0.00140904 -0.000521717 -0.000597272   0.00142809  -0.00243493  -0.00163678 -0.000659126 1.00059       0       0
             23.3999   0.344914 -0.0925592   0.163381  0.000490501 -0.000465837 -0.000647945  -0.00897967    0.0122345 -0.000946388 -0.000568529 -0.000610144   0.00143886  -0.00237414  -0.00178067 -0.000662038 1.0006      0      0
             23.5002 0.0871329 -0.165883  0.179932 0.000756348 -0.00203504 -0.00142628  -0.00684675 -0.000640984  -0.00280559 -0.000514665 -0.000597568   0.00144307  -0.00241829  -0.00169081 -0.000647011 1.00017       0       0
             23.5002   0.240799 -0.0739905   0.132561 -0.000329385 -0.000755098 -0.000793679  -0.0158221  0.00783629 0.000782213 -0.000546539 -0.000616433   0.00145333  -0.00234816  -0.00175809 -0.000672605 1.00019       0       0
                23.6 0.0872481 -0.185337  0.154884 0.000538145 -0.00147693 -0.00185392 -0.00644335  0.00242803 -0.00333198 -0.000515747 -0.000596546   0.00145516  -0.00243722  -0.00170998 -0.000646108 0.999508        0        0
                23.6   0.354707 -0.0774753   0.127456 -7.91037e-05  0.000301393 -0.000924014 -0.0106531  0.0141891 0.00219862 -0.000571689 -0.000619184   0.00146129  -0.00239943  -0.00180656 -0.000685242 0.99952       0       0
             23.6999  0.126861 -0.183025  0.152157 0.000991776  -0.0011877 -0.00144063  -0.0029075 0.000629585   -0.001532 -0.000517579 -0.000601278    0.0014659  -0.00247876  -0.00171526 -0.000671339 0.99926       0       0
             23.6999   0.314123 -0.0714915   0.126746 -0.000152482 -2.63023e-05 -0.000335595  -0.011996 0.00767873  0.0051173 -0.000556964 -0.000624517   0.00147153   -0.0024055  -0.00177438 -0.000719037 0.999283        0        0
             23.8002 0.0930477 -0.170883  0.152338  0.000947017  -0.00160343 -0.000947891 -0.00374006 -0.00202033 -0.00066439 -0.000510012 -0.000607931    0.0014749 -0.00248753  -0.0016985 -0.00068977 0.999393        0        0
             23.8002  0.343132 -0.139493  0.186275  0.000694634 -0.000559863  0.000448649 -0.0048573 0.00402872 0.00820374 -0.000562728  -0.00061471   0.00146783  -0.00247455  -0.00175509 -0.000754398 0.999409        0        0
                23.9 0.0949422 -0.148895  0.184885   0.00148696  -0.00296953 -0.000733631 -0.000852264  -0.00889807 -8.97159e-05 -0.000517926 -0.000615762   0.00147422 -0.00252143 -0.00166717 -0.00069567 0.999375        0        0
                23.9   0.212234 -0.0505115   0.120128  0.000429109  -0.00180472 -0.000514962  -0.00979964 -0.000854066  0.000685041 -0.000542449 -0.000636101   0.00148831  -0.00245179  -0.00172951 -0.000700685 0.999394        0        0
             23.9999  0.117684 -0.127137  0.170954  0.000565157  -0.00181696 -0.000183357 -0.00550791 -0.00056127   0.0028556 -0.000521337 -0.000623007   0.00148605  -0.00249547  -0.00173079 -0.000707312 0.999526        0        0
             23.9999   0.398441 -0.0825479    0.14138 -5.5548e-05 0.000430995  0.00107808 -0.0100433  0.0147485   0.010446 -0.000580598 -0.000632303   0.00149274 -0.00245783 -0.00185433 -0.00076268 0.99954       0       0
             24.1002  0.133277 -0.137837  0.154332   0.00174186  -0.00121891 -0.000745959  0.000675997  0.000918375 -0.000131598 -0.000525283 -0.000624491   0.00149788  -0.00255911  -0.00175639 -0.000684226 0.999107        0        0
             24.1002   0.262193 -0.0876337    0.16894  0.000399753 -0.000239275   0.00155196 -0.00998398  0.00673135   0.0147153 -0.000552391 -0.000634814   0.00149495  -0.00247478  -0.00180476 -0.000793665 0.999158        0        0
                24.2  0.0723287 -0.0933991   0.159812 0.000941583 -0.00223524  0.00062729 -0.00436673 -0.00498578   0.0044812 -0.000520324 -0.000635871   0.00150221 -0.00253085 -0.00172153 -0.00073007 0.99965       0       0
                24.2  0.194829 -0.100227  0.120882  0.000147479 -0.000657425  0.000600806 -0.0115235 0.00657804 0.00355912 -0.000545829 -0.000633911   0.00151076  -0.00248018  -0.00181001 -0.000723772 0.999658        0        0
             24.2999 0.0855139 -0.131665  0.149017  0.000835559  -0.00131827 -0.000748139  -0.00439837 -6.11711e-05   -0.0051553   -0.0005226 -0.000630422   0.00151314  -0.00254403  -0.00176808 -0.000676148 0.999832        0        0
             24.2999   0.256813 -0.0989536   0.147818  9.02183e-05 -0.000279955   0.00113102 -0.00992646   0.0062216   0.0069594 -0.000559026 -0.000637246   0.00151352  -0.00249827   -0.0018218 -0.000765322 0.999862        0        0
             24.4002  0.099697 -0.124997  0.153311   0.00114863  -0.00176641 -0.000633369 -0.00188608 -0.00295532 -0.00535485 -0.000529299 -0.000634911   0.00151939  -0.00257232   -0.0017562 -0.000695463 0.999738        0        0
             24.4002  0.333812 -0.124764  0.132535 -0.000103519    0.0010128   0.00109102 -0.0118746  0.0162253 0.00506017 -0.000578494 -0.000634524   0.00152419  -0.00249645  -0.00190546 -0.000772866 0.999771        0        0
                24.5  0.106277 -0.138227  0.123357  0.000495338 -0.000717083  -0.00104529 -0.00501112  0.00220012 -0.00404479 -0.000531168 -0.000634649   0.00153384  -0.00255989  -0.00179929 -0.000694011 0.999196        0        0
                24.5   0.236621 -0.0278532  0.0929425 -0.000212446  1.96851e-05 -7.47541e-05 -0.0100676 0.00659359  0.0020459 -0.000559023 -0.000658166   0.00154056  -0.00251489  -0.00183733 -0.000737953 0.999216        0        0
             24.5999 0.0938352 -0.137877  0.119039   0.00103616 -0.000985787 -0.000672243  -0.00230549 -0.000665429  0.000201593 -0.000532608 -0.000638577   0.00154141  -0.00259805  -0.00178665 -0.000719573 0.999319        0        0
             24.5999   0.306031 -0.0988334   0.134359 0.000118323 0.000629451  0.00107264 -0.00927885  0.00952196   0.0110813 -0.000577851 -0.000646664    0.0015383  -0.00254124  -0.00187125 -0.000800134 0.999345        0        0
             24.7002  0.149233 -0.133417  0.147401   0.00107647  -0.00171252 -0.000543687 -0.00226377 -0.00537342  0.00107524 -0.000540944 -0.000643464    0.0015443  -0.00260783  -0.00177065 -0.000728792 0.998838        0        0
             24.7002   0.284917 -0.0532328   0.112585 -0.000485937 -0.000169621   0.00119253 -0.0150544 0.00477557  0.0118284 -0.000569534 -0.000660122   0.00155211  -0.00250661  -0.00185029 -0.000808463 0.998878        0        0
                24.8 0.0608405 -0.116735  0.125074  0.000546731  -0.00144764 -7.38957e-05  -0.0047582 -0.00260891 0.000933079 -0.000528669 -0.000649487    0.0015545  -0.00259813  -0.00179405 -0.000743693 0.998833        0        0
                24.8   0.37937 -0.153049  0.144168 -0.000721236  0.000287888   0.00284908 -0.0147888 0.00758151  0.0196128 -0.000596992 -0.000641205   0.00155051  -0.00252079  -0.00188461 -0.000883962 0.998882        0        0
             24.8999   0.12913 -0.126421    0.1396  0.000197287  -0.00158994 -0.000550436 -0.00529535 -0.00349393 -0.00369745 -0.000543442 -0.000650539   0.00155983  -0.00260306  -0.00180142 -0.000726451 0.999897        0        0
             24.8999   0.326177 -0.0331508  0.0989952 -0.000847791  0.000127963  0.000273068  -0.0128635  0.00796189 0.000767252 -0.000585537 -0.000670346   0.00156892  -0.00254059  -0.00189445 -0.000758796 0.999928        0        0
             25.0002  0.083954 -0.144062  0.131674    0.0011445  -0.00112632 -0.000993525 -0.000153909 -3.25694e-06  -0.00520032 -0.000535949 -0.000650165   0.00156992  -0.00265888  -0.00182649 -0.000721077 0.999028        0        0
             25.0002  0.309925 -0.105082  0.147565  0.000152436  0.000452833 -0.000554357 -0.00852347    0.010484 -0.00309604 -0.000584327 -0.000658143    0.0015667  -0.00259456  -0.00191489 -0.000736877 0.999044        0        0
                25.1 0.0693684 -0.168924  0.146199 0.000712366 -0.00217153 -0.00174174 -0.00380313 -0.00524617 -0.00518786 -0.000539122 -0.000646917    0.0015726  -0.00264784  -0.00179628 -0.000711155 0.999092        0        0
                25.1    0.28196 -0.0966489  0.0731503 -0.000330291  0.000667736  -0.00063561  -0.0116233   0.0154524 0.000944832 -0.000583858  -0.00066209   0.00158892  -0.00258438  -0.00195629 -0.000756292 0.999112        0        0
             25.1999 0.0837075 -0.179809  0.090221 0.000797003 0.000208227  -0.0017396 -0.00462215  0.00672174 -0.00231747 -0.000544192  -0.00064756   0.00159134  -0.00267086  -0.00189138 -0.000725759 0.998693        0        0
             25.1999   0.226023 -0.0393113  0.0857327 -0.000693015   0.00161252 -0.000504637 -0.0168912  0.0161699 0.00523831 -0.000574714 -0.000677592   0.00159257   -0.0025708   -0.0019673 -0.000781302 0.998727        0        0
             25.3002  0.141765 -0.141234 0.0977676   0.00021078 -0.000342134 -0.000275147  -0.00608373 -0.000196774   0.00489801 -0.000551255 -0.000659453   0.00159924  -0.00266686  -0.00185443 -0.000784515 0.99834       0       0
             25.3002   0.440653 -0.0768649   0.194491 -0.000835558    0.0016008 -0.000150851 -0.0148239  0.0131405 0.00462989 -0.000615677 -0.000673101   0.00157841   -0.0025985  -0.00196956 -0.000782263 0.99835       0       0
                25.4   0.12783 -0.174452  0.174963  0.00110256 -0.00310266 -0.00154412 -0.00130737  -0.0136957 -0.00350415  -0.00054447 -0.000656018   0.00159165  -0.00272018  -0.00177095 -0.000740472 0.998916        0        0
                25.4   0.222853 -0.0816915   0.124604  0.000536122  -0.00190663 -0.000691881 -0.00514173 -0.00520508  0.00167753 -0.000564671 -0.000676059   0.00160285  -0.00268485  -0.00183704 -0.000778232 0.99893       0       0
             25.4999  0.109607 -0.156519  0.178496   0.00115766  -0.00231479 -0.000833958 -0.00122248 -0.00531364 -0.00172261  -0.00053645 -0.000663376   0.00160037   -0.0027309   -0.0018386 -0.000770295 0.999313        0        0
             25.4999  0.295623 -0.097981  0.119178 4.65698e-05 -0.00104914  0.00158697 -0.0102709 0.00257347  0.0141033 -0.000576647 -0.000675765   0.00161355    -0.002656  -0.00190517 -0.000889298 0.999353        0        0
             25.6003  0.149419 -0.121592  0.166097 0.000695818 -0.00121558 0.000238208 -0.00347649  0.00012865  0.00213892 -0.000541219 -0.000675591   0.00161541  -0.00272235  -0.00189247 -0.000801072 0.99936       0       0
             25.6003   0.153819 -0.0151455   0.151389  -0.00041042 -0.000606417  0.000321314 -0.0135625 0.00456044 0.00227233 -0.000541902 -0.000698228   0.00161877 -0.00264204 -0.00192472 -0.00080131 0.999385        0        0
             25.7001  0.103578 -0.111386  0.170693 0.000765946 -0.00228615 0.000240216 -0.00325916 -0.00518883  0.00259869 -0.000531344 -0.000681909    0.0016236  -0.00273969  -0.00185911 -0.000791309 0.999434        0        0
             25.7001  0.324822 -0.110984  0.149274 -0.000370046  -0.00160954   0.00168066  -0.0128502 -0.00207032    0.011585 -0.000579822 -0.000681399   0.00162839  -0.00266559  -0.00189376 -0.000859976 0.999463        0        0
                25.8  0.148429 -0.148632  0.193529  0.000955806  -0.00214092 -0.000999629 -0.00334563 -0.00368752 -0.00183158 -0.000534728 -0.000678612   0.00163101  -0.00276469  -0.00188534 -0.000745278 0.999944        0        0
                25.8  0.0997464 0.00754232   0.086751  9.98458e-05  -0.00144314 -0.000818109  -0.0103318  0.00179692 -0.00107827 -0.000523726 -0.000712457   0.00165468  -0.00270368  -0.00192116 -0.000749004 0.999964        0        0
             25.9003   0.117044 -0.0932297   0.140717  0.000298472 -0.000933579  0.000774818 -0.00495111  0.00149963  0.00564536 -0.000522953 -0.000693988   0.00165236  -0.00275314  -0.00193333 -0.000805942 0.999388        0        0
             25.9003    0.37446 -0.0977629   0.136185  -0.00086713 -0.000379532   0.00232137  -0.014105 0.00342869  0.0150195 -0.000579072 -0.000692625   0.00165343   -0.0026815  -0.00196182 -0.000877754 0.999413        0        0
             26.0001 0.130973  -0.1055 0.134939   0.00040808  -0.00139823 -0.000253622 -0.00345139  -0.0027372  -0.0033395 -0.000532376 -0.000693759   0.00165958  -0.00277489  -0.00191796 -0.000763507 0.999319        0        0
             26.0001   0.16614 0.0106094  0.113097 -0.000753408  -0.00124067  0.000228452   -0.0128494  -0.00214051 -0.000584555 -0.000540079 -0.000718651   0.00166449  -0.00269783  -0.00192391 -0.000783442 0.99935       0       0
                26.1  0.119895 -0.103395   0.15619  0.00113025 -0.00169041 0.000192825  0.00113072 -0.00365991 -0.00110034 -0.000527439 -0.000697996   0.00166478  -0.00281629  -0.00191742 -0.000783597 0.998903        0        0
                26.1   0.342559 -0.0832685   0.109445  0.000298596 -0.000203275  7.90619e-05 -0.00668114  0.00661713  -0.0026406 -0.000576055 -0.000701887   0.00167533   -0.0027579  -0.00200464 -0.000772239 0.998911        0        0
             26.2003 0.0942231 -0.139138  0.141124 0.000880563 -0.00140652 -0.00112816  -0.0022671 -0.00104174 -0.00545646 -0.000521988 -0.000692939   0.00167587  -0.00280831  -0.00194043 -0.000742038 0.998919        0        0
             26.2003   0.241454 -0.0214122  0.0901245 -0.000163085  0.000252432  1.29193e-05 -0.0109445   0.010496 0.00143721 -0.000553805 -0.000718523   0.00168744  -0.00273457  -0.00203282 -0.000793312 0.998943        0        0
             26.3001 0.0852723 -0.119205  0.104091   0.00125008 -0.000409233 -0.000264626 -0.00122609  0.00290595 0.000844247 -0.000526013 -0.000700065   0.00169016  -0.00283449  -0.00197739 -0.000784663 0.998632        0        0
             26.3001  0.340964 -0.105255  0.167649 -0.000117695   0.00108818  0.000803666 -0.0129739  0.0125107 0.00703984 -0.000582133 -0.000702544   0.00167622  -0.00274369  -0.00206352 -0.000832682 0.998652        0        0
                26.4  0.103305 -0.133732  0.142586  0.000665553   -0.0021062 -0.000900725 -0.00474728 -0.00730946 -0.00159008 -0.000536517 -0.000699103   0.00168746  -0.00281964  -0.00191803 -0.000768994 0.998678        0        0
                26.4   0.183887 -0.0396165  0.0797994 -0.000629417 -0.000541579  0.000493959 -0.0149142 0.00383694 0.00687032 -0.000553771 -0.000719475   0.00170167  -0.00273517  -0.00200392 -0.000832774 0.998708        0        0
             26.5003 0.0781743 -0.120374  0.113808  0.000654578 -0.000724808 -5.90777e-05  -0.003507 0.00120405 0.00134241 -0.000532574 -0.000705168   0.00170147  -0.00283788  -0.00198545 -0.000801726 0.99865       0       0
             26.5003   0.355697 -0.0800855   0.183032 -0.00016221 0.000306933 0.000954522 -0.0106082 0.00714475 0.00763672 -0.000593662   -0.0007139    0.0016863  -0.00278005  -0.00204624 -0.000850123 0.998672        0        0
             26.6001  0.133549 -0.124204  0.176951   0.00123458  -0.00275556 -0.000549433 -0.000296055  -0.00967878  -0.00248919 -0.000545841 -0.000707073   0.00169586  -0.00287512  -0.00191963 -0.000785976 0.99884       0       0
             26.6001   0.278704 -0.0750995   0.110813 -0.000505981 -0.000976195   0.00153806  -0.014302 0.00236754  0.0103949 -0.000577477 -0.000717207   0.00171081   -0.0027627  -0.00201589 -0.000884851 0.998882        0        0
                26.7  0.100172 -0.127036  0.144645  0.000955362  -0.00127384 -0.000519683 -0.00135903 0.000324549 -0.00219343 -0.000541299  -0.00070893    0.0017108  -0.00286978  -0.00199972 -0.000788642 0.99812       0       0
                26.7   0.365936 -0.0385549   0.137381  8.57253e-05  0.000640351 -0.000220871 -0.00881832   0.0132986 -0.00105043 -0.000599726 -0.000728181   0.00171272  -0.00280809  -0.00211114 -0.000796687 0.998133        0        0
             26.7998 0.0693692  -0.13212  0.137092  0.000996565  -0.00172627 -0.000594844 -0.00236547 -0.00216506 -0.00120683 -0.000541991  -0.00071038   0.00171738  -0.00288138  -0.00198554 -0.000791275 0.997491        0        0
             26.7998   0.299966 -0.0802871    0.12048 -0.000708401  8.69418e-05     0.001677 -0.0161627 0.00920359  0.0129909  -0.00059294 -0.000721309    0.0017213  -0.00276957  -0.00208254 -0.000900579 0.997534        0        0
             26.9001   0.11203 -0.133323   0.14214   0.00070477  -0.00127305 -0.000526702  -0.00472994 -0.000930669 -9.40523e-05 -0.000550777 -0.000713604   0.00172499    -0.002885  -0.00201123 -0.000797999 0.997055        0        0
             26.9001  0.276994 -0.114764  0.171852  0.00018634 0.000164629 8.97122e-05 -0.00870483  0.00865918  0.00340517    -0.000587 -0.000717637   0.00171855  -0.00285246  -0.00209254 -0.000824906 0.997066        0        0
                  27 0.0946765 -0.160423  0.165964  0.00122205 -0.00234013 -0.00128568 -0.00142646 -0.00572189 -0.00260766 -0.000546402 -0.000711377    0.0017276  -0.00292177  -0.00198199 -0.000779264 0.997318        0        0
                  27   0.27938 -0.114889  0.143785 -0.000227649   -0.0014394   0.00104521  -0.0127846 -0.00121929   0.0121812 -0.000587573 -0.000721042   0.00173266  -0.00282802  -0.00202543 -0.000893407 0.997361        0        0
             27.0998  0.106928 -0.148777  0.180011  0.000750023  -0.00243542 -0.000821267 -0.00456648 -0.00536038 -0.00126044 -0.000548888 -0.000717127     0.001733  -0.00291222   -0.0019987 -0.000804452 0.997597        0        0
             27.0998  0.184467 -0.111462  0.143053 -0.000387226  -0.00133495   0.00113905  -0.014252 0.00155247  0.0113777 -0.000565978 -0.000725103   0.00174142  -0.00283254  -0.00205383 -0.000902237 0.997637        0        0
             27.2001 0.0528769 -0.142966  0.157539    0.0011874  -0.00181397 -0.000744333 -0.000321371 -0.000406803  -0.00157914 -0.000544869 -0.000720957   0.00174454  -0.0029499 -0.00203559 -0.00080931 0.997181        0        0
             27.2001  0.337897 -0.110585 0.0888884 -0.000179442 -0.000761021    0.0016152 -0.0113165 0.00470805  0.0134057 -0.000608251 -0.000727883   0.00176006  -0.00285936  -0.00208896 -0.000925897 0.997227        0        0
                27.3 0.0914417 -0.132372  0.121034   0.00080795 -0.000559159 -0.000470061  -0.00296693   0.00395605 -0.000322809 -0.000560063 -0.000726016   0.00175913  -0.00294117  -0.00208045 -0.000818718 0.997462        0        0
                27.3   0.223793 -0.0767956   0.103389 -0.000353258  0.000499504   0.00101448 -0.0129871  0.0104613 0.00908704 -0.000589547 -0.000738108    0.0017632  -0.00285898   -0.0021362 -0.000891589 0.997499        0        0
             27.3998 0.0680856  -0.12387  0.107797 0.000388347 -0.00080262  -0.0001833 -0.00605211 0.000127325  0.00132502  -0.00055887 -0.000730467   0.00176883 -0.00294183  -0.0020607 -0.00082734 0.99739       0       0
             27.3998    0.30001 -0.0632751   0.101348 -0.000878269  0.000333819    0.0015916 -0.0162787 0.00645645  0.0125272 -0.000611042 -0.000743767   0.00177039 -0.00285648 -0.00212121 -0.00091433 0.997428        0        0
             27.5001  0.124283 -0.122676  0.118463  0.000495347 -0.000912238 -0.000264157 -0.00206979 -0.00141561 0.000533546 -0.000571482 -0.000734449   0.00177492 -0.00296553 -0.00206215 -0.00082187 0.997241        0        0
             27.5001    0.23391 -0.0500381   0.119763 -0.00051253  8.7827e-05 0.000556598 -0.0103751 0.00500978 0.00547215 -0.000595868 -0.000750519   0.00177478  -0.00289611  -0.00211674 -0.000859846 0.997263        0        0
                27.6 0.0970814 -0.132509  0.140467  0.00139506 -0.00173209 -0.00050353 0.000609204  -0.0057674 -0.00191301 -0.000563815 -0.000735948   0.00177854  -0.00301284  -0.00204197 -0.000816307 0.997139        0        0
                27.6    0.27397 -0.0927341   0.148566  0.00023652 0.000160892 0.000228512 -0.00916822  0.00723215  0.00202667 -0.000603196 -0.000744553   0.00177686  -0.00293441  -0.00215008 -0.000847023 0.997162        0        0
             27.6998 0.0227322 -0.120483  0.130585  0.000658832  -0.00205261 -0.000565023 -0.00329822 -0.00513208 -0.00193087 -0.000561721 -0.000738543   0.00178386    -0.002984  -0.00204875 -0.000818027 0.996864        0        0
             27.6998   0.289469 -0.0982141   0.172398 -0.000635101 -0.000743394   0.00213032  -0.013448 0.00188536  0.0154227 -0.000622006 -0.000743244   0.00177443  -0.00289888  -0.00211729 -0.000953954 0.996915        0        0
             27.8001 0.0626686 -0.116348  0.164632  0.000941445  -0.00251909 -0.000324387 -0.00055621 -0.00556658 0.000113516 -0.000583894 -0.000741031   0.00178021  -0.00300902  -0.00205496 -0.000830607 0.996968        0        0
             27.8001  0.303158 -0.085946  0.106449 -2.02789e-05 -0.000861441   0.00127831 -0.00750923  0.00484351  0.00985612 -0.000637861 -0.000747654   0.00179357  -0.00294994  -0.00214721 -0.000906822 0.997003        0        0
                27.9  0.102403 -0.123549  0.143455  0.000735629  -0.00108126 -0.000457454  -0.00402549    0.0017565 -0.000954817 -0.000595324 -0.000742322   0.00179323   -0.0030132  -0.00212509 -0.000826029 0.996965        0        0
                27.9   0.244947 -0.0596658   0.110481 -0.000183976 -0.000100958   0.00104431 -0.0117372 0.00757114 0.00868116 -0.000627411  -0.00075653   0.00180083  -0.00294708  -0.00217667 -0.000901184 0.996997        0        0
             27.9998  0.103617 -0.116852  0.145441  0.000815446  -0.00128176 -9.43216e-07 -0.00190154 -0.00051024  0.00117095 -0.000591213 -0.000747586   0.00180311  -0.00303093  -0.00211228 -0.000846025 0.99717       0       0
             27.9998  0.412624 -0.132313  0.145543 -0.000165431    0.0016788   0.00221818 -0.00910355   0.0193166   0.0147104 -0.000660671 -0.000743904   0.00180325   -0.0029714  -0.00228019 -0.000952678 0.997202        0        0
             28.1001  0.138145 -0.109191  0.127878  0.000976315 -0.000812742   9.5262e-05 -0.000976324  0.000188902  0.000251303 -0.000596555 -0.000752783   0.00181592   -0.0030458  -0.00213264 -0.000846201 0.997638        0        0
             28.1001  0.321536 -0.106737   0.19752 -0.000275816 -0.000778128   0.00140088  -0.0109326 -0.00148804  0.00828604  -0.00063844 -0.000753071   0.00180002  -0.00296533  -0.00213162 -0.000910261 0.997668        0        0
                28.2  0.116911 -0.140948  0.194356  0.00124771 -0.00340118 -0.00117948 -0.00192292  -0.0124176 -0.00617796 -0.000593375 -0.000748453    0.0018084  -0.00306322  -0.00205183 -0.000808988 0.998166        0        0
                28.2   0.336928 -0.0787557   0.119351 -9.50333e-05  -0.00098338   0.00095177 -0.0121855 0.00348504 0.00685217 -0.000642716 -0.000762183   0.00182577  -0.00297543  -0.00218437 -0.000911094 0.998209        0        0
             28.2998 0.0944901 -0.118255  0.143439  0.000811665  -0.00145759 -0.000396433  -0.00238286  0.000484358 -0.000870766 -0.000595025 -0.000755725   0.00182505  -0.00305596  -0.00215488 -0.000845946 0.998229        0        0
             28.2998   0.300271 -0.0925405   0.126564 -0.000436738  0.000223945   0.00168455 -0.0129427  0.0109285  0.0122578 -0.000641653 -0.000761227   0.00182903 -0.00296841 -0.00224596 -0.00094977 0.998269        0        0
             28.4001  0.122237 -0.123321  0.134608  0.000801023 -0.000984746   -0.0003974   -0.0030446   0.00143052 -0.000480874 -0.000600312 -0.000757731   0.00183507 -0.00306971 -0.00217208 -0.00084816 0.998054        0        0
             28.4001   0.311694 -0.0836321   0.157355 -0.00034372  0.00178646   0.0024496 -0.0110895   0.020088  0.0171956 -0.000642829 -0.000766638   0.00183016  -0.00299824  -0.00232568 -0.000987228 0.998096        0        0
                28.5  0.0751315 -0.0832914   0.109927 0.000487927 -0.00101857  0.00072222  -0.00382237 -0.000299144    0.0045126 -0.000597912 -0.000769079   0.00184558  -0.00307237  -0.00216721 -0.000887394 0.998519        0        0
                28.5   0.277583 -0.0949137   0.178514 -0.000129218 -0.000275032   0.00237273 -0.00802068  0.00320855   0.0149613 -0.000644132  -0.00076636   0.00182989  -0.00303624  -0.00220699 -0.000970471 0.998546        0        0
             28.5998  0.118401 -0.102817  0.180375  0.00128344 -0.00281949 5.18222e-05 0.000864941 -0.00939373   0.0002232 -0.000607004 -0.000767981   0.00183828  -0.00311355  -0.00211492 -0.000857847 0.998787        0        0
             28.5998    0.23257 -0.0525603   0.145442 -0.000327371 -0.000630071   0.00102016 -0.0117054  0.0059559 0.00510457 -0.000632506 -0.000778947   0.00184649   -0.0030104  -0.00223904 -0.000896132 0.998816        0        0
             28.7001 0.0463169 -0.109362  0.153118  0.000937297  -0.00210393 -0.000367586 -0.00276376 -0.00281003 -0.00339206 -0.000599469 -0.000768271   0.00184957  -0.00310277  -0.00216948 -0.000843445 0.9988      0      0
             28.7001   0.293508 -0.0697345   0.171976 -0.000716431 -0.000379084   0.00239188 -0.0160819 0.00766167  0.0142943 -0.000655601 -0.000776977   0.00184543  -0.00299114  -0.00226419 -0.000984105 0.998849        0        0
                28.8 0.101255 -0.10084 0.169576 0.000706603 -0.00216333 7.18474e-05 -0.00297266 -0.00322063 -0.00120461 -0.000614226 -0.000772967   0.00185304 -0.00310687 -0.00218007  -0.0008656 0.998554        0        0
                28.8   0.25515 -0.105135  0.123855 -0.00040769 0.000546635   0.0020517 -0.0115989  0.0160293  0.0109647 -0.000648602  -0.00077167   0.00186374 -0.00303615 -0.00233572 -0.00096249 0.998587        0        0
             28.8998 0.0564959  -0.11193  0.109714  0.000616506  -0.00054451 -0.000420242 -0.00323763  0.00480849 -0.00334098  -0.00061389 -0.000772297   0.00187162  -0.00311816  -0.00224557 -0.000848712 0.999162        0        0
             28.8998     0.3223 -0.0762268   0.202876 -0.000855265   0.00149681    0.0034813 -0.0132246  0.0167984  0.0216711 -0.000674729 -0.000780234   0.00185019 -0.00302886 -0.00235444 -0.00104715 0.999239        0        0
             29.0001    0.12528 -0.0696893   0.160283 0.000429442 -0.00224555  0.00108295 -0.00306837 -0.00571412  0.00585619  -0.00063071 -0.000785295   0.00186852  -0.00312194  -0.00217613 -0.000910405 0.998965        0        0
             29.0001   0.239635 -0.0706946  0.0935799 -0.00111761 -0.00113542  0.00299103 -0.0147352 0.00102801  0.0173142 -0.000656687 -0.000784646   0.00188397 -0.00302583  -0.0022336  -0.0010022 0.999005        0        0
                29.1  0.101077 -0.089278  0.119396  0.000592539 -0.000784219  4.73577e-05  -0.00201953   0.00257233 -0.000443365 -0.000626756 -0.000783045   0.00188498  -0.00314099  -0.00224844 -0.000863192 0.999162        0        0
                29.1    0.21103 -0.0199623   0.143585 -0.000424769  0.000499146  0.000982827  -0.010382  0.0111127 0.00508559 -0.000651722 -0.000798683   0.00187952  -0.00306942  -0.00232101 -0.000906678 0.999192        0        0
             29.1998  0.0845144 -0.0892069   0.135567 0.000839771 -0.00159913 0.000424033 -0.000578123  -0.00293736  0.000554706 -0.000624005 -0.000786091   0.00188878  -0.00315607  -0.00221332 -0.000880855 0.998869        0        0
             29.1998   0.308631 -0.0567758  0.0847347  -0.0007639 0.000191895  0.00316195 -0.0130458 0.00792806  0.0176511 -0.000675241  -0.00079318   0.00190067  -0.0030501 -0.00230922 -0.00101744 0.998914        0        0
             29.3001   0.148808 -0.0798915   0.113359  0.000412969 -0.000344331   0.00061175 -0.00268508  0.00186208 -0.00103527 -0.000634499 -0.000791686   0.00190299  -0.00314678  -0.00226713 -0.000880856 0.99886       0       0
             29.3001   0.355248 -0.0796215   0.181215 -0.000709777   0.00176718   0.00194472 -0.0111219  0.0158895 0.00664549 -0.000681557  -0.00079163    0.0018875  -0.00307733  -0.00238885 -0.000942522 0.998888        0        0
                29.4  0.109672 -0.121165  0.140095   0.00124141  -0.00204845 -0.000935565  0.00168846 -0.00715648 -0.00652653 -0.000631334 -0.000784846   0.00190284  -0.00318754  -0.00220772 -0.000832073 0.999158        0        0
                29.4  0.360813 -0.100303  0.161643 -0.000406498  0.000397026   0.00146448   -0.01092 0.00827946 0.00790767    -0.000689 -0.000789313   0.00189793  -0.00308132  -0.00234196 -0.000947717 0.999197        0        0
             29.4998  0.145592 -0.148258  0.168955  0.00121665 -0.00210742 -0.00131516  -0.0017823 -0.00541666 -0.00486179 -0.000636654 -0.000782647   0.00190582  -0.00318622  -0.00223124 -0.000838691 0.999109        0        0
             29.4998   0.345876 -0.0903706   0.156098 0.000364947 -0.00101952 0.000148576 -0.00804821  0.00081978  0.00422725 -0.000682928 -0.000795878   0.00190891  -0.00312982  -0.00229133 -0.000911112 0.999133        0        0
             29.6001 0.0741841 -0.154521  0.185189 0.000949451 -0.00315849 -0.00126376 -0.00417084   -0.008409 -0.00174168   -0.0006259 -0.000784357   0.00190854  -0.00318782  -0.00221603 -0.000861275 0.999092        0        0
             29.6001  0.249693 -0.137449  0.144312 -0.000454709 -0.000265195   0.00152002 -0.0155267  0.0108817  0.0155084 -0.000665693 -0.000788025   0.00191828 -0.00309106 -0.00237539 -0.00100004 0.999134        0        0
                29.7  0.126844 -0.143384  0.152996  0.000404895   -0.0012157 -0.000719079 -0.00527316  0.00183146 0.000302725 -0.000633279 -0.000790489   0.00192567  -0.00318398  -0.00231102 -0.000886321 0.999285        0        0
                29.7  0.412007 -0.160814  0.147058 -0.00042162   0.0007775  0.00249799 -0.0103368  0.0138813  0.0209617 -0.000699114 -0.000786329   0.00192712 -0.00313761 -0.00242161 -0.00105284 0.999331        0        0
             29.7998   0.10195 -0.110849  0.138776 9.98331e-05 -0.00141134 0.000576681  -0.00517703 -0.000764358   0.00330188 -0.000626667 -0.000801446   0.00193771  -0.00319361  -0.00229643 -0.000931261 0.999409        0        0
             29.7998   0.280109 -0.0696754  0.0924287 -0.00133918 0.000110502  0.00352549 -0.0150601 0.00826474  0.0218339 -0.000667854 -0.000810749   0.00194861 -0.00310564 -0.00237663 -0.00108035 0.999463        0        0
             29.9001   0.125282 -0.0709506   0.104611  7.28236e-05 -0.000125556  0.000920241 -0.00323137  0.00380463  0.00145689 -0.000633614 -0.000813156   0.00195425   -0.0032144  -0.00234313 -0.000926944 0.998975        0        0
             29.9001   0.409444 -0.0809409   0.189252 -0.000871617  0.000486515   0.00224283 -0.0107189 0.00598668 0.00966137 -0.000699467 -0.000810768   0.00193464  -0.00315241  -0.00237857 -0.000994128 0.999005        0        0
                  30  0.117416 -0.096596  0.163466  0.000791765  -0.00285149 -0.000184332  0.00100103  -0.0105419 -0.00307577 -0.000640789 -0.000809621   0.00194617  -0.00325328  -0.00224364 -0.000885045 0.999537        0        0
                  30   0.236741 -0.0899625   0.121894 -0.000176317  -0.00131118   0.00181875  -0.00568098 -0.000553077   0.00937961 -0.000668227 -0.000810873   0.00195598 -0.00319491  -0.0023282 -0.00098562 0.999571        0        0
             30.0998   0.10869 -0.116224  0.159817   0.00116941  -0.00183829 -0.000420628 0.000803052 -0.00260481 -0.00183889 -0.000637604 -0.000808597   0.00195612  -0.00327065  -0.00231601 -0.000883345 0.998812        0        0
             30.0998   0.37345 -0.105131  0.167513 -0.000132689  0.000189347   0.00132113 -0.0104618  0.0102337  0.0089385 -0.000699055 -0.000810833   0.00195444  -0.0031771 -0.00243229 -0.00097113 0.998845        0        0
             30.2001  0.103189 -0.125037  0.156605  0.000862005    -0.002265 -0.000792741 -0.00244788  -0.0046421 -0.00162619 -0.000642433 -0.000809196   0.00196253  -0.00325952  -0.00231515 -0.000881696 0.999421        0        0
             30.2001   0.258217 -0.0281399   0.112306 -0.000387207 -0.000398966   0.00158501 -0.0113284 0.00738121  0.0132819 -0.000678186 -0.000831615    0.0019731 -0.00317726 -0.00241792 -0.00100139 0.999459        0        0
                30.3  0.0824765 -0.0924913   0.131923 0.000885486 -0.00116449 0.000609161 -0.00148045 0.000954062  0.00420798 -0.000638277 -0.000819644   0.00197534  -0.00326991  -0.00236669 -0.000936375 0.998604        0        0
                30.3   0.329465 -0.0932291   0.133311 -0.000209833 -6.31788e-05  0.000868662 -0.0113329 0.00745112 0.00517432 -0.000695957 -0.000819068   0.00197507  -0.00319128   -0.0024327 -0.000945156 0.998622        0        0
             30.3998  0.128865 -0.136976  0.161598  0.00110937 -0.00174853 -0.00103919 -0.00153127 -0.00306639 -0.00600225 -0.000645906  -0.00081263   0.00197851  -0.00328961  -0.00234873 -0.000874174 0.998198        0        0
             30.3998   0.213474 -0.0813486   0.155551 -0.00013864 -0.00105302  0.00107841  -0.0116596 0.000539555   0.0076478 -0.000665542 -0.000825387   0.00198001  -0.00320062  -0.00238157 -0.000984889 0.998238        0        0
             30.5001 0.0681709 -0.113871  0.164357  0.000474201  -0.00251212 -9.00912e-05 -0.00420005 -0.00582414 -0.00124352 -0.000635343 -0.000820098   0.00198436  -0.00327245  -0.00232999 -0.000921064 0.998427        0        0
             30.5001  0.344436 -0.116125  0.158154 -0.000794219  1.42628e-05   0.00259663 -0.0138751  0.0100719  0.0154957 -0.000699157 -0.000819431     0.001986 -0.00318918 -0.00247089 -0.00105753 0.998468        0        0
                30.6 0.117685 -0.12037 0.150644  0.000896189  -0.00129156 -0.000548666 -0.00190416  0.00112438 -0.00275033 -0.000650278 -0.000821283   0.00199562  -0.00331194  -0.00239562 -0.000903716 0.998781        0        0
                30.6    0.20897 -0.0396888   0.206724 -0.00112232  0.00130388  0.00278579 -0.0160281  0.0180669   0.017755 -0.000671138 -0.000839722   0.00198247 -0.00318561 -0.00253509  -0.0010694 0.998845        0        0
             30.6998   0.102826 -0.0744804   0.163703 0.000591442 -0.00204859  0.00133868 -0.00311699 -0.00350493  0.00824656 -0.000647442 -0.000836081   0.00200179  -0.00330852  -0.00236532 -0.000969734 0.999047        0        0
             30.6998  0.422476 -0.166983  0.197805 -0.000576496 -4.52738e-05   0.00409465  -0.011913 0.00826545   0.025365 -0.000722359 -0.000814076   0.00199373 -0.00323697 -0.00247793 -0.00111102 0.999083        0        0
             30.8001   0.118742 -0.0978938   0.176359  0.000948057  -0.00250465 -0.000181145  -0.00162558  -0.00466269 -0.000450742 -0.000656259 -0.000832819    0.0020053  -0.00333587  -0.00236971 -0.000899134 0.998088        0        0
             30.8001    0.14054 -0.0405186   0.080187 -0.00107002 -0.00149083  0.00254877 -0.0167188 0.00140037  0.0164441 -0.000661149 -0.000845998   0.00202802 -0.00320444 -0.00241696 -0.00103682 0.998147        0        0
                30.9  0.0821196 -0.0694935   0.113653   0.00047988 -0.000498523  0.000993146 -0.00253312  0.00482069  0.00246183  -0.00064829 -0.000841844   0.00202652  -0.00332513  -0.00245116 -0.000939576 0.99909       0       0
                30.9 0.356341 -0.13462 0.181944 -0.000321125   0.00181801   0.00279934 -0.00912118   0.0198644    0.013506 -0.000712631 -0.000826363   0.00201047 -0.00327209 -0.00258761  -0.0010312 0.999114        0        0
             30.9998  0.0924546 -0.0909559    0.13679 0.000719689 -0.00130235 0.000636277 -0.000787939  -0.00154386  -0.00137574 -0.000648122 -0.000840333   0.00203051   -0.0033477  -0.00240874 -0.000919498 0.998207        0        0
             30.9998    0.215937 0.000903936   0.0967596 -0.000571073 -0.000746392   0.00156427 -0.0106919 0.00127233 0.00403365 -0.000677172 -0.000861713   0.00204005  -0.00326017  -0.00243796 -0.000963054 0.998236        0        0
             31.1001  0.0821958 -0.0811291   0.142448 0.000638516 -0.00161311 0.000586272 -0.00129733 -0.00260881 -0.00110415 -0.000644926 -0.000845908   0.00203821  -0.00334989   -0.0024028 -0.000916163 0.998533        0        0
             31.1001  0.357573 -0.132341  0.147441 -0.000381671  0.000611586   0.00244651 -0.00999766   0.0118823   0.0103231 -0.000709344 -0.000833691   0.00203713 -0.00327894  -0.0025344 -0.00101119 0.998563        0        0
                31.2  0.111324 -0.126968  0.136239    0.0012667  -0.00155236 -0.000902835 0.000461469  -0.0018377 -0.00563237 -0.000652411 -0.000838587   0.00204692  -0.00338679  -0.00241891 -0.000867795 0.998228        0        0
                31.2   0.227836 -0.0964116  0.0905124 4.03995e-05 3.34592e-05 0.000731176 -0.00850838  0.00872744  0.00418188 -0.000679602 -0.000845509   0.00205783  -0.00330864  -0.00250924 -0.000948113 0.998261        0        0
             31.2998 0.0620776  -0.13454  0.108066  0.000721267 -0.000635863 -0.000945643 -0.00366692  0.00285161 -0.00302894 -0.000646683 -0.000839613   0.00206021  -0.00336868  -0.00245624 -0.000886417 0.998057        0        0
             31.2998    0.293196 -0.00768097   0.0828955 -0.000435277   0.00122921  0.000337117 -0.0126302  0.0151337 0.00468253 -0.000701214 -0.000869491   0.00206634  -0.00328555  -0.00256749 -0.000948386 0.998081        0        0
             31.4001 0.0689579 -0.110874 0.0964746  0.000866619 -0.000465529  2.09105e-05 -0.00238302  0.00128502  0.00175894 -0.000652588 -0.000847619   0.00207017  -0.00338941  -0.00245321 -0.000934196 0.997975        0        0
             31.4001   0.295499 -0.0976467   0.124057 -0.000460393   0.00167045   0.00283246 -0.0124303   0.014996  0.0195935 -0.000705923 -0.000850665   0.00206376 -0.00330075 -0.00257633 -0.00108153 0.998017        0        0
                31.5   0.114651 -0.0696724   0.101603 -0.000295866 -0.000621906    0.0010539 -0.00631098 -0.00119412  0.00375879  -0.00066508 -0.000860026   0.00207738  -0.00335113  -0.00244438 -0.000965129 0.998306        0        0
                31.5   0.354272 -0.0678909   0.114635 -0.00134013   0.0017914   0.0022205 -0.0140144   0.015129  0.0101868 -0.000721574 -0.000860285   0.00207437  -0.0032855 -0.00258998 -0.00101839 0.998331        0        0
             31.5998  0.125737 -0.128361  0.103371    0.0010023 -0.000442679 -0.000937079 0.000786426 -0.00113972  -0.0069283  -0.00066703 -0.000850318   0.00208675  -0.00343099  -0.00246136 -0.000887797 0.998832        0        0
             31.5998  0.353441 -0.096774  0.174467 -0.000657358   0.00119942   0.00257027 -0.0116815 0.00831516  0.0156548 -0.000720825 -0.000857686   0.00206997 -0.00331928 -0.00255151 -0.00107442 0.998884        0        0
             31.7001  0.0775115 -0.0927893   0.134023 0.000625455 -0.00231239 0.000355083 -0.00145931 -0.00906689  0.00145474 -0.000667099 -0.000861206    0.0020848  -0.00341195   -0.0023984 -0.000950593 0.998702        0        0
             31.7001    0.279903 -0.00853094    0.142703 -0.000162448  -0.00119054  0.000354001 -0.00747113 -0.00198257 0.000668911 -0.000714962 -0.000881059   0.00208285   -0.0033578  -0.00246798 -0.000943229 0.998713        0        0
                31.8 0.0961929 -0.110787  0.185249  0.000881236  -0.00297535 -0.000103077 -0.00138076 -0.00899171 -0.00033171 -0.000669013 -0.000860447   0.00208218 -0.00343264 -0.00241154 -0.00092994 0.999437        0        0
                31.8  0.276156 -0.110155  0.125943  -0.00065613 -0.000159137   0.00205991 -0.0145656  0.0102287  0.0128321 -0.000711412 -0.000860175   0.00209641 -0.00332113 -0.00257485  -0.0010393 0.999477        0        0
             31.8998  0.075423 -0.110459  0.122879  0.000307219 -0.000956679 -0.000353874 -0.00443505  0.00303124 -0.00100565 -0.000670286 -0.000862736   0.00210266  -0.00341985   -0.0025139 -0.000921061 0.999468        0        0
             31.8998   0.224788 -0.0316707   0.116421 -0.000617638 -0.000752489 -7.42705e-05  -0.0120723  0.00327655 0.000494232 -0.00070581 -0.00088133  0.00210427  -0.00335226  -0.00252516 -0.000933026 0.999488        0        0
             32.0001 0.0705182 -0.130699  0.135442   0.00123745  -0.00153929 -0.000796933 0.000787359 -0.00204227 -0.00255973 -0.000677981   -0.0008605   0.00210504  -0.00347268  -0.00248732 -0.000915551 0.999938        0        0
             32.0001   0.246379 -0.0792812  0.0897854 -0.000288732  6.24897e-05 -0.000261457  -0.0125433  0.00846678 7.01158e-05 -0.000719531 -0.000872462     0.002116  -0.00336043  -0.00258163 -0.000937576 0.999965        0        0
                32.1 0.0721222 -0.153722   0.11259  0.000564016 -0.000748668  -0.00140402 -0.00477321   0.0019612 -0.00585773 -0.000683104 -0.000857309   0.00211756  -0.00345085  -0.00252141 -0.000906367 1.00037       0       0
                32.1   0.192394 -0.0105255  0.0911619 -0.000437811 -0.000710792 -0.000230135  -0.0127695 0.000903845  0.00177054 -0.000711953 -0.000891385   0.00212277    -0.003374  -0.00251974 -0.000968217 1.0004      0      0
             32.1998  0.112446 -0.130202  0.138605   0.00073343  -0.00141395 -0.000261257  -0.0016179 -0.00308373 0.000537274 -0.000689695  -0.00086628   0.00212128 -0.00347589 -0.00249265 -0.00096235 1.00002       0       0
             32.1998  0.351941 -0.101884  0.148545  -0.00022544 -0.000591842   0.00154342 -0.00981589 0.000792892   0.0120754 -0.000746897 -0.000872926   0.00211895 -0.00340295 -0.00253864 -0.00105864 1.00005       0       0
             32.3001 0.0675461 -0.118369  0.137394   0.00127595  -0.00198522 -0.000334712 -0.000134205  -0.00417568  0.000486766 -0.000692786 -0.000870793   0.00212508  -0.00350946  -0.00248497 -0.000955639 1.00058       0       0
             32.3001   0.191842 -0.0414656   0.098095   0.00026495 -0.000941263  0.000123688 -0.00864361  0.00278853  0.00288602 -0.000722256 -0.000888966   0.00213457  -0.00343417  -0.00254817 -0.000975007 1.0006      0      0
                32.4 0.0626935 -0.103025  0.127845 0.000140522 -0.00128019 0.000448266  -0.00624379 -0.000567382   0.00383458 -0.000695514  -0.00087749     0.002134 -0.00346727 -0.00252434  -0.0009784 1.00131       0       0
                32.4   0.292946 -0.0711762   0.121518 -0.000558998  -0.00111151    0.0025078  -0.0119372 -0.00162638   0.0174715 -0.000750804 -0.000884962    0.0021355 -0.00341389 -0.00252985 -0.00109213 1.00135       0       0
             32.4998  0.0952935 -0.0840787   0.133853 0.000461459 -0.00154519 0.000643838 -0.00195039 -0.00140686  0.00163365 -0.000709737 -0.000885402   0.00213854   -0.0035028  -0.00252033 -0.000974525 1.00098       0       0
             32.4998   0.194202 -0.0680295   0.111114 -4.69083e-05 -0.000612285  0.000145389 -0.00677381  0.00546159 -0.00229344 -0.000730756 -0.000888163     0.002144 -0.00346396 -0.00258113  -0.0009419 1.00098       0       0
             32.6001 0.0806184 -0.136079  0.134228   0.0013539 -0.00110036 -0.00117114   0.0013037 0.000166481 -0.00758643 -0.000707748 -0.000876863   0.00214571  -0.00355292  -0.00254559 -0.000909875 1.00129       0       0
             32.6001  0.237621 -0.076971  0.115698  0.000660442 -7.69726e-06 -0.000553925 -0.00433942  0.00753542   -0.003955 -0.000743902 -0.000889642   0.00215016  -0.00350548  -0.00261057 -0.000938784 1.00131       0       0
                32.7 0.0593188 -0.145411  0.135518  0.00111626 -0.00166374 -0.00101965 -0.00134545 -0.00219867   -0.004242 -0.000707835 -0.000877373   0.00215165  -0.00354152  -0.00252499 -0.000938115 1.0012      0      0
                32.7   0.259412 -0.0560725   0.148347   -0.0002137 -0.000265937 -0.000285686  -0.0124582  0.00679565 -0.00024058 -0.000755111 -0.000898103   0.00214873  -0.00344521  -0.00260745 -0.000969604 1.00122       0       0
             32.7998 0.0775756   -0.1485  0.159508   0.00104615   -0.0021846 -0.000963769    -0.00206 -0.00493191 -0.00216096 -0.000715137 -0.000879656   0.00215325  -0.00354723  -0.00251743 -0.000953179 1.00141       0       0
             32.7998  0.313517 -0.076747  0.182402  0.000488901 -0.000522938 -0.000116047 -0.00594833  0.00620598  0.00271797 -0.000771718 -0.000896954   0.00214789   -0.0035085  -0.00262234 -0.000992328 1.00143       0       0
             32.9001 0.0574838 -0.141882  0.171592   0.00142003  -0.00282424 -0.000813456  -0.00214781  -0.00557692 -0.000719172 -0.000719092 -0.000883428   0.00215454  -0.00357716  -0.00251454 -0.000967593 1.00143       0       0
             32.9001  0.282938 -0.100182  0.163365 0.000299795 -0.00142806 0.000906928 -0.0111795  0.0028774 0.00998377 -0.000773226  -0.00089353   0.00215667 -0.00349564 -0.00259726 -0.00105728 1.00146       0       0
                  33 0.0828136 -0.133523   0.17729   0.00087809   -0.0024139 -0.000599124 -0.00435333 -0.00374054 9.82133e-05 -0.000732075 -0.000887802   0.00215915  -0.00356125  -0.00255379 -0.000977204 1.00135       0       0
                  33   0.345813 -0.0920789   0.150693  0.000432555 -0.000692603 -0.000126711 -0.00781033  0.00768571  0.00241924 -0.000795505 -0.000897762   0.00216566  -0.00352884  -0.00266345 -0.000996406 1.00136       0       0
             33.0998 0.0715676 -0.159691  0.161687  0.00126864 -0.00190346 -0.00136451 -0.00302573  0.00109426 -0.00577793 -0.000734791 -0.000884736   0.00216928  -0.00360014  -0.00258502 -0.000952512 1.00214       0       0
             33.0998    0.271801 -0.00349169   0.0999812 -0.000513593 -0.000171158  -0.00184711  -0.0186821   0.0129271 -0.00994335 -0.000778293 -0.000917538   0.00218401  -0.00346389  -0.00269218 -0.000916555 1.00216       0       0
             33.2001  0.158051 -0.147288   0.13682 -0.000761147  -0.00075217  -0.00133185  -0.0115122  0.00238623 -0.00486574 -0.000750111 -0.000890287   0.00218496  -0.00353426  -0.00262679 -0.000970692 1.00138       0       0
             33.2001   0.399951 0.00521819   0.153338   -0.0020699   0.00113373 -0.000115185 -0.0202078  0.0147836 0.00175023 -0.000805965    -0.000925   0.00218113 -0.00345334 -0.00273777 -0.00102331 1.0014      0      0
                33.3  0.110966 -0.150214  0.153086 0.000679571 -0.00190165 -0.00076054 -0.000566922  -0.00295101  0.000216705  -0.00073614 -0.000895425   0.00219107 -0.00362234 -0.00257636 -0.00100454 1.00198       0       0
                33.3   0.240664 -0.0246498   0.120715 -0.000533685  -0.00106037  -0.00100082  -0.0110839  0.00255822 -0.00190629  -0.00076698 -0.000925133   0.00219925  -0.00353075  -0.00262734 -0.000985941 1.00199       0       0
             33.3998 0.0767412 -0.144979   0.14227   0.00125036  -0.00194738 -0.000949651 -0.000439696  -0.00331804 -0.000345153 -0.000735404  -0.00089862   0.00219858   -0.0036534   -0.0025883 -0.000998281 1.00158       0       0
             33.3998   0.206402 -0.0904278  0.0943695 -8.66251e-05 -0.000112349  0.000478944 -0.0117483 0.00952381 0.00813588 -0.000766474  -0.00091173   0.00221042 -0.00355334 -0.00269966 -0.00106823 1.00161       0       0
             33.5001 0.0782935 -0.122296   0.10763  0.000265643 -0.000570144 -0.000111568 -0.00582106  0.00435954  0.00307951 -0.000736871 -0.000906604   0.00221426 -0.00361628 -0.00264818 -0.00102752 1.0014      0      0
             33.5001   0.288054 -0.0561946    0.11785 -0.00119596 0.000155729  0.00126206 -0.0182587 0.00784314   0.011647 -0.000787625 -0.000922702   0.00221181 -0.00350554 -0.00269001 -0.00109994 1.00144       0       0
                33.6 0.0898615 -0.123904  0.121583  0.000671555  -0.00114172 -0.000261249 -0.00224455 -0.00153539 0.000648402 -0.000739103 -0.000909178   0.00221917  -0.0036544 -0.00261587 -0.00101663 1.00196       0       0
                33.6   0.249667 -0.0461693    0.13855 -0.000700113  0.000351844  0.000518291 -0.0139679 0.00860223  0.0049377  -0.00077775 -0.000927847   0.00221516 -0.00355032 -0.00270944  -0.0010527 1.00198       0       0
             33.6998 0.0858988 -0.128586   0.14069  0.000578481  -0.00190724 -0.000436112 -0.00417626  -0.0044759  -0.0022942 -0.000739249 -0.000911497   0.00222204 -0.00366662 -0.00259481 -0.00101088 1.00123       0       0
             33.6998   0.270664 -0.0471055  0.0946193 -0.000428866  -0.00080103  0.000915024 -0.0122205 0.00240505 0.00617897 -0.000784292 -0.000931184   0.00223336 -0.00359137 -0.00266216  -0.0010822 1.00126       0       0
             33.8001 0.0782293 -0.105142  0.130686 0.000361089 -0.00138005 0.000277947 -0.00258106 -0.00172859  0.00202434 -0.000738932  -0.00092071   0.00223281 -0.00367214 -0.00263022 -0.00103645 1.00078       0       0
             33.8001    0.25318 -0.0522183   0.127704 -0.000327063  -0.00053162  0.000793954 -0.00861215  0.00349946  0.00503307 -0.000781279 -0.000933514   0.00223362 -0.00361725 -0.00268444 -0.00106182 1.00079       0       0
                33.9 0.0587825 -0.125076  0.137525   0.00154565    -0.002017 -0.000624692  0.00244693 -0.00328707 -0.00175159 -0.000741188 -0.000918617   0.00223603  -0.00373542  -0.00261745 -0.000998222 1.00089       0       0
