              0.3015 0.0264315 -0.022633 0.0467129 0.000381114 0.000701589 0.000923198 -0.00121443  0.00179115 -0.00149132 -1.23435e-08 -7.81759e-09  3.81263e-08 -1.98293e-09 -2.71748e-09 -4.89054e-09 1 0 0 8037
              0.3015 0.0264315 -0.022633 0.0467129 0.000381114 0.000701589 0.000923198 -0.00121443  0.00179115 -0.00149132 -1.23435e-08 -7.81759e-09  3.81263e-08 -1.98293e-09 -2.71748e-09 -4.89054e-09 1 0 0 0
             0.40134 -0.143299 0.0644859 0.0365496 -0.00384773 -0.00324548   -0.002958 -0.0386348 -0.0310847    -0.0296  1.54124e-05 -1.32498e-05  7.81359e-06 5.40023e-06 4.98376e-06 3.80619e-06 1 0 0 7946
             0.40134  0.0311133 -0.0461715  0.0428286   0.00118012  0.000743968 -0.000338115   0.0054951  0.00061172 -0.00864651 -3.21244e-06 -3.04636e-07  5.61803e-06 -1.02741e-06  2.56029e-07  7.89933e-07 0.996418        0        0 0
             0.50166   0.027975 -0.0622192  0.0750333 0.000261801 0.000312596 -0.00230103 -0.00902639 -0.00308925  -0.0204725 -6.79501e-06 -4.02106e-06  6.12764e-06  1.0261e-05 1.95405e-06 5.90808e-06 0.996421        0        0 8242
             0.50166  0.0266976 -0.0250281  0.0496345 0.000539989 0.000352168 0.000914185 -0.00594471  -0.0034415   0.0102258 -5.21703e-06 -8.72042e-06  9.28817e-06  4.85528e-06  2.17697e-06 -6.09583e-06 0.996535        0        0 0
              0.6015 -0.00290445   -0.039346   0.0418436  -0.00138041 -0.000496923   0.00118746 -0.0206223 -0.0088678 0.00077685 -3.02468e-06 -7.83216e-06  1.50954e-05  5.5039e-05 1.01727e-05 1.56133e-05 0.996537        0        0 7961
              0.6015  0.0274783 -0.0260804   0.044136 0.000605362 0.000730744 0.000823544  0.00114751  0.00273279 -0.00296529 -6.74296e-06 -1.04877e-05  1.61235e-05 -1.82843e-05  -2.1454e-05  2.42873e-05 0.996111        0        0 0
             0.70134  0.0321588 -0.0771236  0.0719413 2.36944e-05 0.000771718 0.000449475 -0.00720763 0.000266274 -0.00499357 -1.01935e-05 -6.08645e-06  1.85625e-05  9.07939e-06 -1.27418e-05  2.41337e-05 0.996116        0        0 8083
             0.70134    0.02936 -0.0332447  0.0420624 0.000611814 0.000893878 0.000411658 -0.000379441   0.00130702    -0.005317 -9.74415e-06 -1.17484e-05  2.18784e-05 -1.46579e-05 -1.64665e-05  2.62034e-05 0.995406        0        0 0
            0.801666 0.00578867 -0.0449206  0.0374725 -0.000771814  0.000501148 -0.000918857  -0.0162937 -0.00286637  -0.0137653 -8.96549e-06 -1.07585e-05  2.82367e-05  3.7088e-05 2.42579e-06 5.27158e-05 0.995417        0        0 8061
            0.801666  0.0269734 -0.0286056  0.0454397 0.000556358 0.000723786 0.000633851 -0.00114624 -0.00170706  0.00248376  -1.1033e-05 -1.49019e-05  2.73596e-05 -1.63945e-05 -2.82845e-06 -8.86196e-06 0.995775        0        0 0
            0.901507 -0.0216658 -0.0717136  0.0382277 -6.40362e-05  0.000100221  0.000715326 -0.00748283 -0.00504175  0.00137488 -8.53562e-06 -1.17643e-05  3.36739e-05  1.86181e-06  1.37783e-05 -8.14031e-06 0.995778        0        0 7968
            0.901507  0.0273932 -0.0228111  0.0450901 0.000698844 0.000641103 0.000903228   0.00124426 -4.89811e-05   0.00338982 -1.32429e-05 -1.83593e-05   3.3079e-05 -2.81117e-05 -5.37608e-06 -1.50476e-05 0.995795        0        0 0
             1.00135  0.0436121 -0.0420939   0.072215 -0.000182848   0.00028612  0.000495446  -0.0102125  -0.0029997 -0.00536206 -1.90602e-05  -1.6816e-05  3.51062e-05  1.3472e-05 3.90448e-06 8.87498e-06 0.995798        0        0 7932
             1.00135   0.030104 -0.0301331  0.0405557 0.000666703 0.000864975 0.000544914 -0.000711778   0.00267686   -0.0048635 -1.68842e-05 -1.93954e-05   3.8826e-05 -2.08403e-05 -1.60288e-05  7.48426e-06 0.994562        0        0 0
             1.10167  0.0190348 -0.0692768  0.0471409 -5.51832e-05  0.000504237 -4.06329e-05 -0.00764383 -0.00385048  -0.0082849 -1.90912e-05 -1.67919e-05  4.32118e-05 2.33425e-06 5.82017e-06 8.13198e-06 0.994565        0        0 8008
             1.10167  0.0281843 -0.0262867  0.0496494 0.000551213 0.000381078  0.00075103 -0.000419695  -0.00562386 -0.000246767 -2.03268e-05 -2.26952e-05  4.28835e-05 -2.26698e-05  1.21272e-05  -2.2136e-05 0.995102        0        0 0
             1.20151  0.0190999 -0.0888438  0.0702428 -0.000145131  -0.00025388  0.000655611  -0.0087007 -0.00701229 -0.00394938 -2.02156e-05 -1.73334e-05  4.71858e-05  6.54979e-07  1.43537e-05 -2.04459e-05 0.995103        0        0 8058
             1.20151 0.0283844  -0.02592 0.0572901 0.000528751 6.33327e-05 0.000726325 -0.000855941  -0.00423006  -0.00315207 -2.08847e-05  -2.5392e-05  4.87316e-05 -2.63252e-05  4.08378e-06 -2.27384e-05 0.994557        0        0 0
             1.30135 -0.0221851  -0.100595  0.0647024  8.82689e-05 -0.000589917  0.000596354 -0.00559693 -0.00582246 -0.00232688 -1.63934e-05 -1.85773e-05  5.43726e-05 -1.15447e-05  1.37507e-05 -3.03117e-05 0.99456       0       0 8046
             1.30135  0.0289343 -0.0291671  0.0410024 0.000737787 0.000953394 0.000602735  0.00152082  0.00878319 -0.00249184 -2.02828e-05 -2.75187e-05   5.7517e-05 -3.60009e-05  -4.1091e-05 -2.88577e-05 0.999116        0        0 0
             1.40167 -0.0211997 -0.0562801   0.048947  0.000149781  0.000906957 -1.23315e-05  -0.0070207 0.000557663  -0.0049303 -1.77557e-05 -2.60213e-05  6.23856e-05 -8.14385e-06 -6.01627e-06 -1.81408e-05 0.999118        0        0 8217
             1.40167  0.0274308 -0.0216032   0.045084 0.000585004 0.000604617 0.000959216 -0.00165822 -0.00307804  0.00534978 -2.36799e-05 -3.09148e-05  6.27225e-05 -2.67286e-05  6.25642e-06 -5.77724e-05 1.001     0     0 0
             1.50151 -0.0375886 -0.0473686  0.0485753 -0.000197883 -0.000252453   0.00105472 -0.00895119 -0.00711267  0.00173881 -1.87926e-05 -3.00287e-05  6.79769e-05 -2.54081e-06  2.53532e-05 -4.87965e-05 1.001     0     0 8015
             1.50151  0.0265129 -0.0227682  0.0425098 0.000627073 0.000810423 0.000817027  5.76032e-05   0.00292787 -0.000793974  -2.4675e-05 -3.39408e-05  6.90051e-05 -3.54007e-05 -1.33791e-05 -3.83999e-05 0.995479        0        0 0
             1.60135 -0.0228645 -0.0711483   0.047812 -0.000263684  0.000299042  0.000130703  -0.0106016   -0.004151 -0.00848821 -2.30111e-05 -3.00402e-05  7.37187e-05  1.56914e-06  1.15593e-05 -2.29267e-05 0.995484        0        0 8196
             1.60135  0.0295113 -0.0272377  0.0430572 0.000612007 0.000826505 0.000678527 -0.000579709  0.000252139  -0.00279124 -2.83947e-05 -3.64698e-05  7.44133e-05 -3.44522e-05 -6.10052e-06  -4.4422e-05 0.999303        0        0 0
             1.70167 -0.0185461 -0.0616672  0.0487303 -0.000373802  0.000343885  0.000503923  -0.0105034 -0.00483509  -0.0045739 -2.78071e-05 -3.35819e-05  7.82638e-05  1.75366e-06  1.34322e-05 -5.17583e-05 0.999302        0        0 8082
             1.70167  0.0266371 -0.0277491  0.0461819 0.000746987   0.0007007 0.000640985  0.00242415 -0.00194087 -0.00307546  -3.2556e-05 -3.91314e-05  7.86583e-05 -4.60365e-05  1.45088e-06 -5.68457e-05 0.994911        0        0 0
             1.80151 -0.00862324  -0.0701292   0.0659676 -0.000165703  -4.9438e-05  0.000474687   -0.011099 -0.00743215 -0.00304025 -3.23018e-05 -3.43555e-05  8.19261e-05 -3.33308e-07  2.36213e-05 -6.06021e-05 0.994913        0        0 8078
             1.80151  0.0267716 -0.0325917  0.0413348 0.000674402 0.000954437 0.000475747 -0.00165048  0.00193834 -0.00317786 -3.51036e-05 -3.99252e-05  8.50777e-05 -3.47662e-05 -1.21685e-05  -5.9376e-05 0.998625        0        0 0
             1.90135 -0.0223291 -0.0702266  0.0192029 -0.000618605  0.000493376 -0.000379742  -0.0150183 -0.00378499 -0.00840284 -3.19139e-05 -3.69813e-05  9.34566e-05 9.92026e-06  9.6688e-06 -3.9982e-05 0.998623        0        0 7909
             1.90135  0.0276138 -0.0259736  0.0372931 0.00060069  0.0010562 0.00062005 -0.000868314  0.000891323   0.00201995 -3.70697e-05 -4.42607e-05  9.15058e-05 -4.21903e-05 -9.34961e-06 -8.03816e-05 0.994976        0        0 0
             2.00167  0.0202599 -0.0892817  0.0780386 3.75906e-06 0.000407402 0.000592437 -0.00743181 -0.00515943 0.000760124 -3.52084e-05 -3.98408e-05  9.45397e-05 -2.19587e-05  1.85381e-05 -8.09116e-05 0.994978        0        0 8065
             2.00167  0.0251504 -0.0228114  0.0454606 0.000706374 0.000668287 0.000970957 0.000879334 -0.00296804  0.00474932 -3.54883e-05 -4.87303e-05  9.84095e-05  -5.1776e-05  1.03267e-05 -9.60448e-05 0.995587        0        0 0
             2.10151 -0.0466474 -0.0682084  0.0142625 -0.000293009 -0.000321169  0.000508466  -0.0122407 -0.00891691  -0.0057953 -3.09334e-05 -4.43203e-05  0.000107324 -8.75729e-06   3.2769e-05 -6.90904e-05 0.995582        0        0 7905
             2.10151  0.0247404 -0.0262419  0.0433442 0.000523501 0.000758931 0.000727115   -0.003073  0.00138576 -0.00366251 -3.78053e-05 -5.04756e-05   0.00010428  -4.2488e-05 -8.52688e-06 -7.68649e-05 0.995981        0        0 0
             2.20135 0.00510735 -0.0970573  0.0474959 -0.000506375   0.00018731  0.000480058  -0.0110688 -0.00625302  -0.0052735 -3.71727e-05 -4.33961e-05  0.000109937 -1.03703e-05  1.75219e-05   -8.646e-05 0.995979        0        0 8022
             2.20135  0.0308467 -0.0294075    0.04802 0.000474126 0.000510317 0.000644675 0.000470031 -0.00357082 -0.00348251  -3.9832e-05 -5.28734e-05  0.000109968 -5.27615e-05  6.63686e-06 -9.26596e-05 0.995453        0        0 0
             2.30167 -0.0168469  -0.092167  0.0623921 -0.000243408 -0.000394326 -0.000104798 -0.00856807 -0.00948917  -0.0108558 -3.72944e-05 -4.66831e-05  0.000114352 -2.57037e-05  2.81414e-05 -7.48491e-05 0.995452        0        0 7995
             2.30167  0.0308889 -0.0283094   0.045251  0.00063982 0.000670936 0.000544682  0.00149592 0.000448665 -0.00418563 -4.15753e-05 -5.56768e-05  0.000116698 -6.27462e-05 -1.14041e-05 -0.000100996 0.99532       0       0 0
             2.40151 -0.00612875  -0.0882311    0.072846 -0.000341433 -0.000110414  3.22356e-05  -0.0119622 -0.00696784 -0.00572716 -4.11246e-05 -4.92706e-05  0.000119312 -1.60381e-05  2.27564e-05 -9.63211e-05 0.995318        0        0 8076
             2.40151  0.0280597 -0.0283211  0.0424456 0.000754897 0.000810151 0.000484589 0.000647428  0.00156114 -0.00139626 -4.39937e-05 -5.81381e-05  0.000123204 -6.28347e-05  -1.0786e-05 -0.000112803 0.995145        0        0 0
             2.50135     -0.045 -0.0685302  0.0311721  1.06593e-05  0.000131364 -2.82126e-05 -0.00966819 -0.00495338 -0.00398894 -3.82237e-05 -5.48066e-05  0.000130561 -2.89061e-05  2.03842e-05 -0.000101205 0.995144        0        0 8026
             2.50135  0.0271915 -0.0260832  0.0401887 0.000703345 0.000987702 0.000819356 -0.0017493 0.00287871 0.00483131 -4.57662e-05 -6.11462e-05  0.000129745  -5.8194e-05 -1.20347e-05 -0.000136411 0.994997        0        0 0
             2.60167 0.00964716  -0.138547  0.0383535 0.000110759 0.000822362  0.00101121  -0.00703318 -0.000187632   0.00329812 -4.46766e-05 -5.07615e-05  0.000136608 -4.26494e-05  1.75707e-06 -0.000135161 0.994997        0        0 8136
             2.60167   0.028822 -0.0486448  0.0489389  0.000752839  0.000474523 -0.000586958 0.000846578 -0.00354971   -0.013117 -4.74168e-05 -6.19638e-05  0.000135259 -7.18885e-05  1.43061e-05 -6.67259e-05 0.994889        0        0 0
             2.70151 0.00194606 -0.0878774  0.0612394 -0.000117704 -0.000222306  -0.00215211  -0.0107629 -0.00692837  -0.0168275 -4.89468e-05 -5.79532e-05  0.000138882  -3.0888e-05  2.40091e-05 -6.79125e-05 0.994884        0        0 8066
             2.70151  0.0308308 -0.0336082  0.0426797 0.000610506  0.00083874 0.000391765 -0.00209588  0.00146717  0.00576003 -5.12592e-05 -6.62826e-05  0.000141387 -6.16402e-05 -9.26548e-06 -0.000159278 0.999028        0        0 0
             2.80136 0.020236 -0.10825 0.056119 -0.000432131  0.000577115  0.000895938   -0.011347 -0.00340381  0.00145159 -5.43942e-05 -5.87711e-05  0.000145283 -2.63762e-05   4.2311e-06 -0.000161996 0.999026        0        0 8003
             2.80136  0.0274045 -0.0358563  0.0521102 0.000636109 0.000234291 0.000126985  0.00145361 -0.00712649 -0.00602898 -5.57226e-05 -6.89158e-05   0.00014568 -7.51483e-05   1.8728e-05 -0.000130143 0.999609        0        0 0
             2.90168 -0.0118008  -0.102407  0.0736379  0.000143333 -0.000842829  -0.00039293 -0.00630503  -0.0105484 -0.00890266 -5.43191e-05 -6.19329e-05  0.000149594 -5.00349e-05  3.56416e-05  -0.00013141 0.999608        0        0 8086
             2.90168  0.0283707 -0.0258285  0.0430386 0.000688615 0.000823217 0.000791241 -4.46602e-05   0.00438395   0.00099877 -5.71362e-05 -7.23133e-05  0.000153801 -7.21305e-05 -2.42631e-05  -0.00017155 0.998979        0        0 0
             3.00152 -0.00267185   -0.104764   0.0389535 -0.000348738  0.000700551   0.00118612   -0.0126498 -2.68658e-05   0.00358804  -5.8163e-05 -6.36123e-05  0.000159237  -3.1792e-05 -7.01342e-07 -0.000181393 0.998981        0        0 7972
             3.00152  0.0272736 -0.0498028  0.0456344  0.000772013  0.000645956 -0.000518085  0.000493877 -0.000826778   -0.0142664 -6.18938e-05 -7.15089e-05  0.000158424 -8.31124e-05  1.63631e-06 -0.000106134 0.998994        0        0 0
             3.10136 0.00239051 -0.0834075  0.0864378  0.000168304 -0.000121381  -0.00194754 -0.00744648 -0.00647201  -0.0125808 -6.20158e-05 -6.88811e-05   0.00015945 -5.42207e-05  2.68876e-05 -0.000109944 0.998988        0        0 8158
             3.10136  0.0278284 -0.0263317  0.0407427  0.00055704 0.000923783  0.00075364 -0.00258284  0.00283876   0.0121356 -6.38797e-05 -7.72374e-05  0.000165366  -7.0525e-05 -1.05166e-05 -0.000212457 0.999668        0        0 0
             3.20168 -0.0133393  -0.041265  0.0481869 -0.000599143  0.000208395   0.00110097  -0.0132521 -0.00588874  0.00465226 -6.26175e-05 -7.70188e-05  0.000169896 -3.23615e-05  2.62618e-05 -0.000186195 0.99967       0       0 7998
             3.20168  0.0260535 -0.0230667  0.0469393 0.000535278 0.000606829 0.000869966 -0.000244418  -0.00243005   0.00221055 -6.69407e-05 -8.08861e-05   0.00017017 -8.43885e-05  1.13125e-05 -0.000175123 0.995415        0        0 0
             3.30152 -0.00503106  -0.0155986   0.0674077 -0.000579647 -0.000107254  0.000209362  -0.0128436 -0.00690614 -0.00863982 -6.69003e-05 -8.20881e-05  0.000173255 -3.30389e-05  2.58806e-05 -0.000146137 0.995411        0        0 8231
             3.30152 0.0258704 -0.028566 0.0448473 0.000564632 0.000704195  0.00063374 4.00727e-06 0.000531187 -0.00433623 -6.96643e-05 -8.24122e-05   0.00017629   -8.484e-05  -4.5825e-06 -0.000163678 0.99486       0       0 0
             3.40136 -0.0179873 -0.0793557  0.0319852 -7.32082e-05  0.000270304 -0.000203404 -0.00746935 -0.00472312  -0.0122246  -6.8482e-05 -7.72441e-05  0.000183253 -5.89719e-05  1.50096e-05 -0.000144944 0.994858        0        0 8065
             3.40136  0.0276515 -0.0240767  0.0402666 0.000717779 0.000944251 0.000796337  0.00172281  0.00128437 -0.00179325 -7.33043e-05 -8.55775e-05  0.000182425 -9.40901e-05 -1.04967e-05 -0.000188213 0.995198        0        0 0
             3.50168 -0.000758353   -0.0401589    0.0764528 -0.00052878 0.000268823 0.000273003  -0.0148201 -0.00583859 -0.00575325  -7.1274e-05 -8.39008e-05  0.000185275 -3.03404e-05  2.37696e-05 -0.000169759 0.995194        0        0 8280
             3.50168  0.0240206 -0.0223475  0.0475558  0.00047274 0.000525544 0.000968256 -0.00320823 -0.00388647  0.00156695 -7.40714e-05 -8.78489e-05  0.000188928 -7.68909e-05  1.54011e-05 -0.000200278 0.999565        0        0 0
             3.60152 -0.0471602 -0.0038717  0.0575186    -0.001137 -0.000762937   0.00073223  -0.0183117  -0.0112417 -0.00144753 -6.78321e-05 -9.14324e-05  0.000193978   -1.967e-05   4.8546e-05 -0.000185811 0.999563        0        0 8170
             3.60152  0.0213843 -0.0212387  0.0512183 0.000482454 0.000339075 0.000949716 -0.000115865  -0.00126151  0.000702441 -7.49517e-05 -9.18466e-05    0.0001951 -9.39406e-05  6.24603e-06  -0.00019414 0.999756        0        0 0
             3.70136 -0.0122198 -0.0966289   0.061231 -0.000102099 -9.51701e-05  0.000460982  -0.0077568 -0.00290434 -0.00434363 -7.41005e-05 -8.45088e-05  0.000199755 -6.82806e-05  1.57405e-05 -0.000179679 0.999755        0        0 8257
             3.70136   0.025225 -0.0246622  0.0469449 0.000579301   0.0005585 0.000800047  0.000257131   0.00298387 -0.000825432 -7.79887e-05 -9.46633e-05  0.000201752 -9.88449e-05 -9.21367e-06 -0.000193814 0.994929        0        0 0
             3.80177  0.0136852 -0.0717829  0.0572767 -0.000252363  1.67779e-05  0.000328931 -0.00990442 -0.00522379 -0.00541332 -7.67272e-05 -9.06902e-05  0.000207422 -6.16286e-05  2.13922e-05 -0.000189088 0.99493       0       0 8163
             3.80177  0.0254029 -0.0278456  0.0435931 0.000639589 0.000802852 0.000632581 0.000321882  0.00199537 -0.00235419 -7.71889e-05 -9.76513e-05   0.00020938 -0.000102409 -8.44365e-06 -0.000201443 0.999484        0        0 0
             3.90161 0.00594411 -0.0685924  0.0489837  -5.3631e-05  0.000536153 -0.000180683 -0.00797167 -0.00336296  -0.0108857 -7.94829e-05 -9.32133e-05  0.000214017 -6.89947e-05   9.6123e-06 -0.000181514 0.999481        0        0 8193
             3.90161  0.0264829 -0.0240634  0.0433264 0.000562376 0.000796223 0.000834734 -0.000671099  -0.00129552 -0.000184411 -8.17632e-05  -0.00010022   0.00021481 -9.70954e-05  6.20302e-07 -0.000226766 0.995061        0        0 0
             4.00145 -0.00279802  -0.0825823   0.0264081 -0.000352209   0.00031197  0.000612533  -0.0107894 -0.00466105 -0.00472291 -8.43995e-05 -9.34494e-05  0.000222207 -6.03388e-05  1.64044e-05 -0.000217041 0.995059        0        0 8169
             4.00145 0.0247991  -0.02227 0.0444215 0.000600229 0.000724634 0.000848932 0.000384758 -0.00121723 -0.00223454 -8.73948e-05 -0.000102708  0.000220041 -0.000104706  1.35011e-06 -0.000226805 0.999962        0        0 0
             4.10129 0.00895933 -0.0726966  0.0479165 -0.000289588 -0.000208103  0.000146357  -0.0106153 -0.00826725 -0.00849174 -8.67507e-05  -9.8087e-05  0.000227114 -6.38419e-05   3.6707e-05 -0.000203425 0.99996       0       0 7986
             4.10129  0.0262934 -0.0238311  0.0459917 0.000631524 0.000618738 0.000800683  1.69952e-05 -0.000506507  -0.00165189 -8.79334e-05 -0.000105894  0.000227608 -0.000106554  3.96379e-06 -0.000232408 0.996137        0        0 0
             4.20161 -0.0228404 -0.0550029  0.0418154 -4.59232e-05   6.3567e-05  0.000211681  -0.0086034 -0.00398272 -0.00574017 -8.19493e-05 -0.000104144  0.000235532 -7.76772e-05   2.2513e-05 -0.000215942 0.996135        0        0 8090
             4.20161  0.0287465 -0.0334264  0.0495716 0.000437661 0.000427181 0.000263468  -0.00306282 -0.000827699  -0.00523128 -8.80824e-05 -0.000107644  0.000234652 -0.000100375  7.66402e-06 -0.000217729 0.995331        0        0 0
             4.30145 0.0101896  -0.11288 0.0658754 -0.000281182 -0.000149145 -0.000362035 -0.00849724 -0.00485989 -0.00542454 -8.99283e-05 -9.96479e-05  0.000238109  -8.1776e-05  2.42106e-05 -0.000221418 0.995331        0        0 7968
             4.30145  0.0247048 -0.0195431  0.0460568  0.00049879 0.000630148  0.00106528 0.000732103  0.00174442  0.00845892  -9.0878e-05 -0.000113339  0.000240894 -0.000116773 -3.61352e-06 -0.000281077 0.995308        0        0 0
             4.40129 -0.0241237 -0.0575727  0.0403078 -0.000331312 -7.23441e-05  0.000835533 -0.00941227 -0.00682991  -0.0032881 -8.78552e-05 -0.000109722  0.000247246 -7.63515e-05  3.11327e-05 -0.000242074 0.995305        0        0 8002
             4.40129 0.0280063 -0.023276 0.0412691 0.000524747 0.000845668 0.000774824  0.00031216  0.00183828 -0.00403373 -9.34084e-05 -0.000115441  0.000247418   -0.0001166 -6.95849e-06 -0.000238018 0.99969       0       0 0
             4.50161 -0.00358298  -0.0518756   0.0407244 -0.000465521  0.000239447 -0.000111685  -0.0114228 -0.00687318  -0.0111507  -9.2663e-05 -0.000112818  0.000253923 -6.98106e-05  2.44672e-05 -0.000222988 0.999686        0        0 8113
             4.50161  0.0242102 -0.0192425  0.0411631 0.000599352 0.000902757 0.000999473 0.000840353 -0.00102586 0.000409057 -9.54507e-05 -0.000119035  0.000254065 -0.000120565 -1.12363e-06 -0.000273615 0.995449        0        0 0
             4.60145  0.0533185 -0.0768226  0.0650448 0.000208781 0.000391719  0.00112208  -0.00535316  -0.00490071 -0.000787734 -0.000101906 -0.000113567  0.000257761 -0.000100239  1.95768e-05 -0.000280109 0.995447        0        0 8096
             4.60145  0.0302525 -0.0366225  0.0504844 0.000685234 0.000373115 4.68601e-05  0.00031594 -0.00493523  -0.0120287  -9.8927e-05 -0.000119179  0.000259656 -0.000123641  2.05522e-05 -0.000229687 0.99473       0       0 0
             4.70129 -0.0290996 -0.0399333  0.0415357 -0.000124554 -0.000746214  -0.00152322 -0.00955531 -0.00943663  -0.0161105 -9.61675e-05 -0.000120375  0.000266706 -8.63915e-05  4.71454e-05 -0.000214421 0.99473       0       0 8102
             4.70129  0.0283175 -0.0253197  0.0412055 0.000658239 0.000953816 0.000724904 -0.00065674   0.0054573  0.00500932 -0.000101685 -0.000124111  0.000267237 -0.000122762 -1.78809e-05 -0.000308041 0.995009        0        0 0
             4.80161 -0.0296423  -0.031029   0.039839 -0.000146292  0.000579022  0.000857941  -0.0092274 -0.00336141  0.00106788 -9.89931e-05  -0.00012557  0.000274115 -8.84226e-05   1.7512e-05 -0.000295094 0.995008        0        0 8205
             4.80161  0.025041 -0.026696 0.0395452 0.000756793  0.00101011 0.000584145  0.00105381 0.000401643 -0.00184467 -0.000105579 -0.000127443  0.000274296 -0.000132811 -3.00365e-07 -0.000281392 0.994992        0        0 0
             4.90145 0.00859968 -0.0456033  0.0363446 -0.000285642  0.000379444  5.05971e-05  -0.0125713 -0.00567138 -0.00625724 -0.000106218 -0.000126369  0.000281543 -7.89599e-05  2.48728e-05 -0.000277326 0.994992        0        0 8108
             4.90145  0.0259956 -0.0217691  0.0443174 0.000599809 0.000712175 0.000861915 -0.00227616 -0.00319772  0.00170187 -0.000108155 -0.000131212  0.000280579 -0.000121836  1.37634e-05 -0.000312246 0.994697        0        0 0
             5.00129 0.0386268 -0.047328 0.0766532 -0.000953959  -0.00021795   0.00070183  -0.0179514 -0.00867433 -0.00361942 -0.000111693 -0.000128718  0.000283214  -5.8495e-05  3.81225e-05 -0.000304466 0.994696        0        0 8061
             5.00129  0.0257737 -0.0263211  0.0415445 0.000707644  0.00091121 0.000622151   0.0009903  0.00188351 -0.00463647 -0.000108552 -0.000134009  0.000288232 -0.000140185 -6.59993e-06 -0.000298713 0.994586        0        0 0
             5.10161  0.0552429 -0.0763092  0.0697884 -4.34606e-05  0.000572391 -0.000396356 -0.00928549 -0.00376085  -0.0105019 -0.000116448 -0.000128466  0.000291113 -9.97615e-05  1.36642e-05 -0.000277538 0.994585        0        0 8094
             5.10161  0.0257465 -0.0207074   0.041517 0.000608754 0.000905563 0.000964995 -0.00152565  -0.0008495  0.00322917 -0.000112167 -0.000137302  0.000294963 -0.000131138  2.24753e-06 -0.000339305 0.999198        0        0 0
             5.20145   0.039499 -0.0952699   0.052205 -9.57728e-05  0.000445046   0.00115635 -0.00864546 -0.00404204  0.00112876 -0.000117243  -0.00012973  0.000300282 -0.000107044  2.02283e-05 -0.000339035 0.999198        0        0 7928
             5.20145  0.0244294 -0.0275617  0.0450069 0.000567108 0.000621915 0.000468012 -0.000727826  -0.00225907  -0.00610349 -0.000115041 -0.000139583  0.000301294 -0.000139553  1.30786e-05 -0.000305362 0.999346        0        0 0
             5.30129 0.00766958 -0.0568966  0.0593261  -0.00047166    0.0001202 -0.000240462  -0.0122262 -0.00419232 -0.00886798  -0.00011684 -0.000136967  0.000305253 -9.08764e-05  2.28978e-05 -0.000304762 0.999343        0        0 8021
             5.30129  0.0264947 -0.0298973  0.0415494 0.000610197 0.000876905 0.000487953 0.000180575  0.00262333 -0.00220891 -0.000118396 -0.000142457  0.000307923  -0.00014387 -7.07296e-06 -0.000334222 0.999158        0        0 0
             5.40161 -0.0249069 -0.0212744  0.0225225 -0.000505004   0.00040661  -0.00106116 -0.0129901 -0.0036414 -0.0177151 -0.000115202 -0.000144944  0.000316911 -9.05284e-05  1.89795e-05 -0.000274093 0.999153        0        0 7935
             5.40161  0.0260943 -0.0300285  0.0427916 0.000769738  0.00082419 0.000441049   0.00163591 -0.000544666  -0.00200011 -0.000121578  -0.00014627  0.000314306 -0.000154822  3.72804e-06 -0.000345929 0.995104        0        0 0
             5.50145 0.0397164 -0.114331  0.073363 0.000347835 0.000543475 0.000559793 -0.00555196 -0.00301786 0.000130275 -0.000126125 -0.000136732  0.000316767  -0.00012831  1.37936e-05 -0.000363496 0.995101        0        0 8087
             5.50145  0.0271832 -0.0493012  0.0510827  0.000793327  0.000338243 -0.000594493 -0.000207536  -0.00495971   -0.0117842 -0.000124721 -0.000145847  0.000319721 -0.000150316  2.29046e-05 -0.000308014 0.995473        0        0 0
             5.60129 -0.0131762 -0.0867264  0.0364242 -0.000562777 -0.000657696  -0.00184589 -0.0159066 -0.0103898 -0.0129676 -0.000121599 -0.000141363  0.000328718 -8.76524e-05  4.30373e-05 -0.000308997 0.995464        0        0 7971
             5.60129  0.0289652 -0.0251273  0.0447216 0.000553798 0.000697556 0.000613398 -0.00285661  0.00129484  0.00996589 -0.000125677 -0.000152173  0.000327983 -0.000141966 -9.68448e-06 -0.000413559 0.999775        0        0 0
             5.70161 -0.0207614 -0.0680259  0.0450135 -0.000472057 -6.12107e-05   0.00129187  -0.0117045 -0.00658633  0.00656467 -0.000121863 -0.000148128  0.000335088 -0.000105563  2.96595e-05 -0.000405645 0.999777        0        0 8184
             5.70161  0.0250838 -0.0235018  0.0409276 0.000588611 0.000882196 0.000775472 0.000400831  0.00218647 0.000981396 -0.000126815 -0.000155578  0.000335942 -0.000158404 -1.06706e-05 -0.000378633 1.00013       0       0 0
             5.80146 0.0129966 -0.100179 0.0271004 -0.000452177  0.000356861  0.000518492  -0.0127185 -0.00375306 -0.00286449 -0.000127727  -0.00014683  0.000344687 -0.000108703  2.14976e-05 -0.000370424 1.00013       0       0 7970
             5.80146  0.0247431 -0.0232493  0.0497113 0.000598003 0.000399349 0.000818112 -0.000155114  -0.00391508  0.000408127 -0.000129328 -0.000159169  0.000341632 -0.000161607  2.17203e-05 -0.000384294 0.995488        0        0 0
              5.9013 -0.0506152  -0.077266  0.0343329  0.000209075 -0.000419548  0.000788869 -0.00459492 -0.00752539  -0.0014119 -0.000123521 -0.000154213  0.000349926 -0.000144284  3.89214e-05 -0.000387805 0.995488        0        0 8052
              5.9013  0.0253351 -0.0250564  0.0426205 0.000607473 0.000780733 0.000789348 -0.00021687  0.00399969 -0.00170408 -0.000132319 -0.000161919  0.000349175 -0.000162224  -1.4943e-05 -0.000385759 1.00025       0       0 0
             6.00162  0.0259189 -0.0645109  0.0651089 -0.000295357  0.000678762  0.000166817  -0.0102453 -0.00128939 -0.00817693 -0.000135516 -0.000158136  0.000352879 -0.000119816   3.7983e-06 -0.000365711 1.00025       0       0 8011
             6.00162   0.027228 -0.0271085  0.0403495  0.00074023 0.000990712 0.000595491  0.00184108  0.00136403 -0.00364889 -0.000135336 -0.000165029  0.000356376 -0.000173069 -7.88669e-06 -0.000386143 0.995399        0        0 0
             6.10146  0.0284975 -0.0965625  0.0576118 5.36967e-05 0.000584461 0.000173726 -0.00855253 -0.00425012 -0.00656778 -0.000138164 -0.000157236   0.00036124 -0.000131431  1.73725e-05 -0.000385288 0.995399        0        0 8036
             6.10146 0.0297525 -0.031033 0.0402367 0.000653738 0.000940444 0.000394682  -0.00138881 -0.000826182  -0.00418386 -0.000137841 -0.000167293   0.00036376 -0.000161411  2.13032e-06 -0.000395596 0.995214        0        0 0
              6.2013 -0.00132459  -0.0988862   0.0458091 -0.000206022  0.000204788 -0.000179649 -0.0102121 -0.0073289 -0.0062489 -0.000136427 -0.000159781  0.000369889 -0.000128601  3.07051e-05 -0.000389704 0.995212        0        0 8059
              6.2013  0.0294718 -0.0338698  0.0474212  0.00054937 0.000537836 0.000258602 -0.00124877 -0.00454193 -0.00160495 -0.000140283 -0.000170109  0.000369772 -0.000166812  1.71911e-05 -0.000410635 0.995047        0        0 0
             6.30162 0.0164452 -0.109237  0.055366 -0.000207264   7.9445e-05   1.1589e-05  -0.00966913   -0.0031111 -0.000295827 -0.000141506 -0.000161769  0.000375589 -0.000136198  1.78887e-05 -0.000413568 0.995045        0        0 8041
             6.30162  0.0238685 -0.0230312  0.0438932 0.000536531 0.000683774 0.000886117 -0.000851868   0.00232301   0.00830692 -0.000141781 -0.000175104   0.00037737 -0.000173075 -6.85784e-06 -0.000453334 1.00012       0       0 0
             6.40146 -0.0393197 -0.0559874  0.0434763 -9.45801e-05  0.000126969   0.00134822 -0.00734539  -0.0052034  0.00421123 -0.000136921 -0.000172866  0.000383546 -0.000146335  2.79152e-05 -0.000447126 1.00012       0       0 8100
             6.40146 0.0219238 -0.022358 0.0410334 0.000666198 0.000854073 0.000962827  0.00134315  0.00161705 7.20278e-05 -0.000144417 -0.000178702  0.000384172  -0.00018493 -4.96847e-06 -0.000426727 0.999883        0        0 0
              6.5013 -0.0285272 -0.0782662   0.029031 1.08121e-05 0.000444752  0.00053228 -0.00743152 -0.00431001  -0.0066142 -0.000139648 -0.000173383  0.000393095 -0.000145407  1.76823e-05 -0.000412863 0.999883        0        0 8011
              6.5013  0.0249747 -0.0257273  0.0456359 0.000600339 0.000605271 0.000722726 -0.000381843  -0.00331997  -0.00457621 -0.000146965 -0.000181713  0.000390806 -0.000175859  1.13161e-05 -0.000421805 1.00015       0       0 0
             6.60162  0.0345255 -0.0588887  0.0875626 -0.000474793 -8.90695e-05  0.000115759  -0.0125747 -0.00706576 -0.00930816 -0.000150963 -0.000177487  0.000391648 -0.000125201  2.67652e-05 -0.000413866 1.00015       0       0 8280
             6.60162  0.0280696 -0.0309077  0.0427824 0.000683795 0.000831497 0.000458554 0.000648523  0.00176061 -0.00580739 -0.000148853 -0.000183294  0.000398202 -0.000185141 -1.31031e-05 -0.000429765 0.995155        0        0 0
             6.70146 -0.0243634 -0.0895601  0.0232873  0.000242555  0.000546839 -3.22898e-05 -0.00555282 -0.00229785 -0.00508881 -0.000146747 -0.000177123  0.000407005 -0.000162655  1.12059e-05 -0.000432624 0.995157        0        0 7990
             6.70146  0.0245794 -0.0265801  0.0423997 0.000761547 0.000843248 0.000702151 0.000698389 2.25731e-05  0.00267447 -0.000153259 -0.000187053  0.000404402 -0.000188729 -1.15291e-06 -0.000468885 0.994899        0        0 0
             6.80131  0.0113956 -0.0767714  0.0940425  0.00023452 0.000265799 0.000915909 -0.00683361 -0.00519628    0.003787 -0.000155021 -0.000182541   0.00040371 -0.000158691  2.32255e-05 -0.000471648 0.994898        0        0 8172
             6.80131  0.0259859 -0.0239284  0.0393033 0.000725173  0.00103484 0.000798278 -0.00119037  0.00240277  0.00247315 -0.000156028 -0.000190716  0.000411736 -0.000183122 -1.17916e-05 -0.000464553 0.999197        0        0 0
             6.90163 0.0366775 -0.100445 0.0521339 -0.000375336  0.000627231  0.000415509  -0.0134615 -0.00234588 -0.00313265 -0.000160556 -0.000181796  0.000416862 -0.000132405  1.35147e-05 -0.000446006 0.999192        0        0 7982
             6.90163  0.0289405 -0.0516378   0.047878  0.000800597  0.000429617 -0.000755882 0.000433403 -0.00437174  -0.0152074 -0.000159771 -0.000190315  0.000417399 -0.000196239  2.32747e-05 -0.000386111 0.999007        0        0 0
             7.00147 -0.0190505 -0.0572366   0.080389 -0.000424394 -0.000831237  -0.00249971 -0.0143141 -0.0117127 -0.0192501 -0.000156044 -0.000190771  0.000419291 -0.000132021  5.73074e-05 -0.000388142 0.999006        0        0 8072
             7.00147  0.0313679 -0.0325606  0.0471532 0.000624667 0.000554596 0.000339232  -0.00190643 -0.000299632   0.00632715 -0.000161574 -0.000196902  0.000424445 -0.000186909   3.1586e-06 -0.000511161 0.995023        0        0 0
             7.10131 -0.0133525 -0.0655037  0.0564683 -0.000822183  -0.00043375 -0.000112397  -0.0160613 -0.00968049 -0.00723217 -0.000159827 -0.000192693  0.000429501 -0.000122716  4.24004e-05 -0.000463974 0.99502       0       0 7902
             7.10131  0.0287618 -0.0256842  0.0376316 0.000740365   0.0011192 0.000804092 0.00168462 0.00430004 0.00133743 -0.000163889 -0.000201052  0.000432678 -0.000204086 -2.38635e-05 -0.000504434 0.999571        0        0 0
             7.20163 0.00399152 -0.0756307  0.0587775 -2.77632e-05  0.000531789  0.000738312 -0.00918948 -0.00590387 -0.00325607 -0.000162012 -0.000195613  0.000437792 -0.000158063  2.53878e-05 -0.000491953 0.99957       0       0 8033
             7.20163  0.0303034 -0.0271248  0.0453552 0.000545174 0.000672329 0.000617515 -0.00235931 -0.00480017 -0.00447054 -0.000165605 -0.000203425  0.000439761 -0.000188632  1.94632e-05 -0.000485211 0.995652        0        0 0
             7.30147 0.00392059  -0.106464  0.0798738 -0.000429381 -0.000278987  6.74198e-05  -0.0112847  -0.0095578 -0.00525986 -0.000166709 -0.000193708  0.000441284 -0.000154586  4.35907e-05 -0.000479887 0.995652        0        0 7885
             7.30147  0.0262118 -0.0257726  0.0441579 0.000459868 0.000744227 0.000752048  -0.00095595 -0.000304078   0.00119856 -0.000168566 -0.000206927  0.000446747 -0.000199877 -8.41309e-08 -0.000510254 0.995183        0        0 0
             7.40131  0.0228182 -0.0821766  0.0868219 -0.000681018 -1.51014e-05  0.000254295  -0.0144956 -0.00613213 -0.00356992 -0.000168339 -0.000200798  0.000448932  -0.00014347  2.65606e-05 -0.000487042 0.995182        0        0 8104
             7.40131  0.0259602 -0.0263883  0.0412479  0.00057925 0.000822934 0.000575851  0.000109773   0.00195841 -0.000420076 -0.000167666 -0.000210926  0.000455807 -0.000210325  -1.1075e-05 -0.000501245 1.00036       0       0 0
             7.50163 -0.00523144   -0.142369   0.0481653 8.48257e-06 0.000455089 0.000431249  -0.00747096  -0.00209893 -0.000552157 -0.000169668 -0.000196614  0.000460483 -0.000179471  1.76124e-05 -0.000512004 1.00036       0       0 8016
             7.50163  0.0281736 -0.0547809  0.0459265  0.00110522 0.000464765 -0.00086275  0.00559574 -0.00226015  -0.0140312 -0.000174494 -0.000210629  0.000460859 -0.000239355  1.73145e-05 -0.000443631 0.999746        0        0 0
             7.60147 -0.0109338  -0.122051  0.0504763  0.000449024 -0.000464342  -0.00257026 -0.00919145 -0.00983697    -0.01882  -0.00017341 -0.000202058  0.000465707 -0.000184497  4.40394e-05 -0.000441353 0.999734        0        0 8049
             7.60147  0.0268444 -0.0281246   0.042325 0.000775967 0.000911428 0.000456532 -0.00500491  0.00243636  0.00858861 -0.000177119  -0.00021711  0.000467324 -0.000199061 -1.50466e-05 -0.000575759 0.995518        0        0 0
             7.70131 -0.00745275  -0.0409183   0.0577303 -0.000394438   0.00050012  0.000862806  -0.0105543 -0.00345169 0.000862314 -0.000175883 -0.000216532  0.000472972  -0.00015323  1.83603e-05 -0.000552351 0.995515        0        0 8066
             7.70131  0.0289022 -0.0286974   0.040704 0.000534531 0.000982947 0.000770518  9.68058e-05   0.00093189 -0.000146847 -0.000180553  -0.00021975   0.00047562 -0.000203713  -3.5171e-06 -0.000546633 0.995891        0        0 0
             7.80163 0.00929199  -0.104138  0.0781243 -0.000570327  0.000574364  0.000980513   -0.0150002  -0.00519927 -0.000778851 -0.000183999 -0.000210144  0.000476998 -0.000165249  1.88989e-05 -0.000556349 0.995889        0        0 8097
             7.80163 0.0253422 -0.037855 0.0451526  0.000942124  0.000659789 -0.000394262  0.00273817 -0.00472582  -0.0149594 -0.000186308 -0.000221787  0.000481801 -0.000248991  1.64306e-05  -0.00048379 0.996059        0        0 0
             7.90147 -0.0498418 -0.0575371  0.0283727  0.000525827 -7.13668e-05   -0.0025876 -0.00453327 -0.00397119  -0.0226473 -0.000182017 -0.000219011  0.000489633 -0.000198613  3.71424e-05 -0.000452241 0.996052        0        0 8108
             7.90147  0.0283167 -0.0563343  0.0508066  0.000879194  0.000279106 -0.000798686 -0.000301584  -0.00191403  -0.00578269 -0.000193144 -0.000220393  0.000486429 -0.000217588  2.44795e-05 -0.000536047 1.00093       0       0 0
             8.00131  0.011599 -0.106849 0.0760108 -9.67926e-05 -0.000453848  -0.00189209  -0.0133818 -0.00683273 -0.00942148 -0.000191778 -0.000216793  0.000490074 -0.000184804  3.41776e-05 -0.000521187 1.00093       0       0 7968
             8.00131 0.0280401 -0.025998 0.0426967 0.000789487 0.000771668 0.000790686 -0.00247397  0.00345357   0.0150593  -0.00019273 -0.000231009  0.000495366 -0.000232908 -1.52553e-05   -0.0006427 1.00103       0       0 0
             8.10163 -0.0382749 -0.0346879   0.023548 -0.000181344  0.000189928   0.00145229  -0.0103064 -0.00447142  0.00534835 -0.000183352 -0.000232347  0.000506513 -0.000187562  3.31888e-05 -0.000613631 1.00103       0       0 8120
             8.10163  0.0279967 -0.0204632   0.039835 0.000802415  0.00101941 0.000715239 0.000803751  0.00330225 -0.00254159 -0.000191969 -0.000235704  0.000504395 -0.000241351 -6.79455e-06 -0.000572907 0.996071        0        0 0
             8.20147 -0.0251448 -0.0538565  0.0368076 -0.000178742  0.000551551 -0.000149855  -0.0125049 -0.00591053  -0.0122835 -0.000190764 -0.000230239  0.000510631 -0.000185478  2.81366e-05 -0.000547828 0.99607       0       0 7989
             8.20147  0.0267017 -0.0250837  0.0470035 0.000517951 0.000587511 0.000969552  -0.00420202  -0.00640366 -0.000447119 -0.000198477  -0.00023607  0.000509119  -0.00022391   2.8654e-05 -0.000606818 0.99628       0       0 0
             8.30131 -0.0155408 -0.0262804  0.0970267 -0.000997845 -0.000531699   0.00077627 -0.0149205 -0.0101785 -0.0049956 -0.000198196 -0.000238476  0.000508209 -0.000168156  5.38573e-05 -0.000596602 0.996278        0        0 8195
             8.30131 0.0270651 -0.025183 0.0438259 0.000740958 0.000832838 0.000541635  0.00473652  0.00279357 -0.00764548 -0.000202726 -0.000241252  0.000516598 -0.000264205 -1.00171e-05 -0.000582029 0.995739        0        0 0
             8.40163 -0.00476413  -0.0525171   0.0460035   0.00015282  0.000375646 -0.000623101 -0.00983643 -0.00378975   -0.012355 -0.000204599  -0.00023655  0.000522034 -0.000208557  2.67585e-05 -0.000558677 0.995742        0        0 8014
             8.40163   0.021275 -0.0158992  0.0425723 0.000523297 0.000904751  0.00124161 -0.00544773 0.000802028  0.00726922 -0.000207815  -0.00024323   0.00052271 -0.000227659  3.51709e-06 -0.000658454 0.996569        0        0 0
             8.50147  0.0537478 -0.0843356  0.0829481 -0.000565395  0.000791727   0.00163028  -0.0103854 0.000591884   0.0053721 -0.000214826 -0.000236822   0.00052474 -0.000194612  1.13933e-05 -0.000644056 0.996568        0        0 8259
             8.50147  0.0199611 -0.0367616  0.0593528 0.000402766 8.56927e-05 0.000191757  0.00129919 -0.00614655 -0.00941169 -0.000210766 -0.000245087  0.000528043 -0.000250734  4.56125e-05 -0.000567753 0.996307        0        0 0
             8.60131 -0.0183504   -0.09032   0.067695 -0.000132119  -0.00128715  -0.00102218 -0.00864357  -0.0150676  -0.0111202 -0.000209007   -0.0002393  0.000534828 -0.000223777  7.24649e-05 -0.000567608 0.996306        0        0 8149
             8.60131  0.0226225 -0.0258343  0.0498836 0.000336637 0.000663742 0.000627302 -0.00342923  0.00399435  0.00409568 -0.000212497 -0.000250159   0.00053815  -0.00024602 -2.20231e-05 -0.000644503 0.994927        0        0 0
             8.70163  0.0353306 -0.0808912  0.0752785 2.45987e-05 0.000729739 0.000466256 -0.00324606  0.00393571 -0.00316153 -0.000216165  -0.00024538  0.000540993 -0.000243142  6.93846e-06 -0.000628056 0.994927        0        0 8239
             8.70163  0.0293875 -0.0236206  0.0360828 0.000694565  0.00121309 0.000641005   0.0046077  0.00858271 -0.00132116 -0.000214635 -0.000255074   0.00054704 -0.000279929 -1.53653e-05 -0.000636613 0.996259        0        0 0
             8.80148 -0.00909903   -0.070801   0.0158541  0.000382054  0.000954193 -1.61853e-05 -0.00399522 -0.00635425 -0.00956894 -0.000211308  -0.00024922  0.000555893 -0.000248597  3.34616e-05 -0.000617072 0.996264        0        0 8169
             8.80148 0.0235025 -0.022455 0.0421273 0.000605028 0.000818617  0.00111626 -0.00105416 -0.00844616  0.00197417  -0.00021651 -0.000257278  0.000551863 -0.000260562  4.23469e-05 -0.000675689 1.0007      0      0 0
             8.90132 -0.00619067  -0.0543493   0.0479933  -0.00040846 -0.000177457   0.00119979  -0.0111532 -0.00930296 -0.00125705 -0.000213847 -0.000254608   0.00055924 -0.000207469  4.57656e-05 -0.000665499 1.0007      0      0 8131
             8.90132  0.0221532 -0.0122842  0.0435368 0.000782229 0.000924955 0.000917623  0.00243426  0.00124894 -0.00432962 -0.000216663 -0.000262749  0.000560265 -0.000273617 -7.24467e-06 -0.000648469 1.00041       0       0 0
             9.00164 0.00170311 -0.0619673  0.0568679 -6.58647e-05  0.000146971  7.46744e-05  -0.0120909 -0.00537307 -0.00884386 -0.000219657 -0.000254363  0.000565696 -0.000205724  3.94556e-05 -0.000626329 1.00041       0       0 8228
             9.00164  0.0316423 -0.0328595   0.042026 0.000525794   0.0006796  0.00107998  -0.00522481 -0.000697208   0.00107222 -0.000223519 -0.000260042  0.000568119   -0.0002384  1.53016e-05 -0.000677341 1.00124       0       0 0
             9.10148  0.0286051 -0.0566035  0.0597591 -0.00145016 0.000103693 0.000400736  -0.0214939 -0.00446476 -0.00613569 -0.000224786 -0.000261071  0.000571848 -0.000183432  4.32551e-05 -0.000643035 1.00124       0       0 7977
             9.10148  0.0253122 -0.0226497   0.035501 0.000747679  0.00134051 0.000484165  0.00386451  0.00725761 -0.00529593 -0.000222586 -0.000269973  0.000575988 -0.000308385 -1.45025e-05 -0.000645641 0.995425        0        0 0
             9.20132  0.0298158 -0.0894663  0.0537216 0.000872965  0.00115798 -0.00010571 0.000841311 -0.00237148 -0.00540218   -0.0002271 -0.000259301  0.000579863 -0.000265296  2.11165e-05  -0.00065334 0.995422        0        0 8072
             9.20132  0.0268829 -0.0317042  0.0411452 0.000374368  0.00104141 0.000729705 -0.00455452 -0.00346897  0.00342395  -0.00022681 -0.000267655  0.000581762 -0.000235602  2.67862e-05 -0.000699195 0.999545        0        0 0
             9.30164  0.0218935 -0.0942252  0.0694377 -0.000714341  0.000221292  0.000520957  -0.0131842 -0.00815746 -0.00373792 -0.000227523 -0.000262392  0.000586747 -0.000221793  4.31637e-05 -0.000683677 0.999545        0        0 7989
             9.30164  0.0296297 -0.0346641  0.0477901  0.00104359  0.00058351 3.38797e-05  0.00725133 -0.00525979 -0.00868759 -0.000228297 -0.000274117  0.000590161 -0.00032325 2.86379e-05 -0.00065591 0.996032        0        0 0
             9.40148 -0.0264735 -0.0646401  0.0288764   0.00102373 -1.42292e-05  -0.00121986 -0.000587428  -0.00490702    -0.013786 -0.000221997 -0.000269975  0.000600231 -0.000273369  4.75325e-05 -0.000638711 0.996027        0        0 8016
             9.40148  0.0247181 -0.0229733   0.042554 0.000766997 0.000859267 0.000840186 -0.00338697  0.00331503  0.00629402 -0.000228644 -0.000276625  0.000598418 -0.000256424  4.29175e-06 -0.000743779 0.9967      0      0 0
             9.50132 0.00947003 -0.0474505  0.0564829 -0.000606116  0.000229575  0.000882446  -0.0163124 -0.00739898 -0.00113951 -0.000231443 -0.000275264  0.000603401 -0.000208582  4.30195e-05 -0.000715351 0.996702        0        0 7970
             9.50132  0.0280578 -0.0341613  0.0442971 0.000640748 0.000764866 0.000325988 -0.00200757 -0.00259415 -0.00701841 -0.000233629 -0.000279074  0.000605458 -0.000280798  1.83518e-05 -0.000683446 1.00008       0       0 0
             9.60164 0.0512719 -0.126822 0.0815984  0.000247548  0.000265687 -0.000180629 -0.00428913 -0.00364151 -0.00525797 -0.000237696  -0.00026934   0.00060896 -0.000267068  3.10868e-05 -0.000694988 1.00008       0       0 8148
             9.60164  0.0267868 -0.0453558  0.0461556  0.000660351  0.000636102 -0.000563747 0.000737954 0.000239952 -0.00907003 -0.000233362 -0.000282424  0.000614621 -0.000289921  1.26353e-05 -0.000673717 1.0002      0      0 0
             9.70148 -0.00472573  -0.0503279   0.0388131 -8.77841e-05  0.000281357  -0.00180364 -0.00987109 -0.00355105  -0.0125707  -0.00023308 -0.000282756   0.00062201 -0.000249849  3.42689e-05 -0.000660859 1.0002      0      0 8071
             9.70148  0.0280935 -0.0361321  0.0514657 0.000749992 0.000412206 0.000149648  0.00010957 -0.00339415  0.00631299 -0.000238147 -0.000287062  0.000620064 -0.000298558  3.21719e-05 -0.000759976 1.00059       0       0 0
             9.80133 -0.00226842  -0.0734004   0.0693303  0.000203847 -0.000209498  0.000901389 -0.00547676 -0.00686438  0.00680998 -0.000233482 -0.000284191  0.000625974 -0.000262606  3.65189e-05 -0.000771876 1.00059       0       0 8102
             9.80133  0.0248494 -0.0225506  0.0455596  0.00060712  0.00075887 0.000936262 -0.000884047   0.00224323   0.00692248  -0.00023641 -0.000292741  0.000630007 -0.000284161 -1.05215e-05 -0.000771719 0.996543        0        0 0
             9.90165 -0.0286296 -0.0364543  0.0331376 -0.000596725    0.0004444   0.00164949  -0.0140136 -0.00245006  0.00610296 -0.000230811 -0.000292132  0.000639943 -0.000227015  2.30935e-05 -0.000781913 0.99654       0       0 8166
             9.90165  0.0230885 -0.0208057  0.0397013 0.000683211  0.00102023 0.000881014 0.000593472  0.00276385 -0.00166854 -0.000238096  -0.00029634  0.000639106 -0.000302145 -5.54404e-06 -0.000739234 1.00075       0       0 0
             10.0015  0.0444323 -0.0475639  0.0749877 0.000171519 0.000942311 0.000569182   -0.0065368 -0.000832225  -0.00388871 -0.000246291 -0.000293895   0.00063997 -0.000271249  1.54868e-05  -0.00073598 1.00075       0       0 8093
             10.0015  0.0241149 -0.0246956  0.0392968 0.000574097  0.00107926 0.000706078 -0.00178276 0.000473097 -0.00243842 -0.000242935 -0.000298201  0.000645603 -0.000294635  9.93485e-06 -0.000743241 1.00059       0       0 0
             10.1013  0.0797886 -0.0662352  0.0854396 -0.000348414  0.000872324  0.000363974  -0.0107351 -0.00210243 -0.00458878  -0.00025162 -0.000294226  0.000647171 -0.000250183  1.75199e-05  -0.00074177 1.00059       0       0 8112
             10.1013  0.0244168 -0.0269975  0.0420438   0.0006698 0.000901241 0.000609114  0.00131825 -0.00196195 -0.00188678  -0.00024289 -0.000302176  0.000654039 -0.000310734  1.94089e-05 -0.000755235 0.995641        0        0 0
             10.2016  0.0156364 -0.0615704  0.0432686  0.000133499  0.000177312 -9.88579e-05 -0.00745751 -0.00545072 -0.00826089 -0.000243738 -0.000299408  0.000661667 -0.000277133  4.72409e-05 -0.000730557 0.99564       0       0 7960
             10.2016  0.0298075 -0.0254893  0.0394623 0.000753772  0.00103974  0.00066607 -0.000377825   0.00295668 -0.000261269 -0.000244767 -0.000306317  0.000662562 -0.000312102  3.29897e-06 -0.000773063 0.995627        0        0 0
             10.3015 0.0451643 -0.048386 0.0663232 8.91277e-05 0.000917306 0.000258217 -0.00723873 -0.00153511 -0.00508074  -0.00024742 -0.000305441  0.000666345 -0.000275738  2.00849e-05 -0.000755595 0.995625        0        0 8029
             10.3015  0.0243457 -0.0256347  0.0370942 0.000771003  0.00112443 0.000702761 0.000750141 0.000269235 -0.00039957 -0.000243889 -0.000310366   0.00067104 -0.000315856  1.18852e-05  -0.00078013 1.0006      0      0 0
             10.4013 0.0436671 -0.115304 0.0335064 -0.000103684  0.000625467  0.000287216  -0.0103441 -0.00559589 -0.00555149 -0.000253911 -0.000297268  0.000678216 -0.000260475  3.30732e-05 -0.000764625 1.0006      0      0 7928
             10.4013  0.0287702 -0.0495522  0.0450288  0.000996149  0.000636972 -0.000617985  0.00276036 -0.00566749  -0.0150753 -0.000251624 -0.000309255  0.000676396 -0.000326804  3.39929e-05 -0.000711621 0.995777        0        0 0
             10.5016 0.0343594 -0.128543  0.066598 0.000433294 1.83957e-05  -0.0015335 -0.00781496 -0.00619168  -0.0105328 -0.000257827 -0.000298743  0.000679455 -0.000285702  4.20572e-05 -0.000746962 0.995773        0        0 8016
             10.5016  0.0266754 -0.0179182   0.044988 0.000616493 0.000716229  0.00104738  -0.00479765 -0.000799313    0.0127019 -0.000255852 -0.000317395  0.000683087 -0.000295323   1.4654e-05 -0.000872354 0.995913        0        0 0
             10.6015  0.0400537 -0.0438315  0.0822047 -0.000542275  0.000303271   0.00142338   -0.013377 -0.00396734  0.00326343 -0.000262141 -0.000314672  0.000684593  -0.00025519  3.05333e-05 -0.000829046 0.995908        0        0 7963
             10.6015  0.0244681 -0.0267913  0.0367733  0.00065517  0.00122649 0.000708344 0.000146388  0.00507852 -0.00435002 -0.000258338 -0.000319118  0.000692158 -0.000325438 -1.54197e-05 -0.000786666 1.00031       0       0 0
             10.7013 -0.0349241 -0.0540478   0.032824 -0.000152466  0.000749818  0.000197681 -0.00952817 -0.00368334 -0.00540718 -0.000254862 -0.000317332  0.000699565 -0.000278634  3.63533e-05  -0.00079154 1.00031       0       0 8071
             10.7013  0.0255176 -0.0258765  0.0449508 0.000681766 0.000687084 0.000746708 0.000402475  -0.0051113 0.000541974 -0.000264693 -0.000323377  0.000697587 -0.000329255  4.14453e-05 -0.000823152 0.996279        0        0 0
             10.8017 -0.00918754  -0.0699442    0.039331 -6.97619e-05   8.4137e-05  0.000235208 -0.00903112  -0.0054349 -0.00654801 -0.000267041 -0.000317736  0.000704036 -0.000284158  4.28029e-05 -0.000796084 0.996275        0        0 8100
             10.8017  0.0254658 -0.0244671  0.0434452 0.000728353 0.000735359 0.000757149 0.000212287 0.000499373 -0.00115143 -0.000271704 -0.000326404  0.000703597 -0.000330943  1.03132e-05 -0.000824786 0.996813        0        0 0
             10.9015  0.0361577 -0.0724568  0.0629531 -6.34023e-05  0.000441001  0.000308392 -0.00868143 -0.00320601 -0.00663712 -0.000277986 -0.000320741  0.000708008 -0.000284006   2.3002e-05 -0.000811323 0.99681       0       0 8044
             10.9015  0.0241945 -0.0230054  0.0412719 0.000722333 0.000864287 0.000803384 0.000544673 0.000490026 -0.00185233 -0.000275529 -0.000330189  0.000711635 -0.000330148  4.39285e-06 -0.000836494 0.996039        0        0 0
             11.0013  0.0854206 -0.0891968  0.0882604 -9.87513e-05  0.000800775  0.000562313   -0.0109695 -0.000153588   -0.0034781 -0.000289582 -0.000320752  0.000711607 -0.000282327  1.09414e-05 -0.000832174 0.996037        0        0 8080
             11.0013  0.0266929 -0.0368219  0.0447789  0.00078769 0.000715384 0.000133219 -0.000372494 -0.000945408  -0.00788604  -0.00028022 -0.000330579  0.000718664 -0.000336745  1.79229e-05 -0.000806754 0.995639        0        0 0
             11.1017  0.038689 -0.114737 0.0586489  0.000453802  0.000561282 -0.000709317 -0.00458131  -0.0010199 -0.00853744 -0.000285167 -0.000320905  0.000722933 -0.000321475  2.56871e-05 -0.000811076 0.995638        0        0 8068
             11.1017    0.02733 -0.0243696  0.0406464 0.000678517 0.000967646  0.00074255 -0.0014607 0.00264779 0.00519698 -0.000282828 -0.000336314  0.000725976 -0.000333532  6.88166e-06 -0.000886285 1.00031       0       0 0
             11.2015 -0.0258142 -0.0237926  0.0472575 -0.000682845   0.00037606  0.000317996  -0.0160706 -0.00522431 -0.00497942   -0.0002792 -0.000337527  0.000731891 -0.000262633  4.75409e-05 -0.000845916 1.00031       0       0 8096
             11.2015  0.0232948 -0.0233493  0.0444974 0.000655197 0.000731501 0.000877423 -0.000586086  -0.00250189  0.000944633 -0.000286728 -0.000340124  0.000732453 -0.000344362  3.13071e-05 -0.000877721 0.995957        0        0 0
             11.3013 -0.00581858  -0.0476449   0.0615974 -0.000147478  0.000185853  0.000425049 -0.00964377 -0.00460839  -0.0066808 -0.000287663 -0.000338409  0.000736204 -0.000300388  4.24194e-05 -0.000857148 0.995956        0        0 8008
             11.3013  0.0339117 -0.0284041  0.0425308 0.000640414 0.000834242 0.000429408 -0.000658512   0.00122238  -0.00674705 -0.000293295 -0.000342783  0.000739533 -0.000347683  1.01193e-05 -0.000856051 0.995841        0        0 0
             11.4017 -0.0170995 -0.0250196  0.0433903 -0.000947283  2.91486e-05 -0.000899512  -0.0176197 -0.00713877  -0.0161943 -0.000289571 -0.000343797  0.000746192 -0.000256945  5.51448e-05 -0.000825203 0.995838        0        0 8117
             11.4017  0.0300198 -0.0271077  0.0438099 0.000709702 0.000778191 0.000663001  0.00136051  -0.0013896 -0.00104605 -0.000296385 -0.000346666  0.000746342 -0.000358095  2.27982e-05  -0.00090882 0.995822        0        0 0
             11.5015 -0.0186187 -0.0827733   0.050816 -0.00027622 0.000140115 0.000616087  -0.0118463 -0.00637837 -0.00253761 -0.000293869  -0.00033868  0.000752064 -0.000296966  4.81743e-05 -0.000909541 0.995819        0        0 7900
             11.5015  0.0276269 -0.0253194  0.0400736 0.000728731 0.000972054 0.000685973 -0.00029734  0.00127099 -0.00184207 -0.000300286  -0.00034978  0.000754111 -0.000356407  5.72077e-06 -0.000912175 1.00017       0       0 0
             11.6013 0.00918642 -0.0434257  0.0704608 -0.000378184  0.000163696 -3.18473e-05  -0.0125878 -0.00733783 -0.00717909 -0.000302281 -0.000347615  0.000756466 -0.000290564  5.78852e-05 -0.000881416 1.00016       0       0 8157
             11.6013  0.0272352 -0.0245897  0.0384569 0.000693686  0.00106014 0.000770332 -0.000312252   0.00109986   0.00120044 -0.000304051 -0.000352671  0.000762032 -0.000355664  1.22623e-05 -0.000927548 1.00053       0       0 0
             11.7017 -0.00867522   -0.057859   0.0319668 -0.000356807  0.000352533 -9.73457e-05  -0.0131877 -0.00633924 -0.00762948  -0.00030428 -0.000348723   0.00076964 -0.000298767  5.24162e-05 -0.000878346 1.00052       0       0 8086
             11.7017  0.0268311 -0.0246346  0.0424895  0.00068954 0.000812151 0.000663063 -0.00100139 -0.00237427  0.00044485 -0.000309517 -0.000356149  0.000768064 -0.000362984  2.95884e-05 -0.000922833 0.995581        0        0 0
             11.8015 0.0395083 -0.124867 0.0797285 0.000325322 0.000470656 0.000603407  -0.00457798  -0.00252563 -0.000726728 -0.000314254  -0.00034338  0.000769877  -0.00034466  3.32574e-05 -0.000931862 0.99558       0       0 8112
             11.8015  0.0269434 -0.0506934  0.0429509  0.000937554  0.000763493 -0.000726923  0.00270381 0.000782109  -0.0139128  -0.00031174 -0.000356212  0.000776105 -0.000381936  1.62792e-05 -0.000856614 0.9996      0      0 0
             11.9013 -0.0408996 -0.0655292  0.0328826 0.000107809 0.000146375 -0.00313808  -0.0105179 -0.00546581  -0.0255344 -0.000302238 -0.000355427  0.000786058 -0.000322059  4.87522e-05 -0.000814667 0.999585        0        0 7960
             11.9013  0.0272052 -0.0455946   0.044317  0.000823554  0.000716701 -0.000395615  -0.00190905  -0.00129802 -0.000628061 -0.000312944 -0.000360798  0.000784319 -0.000366027  2.35741e-05 -0.000954508 1.00034       0       0 0
             12.0017 -0.0154996  -0.100402  0.0308471  0.000272543  0.000231222 -0.000160277  -0.00551449  -0.00530444 -0.000860295 -0.000312209 -0.000353846  0.000793362 -0.000345373  4.47176e-05 -0.000971952 1.00033       0       0 8104
             12.0017  0.0266186 -0.0242848  0.0384904 0.000749913  0.00107501 0.000688581 0.000220936  0.00250116  0.00699832 -0.000318069 -0.000367456  0.000792373 -0.000373193  4.52076e-07  -0.00101556 0.999971        0        0 0
             12.1015  -0.025088 -0.0566916  0.0368745 -0.000199774  0.000697255  0.000446013  -0.0113463 -0.00408672 -0.00501826 -0.000314285 -0.000362402  0.000800437 -0.000318447  3.55009e-05 -0.000955513 0.999968        0        0 7867
             12.1015  0.0243468 -0.0182764  0.0415866 0.000715031 0.000903896  0.00113909 -0.000535265  -0.00276909   0.00231319 -0.000322289 -0.000370615  0.000799714  -0.00037543  2.63663e-05 -0.000996143 0.996555        0        0 0
             12.2013 -0.0149954 -0.0888507  0.0260975 -0.000219059   0.00025928  0.000686479  -0.0110069 -0.00510174  -0.0047154 -0.000319441  -0.00036078  0.000810237 -0.000324253  4.68455e-05 -0.000955711 0.996551        0        0 7998
             12.2013  0.0241823 -0.0176508  0.0422541 0.000659205 0.000874349  0.00102275 -0.000657643  0.000462174  -0.00116557  -0.00032519 -0.000374217  0.000807726 -0.000378031  1.47758e-05 -0.000974673 0.996155        0        0 0
             12.3017 -0.0404141 -0.0764301  0.0477914 -0.000245182   0.00027022  0.000743955  -0.0118635 -0.00436167 -0.00142226  -0.00031685 -0.000366809   0.00081513 -0.000327611  4.89434e-05 -0.000975518 0.996151        0        0 7935
             12.3017 0.0279866  -0.02832 0.0414466 0.000551673 0.000899225 0.000621951 -0.00264988  0.00132193 -0.00273232 -0.000327399 -0.000376056  0.000816407 -0.000376623  1.50269e-05 -0.000966928 0.99561       0       0 0
             12.4015 0.0168613 -0.111236 0.0419982  -0.00014768  0.000352349 -0.000389181  -0.0080709 -0.00460566 -0.00967976 -0.000327849 -0.000365303  0.000823785 -0.000351486  4.55597e-05 -0.000941348 0.995608        0        0 8003
             12.4015  0.0282202 -0.0273848  0.0445586 0.000601378 0.000672553 0.000541518  0.000982641  -0.00200704 -0.000385705 -0.000329358 -0.000380935  0.000823462 -0.000397083  3.09336e-05  -0.00099311 1.00022       0       0 0
             12.5013 -0.000331159   -0.0588587    0.0664209 -4.52991e-05 -0.000144775 -0.000139886 -0.00747685 -0.00960542  -0.0106652 -0.000325489 -0.000376762  0.000828028 -0.000348862  5.89126e-05 -0.000972939 1.00022       0       0 8025
             12.5013   0.028299 -0.0248754  0.0393265 0.000736518 0.000999745 0.000768639  0.00137138  0.00136061 -0.00124469 -0.000328765 -0.000384005  0.000832983 -0.000395912 -2.25659e-06  -0.00102621 1.00032       0       0 0
             12.6017 -0.00326434    -0.12227   0.0514703 0.000254124  0.00047369 0.000432604 -0.00594314 -0.00531309 -0.00718204 -0.000329216 -0.000369857  0.000838059 -0.000365333  3.79499e-05  -0.00101712 1.00032       0       0 8105
             12.6017  0.0253425 -0.0454284  0.0466337  0.000678664  0.000602835 -0.000462437 -0.000749725  -0.00411166   -0.0164697 -0.000333863 -0.000383191  0.000838938 -0.000391686  3.01682e-05 -0.000962268 0.99599       0       0 0
             12.7015 -0.0313055 -0.0530129  0.0711072 -0.000473632 -0.000531917  -0.00225452 -0.0133045  -0.010785 -0.0192437 -0.000329369 -0.000382555  0.000842704 -0.000326103  7.04392e-05 -0.000951303 0.995978        0        0 8139
             12.7015  0.0255043 -0.0240706  0.0476397 0.000600966 0.000539103 0.000812894 -0.000643786  -0.00181399   0.00898837 -0.000337643 -0.000390228     0.000847 -0.000392636  1.89931e-05  -0.00111291 1.0008      0      0 0
             12.8013 -0.0187012 -0.0930546  0.0464911 -0.000101299  0.000142563    0.0015085 -0.00875296 -0.00238045  0.00880173 -0.000336951 -0.000381724  0.000854319 -0.000355816  2.70531e-05  -0.00111001 1.0008      0      0 8006
             12.8013  0.0256849 -0.0364036  0.0414635 0.000962206 0.000862024 9.08408e-05  0.00353783  0.00458628 -0.00553458 -0.000343443 -0.000392517  0.000855432  -0.00042281 -1.33129e-05  -0.00102572 0.996664        0        0 0
             12.9017 -0.0264648 -0.0579392  0.0712232 0.000399552 0.000325114 -0.00128216 -0.00725984 -0.00417002  -0.0125635 -0.000341976 -0.000390977  0.000857039  -0.00036648  3.82435e-05 -0.000994892 0.996661        0        0 8276
             12.9017  0.0252084 -0.0253269  0.0375708 0.000687786  0.00110143 0.000748884 -0.00370639  0.00273249  0.00708657 -0.000349768  -0.00039763  0.000863013 -0.000383723 -1.99435e-06  -0.00110891 1.00067       0       0 0
             13.0015  0.0141604 -0.0746803   0.059885 -7.66079e-05  0.000842796   0.00109687 -0.00858034 -0.00324462  0.00149379  -0.00035396 -0.000391867  0.000865713 -0.000361755  2.33506e-05   -0.0011023 1.00068       0       0 7957
             13.0015  0.0247261 -0.0237613  0.0414422 0.000680065  0.00088013 0.000741098 0.000433041 -0.00312884  -0.0021971 -0.000355729 -0.000401694  0.000868876 -0.000410293  2.25059e-05  -0.00107971 0.996597        0        0 0
             13.1013 0.000908738  -0.0478777   0.0667137 0.000111821 0.000225437 0.000350146 -0.00644643 -0.00710623 -0.00771504 -0.000354994 -0.000399393  0.000872365 -0.000372243  4.40693e-05  -0.00107248 0.996597        0        0 8173
             13.1013   0.024343 -0.0219055  0.0397835 0.000620131 0.000943418 0.000944919 -0.000664125 -0.000115792  -0.00153121 -0.000358006 -0.000404831  0.000877228 -0.000403322  4.27265e-06  -0.00110802 1.00087       0       0 0
             13.2017 -0.00780167  -0.0536262   0.0527746 -0.000447252  5.71549e-05  0.000799732  -0.0123105 -0.00851405 -0.00390377 -0.000356886 -0.000400787  0.000882995 -0.000346616  5.65877e-05  -0.00110369 1.00086       0       0 7973
             13.2017  0.0263155 -0.0249854  0.0386143 0.000681048  0.00102587 0.000793662 0.000556007 0.000652284 -0.00404086 -0.000361424 -0.000407421  0.000885735 -0.000418161  3.84004e-06  -0.00110178 0.999992        0        0 0
             13.3015 -0.0146519 -0.0247254    0.06066 -0.000538131  0.000301711 -0.000117654  -0.0143613 -0.00570405 -0.00871852 -0.000357212 -0.000408763  0.000890685 -0.000337735  4.62409e-05  -0.00106836 0.99999       0       0 8201
             13.3015  0.0243374 -0.0251073  0.0399929 0.000603083 0.000979019 0.000738192 -0.00124422 0.000132455 0.000176782 -0.000363044 -0.000410921   0.00089445 -0.000411121  1.21325e-05  -0.00111972 0.99581       0       0 0
             13.4013  0.0219869 -0.0905756  0.0722283 -0.000137926 -4.38559e-05  0.000184362 -0.00905441 -0.00886559 -0.00395723 -0.000367059 -0.000402496  0.000897191 -0.000375102   6.4287e-05  -0.00109494 0.995813        0        0 7999
             13.4013  0.0249782 -0.0218375  0.0504507 0.000598344 0.000345219 0.000858053 -0.000256981  -0.00551831   0.00313276 -0.000367093 -0.000415801  0.000901088 -0.000421647  4.55929e-05   -0.0011355 0.995807        0        0 0
             13.5017 -0.00864272   -0.112847   0.0561699 -0.000180178 -0.000604644  0.000803678  -0.00943536   -0.0086461 -0.000178183 -0.000364993 -0.000402607  0.000907459 -0.000374693  6.29812e-05  -0.00112952 0.995806        0        0 8239
             13.5017  0.0283717 -0.0488359  0.0547672  0.000712384  0.000102008 -0.000667896 0.000860609 -0.00189184  -0.0155942 -0.000370423 -0.000414563  0.000907967 -0.000431793   2.3081e-05  -0.00103668 1.00007       0       0 0
             13.6015 -0.00716622  -0.0787577   0.0625491  0.000258545 -0.000727796  -0.00256556 -0.00613874 -0.00851613   -0.021159 -0.000370137  -0.00041099   0.00091321 -0.000402702  5.39072e-05  -0.00103172 1.00007       0       0 8161
             13.6015  0.0230805 -0.0231765  0.0471472 0.000515004 0.000589567 0.000875529 -0.00243461  0.00229494  0.00939971 -0.000373785 -0.000422129   0.00091626 -0.000418628 -8.21481e-06   -0.0012114 0.996806        0        0 0
             13.7013  0.0247569 -0.0686327  0.0761656 -0.00037021 0.000561357  0.00124366   -0.0093685 -9.60836e-05  0.000292259 -0.000377707 -0.000416366  0.000919417 -0.000378103  1.01329e-05  -0.00117712 0.996803        0        0 8180
             13.7013  0.0212313 -0.0220862  0.0428727 0.000614267 0.000794234 0.000870097  0.00220567  0.00196841 -0.00359794 -0.000376796 -0.000425886  0.000925285  -0.00044242 -1.00636e-06  -0.00115285 1.00112       0       0 0
             13.8017 -0.00849048  -0.0726956    0.023254 -0.00012025 0.000396932 0.000352838  -0.0100071 -0.00447735 -0.00712647 -0.000377956 -0.000418369  0.000936026 -0.000389579  3.53569e-05  -0.00113956 1.00112       0       0 8182
             13.8017  0.0284152 -0.0313276  0.0412432 0.000660708 0.000909164 0.000400804 -0.000914879   0.00026938  -0.00663708 -0.000383628 -0.000426821   0.00093312 -0.000439878  6.60715e-06  -0.00114147 0.995764        0        0 0
             13.9015  0.0264543 -0.0780138  0.0742476 -0.000305291  0.000379492 -0.000667172   -0.010682 -0.00401773  -0.0107367 -0.000386442 -0.000421446  0.000935284 -0.000381216  3.78118e-05  -0.00111446 0.995761        0        0 8097
             13.9015  0.0298106 -0.0302407  0.0387143 0.000814266  0.00102588 0.000331184   0.00241027    0.0018938 -0.000211762 -0.000386176  -0.00043201  0.000941694 -0.000453259  4.48872e-06   -0.0011757 0.996086        0        0 0
             14.0014  0.0401966 -0.0728946  0.0608864  0.000266425  0.000803773 -1.65039e-05 -0.00879943 -0.00129518 -0.00270826  -0.00038848 -0.000427113  0.000945665 -0.000408247  2.24424e-05  -0.00116679 0.996084        0        0 8167
             14.0014  0.0258025 -0.0254218  0.0370655  0.00065714  0.00109662 0.000746839 -0.00408407  0.00143294  0.00503459  -0.00038558 -0.000436321  0.000949949 -0.000432806   7.7574e-06  -0.00121229 1.00037       0       0 0
             14.1017    0.02911 -0.0883734  0.0601112 -2.33596e-05  0.000742845  0.000601586  -0.0054083  -0.0030051 -0.00223382 -0.000389082 -0.000428856  0.000954274 -0.000410053   3.1626e-05   -0.0011913 1.00037       0       0 8082
             14.1017  0.0263927 -0.0251494  0.0368302 0.000693798  0.00123242 0.000697332  0.00305119  0.00177596 -0.00122294 -0.000387944 -0.000441077  0.000958522 -0.00045642 4.40881e-06 -0.00119621 0.995464        0        0 0
             14.2015 -0.0135059 -0.0815969  0.0197968  8.00321e-05  0.000578128 -7.04706e-05  -0.0100725 -0.00686067  -0.0108781 -0.000384444 -0.000431468  0.000969411 -0.000408727  5.07609e-05  -0.00116851 0.995463        0        0 8022
             14.2015   0.023753 -0.0242366  0.0419065 0.000611778 0.000926757 0.000936571  -0.00367331  -0.00390154 -0.000152375 -0.000390537 -0.000442811  0.000965635 -0.000442474  3.19604e-05  -0.00123187 0.995874        0        0 0
             14.3014 0.00366597 -0.0705119  0.0337379 -0.000614859  0.000118517   0.00069878  -0.0120015 -0.00714323 -0.00377034 -0.000392483 -0.000437691   0.00097501 -0.000382811  6.05531e-05  -0.00121682 0.995871        0        0 8033
             14.3014  0.0220943 -0.0164761  0.0370573 0.000750609   0.0012021 0.000952356  0.00371902   0.0030382 -0.00122789 -0.000394307 -0.000449428  0.000974774 -0.000471701  1.03071e-06   -0.0012306 1.00055       0       0 0
             14.4017 -0.00793641  -0.0644922   0.0418817 0.000503005 0.000723927 0.000630285 -0.00497245 -0.00460041 -0.00438035  -0.00039613 -0.000442294  0.000981348 -0.000436217  4.41128e-05  -0.00121967 1.00055       0       0 8027
             14.4017  0.0231057 -0.0216936  0.0364105 0.000728606  0.00120692  0.00107709  -0.00230875 -0.000205974  0.000254595 -0.000400962 -0.000450324  0.000982474 -0.000449624  1.73252e-05  -0.00124719 1.00098       0       0 0
             14.5015 -0.0212206 -0.0474476  0.0146201 -0.000654491  0.000464825   0.00052716  -0.0154181 -0.00464948 -0.00577034 -0.000394788  -0.00044909  0.000994684 -0.000378116  5.23204e-05  -0.00121705 1.00098       0       0 8029
             14.5015 0.0219576 -0.018497 0.0362076 0.000735576  0.00121728 0.000881443 0.000680742   0.0018987 -0.00211238 -0.000401441 -0.000456658  0.000991103 -0.000470008  1.24259e-05  -0.00123781 1.0007      0      0 0
             14.6014  0.0125809 -0.0831983  0.0469237 0.000483834 0.000923094 0.000840208  -0.00384326  -0.00327731 -0.000536954 -0.000401617 -0.000447464  0.000997654 -0.000444378  3.86338e-05  -0.00125891 1.0007      0      0 8069
             14.6014  0.0252624 -0.0268617  0.0410826 0.000590395 0.000956727 0.000847863  -0.00233688  -0.00304508 -0.000393445 -0.000403828 -0.000457643   0.00099871 -0.000450711  3.68079e-05   -0.0012591 1.00042       0       0 0
             14.7017  0.0167412 -0.0720234   0.042578 -0.00067307 4.59732e-07 0.000367225  -0.0145145 -0.00980115 -0.00561322 -0.000407327 -0.000451646   0.00100577 -0.000392531  6.76362e-05  -0.00124296 1.00042       0       0 8156
             14.7017 0.0260331 -0.026057 0.0426855  0.00060775 0.000938257 0.000525955  0.000226834 -0.000961357  -0.00402254 -0.000407761 -0.000461853   0.00100605 -0.000477286  1.55556e-05  -0.00125125 1.00042       0       0 0
             14.8015  0.076163 -0.117357 0.0774933  0.00065271 0.000758258 0.000219423 0.000306544 -0.00221234 -0.00422751  -0.00041796 -0.000448359     0.001009 -0.000471175  2.76041e-05  -0.00126312 1.00043       0       0 8062
             14.8015   0.026467 -0.0470393  0.0472574  0.000780281  0.000589516 -0.000505774  0.00216624 -0.00331463   -0.011243 -0.000409335 -0.000460883   0.00101438 -0.000479527  3.64692e-05  -0.00121958 0.995783        0        0 0
             14.9014   0.042652 -0.0829061  0.0760189 -0.000139964 -0.000182145  -0.00163705 -0.0121359 -0.0085652 -0.0126409 -0.000417846 -0.000456578   0.00101709 -0.000420029  5.98308e-05  -0.00122436 0.995778        0        0 8148
             14.9014   0.024831 -0.0169127  0.0438971  0.00063384 0.000757607  0.00115096 -0.00271993 -0.00059935   0.0137186 -0.000413529 -0.000470513   0.00102314 -0.000470514  1.44967e-05  -0.00138402 1.00072       0       0 0
             15.0017 0.0194091 -0.112797 0.0533045 -0.000206897   0.00020942   0.00231486 -0.00852453 -0.00377992   0.0105194 -0.000416334 -0.000456739    0.0010295 -0.000428012  4.29529e-05  -0.00137386 1.00072       0       0 8106
             15.0017  0.0253106 -0.0367831  0.0452801  0.000662648  0.000713052 -0.000102595 0.00157976 0.00130177 -0.0148562 -0.000416679 -0.000470809   0.00103111 -0.000486121  1.27487e-05  -0.00121584 0.995819        0        0 0
             15.1015  0.0134483 -0.0637984  0.0381129 0.000107889 0.000211542 -0.00203414 -0.00877699 -0.00443595  -0.0201668  -0.00041845 -0.000467891   0.00104056 -0.000448869  4.24921e-05  -0.00119551 0.995813        0        0 8132
             15.1015  0.0281651 -0.0283187  0.0417831 0.000572159 0.000963097 0.000663385 -0.00304162  0.00184839  0.00451209 -0.000420185 -0.000475912   0.00104013 -0.000479004  4.96894e-06  -0.00134621 0.996045        0        0 0
             15.2014 -0.00200948  -0.0263648   0.0482234 -0.000277696  0.000806271  0.000155209  -0.00778852 -0.000379448  -0.00614135 -0.000419258 -0.000479726   0.00104618 -0.000439853   2.3682e-05  -0.00129049 0.996043        0        0 7938
             15.2014  0.023583 -0.021346 0.0417818 0.000579183 0.000932762  0.00076696  0.00219407 0.000290186 0.000330513 -0.000423774 -0.000482288   0.00104739 -0.000498401  1.87741e-05  -0.00132963 0.996237        0        0 0
             15.3017 0.0372136 -0.100925  0.059719 4.16372e-05 0.000599442 0.000693719 -0.00772776 -0.00459568 -0.00161965 -0.000427205 -0.000469691    0.0010532 -0.000452001  3.81905e-05  -0.00132998 0.996233        0        0 8016
             15.3017  0.0252525 -0.0297894  0.0479115 0.000736272 0.000537944 0.000636943  0.00071151 -0.00541171 -0.00207425 -0.000425165  -0.00048358   0.00105531 -0.000499216  4.37742e-05  -0.00132586 0.995892        0        0 0
             15.4015 -0.00643976  -0.0763246   0.0436085 -0.000309092 -0.000813683 -0.000151859  -0.0115572  -0.0124829 -0.00793527  -0.00042022 -0.000478537   0.00106514 -0.000430107   8.9215e-05  -0.00129919 0.995888        0        0 7894
             15.4015  0.0288964 -0.0220366  0.0421098 0.000762932 0.000878314 0.000559411 0.000539577  0.00358466 -0.00159074 -0.000424271 -0.000490267   0.00106597 -0.000499122 -7.42361e-06  -0.00133701 1.00073       0       0 0
             15.5014 -0.0138311 -0.0578219  0.0283968 0.000267698 0.000717964 8.14533e-07 -0.00765154 -0.00103972 -0.00609036 -0.000419609 -0.000485364   0.00107718 -0.000462225  2.58715e-05  -0.00132015 1.00072       0       0 8009
             15.5014  0.0282739 -0.0298304   0.040935 0.000738495 0.000919813 0.000621151 -0.00205617 0.000469952 0.000507381 -0.000427032 -0.000491399   0.00107495 -0.000494097  1.49335e-05  -0.00136049 0.99562       0       0 0
             15.6017  0.0346414 -0.0825675  0.0446599 -0.000452884  0.000283798  0.000234314  -0.0127334 -0.00551396 -0.00507618 -0.000427437 -0.000485803   0.00108355 -0.000431565  4.94756e-05  -0.00134018 0.995616        0        0 7896
             15.6017  0.0239184 -0.0257563  0.0415739 0.000820141 0.000884701 0.000579429  0.00213052 1.23836e-05 -0.00144086 -0.000424737 -0.000498222   0.00108429 -0.000518297  1.70078e-05  -0.00136133 1.00021       0       0 0
             15.7015 -0.0613781  -0.065146 -0.0044731 0.000685538 0.000578488 0.000220358 -0.00273256 -0.00218511 -0.00516652 -0.000418702 -0.000492422    0.0010982 -0.000494958  3.65255e-05  -0.00135224 1.00021       0       0 8079
             15.7015   0.027609 -0.0285926  0.0354668 0.000760566  0.00121649 0.000682199  -0.00192528   0.00365083 -0.000409351 -0.000433951 -0.000499312   0.00109116 -0.000497889 -2.64765e-06  -0.00138138 0.999815        0        0 0
             15.8014 0.0462483 -0.087491 0.0390122 -0.000148071   0.00146858  0.000331376  -0.0101951  0.00232931 -0.00439339 -0.000443437 -0.000490649   0.00109677 -0.000457785 -5.80093e-08  -0.00135969 0.999813        0        0 8033
             15.8014  0.0249017 -0.0217529  0.0400717 0.000664965 0.000931441  0.00080679 -0.000118039  -0.00345061  0.000821064 -0.000440356 -0.000504206    0.0010964 -0.000515075  3.56059e-05  -0.00139092 1.00049       0       0 0
             15.9017 -0.0109486 -0.0762065  0.0488315 -7.77533e-05  -0.00016727  0.000746057 -0.00965404  -0.0109448 -0.00110497  -0.00043642 -0.000496338   0.00110365 -0.000465938  8.00948e-05  -0.00138703 1.00048       0       0 8144
             15.9017  0.0262021 -0.0265774  0.0427245 0.000608822 0.000771893 0.000690936 -0.00180154 -0.00190985 -0.00177414 -0.000441927 -0.000506421   0.00110508 -0.000511332  2.40741e-05  -0.00138174 1.00101       0       0 0
             16.0015  0.0294783 -0.0361537   0.048755   -0.0010965  0.000164427 -0.000339722  -0.0202785  -0.0041094 -0.00959387 -0.000442864 -0.000506836   0.00111404 -0.000409331  4.40351e-05  -0.00133664 1.001     0     0 8073
             16.0015   0.026981 -0.0228102  0.0456201 0.000799909 0.000603214 0.000711295  0.00177873 -0.00087545  0.00140473 -0.000441956 -0.000512841   0.00111472 -0.000541061  2.49093e-05  -0.00140409 0.996302        0        0 0
             16.1014  0.0272596 -0.0901417    0.08036 4.83066e-05 2.02702e-05 0.000506751   -0.009257 -0.00484005 -0.00179571 -0.000445195 -0.000502119   0.00111693 -0.000474559  5.36484e-05   -0.0013947 0.996301        0        0 8160
             16.1014  0.0277457 -0.0288751  0.0430443 0.000694856 0.000745596 0.000583072 -0.00171008  0.00205507 -0.00108405 -0.000444322 -0.000514415   0.00112407 -0.000517668  1.23803e-05  -0.00139802 0.995648        0        0 0
             16.2017  -0.018142 -0.0816958  0.0500953 -0.000265684  0.000363829  0.000280331  -0.0106554 -0.00396752 -0.00452173 -0.000440764 -0.000507702   0.00113054 -0.000469948  4.24834e-05  -0.00139624 0.995647        0        0 8096
             16.2017  0.0257837 -0.0272076  0.0418772 0.000691801  0.00083613 0.000629071  0.000571883  0.000216177 -0.000811468 -0.000448188 -0.000519411   0.00113226 -0.000535817  1.52319e-05  -0.00141846 1.00035       0       0 0
             16.3015 -0.00688393  -0.0366302   0.0550246 -2.70879e-06  0.000518244  0.000279973 -0.00801645 -0.00316583 -0.00650781 -0.000446061 -0.000519647   0.00113816 -0.00048385 3.52976e-05 -0.00140214 1.00035       0       0 8024
             16.3015  0.0268511 -0.0328154  0.0422422 0.000577394 0.000779638 0.000281536  -0.00134852 -0.000934072  -0.00650401 -0.000451941 -0.000521331    0.0011406 -0.000524152  2.04418e-05  -0.00140168 1.00015       0       0 0
             16.4014  0.0266824 -0.0949494  0.0686404 -0.000391757  0.000401574 -0.000340409  -0.0120137 -0.00410785  -0.0082164 -0.000452018 -0.000512548   0.00114568 -0.000473499  3.83163e-05  -0.00140315 1.00015       0       0 8124
             16.4014  0.0268352 -0.0251689  0.0385002 0.000718562  0.00105946 0.000656561 0.00109431 0.00182125  0.0017129 -0.000451206 -0.000527584   0.00115149 -0.000549772   2.7577e-06  -0.00146451 0.999965        0        0 0
             16.5017  0.0025445 -0.0607335  0.0357619 -2.02581e-05  0.000772562  0.000331103 -0.00887611 -0.00181603  -0.0030552 -0.000450882 -0.000522852   0.00116044 -0.000489264  3.29864e-05  -0.00143336 0.999964        0        0 7899
             16.5017  0.0258553 -0.0251531  0.0398633 0.000714343  0.00101733 0.000755018 -0.00022865 0.000181651  0.00145477 -0.000454891 -0.000530673   0.00115975 -0.000540372  1.97486e-05  -0.00146113 0.995957        0        0 0
             16.6015 -0.00197445  -0.0732632   0.0756787 0.000121325  0.00029098 0.000756501 -0.00801401 -0.00703084  0.00177756  -0.00045475 -0.000524563   0.00116117 -0.000507326  5.70222e-05  -0.00146397 0.995958        0        0 8195
             16.6015  0.0251296 -0.0210403  0.0394691 0.00075219 0.00107692 0.00096951 -0.000696317  0.000294678   0.00389209 -0.000458739 -0.000535321   0.00116816 -0.000549556  1.15909e-05  -0.00147634 0.996598        0        0 0
             16.7014 -0.0204514 -0.0712359  0.0145024 -0.000174968   0.00027569  0.000494452  -0.0104128 -0.00650806 -0.00488047 -0.000453172 -0.000528952   0.00118199 -0.000488147  6.18825e-05  -0.00143546 0.996593        0        0 8011
             16.7014  0.0268108 -0.0311678   0.046491 0.000543428 0.000584465 0.000287335 -0.00197447 -0.00392206 -0.00704364 -0.000461603 -0.000537508    0.0011761 -0.000538396  4.35965e-05  -0.00142064 0.996575        0        0 0
             16.8018 -0.0193449  -0.126078  0.0495505  0.000296519 -0.000136409 -7.69345e-06 -0.00365633 -0.00814404 -0.00557373 -0.000457433 -0.000523017   0.00118285 -0.000544026  6.25639e-05  -0.00145817 0.996577        0        0 8232
             16.8018  0.0278229 -0.0268041  0.0503411 0.000641469 0.000379962 0.000629202 0.000665072 -0.00374486 0.000637752 -0.000465539 -0.000542175   0.00118288 -0.00056572   3.339e-05 -0.00149667 0.99644       0       0 0
             16.9016 -0.0270347 -0.0610791  0.0463529 -0.000163101 -0.000297009   6.9556e-06  -0.0085906 -0.00599946 -0.00930637 -0.000459132 -0.000538162   0.00119179 -0.000505993  5.29199e-05  -0.00145354 0.996432        0        0 7955
             16.9016  0.0289558 -0.0306408  0.0426078 0.000664218 0.000793134 0.000418812 0.000710476  0.00416235 -0.00537617 -0.000468062 -0.000545379   0.00119288 -0.000561441 -1.17438e-05  -0.00147768 1.00006       0       0 0
             17.0015 -0.00682458  -0.0822204   0.0437205 -2.4714e-05 0.000623492 5.81048e-05 -0.00880147 -0.00179198 -0.00507004 -0.000467751  -0.00053743   0.00120012 -0.000516111  2.63997e-05  -0.00148617 1.00006       0       0 8136
             17.0015  0.0257684 -0.0170766   0.039393 0.000785175 0.000986361  0.00118158 0.000900724  0.00119531  0.00689371 -0.000473441 -0.000551345   0.00120105 -0.000572642  6.64046e-06  -0.00156185 1.00028       0       0 0
             17.1013 -0.0134438 -0.0939367  0.0407052 0.000114954 0.000524774   0.0012144 -0.00788888 -0.00313514  0.00204299 -0.000476065 -0.000539368    0.0012071 -0.000521907  4.15903e-05  -0.00152485 1.00028       0       0 7908
             17.1013  0.0266148 -0.0299257  0.0419565  0.00066265 0.000816067 0.000487158  -0.00133452 -0.000420407   -0.0051436 -0.000483247 -0.000552051   0.00120696 -0.000560324  2.28425e-05  -0.00147722 0.995597        0        0 0
             17.2016 0.0325558 -0.109813 0.0690249 -0.000254059  0.000314374 -0.000454872   -0.011625 -0.00464478 -0.00943417 -0.000485401 -0.000539651   0.00121016 -0.000508403  4.46541e-05  -0.00146896 0.995594        0        0 7984
             17.2016 0.0280046 -0.029679 0.0426184 0.000670338 0.000805342 0.000449565 -0.000623186 -0.000308105 -0.000441771 -0.000483967 -0.000556366   0.00121529 -0.000572901   1.8262e-05  -0.00152581 0.995008        0        0 0
             17.3015 0.000681985    -0.10072   0.0458826  0.000132479  0.000331891 -1.78832e-06 -0.00682593 -0.00449419 -0.00565886  -0.00048182 -0.000545679   0.00122295 -0.000540823  4.54656e-05  -0.00151708 0.995009        0        0 7901
             17.3015  0.0291791 -0.0295009  0.0378379   0.0008635  0.00107743 0.000455762   0.00175982   0.00251725 -0.000890914 -0.000486197 -0.000560467   0.00122472 -0.000590702  7.26458e-07  -0.00154658 0.99584       0       0 0
             17.4013  0.0403353 -0.0984634  0.0793387 2.99454e-05 0.000705988 -0.00012084 -0.00981341 -0.00423555 -0.00892542 -0.000488555 -0.000549127   0.00122605 -0.000521896  3.86014e-05  -0.00151824 0.995835        0        0 8000
             17.4013  0.0267881 -0.0329475  0.0408658 0.000851696 0.000897876 0.000182107 3.38962e-05 -0.00262742 -0.00585047 -0.000485764 -0.000562914   0.00123343 -0.000580345  2.97525e-05  -0.00153685 0.995988        0        0 0
             17.5016 -0.00104445  -0.0841835   0.0684633  1.58979e-05   0.00036225 -0.000735837  -0.0100919 -0.00552426  -0.0114035 -0.000485484 -0.000555058   0.00123669 -0.000525856  4.88876e-05  -0.00150733 0.995981        0        0 7978
             17.5016  0.0300914 -0.0314253  0.0379099 0.000828137  0.00105096 0.000578624 -0.000649877  0.000810679   0.00247542 -0.000490512 -0.000566688   0.00124269 -0.000581909  8.15832e-06  -0.00159677 1.00052       0       0 0
             17.6015 0.0197722 -0.130867 0.0575225 -0.000231185  0.000452717  0.000863939  -0.0120584 -0.00446777  0.00359788 -0.000493295 -0.000551216   0.00124672 -0.000520011  5.03068e-05  -0.00160038 1.00052       0       0 8013
             17.6015  0.0307948 -0.0559379  0.0390038   0.0012467 0.000898401 -0.00126036 0.00524924  -1.85e-05 -0.0189312 -0.000494764 -0.000567063   0.00125041 -0.00062645 2.22519e-05 -0.00145161 0.995974        0        0 0
             17.7013 -0.0337248 -0.0991157  0.0284638 0.000794211 0.000242955 -0.00357758  -0.0079971 -0.00479823  -0.0218005 -0.000490234 -0.000559802   0.00125828 -0.000562069  6.34992e-05  -0.00143878 0.995966        0        0 8125
             17.7013  0.0301413 -0.0300896  0.0417725 0.000977735 0.000819362 0.000410983  -0.00489082 -0.000749438    0.0139572  -0.00050187 -0.000574408   0.00125589 -0.000574944  3.51939e-05  -0.00167143 0.996047        0        0 0
             17.8016 0.00423316  -0.102621  0.0358556 -0.00014541 0.000336752  0.00146154  -0.0124847 -0.00495184    0.010603 -0.000503726  -0.00056412   0.00126316 -0.000530302  4.65863e-05   -0.0016679 0.996046        0        0 8090
             17.8016  0.0310092 -0.0459144  0.0402097  0.00101341 0.000897809 -0.00057359 0.000895971 0.000470485  -0.0109208 -0.000508166 -0.000575983    0.0012625 -0.000613474    1.111e-05  -0.00152481 0.995898        0        0 0
             17.9015 0.00685643 -0.0931237  0.0813716 0.000338974 0.000433663 -0.00147986 -0.00730823 -0.00495674  -0.0115757  -0.00051016 -0.000569031    0.0012626 -0.000556636  4.10884e-05  -0.00154595 0.995894        0        0 8204
             17.9015  0.0314146 -0.0334392  0.0369585  0.00103492  0.00104427 0.000413591  0.00120224 0.000187864  0.00597164 -0.000514158 -0.000582123    0.0012713 -0.000606027  8.20234e-06  -0.00165976 0.996154        0        0 0
             18.0013 -8.00277e-05   -0.0743812    0.0356577 0.000204225 0.000845331 0.000533866  -0.0102799 -0.00200695 -0.00252611 -0.000511683  -0.00057684   0.00128012 -0.000555853  2.47301e-05  -0.00162838 0.996154        0        0 8004
             18.0013  0.0268836 -0.0229088  0.0387197 0.000941478 0.000908416 0.000702563  -0.00144794  -0.00186448 -0.000656603 -0.000516824 -0.000587889   0.00127955 -0.000609481  2.26172e-05  -0.00163953 0.996783        0        0 0
             18.1016 -0.00557776  -0.0527622   0.0701166 -0.000102487  7.29239e-05  0.000387981  -0.0116614 -0.00841257 -0.00534995 -0.000512123 -0.000583563   0.00128301 -0.000539421  6.59446e-05  -0.00161605 0.996781        0        0 8277
             18.1016  0.0290932 -0.0310955  0.0417472 0.000857562 0.000810139 0.000421408 -0.000716576  -0.00158753  -0.00508014 -0.000517856 -0.000589078   0.00128867 -0.000608364  2.12718e-05  -0.00161683 1.00027       0       0 0
             18.2015 0.0129641  -0.12369 0.0472157  0.000122794 -1.03657e-05 -0.000174396  -0.0098874 -0.00726523 -0.00564707 -0.000517808 -0.000574418   0.00129633 -0.000570651  6.00848e-05  -0.00161337 1.00027       0       0 7977
             18.2015  0.0334769 -0.0546916  0.0393847   0.00104703  0.000934665 -0.000907985 0.000787165  0.00197922  -0.0134375 -0.000520535  -0.00058895   0.00129817 -0.000635693  6.96495e-07  -0.00156044 0.996111        0        0 0
             18.3013 0.0772887 -0.116998 0.0952236 0.000283679 0.000909972 -0.00208833 -0.00928628  0.00182207  -0.0105268 -0.000533803 -0.000579509   0.00129501 -0.000573011  1.73592e-05  -0.00158103 0.996107        0        0 8190
             18.3013  0.0312394 -0.0326306  0.0411363 0.000844264  0.00075271 0.000297379   -0.0017499 -0.000393718     0.011782 -0.000525204 -0.000597371   0.00130542  -0.0006151 3.44988e-05 -0.00172732 1.00114       0       0 0
             18.4016  -0.017841 -0.0889243  0.0334554 -0.000277693  6.58085e-05  0.000766579  -0.0132282 -0.00740651   0.0046393 -0.000525256 -0.000588078   0.00131194 -0.000552784  6.55735e-05   -0.0016977 1.00113       0       0 7984
             18.4016  0.0300047 -0.0291104  0.0385123 0.000771704 0.000878753  0.00042915  -0.0011082 0.000322621 0.000971188 -0.000533445 -0.000601011   0.00131123 -0.000627965  1.38467e-05  -0.00167166 1.00086       0       0 0
             18.5015  0.022384  -0.12042 0.0463603 0.000251487 0.000621235 0.000230144 -0.00580257 -0.00291894 -0.00440781 -0.000534004 -0.000586813   0.00131898 -0.000597335  3.13162e-05  -0.00166339 1.00086       0       0 8210
             18.5015  0.0313913 -0.0496651    0.03947 0.000984773 0.000847555 -0.00075742   0.00294714 -0.000786063   -0.0147401 -0.000535475 -0.000601431   0.00132043 -0.000650612  1.73732e-05  -0.00159331 1.00078       0       0 0
             18.6013 -0.0538037 -0.0805038 -0.0086598 0.000442794 7.86133e-05 -0.00230024 -0.00761226 -0.00721449  -0.0186372 -0.000523439 -0.000596783   0.00133714 -0.000599844  6.79377e-05  -0.00159011 1.00077       0       0 8114
             18.6013  0.0327359 -0.0363323  0.0383269 0.000935977 0.000854542 0.000132446 -0.00151027 -0.00099053  0.00343815 -0.000539401 -0.000606779   0.00132819 -0.000634868  2.36298e-05  -0.00173616 1.00103       0       0 0
             18.7016 -0.000851944   -0.0908712    0.0309274 -5.58155e-05  0.000596364  0.000422441  -0.010919 -0.0025139  0.0018721 -0.000531629 -0.000600358   0.00134005 -0.000581637  3.85626e-05  -0.00173236 1.00103       0       0 8246
             18.7016 0.0342939 -0.039581 0.0395556  0.000963903   0.00083497 -0.000198042   0.00103725 -0.000639784  -0.00457545 -0.000538174  -0.00061161   0.00133845 -0.000656842  2.48089e-05  -0.00168765 0.996656        0        0 0
             18.8015 0.00502489  -0.107481  0.0313595  0.000276255  0.000347716 -0.000986673 -0.00873364 -0.00359541 -0.00703346 -0.000540237 -0.000600846    0.0013471 -0.000595355  4.45307e-05  -0.00167186 0.996653        0        0 8149
             18.8015  0.0303752 -0.0217491   0.038487 0.000992249 0.000813495  0.00089617 -4.8516e-05 0.000317129   0.0131271  -0.00054463 -0.000619353   0.00134585 -0.000645806  1.81299e-05  -0.00180504 0.996312        0        0 0
             18.9013 -0.00338752  -0.0669551   0.0441827 -0.000192659  0.000148222   0.00143292  -0.0149289 -0.00529226  0.00466401 -0.000542252 -0.000613323   0.00135206 -0.000571254  5.92909e-05  -0.00176932 0.996308        0        0 8041
             18.9013  0.0377428 -0.0328978  0.0341337  0.00127698 0.000950713 0.000309727  0.00201847  0.00213203 -0.00757923 -0.000549299 -0.000621787   0.00135429 -0.000680094  9.73082e-06  -0.00168553 0.996295        0        0 0
             19.0016 -0.00131509  -0.0967583   0.0189177  0.000616854  0.000717913 -0.000780544 -0.00737287 -0.00248366  -0.0125737  -0.00054548 -0.000611491   0.00136397 -0.000614976  3.77115e-05  -0.00167605 0.996292        0        0 8233
             19.0016  0.0377703 -0.0316648  0.0403307  0.00120565 0.000573291 0.000330402 -7.73761e-05   -0.0046946 -0.000902531 -0.000553375 -0.000625436   0.00135973 -0.000658433  5.00315e-05   -0.0017537 1.00005       0       0 0
             19.1015  0.0157302 -0.0828534  0.0563949 -2.08589e-05 -0.000241097 -0.000104321   -0.014822 -0.00853806 -0.00695213 -0.000549135 -0.000616903   0.00136658 -0.00057205 6.87207e-05 -0.00173188 1.00005       0       0 8068
             19.1015  0.0429923 -0.0408524  0.0343225  0.00131242 0.000953101 -6.4082e-05 0.000497442  0.00259485 -0.00662992 -0.000552977 -0.000627197   0.00137127 -0.000669524 -4.34798e-06  -0.00173248 0.994913        0        0 0
             19.2013 -0.0217198 -0.0997477   0.013029  0.000359872  0.000803523 -0.000801087   -0.0116527 -0.000476754  -0.00882768 -0.000544033 -0.000617625   0.00138386 -0.000602403  2.65464e-05  -0.00172579 0.99491       0       0 8116
             19.2013  0.0383871 -0.0301696  0.0323403  0.00136605 0.000960969 0.000391406 0.000434579 0.000172587  0.00430878 -0.000555732 -0.000633211    0.0013801 -0.000676654    1.928e-05   -0.0018127 1.00005       0       0 0
             19.3016 0.00964968 -0.0626223  0.0451845 -0.000187172  0.000421859  0.000525359  -0.0184635 -0.00445274 0.000710021 -0.000558279 -0.000628039   0.00138419 -0.000558416  5.26771e-05   -0.0017914 1.00004       0       0 8055
             19.3016  0.0396082 -0.0379536  0.0314392   0.00135906   0.00105052 -2.27156e-05 -0.000619071   0.00113452  -0.00522497 -0.000563445  -0.00063486   0.00138708 -0.000674499  1.51204e-05   -0.0017495 1 0 0 0
             19.4015 -0.0314022  -0.089775 0.00131861 0.000481472 0.000419966 -0.00082232  -0.0108986 -0.00621704 -0.00813868 -0.000553889 -0.000627721   0.00140123 -0.000617868   4.8435e-05  -0.00173804 0.999999        0        0 8017
             19.4015 0.0412104  -0.03348 0.0296817  0.00135986  0.00116408 0.000251589 -0.000588226  0.000429083   0.00362511 -0.000567275 -0.000640578   0.00139586 -0.000681538  1.38819e-06  -0.00181632 1.00007       0       0 0
             19.5013 0.0319521 -0.120317 0.0405345 0.000276619 0.000795958 0.000599856   -0.013445 -0.00120686  0.00318858 -0.000567523 -0.000626532   0.00140213 -0.00060693 3.07976e-05  -0.0018292 1.00007       0       0 8026
             19.5013  0.0383081 -0.0494497   0.028667   0.00142614   0.00119198 -0.000745399 0.000124202   0.0025257  -0.0114679 -0.000568292 -0.000641897   0.00140466 -0.000693407  6.36928e-06  -0.00172766 1.00054       0       0 0
             19.6016  0.0280563 -0.0895609  0.0450446 0.000551834  0.00109708 -0.00212162 -0.00972911 -0.00263342  -0.0148522 -0.000571535 -0.000635517   0.00140866 -0.000631532   2.6721e-05  -0.00172359 1.00053       0       0 8068
             19.6016  0.0373341 -0.0274754  0.0308382  0.00145448  0.00114191 0.000722976  0.00157321 -0.00353654   0.0114781 -0.000573471 -0.000649885   0.00141146 -0.000700376  3.25816e-05  -0.00190183 1.00032       0       0 0
             19.7015 -0.00923838  -0.0253294   0.0231307 -0.000238872  0.000172887   0.00134083  -0.0196784 -0.00976596  0.00456318 -0.000567173 -0.000651753   0.00142293 -0.000564467  5.99409e-05  -0.00186895 1.00031       0       0 8047
             19.7015  0.0415088 -0.0477713  0.0425345   0.00132649  0.000486619 -0.000600409 -0.00175913 -0.00730883  -0.0165863 -0.000576871 -0.000649072   0.00141916 -0.000684145  4.12474e-05   -0.0017238 0.996133        0        0 0
             19.8013  0.0253733 -0.0791262  0.0614144 0.000274303 -9.6153e-06 -0.00232283  -0.0130687 -0.00296792  -0.0187368 -0.000578595 -0.000645041   0.00142369 -0.000619946  3.70037e-05  -0.00172287 0.996129        0        0 8075
             19.8013  0.0321446 -0.0143033  0.0387976   0.0011217 0.000719038  0.00123633 -0.00296274  0.00317393   0.0199513 -0.000579154 -0.000660344   0.00142841 -0.000680853  -3.2053e-06  -0.00198602 0.995878        0        0 0
             19.9016  0.0420159 -0.0418202  0.0395156 -0.000509784  0.000822778   0.00274319 -0.0190484 0.00125226  0.0138429 -0.000581385 -0.000657366   0.00143801 -0.00058553 4.23338e-06 -0.00195289 0.995872        0        0 8223
             19.9016   0.036083 -0.0480952  0.0373125   0.00121162   0.00087027 -0.000430518 0.00082043 0.00165029 -0.0206444 -0.000580144 -0.000657592   0.00143847 -0.000719937  2.13376e-06   -0.0017143 0.99519       0       0 0
             20.0015  0.0327302 -0.0946118  0.0428964 0.000360189  0.00073576 -0.00247818   -0.0101621 -0.000876942   -0.0213641 -0.000585286 -0.000650574   0.00144567 -0.000645147  7.76567e-06  -0.00171818 0.995185        0        0 8078
             20.0015  0.0326456 -0.0123657  0.0325046   0.001226 0.00125326 0.00127762 0.000968266  0.00278055   0.0128992   -0.0005848 -0.000669497   0.00144787 -0.000711059 -1.59549e-05  -0.00195123 0.995613        0        0 0
             20.1013  0.0560969 -0.0635582  0.0491723 -0.000198316   0.00136806   0.00248405 -0.0177405 0.00243899   0.011483 -0.000593494 -0.000660055   0.00145375 -0.000595093 -2.74332e-06    -0.001954 0.995608        0        0 8096
             20.1013  0.0353367 -0.0448702  0.0337389  0.00108963  0.00106854 -0.00029576 -0.00263632 -0.00023749  -0.0179884 -0.000589658 -0.000664855   0.00145683 -0.000696366  1.63251e-05  -0.00174943 0.995699        0        0 0
             20.2016  0.0139397 -0.0816275 0.00189569 6.20489e-05  0.00106997 -0.00272622  -0.0120878 0.000284271  -0.0235031 -0.000587173 -0.000661931   0.00147202 -0.00065156 1.70231e-05 -0.00171165 0.995696        0        0 8140
             20.2016  0.0267132 -0.0118766  0.0289035 0.00114904 0.00137297  0.0012682 0.00148504 0.00165565  0.0146642 -0.000589545 -0.000678648   0.00146668 -0.000735195  7.15754e-06   -0.0019738 1.00072       0       0 0
             20.3015  0.0541041 -0.0723197  0.0418817 4.28208e-05  0.00115496  0.00263864  -0.0137097 -0.00331843   0.0130386 -0.000593372 -0.000668386   0.00147493 -0.000633274  2.64844e-05  -0.00197128 1.00071       0       0 8031
             20.3015  0.0301009 -0.0316501  0.0343082  0.00104526  0.00106128 0.000407484 -0.00191594 -0.00426147  -0.0112533 -0.000588661 -0.000677419   0.00147646 -0.000710983  3.41478e-05  -0.00180216 1.0011      0      0 0
             20.4013  0.0012072 -0.0596548  0.0183902 5.88534e-06 0.000360283 -0.00159136  -0.0124026 -0.00485779  -0.0195448 -0.000591409 -0.000674712   0.00148746 -0.000651131  5.03911e-05  -0.00175251 1.00109       0       0 7903
             20.4013  0.0320177 -0.0184621   0.042203  0.00109704 0.000589618 0.000974091 0.000978948  -0.0039821  0.00393912 -0.000597478 -0.000685322    0.0014827 -0.000736258  4.30235e-05   -0.0019137 0.995696        0        0 0
             20.5016  0.0197836 -0.0940657  0.0438679 0.000419173 0.000171237  0.00145644 -0.00836273 -0.00390101  0.00345894 -0.000597062 -0.000673218   0.00149042 -0.000677161  4.35484e-05  -0.00192744 0.995692        0        0 8024
             20.5016  0.0323792 -0.0351891  0.0415705  0.00104089 0.000581409 0.000153276 -0.00110504 1.57977e-05  -0.0106819 -0.000599134 -0.000685574     0.001491 -0.00072375 1.67833e-05 -0.00182757 0.999789        0        0 0
             20.6015 -0.0152228 -0.0551487  0.0274383 -0.000265828 -0.000132043  -0.00152229  -0.0146527 -0.00724406  -0.0181493 -0.000593412 -0.000683658   0.00150187 -0.000636091  5.41106e-05  -0.00179089 0.999781        0        0 7872
             20.6015  0.0324984 -0.0251509  0.0368902  0.00118085 0.000902527 0.000674144 0.00237005 0.00162268 0.00196725 -0.000601852 -0.000692603   0.00150025 -0.000746323 -7.28048e-06  -0.00192882 0.995184        0        0 0
             20.7013 -0.00394182  -0.0762078    0.029691 0.000161065 0.000633706 0.000736713   -0.0127959  -0.00141852 -0.000478285 -0.000598221 -0.000683841   0.00150991 -0.000654249  2.52906e-05   -0.0019219 0.995182        0        0 7986
             20.7013  0.0360963 -0.0400435    0.04262   0.00119754  0.000546642 -0.000151833 -0.000525864  -0.00285202   -0.0100999 -0.000606486 -0.000692378   0.00150726 -0.000735453  3.28488e-05  -0.00185353 0.995029        0        0 0
             20.8016 -0.00411089   -0.095698   0.0156836  -0.00010404 -3.51347e-05  -0.00142961  -0.0158964 -0.00521749  -0.0127937 -0.00059926 -0.00068306    0.001521 -0.000642336  5.17437e-05  -0.00184177 0.995025        0        0 8062
             20.8016  0.0353609 -0.0254573  0.0373557  0.00124146 0.000863818 0.000730489 -0.000122857   0.00242617    0.0107004 -0.000606269 -0.000699875   0.00151687 -0.000743678 -1.75535e-06  -0.00200441 0.995382        0        0 0
             20.9015 0.0121861 -0.147974 0.0400517 0.000515788 0.000583255  0.00217151 -0.00880181 -0.00275038   0.0154971 -0.000605268 -0.000678308   0.00152482 -0.00069186 2.67536e-05 -0.00204438 0.995383        0        0 8081
             20.9015  0.0400434 -0.0564538  0.0445759  0.00114245 0.000442002 -0.00105496  -0.0011381 -0.00391905  -0.0195735 -0.000611044  -0.00069678   0.00152388 -0.000741179    3.317e-05  -0.00179788 0.9958      0      0 0
             21.0013 -0.0206298    -0.1115  0.0313424 -0.000447033 -0.000240344  -0.00350747  -0.0187042 -0.00486677  -0.0250289 -0.000606301 -0.000687569   0.00153365 -0.00063385 4.49339e-05 -0.00177677 0.995783        0        0 8070
             21.0013  0.0316468 -0.0126337  0.0327967  0.0011292 0.00102907  0.0014079 0.000352709  0.00372332   0.0185134 -0.000615899 -0.000711192   0.00153364 -0.000753426 -1.48474e-05  -0.00207948 0.995973        0        0 0
             21.1016 0.0184474 -0.110772 0.0353672 0.000152436 0.000970113  0.00313042 -0.0115431 -0.0005611   0.014972 -0.000618876 -0.000693781   0.00154096 -0.000679339  8.44992e-06  -0.00207762 0.995972        0        0 8174
             21.1016  0.0374352 -0.0480542  0.0321444   0.00122275   0.00106492 -0.000533118 0.000955237 0.000689759  -0.0238235 -0.000622562 -0.000706872   0.00154167 -0.000763545  -8.7964e-07  -0.00180166 1.00005       0       0 0
             21.2015 -0.00621329  -0.0731888   0.0530742 -0.000765467  0.000376984  -0.00354083  -0.0225361 -0.00552485  -0.0322043 -0.000618237 -0.000702346   0.00154615 -0.000611093  4.11837e-05  -0.00176227 1.00002       0       0 8146
             21.2015  0.0359414 -0.0405506  0.0381269   0.00134882  0.000776607 -0.000131087  0.00213996 -0.00407564 -0.00208522 -0.000626652 -0.000713038   0.00154926 -0.000772983  2.97821e-05  -0.00197153 0.999979        0        0 0
             21.3013 -0.0353814 -0.0913217 0.00506102  0.000540444  0.000163039 -0.000146526  -0.0108867 -0.00536338 -0.00121504 -0.000614406 -0.000704454   0.00156543 -0.000700089  4.74116e-05  -0.00198582 0.999976        0        0 8040
             21.3013  0.0367094 -0.0371019  0.0432573  0.00118393 0.000476175 0.000132157 -0.00321565 -0.00304036  0.00171622 -0.000628851 -0.000716542   0.00155767 -0.000749317  2.76007e-05  -0.00200525 0.995172        0        0 0
             21.4016 -0.0198018 -0.0785315  0.0471693 -0.000822957 -0.000157431  3.63354e-05   -0.0230787  -0.00571501 -6.85488e-05 -0.000621665 -0.000709406    0.0015646 -0.000620047  4.29983e-05  -0.00199041 0.995164        0        0 8127
             21.4016  0.0345735 -0.0357578  0.0463998  0.00106306 0.000351621 0.000108103 -0.00108401 -0.00169657  0.00077742 -0.000632247  -0.00072079    0.0015649 -0.000768236  1.30619e-05  -0.00199428 0.994993        0        0 0
             21.5015 0.00494357   -0.10939  0.0636828 -0.000174022 -0.000165284   9.3159e-05  -0.0148038 -0.00374506  0.00117611 -0.000627886 -0.000708084   0.00157176 -0.000677542   3.2395e-05  -0.00200237 0.994989        0        0 7933
             21.5015  0.0380726 -0.0395955  0.0373033   0.00121127  0.000794419 -8.21089e-05   0.00130647   0.00505467 -0.000762619 -0.000633531 -0.000724473   0.00157748 -0.000783726  -2.8594e-05  -0.00198663 0.995506        0        0 0
             21.6013 -0.041906 -0.082723 0.0310275 -0.000327355  0.000436742 -0.000573108  -0.0195299 -0.00227791 -0.00599695 -0.000620106 -0.000717349   0.00158762 -0.000663925  2.44941e-05  -0.00197438 0.9955      0      0 8111
             21.6013  0.0365986 -0.0334242  0.0381482  0.00142229  0.00066594 0.000203841 0.000872254 -0.00127618  0.00263392 -0.000636086 -0.000730142   0.00158621 -0.000800714  1.37937e-05  -0.00203366 1.00078       0       0 0
             21.7016 -0.00670075   -0.135461   0.0298311 0.000427506 0.000181417  0.00043854    -0.011556  -0.00478384 -0.000718872 -0.000634885  -0.00071068   0.00159368 -0.000713034  3.84164e-05  -0.00204319 1.00077       0       0 7996
             21.7016 0.0366474 -0.052927 0.0363899   0.00132892  0.000833346 -0.000904871 -0.000989493   0.00128438   -0.0153589 -0.000643011 -0.000728396   0.00159253 -0.000782363 -5.33724e-06  -0.00193711 0.995918        0        0 0
             21.8015  0.0426061 -0.0874172  0.0642474 -1.77956e-05  0.000524981  -0.00217757  -0.0149637 -0.00385566  -0.0149884 -0.000647323 -0.000722844   0.00159644 -0.000689639  1.63654e-05  -0.00194725 0.995907        0        0 8142
             21.8015  0.0384298 -0.0294904  0.0355606  0.00132485 0.000963724 0.000628968  0.00107604 -0.00110889   0.0108977 -0.000646132 -0.000737604   0.00160244 -0.000793634 -1.54473e-06  -0.00212887 0.995328        0        0 0
             21.9013  0.0101584 -0.0866471  0.0516348 -0.000104268   0.00031987  0.000761662  -0.0174995  -0.0050889 0.000298182 -0.000639872  -0.00072844    0.0016098 -0.000682426  2.93959e-05  -0.00205776 0.995323        0        0 7947
             21.9013  0.0367194 -0.0335932  0.0349893  0.00131965 0.000881537 0.000225961 -0.000898279 -1.34843e-05  -0.00553212 -0.000644724 -0.000741286   0.00161342 -0.000794092 -6.33661e-06  -0.00201433 1 0 0 0
             22.0016 0.0212697  -0.16439 0.0498136  0.000290187  0.000499229 -0.000648039  -0.0127194  -0.0026281 -0.00742217 -0.000639029 -0.000718377   0.00162175 -0.000723745   2.4664e-05  -0.00200136 1 0 0 8243
             22.0016  0.0404566 -0.0662478     0.0374  0.00144137 0.000737845 -0.00157876   0.00106169 -0.000563692   -0.0170506 -0.000642708 -0.000739911   0.00162439 -0.000814649  9.73474e-06  -0.00193008 0.995765        0        0 0
             22.1015 -0.0318373  -0.155084  0.0158101 0.000266325 3.24442e-05 -0.00333735  -0.0147467 -0.00634146  -0.0182247 -0.000629092 -0.000723868   0.00163804 -0.00072013 4.20531e-05 -0.00194273 0.995754        0        0 7951
             22.1015  0.0336671 -0.0176758  0.0317975 0.00125669  0.0011778 0.00114128 -0.00227541  0.00267607   0.0220748 -0.000641524 -0.000754999   0.00163501  -0.00079452 -2.31604e-05  -0.00222752 0.999885        0        0 0
             22.2013 -0.0414879  -0.103857  0.0327422 -0.000224471  0.000428426   0.00259882  -0.0169375 -0.00678943   0.0117271 -0.000632272 -0.000738709   0.00164267 -0.000694964  4.36636e-05  -0.00218018 0.99988       0       0 8058
             22.2013  0.0377239 -0.0489041  0.0340464   0.00131785  0.000985451 -0.000507735 0.000949753 -0.00181283  -0.0222123 -0.000648159 -0.000751357   0.00164258 -0.000817678  5.44867e-06  -0.00193458 0.999995        0        0 0
             22.3016 -0.012857 -0.130156 0.0244967 8.16011e-05 0.000337182 -0.00302431  -0.0141608 -0.00684932  -0.0279972 -0.000642405 -0.000736839   0.00165368 -0.000725405  3.88896e-05  -0.00191464 0.999983        0        0 7917
             22.3016   0.0274504 -0.00963324   0.0326454 0.00111195 0.00107216 0.00157195 -0.000978533  -0.00169457    0.0140245 -0.000650129 -0.000764514   0.00165217 -0.000806506   1.4377e-06  -0.00221437 1.00064       0       0 0
             22.4015 -0.0559675 -0.0646857  0.0249944 -0.000555849 -4.41824e-05   0.00197125 -0.0194138 -0.0100164 0.00164328 -0.000637449  -0.00075388    0.0016625 -0.000686509  6.78193e-05  -0.00213045 1.00063       0       0 8013
             22.4015   0.035873 -0.0347372  0.0337691  0.00104034  0.00101723 0.000236263  -0.00113731 -0.000194794   -0.0173753 -0.000655295 -0.000761816   0.00166098 -0.000812593 -4.76038e-06    -0.001992 0.995319        0        0 0
             22.5013 -0.0837729 -0.0945429 -0.0162151 -0.000490356  6.52368e-06  -0.00186875  -0.0180277 -0.00827917  -0.0202247 -0.000634263 -0.000751724   0.00167991 -0.000705494  5.89043e-05  -0.00196934 0.995313        0        0 7976
             22.5013   0.035484 -0.0283971  0.0380388  0.00113862 0.000711225 0.000620936  0.00118543 -0.00318933  0.00575714 -0.000658554 -0.000768468   0.00166871 -0.00083369 1.69523e-05 -0.00215448 1.00061       0       0 0
             22.6016 -0.0737612  -0.134177  0.0115431  0.000167908 -0.000146546  0.000577384   -0.012588 -0.00656843 0.000712576 -0.000641772 -0.000748867   0.00168193 -0.000752245  5.20278e-05  -0.00212381 1.00061       0       0 7973
             22.6016 0.0376129 -0.058198 0.0434387  0.00116849 0.000432221 -0.00115186 -0.000893963  -0.00155019   -0.0179981 -0.000664327 -0.000765497   0.00167544 -0.000831251   1.0888e-05  -0.00198632 0.999903        0        0 0
             22.7015  -0.0804477   -0.133691 -0.00860868  9.43117e-05 -0.000467841  -0.00342224  -0.0136944 -0.00807877  -0.0229141 -0.000643344 -0.000751931   0.00169457 -0.000753956  5.27098e-05   -0.0019735 0.999898        0        0 8143
             22.7015  0.0305782 -0.0186328    0.02945 0.00112501 0.00134862 0.00108901 -0.000768486   0.00618409    0.0176821 -0.000664821 -0.000778756   0.00168702 -0.000833654 -5.22171e-05  -0.00226414 0.999196        0        0 0
             22.8013 -0.0235182 -0.0930931    0.01097 -7.62931e-05   0.00115975   0.00206702  -0.0128335 -0.00165963  0.00681459 -0.000661539 -0.000764762   0.00169802 -0.000743524  4.57982e-06    -0.002212 0.999191        0        0 8072
             22.8013  0.0337325 -0.0237095  0.0337601 0.000972669  0.00108114 0.000761462 -0.000288438  -0.00309336  -0.00733288  -0.00067369 -0.000780458   0.00169324 -0.000828404  1.14227e-05  -0.00210759 1.00039       0       0 0
             22.9017  -0.119519 -0.0550054 -0.0184155 -0.000109061  -0.00057412 -0.000924974 -0.0123955 -0.0163676 -0.0193518 -0.000642717 -0.000776227   0.00171455 -0.00075518 0.000104447 -0.00204291 1.00039       0       0 8296
             22.9017  0.0325751 -0.0356745  0.0431627  0.00103333 0.000496846 0.000164709 0.000647999 -0.00739392 -0.00934013 -0.000673472 -0.000782068    0.0017019 -0.000844862  3.30295e-05  -0.00211456 0.999965        0        0 0
             23.0015  -0.111291 -0.0666814 0.00917444 -0.000211555   -0.0010357   -0.0014014  -0.014603 -0.0135399 -0.0176191 -0.000651582 -0.000776578   0.00171643 -0.000745383  8.74344e-05  -0.00205774 0.999962        0        0 8082
             23.0015 0.0313569  -0.02582 0.0437804  0.00104739 0.000478206 0.000564887 -0.000212299 -0.000391422   0.00374445 -0.000679994 -0.000787552   0.00170952 -0.000842855 -1.23253e-05   -0.0022116 1.00088       0       0 0
             23.1013   -0.131177  -0.0341252 -0.00534306 -0.000513602 -0.000796984 -0.000161469  -0.0187892  -0.0101463 -0.00692584 -0.000652637 -0.000786783    0.0017275 -0.000720121  7.32755e-05   -0.0021299 1.00088       0       0 8243
             23.1013  0.0342842 -0.0367295  0.0390312  0.00103556 0.000761236 0.000119526 -0.00133209  0.00401006 -0.00404533  -0.00068588 -0.000788328   0.00171854 -0.000843296 -3.54098e-05  -0.00214968 1.00141       0       0 0
             23.2017 -0.0934708 -0.0611497 -0.0226589 -0.000383054  4.38636e-05  -0.00130756  -0.0160885 -0.00512447  -0.0142406 -0.000664699 -0.000785631   0.00173939 -0.000745244  3.63914e-05  -0.00208995 1.0014      0      0 8160
             23.2017  0.0338391 -0.0263329   0.035419  0.00107655 0.000963674 0.000559854 0.000656809  0.00245471  0.00610873 -0.000690563 -0.000795461    0.0017274 -0.000860269 -2.43465e-05   -0.0022374 1.00139       0       0 0
             23.3015   -0.114547   -0.067929 -0.00816813  -0.00019165 -0.000177171  0.000251191  -0.0146981  -0.0106367 -0.00515335 -0.000663495 -0.000788095   0.00174465 -0.000750186  6.54511e-05  -0.00218661 1.00139       0       0 8217
             23.3015  0.0370219 -0.0394501  0.0429643   0.00107212   0.00051877 -3.13741e-05 -9.19551e-05  -0.00491108   -0.0082726 -0.000694738 -0.000795864   0.00173401 -0.000851623   1.6689e-05   -0.0021624 0.9969      0      0 0
             23.4013 -0.0722958 -0.0561228 -0.0118523 -0.000364461  -0.00078325  -0.00172507  -0.016716 -0.0126318 -0.0209389 -0.000674401 -0.000794853   0.00175522 -0.000748826  7.45975e-05  -0.00209743 0.996896        0        0 8034
             23.4013  0.0317126 -0.0267224  0.0374654  0.00112395 0.000826246 0.000600023 0.000320043   0.0021179  0.00434078 -0.000694723 -0.000803751   0.00174514 -0.000866181 -3.53299e-05  -0.00228127 1.00128       0       0 0
             23.5017  -0.0938365  -0.0674203 -0.00877256 0.000446913  0.00023682 0.000289015 -0.00778732 -0.00442052 -0.00493666 -0.000671125 -0.000797478   0.00176442 -0.000809839   2.7743e-05  -0.00221624 1.00128       0       0 8226
             23.5017 0.0397437 -0.042848 0.0442463   0.00107232  0.000433469 -0.000200429 -0.000590075  -0.00340215  -0.00999794 -0.000699174  -0.00080335   0.00175324 -0.00086008 1.27544e-05  -0.0021781 1.00021       0       0 0
             23.6015  -0.130489 -0.0526984 -0.0131094 -0.000388425 -0.000875256  -0.00179573 -0.0172342 -0.0111362 -0.0157179 -0.000667863 -0.000803369   0.00177413 -0.000754904  7.50845e-05  -0.00213329 1.00021       0       0 8184
             23.6015  0.0343459 -0.0449185    0.04014   0.00108994  0.000662224 -0.000453082 -0.000479143   0.00221401  -0.00132098 -0.000701306 -0.000807509   0.00176317 -0.000872172 -2.85844e-05  -0.00223767 0.99976       0       0 0
             23.7013 -0.0459934 -0.0771082 -0.0130909 -0.000206179  0.000764531  -0.00156716  -0.0156676  0.00309666 -0.00962925 -0.000690813 -0.000803283   0.00178288 -0.000767879 -2.62158e-05  -0.00218305 0.999748        0        0 8242
             23.7013   0.031589 -0.0190003  0.0348887  0.00110838 0.000952863 0.000885441 0.000401083  0.00335252   0.0127413 -0.000707285 -0.000818071   0.00177267 -0.000876872 -3.25102e-05  -0.00234586 1.00047       0       0 0
             23.8017 -0.0798269 -0.0870772 -0.0285845 -0.000306112  7.59564e-05   0.00125936  -0.0171903 -0.00788189  0.00296243 -0.000686626 -0.000805754   0.00179457 -0.000761867  4.62573e-05  -0.00229472 1.00046       0       0 8234
             23.8017  0.0348017 -0.0310305  0.0365696  0.00120678 0.000806728 0.000427626 0.000372363 -0.00169428 -0.00611199 -0.000710215 -0.000819377    0.0017809 -0.000884772 -4.65265e-06  -0.00222542 1.00142       0       0 0
             23.9015 -0.0300803  -0.100972  0.0104498  -0.00037292  0.000199372 -0.000811147  -0.0181904 -0.00546845  -0.0148508 -0.000704113 -0.000804994   0.00179444 -0.00075593 2.18647e-05 -0.00219113 1.00142       0       0 8009
             23.9015 0.0370027 -0.028584 0.0398877  0.00111144 0.000609737 0.000489416 -0.000558281  -0.00263885  -0.00118892 -0.000718089 -0.000823074   0.00178824 -0.000876331 -2.02216e-06  -0.00228971 1.00166       0       0 0
             24.0013  -0.0459827  -0.0803568 -0.00187842  -9.7909e-05 -0.000178794  0.000226971  -0.0147766 -0.00778798 -0.00518824 -0.000705276 -0.000813564   0.00180624  -0.0007884  3.8999e-05 -0.00228003 1.00165       0       0 8144
             24.0013    0.04014 -0.0373727  0.0401732   0.0010753 0.000616881 3.37528e-05  -0.00116357 -0.000692984  -0.00732681 -0.000722883 -0.000824247   0.00179742 -0.000883743 -1.66346e-05  -0.00226261 1.00189       0       0 0
             24.1017 -0.039418 -0.119197 0.0139569 -9.45312e-05 -1.31496e-05 -0.000749931  -0.0135632 -0.00561225 -0.00885732 -0.000706454 -0.000809613   0.00181325 -0.000799391  2.36636e-05  -0.00225501 1.00188       0       0 8131
             24.1017  0.0373588 -0.0268354  0.0400752  0.00114456 0.000667893 0.000483959  0.00112958 0.000126405  0.00468266 -0.000722211 -0.000831366   0.00180782 -0.000899097 -2.17958e-05  -0.00235367 0.996487        0        0 0
             24.2015  -0.045802 -0.0994249 -0.0100419 0.000267117 0.000517992 0.000415275  -0.0115767 7.34098e-05 -0.00138985 -0.000708966  -0.00081812   0.00182713 -0.000820159 -1.24447e-05  -0.00231299 0.996482        0        0 8126
             24.2015  0.0392312 -0.0393938  0.0383755  0.00124245 0.000712329 -9.4475e-05 1.27885e-05  0.00120757  -0.0068882 -0.000727062 -0.000832259   0.00181676 -0.000900317 -2.57071e-05  -0.00227048 1.00049       0       0 0
             24.3013 0.0050555 -0.119388  0.035803 -0.000182058  0.000202134  -0.00101353  -0.0171896 -0.00351273 -0.00924801 -0.000725296 -0.000817818   0.00182558 -0.000786236  1.02942e-05  -0.00226565 1.00049       0       0 8089
             24.3013  0.0377846 -0.0269594  0.0434425  0.00116009  0.00041575 0.000493792 -0.00103818 -0.00239829  0.00736758 -0.000732188 -0.000839907   0.00182399 -0.000896243  6.18385e-07  -0.00238718 0.999933        0        0 0
             24.4017 -0.0425702 -0.0784961  0.0193231 -7.27382e-05 -0.000216136  0.000492065   -0.0146607  -0.00574719 -0.000917379  -0.00071765 -0.000830577   0.00183812  -0.0008053  2.1896e-05 -0.00234293 0.99993       0       0 8051
             24.4017 0.0395036 -0.037726  0.042839  0.00116885 0.000470134 3.29487e-05 -0.000277814  0.000100343  -0.00595455 -0.000734564 -0.000840785   0.00183325 -0.000907239 -2.47976e-05  -0.00230363 0.99585       0       0 0
             24.5015 0.00358872  -0.122849  0.0300714  4.94405e-05  0.000182962 -0.000658537  -0.0131488 -0.00284017 -0.00836538  -0.00072767 -0.000824882    0.0018456 -0.000823042  -6.1256e-06  -0.00230889 0.995847        0        0 8034
             24.5015  0.0375637 -0.0307151  0.0469873  0.00111278 0.000224155 0.000327597 -0.00022645 -0.00324858  0.00254545 -0.000735043 -0.000846626   0.00184193  -0.00091016 -5.13978e-06  -0.00238815 0.99564       0       0 0
             24.6013 -0.0225956 -0.0655358  0.0492798  3.25978e-05 -0.000173991  0.000240896  -0.0126393 -0.00386991 -0.00273271 -0.000728566 -0.000840995    0.0018493 -0.000825521  2.49997e-06  -0.00236652 0.995637        0        0 8032
             24.6013  0.0381987 -0.0406618  0.0385874   0.00122393  0.000717085 -0.000188834  0.00101699  0.00420486 -0.00754154 -0.000740768  -0.00084772   0.00185186 -0.000923378 -5.87061e-05  -0.00232911 1.00108       0       0 0
             24.7017 -0.0045741 -0.0945364  0.0468046 -0.00014751 0.000524452 -0.00109865  -0.0173294 -0.00128292  -0.0103044 -0.000739411 -0.000837961   0.00185806 -0.000810327 -1.71962e-05  -0.00231881 1.00108       0       0 8055
             24.7017   0.036278 -0.0266849  0.0447003  0.00125205 0.000369499 0.000491552 -0.000518845  -0.00397533   0.00672739 -0.000748499 -0.000854869   0.00185847 -0.000927279  2.99082e-07  -0.00244479 1.001     0     0 0
             24.8015 0.00262429 -0.0709451  0.0618883  0.000179803 -0.000186347  0.000920404  -0.0129874 -0.00406428  0.00325793 -0.000744259 -0.000848866   0.00186432 -0.000836079  5.98629e-06  -0.00242804 1.001     0     0 8047
             24.8015  0.037784 -0.040634 0.0415851   0.00121159  0.000529463 -0.000182736 -0.00113853  0.00261921 -0.00887561  -0.00075107 -0.000856495   0.00186893 -0.000920943 -4.37733e-05  -0.00233576 1.00116       0       0 0
             24.9013 -0.00752089  -0.0492068     0.02604 -0.000637582  0.000329586  -0.00128475  -0.0215726 -0.00130976   -0.010946 -0.000748911  -0.00085622   0.00187979 -0.000780507 -1.94706e-05  -0.00232303 1.00115       0       0 8103
             24.9013  0.0358119 -0.0265277  0.0413819  0.00124243 0.000474509 0.000602712 0.000634114 -0.00113004  0.00983732  -0.00075829 -0.000864113   0.00187648  -0.00093916 -2.30871e-05  -0.00247757 1.00117       0       0 0
             25.0017 -0.0457558 -0.0596133 -0.0116917 -0.000281131  1.33466e-05  0.000739389   -0.0174686  -0.00338236 -0.000804164 -0.000745059  -0.00085867   0.00189616 -0.000809507  7.26434e-08  -0.00241983 1.00116       0       0 8172
             25.0017  0.0368869 -0.0367862  0.0407048   0.00108593  0.000608928 -2.62045e-05  -0.0016852  0.00152968 -0.00914646 -0.000762488 -0.000865055   0.00188488 -0.000924265 -4.07974e-05  -0.00235513 0.996691        0        0 0
             25.1015 -0.0302616 -0.0513122 -0.0131158 -0.000487254  0.000406252  -0.00136976  -0.0193648 -0.00161693   -0.014726 -0.000754222 -0.000861671   0.00190377 -0.000811728 -1.68476e-05  -0.00233018 0.996686        0        0 8126
             25.1015  0.0347751 -0.0215672  0.0412413 0.000737358 0.000759139 0.000946504 -0.00489428 0.000668766   0.0106733 -0.000768138 -0.000870536   0.00189198 -0.000913836 -3.76778e-05  -0.00252095 0.995834        0        0 0
             25.2013 -0.0454651 -0.0852314 -0.0122464 -0.000592184  0.000170011   0.00119711  -0.0152184 -0.00355057  0.00190439 -0.000754008 -0.000859866   0.00191286 -0.000842429    1.041e-05  -0.00246239 0.99583       0       0 8094
             25.2013  0.0345595 -0.0265126  0.0378391  0.00102711 0.000758158 0.000610008 0.00375037 0.00135233 -0.0043438 -0.000770919 -0.000874611   0.00190204 -0.000978368 -3.02579e-05  -0.00241287 1.00086       0       0 0
             25.3017 -0.0349474 -0.0696939  0.0129807 -9.45786e-05  5.26368e-05 -0.000495894  -0.0139407 -0.00755515  -0.0117096 -0.000760597 -0.000867382   0.00191581 -0.000858304  2.49253e-05  -0.00237128 1.00085       0       0 8257
             25.3017  0.0379354 -0.0225501  0.0380853  0.00118487 0.000774393  0.00069639   0.0010141 -0.00149773 0.000728115 -0.000775765 -0.000879513   0.00191052 -0.000964352 -2.35228e-05  -0.00246401 0.99704       0       0 0
             25.4015 -0.0878244 -0.0655384 -0.0138334 -1.28831e-05  -0.00058541 -0.000435978 -0.0141499 -0.0119762 -0.0135705 -0.000751019  -0.00087233    0.0019309 -0.000854435  6.13887e-05  -0.00237177 0.997035        0        0 7970
             25.4015  0.0356428 -0.0306097  0.0421953 0.000930949 0.000662923  0.00026246  -0.00344825 -0.000510348  -0.00605338 -0.000776638 -0.000881414   0.00191895 -0.000930203 -2.95984e-05  -0.00242741 0.996417        0        0 0
             25.5013  -0.110739 -0.0824865 -0.0292514 -5.87498e-05 -0.000483494 -0.000992306 -0.0114231 -0.0104139 -0.0145522 -0.000748969   -0.0008721   0.00194331 -0.000877935  4.77588e-05  -0.00237631 0.996416        0        0 8072
             25.5013  0.0388009 -0.0364778  0.0405688 0.000695593 0.000676784 0.000277963  -0.00279146 -7.82616e-05 -0.000740058 -0.000780667 -0.000883485   0.00192821 -0.000937861 -3.70376e-05  -0.00248014 0.997001        0        0 0
             25.6017 -0.0854025  -0.060516 -0.0301093 -0.000723462 -0.000289648 -0.000736848 -0.0146929 -0.0090654 -0.0110997 -0.000762138 -0.000880656   0.00195079 -0.000859163  3.61962e-05  -0.00241154 0.996997        0        0 7945
             25.6017  0.0324673 -0.0266624  0.0405975 0.000791791 0.000671634 0.000505133  0.00245187 -0.00106944  0.00200431 -0.000787001 -0.000890212   0.00193554  -0.00098278 -2.98829e-05  -0.00250996 1.00113       0       0 0
             25.7015  -0.111919 -0.0624859 0.00498445   2.8317e-05 -0.000457939 -0.000172382  -0.0108875  -0.0105276 -0.00701012 -0.000757837 -0.000883294   0.00195284 -0.000900328  4.58012e-05  -0.00244697 1.00112       0       0 8036
             25.7015  0.0341969 -0.0400059  0.0372666   0.00088435  0.000867887 -1.85082e-05 -0.00142914  0.00175566 -0.00545226 -0.000788411 -0.000889368    0.0019461 -0.000968473 -5.26762e-05  -0.00245778 1.00038       0       0 0
             25.8014  -0.113875 -0.0544671 -0.0394095 -0.000682121 -0.000337542  -0.00186318  -0.0173354 -0.00938469  -0.0193481 -0.000764871 -0.000889097   0.00197004 -0.000851224  4.62591e-05  -0.00236516 1.00038       0       0 7954
             25.8014  0.0406873 -0.0377297  0.0334808   0.00124671   0.00090851 -6.43226e-05  0.00487717  0.00122503 0.000218536 -0.000797555 -0.000895758   0.00195432  -0.00101242 -4.08905e-05  -0.00251241 1.00084       0       0 0
             25.9017 -0.0662679 -0.0829258  0.0136169  0.000338339 -0.000203372 -0.000790047  -0.0107353 -0.00997374 -0.00812959 -0.000775461 -0.000888707   0.00196838 -0.000908803  4.29221e-05  -0.00247141 1.00084       0       0 8210
             25.9017  0.0378168 -0.0386202   0.049195 0.000976565 0.000158418 0.000170926 -0.00325161 -0.00763064 0.000776009 -0.000798057 -0.000899405   0.00196061 -0.000960715  1.95108e-05  -0.00253831 1.00029       0       0 0
             26.0015   -0.109511  -0.0679085 -0.00633639 -0.000992236  -0.00157964  -0.00087275 -0.0230958 -0.0148565 -0.0135089 -0.000772504 -0.000894429   0.00198039 -0.000826856  8.02352e-05  -0.00245043 1.00029       0       0 8102
             26.0015  0.0349714 -0.0360801  0.0417464 0.000713653 0.000567472 0.000140848 -0.00385747   0.0046827 -0.00277685 -0.000802254 -0.000903933   0.00197026 -0.000966746  -7.2335e-05   -0.0025307 1.0008      0      0 0
             26.1014 -0.0881363 -0.0799219  -0.018624  -0.00100011  4.33388e-05 -0.000189432   -0.018407  -0.0050547 -0.00500074 -0.000787631 -0.000894986   0.00198981 -0.000853565  2.99265e-06  -0.00252644 1.0008      0      0 8170
             26.1014  0.0383062 -0.0363677  0.0357198 0.000954708  0.00081764  0.00011156   0.004137 0.00113561 -0.0016913 -0.000814996 -0.000907099   0.00197791  -0.00101887 -5.05064e-05   -0.0025497 1.00079       0       0 0
             26.2017 -0.0881603 -0.0738806 0.00130382 -0.000386855 -0.000364022 -0.000879126 -0.0163864 -0.0110891 -0.0110959 -0.000792489 -0.000900432   0.00199415 -0.000885034  4.41062e-05  -0.00248419 1.00079       0       0 8307
             26.2017  0.0336506 -0.0281363  0.0466325 0.000935812 0.000317227 0.000426519 -0.0009023 -0.0058424 0.00312398 -0.000818741 -0.000912452    0.0019843 -0.000996762 -2.22212e-06   -0.0025922 1.0013      0      0 0
             26.3015 -0.0709735 -0.0966074  0.0140893 -0.000324592  -0.00110116  0.000326694   -0.0160953    -0.011126 -0.000538626 -0.000799968  -0.00089869   0.00200034 -0.000892722   5.7597e-05   -0.0025678 1.0013      0      0 8174
             26.3015  0.0429908 -0.0395761  0.0442558  0.000752537  0.000440753 -3.38077e-05 -0.00383835  0.00310465 -0.00468123 -0.000823617 -0.000912624   0.00199402 -0.000980816 -5.44595e-05  -0.00253418 0.996759        0        0 0
             26.4014 -0.0930725 -0.0483191 0.00195384  -0.00113207 -0.000431309  -0.00140355  -0.0212518 -0.00670461  -0.0142278 -0.000792681 -0.000914933   0.00201432 -0.000862403  3.58994e-05  -0.00248048 0.996754        0        0 8184
             26.4014  0.0369624 -0.0273315  0.0407222 0.000836148 0.000624056 0.000599608 0.00159023 0.00206606 0.00763443 -0.000820629 -0.000922529   0.00200593 -0.00103016 -3.6887e-05 -0.00264739 0.996776        0        0 0
             26.5017 -0.0789393 -0.0758901 -0.0147446 -0.000197726  3.22506e-05  0.000856828  -0.0120965 -0.00483715   0.0015857 -0.000797319 -0.000913485   0.00202709 -0.000930716  1.71839e-05  -0.00261494 0.996775        0        0 7968
             26.5017  0.0395842 -0.0436332  0.0370776  0.000869185  0.000904828 -0.000297174 -0.000114845   0.00269151   -0.0109416 -0.000822768 -0.000921524   0.00201579  -0.00101953 -4.62331e-05  -0.00251644 0.996247        0        0 0
             26.6015   -0.110607  -0.0376082 -0.00997618 -0.000589032 -0.000136573  -0.00219948  -0.0169621 -0.00942887  -0.0225079 -0.000791596 -0.000924528    0.0020369 -0.000897405  4.63684e-05  -0.00245289 0.996246        0        0 8127
             26.6015   0.035351 -0.0384999  0.0439698 0.000984504 0.000413654 1.50193e-05  0.00129488 -0.00572667  0.00161764 -0.000823602 -0.000927029     0.002025 -0.00103166 1.00447e-05 -0.00263781 1.00103       0       0 0
             26.7014  -0.0787182   -0.117973 -0.00207823 -8.61667e-05 -0.000867024 -0.000184466  -0.0124762  -0.0112657 -0.00290811 -0.000802059 -0.000911803    0.0020442 -0.000939727  6.51563e-05  -0.00261007 1.00103       0       0 7891
             26.7014 0.0370402 -0.032229 0.0399922 0.000955391 0.000630722 0.000282935 -0.000435038   0.00181056  0.000981487 -0.000826465  -0.00093227   0.00203513  -0.00102461 -3.92561e-05  -0.00263799 1.00036       0       0 0
             26.8018 -0.0536477 -0.0763819   0.016844  -0.00045289 -0.000473205 -0.000432648  -0.0174565 -0.00960536 -0.00672812 -0.000808214 -0.000924673   0.00204929 -0.000913362  5.26539e-05  -0.00257686 1.00035       0       0 8215
             26.8018  0.0395759 -0.0363755  0.0438201 0.000948221 0.000502825 0.000200642  -0.00128138 -0.000916449  0.000151157 -0.000827959 -0.000935457   0.00204353  -0.00103218 -1.79424e-05  -0.00262858 0.995981        0        0 0
             26.9016   -0.117995  -0.0730335 -0.00596664 -0.000578332  -0.00109277 -0.000703874  -0.0175418  -0.0131647 -0.00800855 -0.000802237 -0.000929237   0.00206149 -0.000913336  8.30449e-05  -0.00257058 0.995984        0        0 7961
             26.9016   0.033852 -0.0311325  0.0401841 0.000858204 0.000657654 0.000378341 -0.00124369  0.00231893  0.00351874 -0.000834333 -0.000940853    0.0020516  -0.00103207 -4.15982e-05  -0.00265805 1.00059       0       0 0
             27.0014  -0.129659  -0.116692 -0.0205118 -8.42382e-06 -0.000331152 -0.000287024  -0.0102025 -0.00905471 -0.00816882 -0.000805238 -0.000925018   0.00207285 -0.000977502   5.0391e-05  -0.00259458 1.00059       0       0 8102
             27.0014  0.0413095 -0.0400787  0.0408433  0.000865943  0.000642322 -0.000127881  1.09886e-05 -0.000527061  -0.00643291 -0.000842603 -0.000943302    0.0020593  -0.00104993 -2.40384e-05  -0.00260626 0.996646        0        0 0
             27.1018  -0.137744  -0.112117 -0.0410912  -0.00019538 -0.000803561  -0.00151406 -0.0119377 -0.0137569 -0.0170914 -0.000807553   -0.0009297    0.0020864 -0.000963669  8.04338e-05  -0.00255468 0.996641        0        0 8056
             27.1018 0.0354016 -0.027007 0.0357631 0.000715607   0.0009426  0.00053833 -0.0015693 0.00208051  0.0044368 -0.000844573 -0.000950277    0.0020696  -0.00103549 -4.95512e-05  -0.00272108 0.997021        0        0 0
             27.2016  -0.196981 -0.0360096  -0.071301 -0.000883971 -0.000723972  9.01813e-05  -0.0173323   -0.014086 -0.00838903 -0.000805418 -0.000948503   0.00209965 -0.000924282  8.37997e-05  -0.00263966 0.997019        0        0 8121
             27.2016  0.0353891 -0.0499886  0.0419553  0.000664543  0.000381337 -0.000541963 -0.000727821  -0.00585149   -0.0151732 -0.000856504 -0.000947099   0.00207447 -0.00105073 7.35088e-06 -0.00258562 0.997291        0        0 0
             27.3014  -0.122772 -0.0800187 -0.0170949  -0.0008588 -0.00153775 -0.00252353 -0.0155908 -0.0145905 -0.0208515 -0.000823594 -0.000943113    0.0020974 -0.000949211  9.36328e-05  -0.00254309 0.997295        0        0 7903
             27.3014  0.0352036 -0.0159277  0.0392202  0.00113508 0.000736625  0.00116641 0.00594004 0.00207167  0.0169111 -0.000857247 -0.000960809   0.00208518  -0.00110487 -4.05711e-05  -0.00283541 0.996942        0        0 0
             27.4018  -0.177448 -0.0463355 -0.0353025  9.65443e-05 -0.000586408   0.00157467 -0.0127387 -0.0111478 0.00481075 -0.000819725 -0.000954782   0.00210859 -0.000972164  7.25003e-05  -0.00273587 0.996946        0        0 8038
             27.4018 0.0365268 -0.044754 0.0364988  0.000883741  0.000938665 -0.000388019 -0.00474471  0.00279894  -0.0165858 -0.000866145 -0.000955431   0.00209286  -0.00103416 -4.60199e-05  -0.00256714 0.996753        0        0 0
             27.5016  -0.101875 -0.0802632 0.00409935 -0.000418882 -2.91558e-05  -0.00271578 -0.0144641 -0.0074962 -0.0226889 -0.000839725 -0.000951122   0.00210945 -0.000964765  3.15819e-05  -0.00253124 0.996746        0        0 7949
             27.5016  0.0328583 -0.0282948  0.0403971 0.000947341 0.000715831 0.000719099  0.00150958 -0.00183315   0.0149573 -0.000869414  -0.00096562   0.00210143  -0.00107962 -1.92185e-05  -0.00282395 1.00072       0       0 0
             27.6014 -0.0935902  -0.126283  0.0152517  3.20889e-05 -0.000506904   0.00127387 -0.0110318 -0.0104697  0.0039502  -0.00084592 -0.000947009    0.0021158 -0.000995459  5.74125e-05  -0.00276855 1.00072       0       0 7973
             27.6014  0.0364414 -0.0342552  0.0398177  0.00099061 0.000734737 0.000273665 -8.76341e-05   0.00115137  -0.00642928 -0.000874109 -0.000968717   0.00211052  -0.00107421 -3.82902e-05  -0.00268477 0.99649       0       0 0
             27.7018  -0.129399 -0.0402422 -0.0252877 -0.000373423 -0.000573898  -0.00153579 -0.0160372  -0.012386 -0.0203303 -0.000840995 -0.000968847   0.00213413 -0.000965542  7.01378e-05  -0.00260904 0.996485        0        0 8014
             27.7018  0.0353699 -0.0361579  0.0355836 0.000919406 0.000987506 0.000192472 -0.00144172  0.00107113 -0.00455311 -0.000876596 -0.000971594    0.0021208  -0.00107499 -4.21356e-05  -0.00273225 0.996291        0        0 0
             27.8016  -0.0534609   -0.096694 -0.00720302  0.000113358  0.000198238 -0.000749488 -0.00840287 -0.00752458  -0.0111932 -0.000859297 -0.000960665   0.00213975  -0.0010185 2.33596e-05 -0.00269088 0.996296        0        0 8009
             27.8016 0.0353902 -0.025812 0.0362136 0.000957341 0.000972857 0.000661543  0.00145174 -0.00121264  0.00198043 -0.000878654 -0.000978131   0.00213009  -0.00108792 -2.99725e-05  -0.00279273 0.996589        0        0 0
             27.9014  -0.141631 -0.0338325 -0.0107168 -0.000180098 -0.000819518  3.11586e-05  -0.0135089  -0.0154335 -0.00673179 -0.000836098 -0.000979697   0.00215341 -0.00098998 0.000104972 -0.00271934 0.996595        0        0 8164
             27.9014   0.033931 -0.0374162  0.0483336 0.000885127 0.000239862 2.82559e-05 -0.00154398 -0.00640291 -0.00692648 -0.000874963 -0.000980148   0.00214022 -0.00108145 2.54937e-05 -0.00271688 0.996722        0        0 0
             28.0013  -0.100052 -0.0607679  0.0101688 -0.000527443  -0.00146074   -0.0018919 -0.0164256 -0.0146925  -0.018151 -0.000847805 -0.000976966   0.00215766 -0.000971666  9.78043e-05  -0.00262519 0.996721        0        0 8018
             28.0013   0.033601 -0.0242851  0.0418743 0.000832719 0.000668265 0.000778718 -0.000992502   0.00426389    0.0107729  -0.00087654 -0.000987331   0.00215083  -0.00108597 -5.51337e-05  -0.00285316 0.996832        0        0 0
             28.1016   -0.114036  -0.0382487 -0.00664134 -0.000701897 -0.000166632     0.001232  -0.0175156 -0.00707285  0.00405319 -0.000850944 -0.000985803   0.00216892 -0.000962169   3.6714e-05  -0.00281904 0.99683       0       0 8312
             28.1016  0.0387672 -0.0510939  0.0435586  0.000951504  0.000502708 -0.000670943  0.00101859 -0.00164965  -0.0166224  -0.00088511 -0.000984144   0.00215764  -0.00110757 -1.44787e-05  -0.00265256 1.00143       0       0 0
             28.2014  -0.115821 -0.0367499 -0.0025262 -0.000258135 -0.000443777  -0.00338774 -0.0137584 -0.0087312 -0.0300639 -0.000860419 -0.000988915   0.00217411 -0.000999778  4.83429e-05  -0.00257541 1.00143       0       0 8047
             28.2014  0.0344092 -0.0477523  0.0468435  0.000867579  0.000328882 -0.000498902 -0.000812266  -0.00278772   0.00060347 -0.000893997 -0.000988503   0.00216302   -0.0010969 -6.32134e-06  -0.00281743 1.00045       0       0 0
             28.3013  -0.069982 -0.0635106  0.0310876 -0.000273209 -0.000622037  -0.00103379  -0.0133355 -0.00916244 -0.00777276 -0.000874203 -0.000987238   0.00217542 -0.00100986 4.52215e-05    -0.00277 1.00046       0       0 8255
             28.3013  0.0350619 -0.0244867  0.0402708 0.000967266 0.000743116 0.000745884 0.000999291  0.00260632  0.00865654 -0.000897071 -0.000997773    0.0021736  -0.00111618 -5.08157e-05  -0.00289878 0.995601        0        0 0
             28.4016   -0.0791934   -0.0719432 -0.000843958 -0.000515018 -6.20695e-05  0.000976483  -0.0174852  -0.0064026 0.000317983 -0.000880647 -0.000989324   0.00218942 -0.00098398 3.15034e-05 -0.00283766 0.995596        0        0 8027
             28.4016 0.0340418  -0.03688 0.0424049 0.000885399 0.000533677 5.41293e-05  -0.0012964 -0.00149617 -0.00972163 -0.000906001 -0.000998561   0.00217966  -0.00110742 -1.33345e-05  -0.00275562 1.00024       0       0 0
             28.5014  -0.102877 -0.0304174 0.00610451  -0.0007892 -0.00101584 -0.00170704 -0.0198433   -0.01326 -0.0172761 -0.000872475  -0.00100352   0.00219922 -0.000978982  9.34259e-05  -0.00269382 1.00023       0       0 8255
             28.5014  0.0344318 -0.0365192  0.0435861  0.00077102 0.000495561 0.000183644 -0.00208637  0.00041111  0.00332139 -0.00090248 -0.00100441  0.00219099 -0.00111451 -1.9968e-05 -0.00285661 1.00051       0       0 0
             28.6013  -0.109008 -0.0472727 -0.0249347 -0.000966919 -0.000923094 -0.000419715  -0.0196314  -0.0119766 -0.00413779 -0.000870248   -0.0010052   0.00221582 -0.000981309  7.92267e-05  -0.00280589 1.00051       0       0 8161
             28.6013 0.0350222 -0.034118 0.0419191 0.000701212 0.000594863 0.000215313 -0.000728145   0.00144714   0.00172142 -0.000902044  -0.00101004   0.00220074  -0.00112612 -3.32827e-05  -0.00285094 0.996713        0        0 0
             28.7016 -0.0995289 -0.0979875 -0.0191373 -0.000558669 -0.000256924 -0.000302047  -0.0143038 -0.00788436 -0.00594943 -0.000876725 -0.000997871   0.00222326 -0.00102779 3.89056e-05 -0.00281306 0.996713        0        0 8212
             28.7016  0.0338352 -0.0333755  0.0434514 0.000750743 0.000483549 0.000298595 0.000671456 -0.00190778  0.00068599 -0.00090661 -0.00101408  0.00220909 -0.00113948 -1.5843e-05 -0.00286418 0.997063        0        0 0
             28.8015 -0.117821 -0.105024 -0.044967  -9.4482e-05 -0.000893455 -0.000125351 -0.00997757   -0.013589 -0.00708858 -0.000877775 -0.000999494   0.00223724 -0.00106934 7.87426e-05 -0.00283488 0.997062        0        0 8167
             28.8015  0.0387136 -0.0431092  0.0327554  0.000881703   0.00107258 -0.000370534  0.00088894   0.0051007 -0.00997747 -0.000911999  -0.00101477   0.00221976  -0.00115016 -7.57339e-05  -0.00280994 1.00151       0       0 0
             28.9013 -0.0832692  -0.102618 -0.0190559 -0.000782671   0.00016081  -0.00169404  -0.0184463 -0.00626499  -0.0163132 -0.000890074  -0.00100145   0.00224014 -0.00100729 2.29218e-05 -0.00277871 1.00151       0       0 7977
             28.9013   0.036546 -0.0265293   0.039253 0.000853287 0.000764181 0.000699343 8.09729e-05 -0.00254359  0.00884066 -0.000917267  -0.00102129   0.00222679  -0.00114444 -1.33302e-05  -0.00297807 1.00114       0       0 0
             29.0016  -0.103093 -0.0719832  -0.025812 -0.000360865 -0.000439455  0.000977387 -0.0142165 -0.0102479 0.00135653 -0.000892323  -0.00101394   0.00224957 -0.00104707 6.48519e-05 -0.00292079 1.00114       0       0 8178
             29.0016 0.0370694 -0.038311 0.0416984  0.000940559  0.000631285 -0.000133446  0.000617638 -0.000520193   -0.0108073 -0.000923658  -0.00102269   0.00223425  -0.00116135 -1.97651e-05  -0.00282112 1.00094       0       0 0
             29.1015  -0.119281 -0.0983741 -0.0349552  -0.00034476 -0.000984821  -0.00218296 -0.0149572 -0.0136921 -0.0206662 -0.000893396  -0.00101094   0.00226042 -0.00104309 9.33261e-05 -0.00274201 1.00092       0       0 7966
             29.1015  0.0355909 -0.0232298  0.0433768 0.000427366 0.000443175  0.00100815  -0.0060447 -0.00132626   0.0142973 -0.000927947  -0.00102992   0.00224261  -0.00110542 -1.27945e-05  -0.00302192 1.00005       0       0 0
             29.2013  -0.131256 -0.0111455 -0.0226801 -0.00108077  -0.0011481  0.00122343 -0.0158726 -0.0128848 0.00182651 -0.000894546  -0.00103668   0.00226739 -0.00103691 6.97644e-05 -0.00293351 1.00006       0       0 8097
             29.2013  0.0346454 -0.0357719  0.0431593  0.00099374 0.000499385 1.96128e-05   0.00618913 -0.000466493    -0.011164 -0.000931711   -0.0010327   0.00225243   -0.0012115 -3.71959e-05  -0.00282734 0.99624       0       0 0
             29.3016  -0.116022  -0.121767 -0.0368083  0.000422017 -0.000888703  -0.00198253 -0.00778244  -0.0123205  -0.0215424 -0.000902886  -0.00101397   0.00227869 -0.00111168 7.88776e-05 -0.00277032 0.996239        0        0 8114
             29.3016  0.0341988 -0.0176189  0.0363403 0.000880845  0.00086865  0.00110163 -0.0023648 0.00385486  0.0119172 -0.000936012  -0.00103906   0.00226221  -0.00114533 -5.69663e-05  -0.00303884 0.996276        0        0 0
             29.4015 -0.108535 -0.106107 -0.030705 -9.62046e-06 -0.000230315   0.00193854 -0.0096205 -0.0105554  0.0070623 -0.000912631  -0.00102058   0.00228395 -0.00109969   4.651e-05 -0.00301868 0.996276        0        0 8072
             29.4015  0.0353084 -0.0338303  0.0314283 0.000967906  0.00128086  0.00029102 0.000694219  0.00231116   -0.010695 -0.000944635  -0.00103785   0.00226985  -0.00117724 -6.27622e-05  -0.00287366 0.996309        0        0 0
             29.5013  -0.0638776   -0.101655 -0.00275302 -0.000307277 -0.000504851  -0.00159176 -0.0132526 -0.0150259 -0.0195402 -0.00092636 -0.00102418    0.002288  -0.0010644 8.48276e-05  -0.0028141 0.996293        0        0 8044
             29.5013  0.0344857 -0.0238024  0.0422031 0.000893613  0.00058054 0.000857308 0.000797625 -0.00639193   0.0029043 -0.000948431  -0.00104398   0.00227772 -0.00116735 1.13888e-05  -0.0029935 1.00127       0       0 0
             29.6016  -0.0792906  -0.0716339 -0.00497275  -0.00017339 -0.000627528  0.000801316  -0.0134856 -0.00992077 -0.00120519  -0.0009298 -0.00103635   0.0022962 -0.00108224 5.92795e-05 -0.00296418 1.00127       0       0 8013
             29.6016  0.0409403 -0.0425747  0.0405941   0.00101777  0.000648651 -0.000193395 1.42826e-05  0.00176878   -0.012224 -0.000956562  -0.00104398   0.00228591  -0.00118721 -4.00197e-05  -0.00287297 1.00124       0       0 0
             29.7015  -0.111555 -0.0664859 -0.0223182 -0.000507366 -0.000644876  -0.00209492 -0.0173612 -0.0116612 -0.0197249 -0.00091974 -0.00104153  0.00231049 -0.00105087 6.58566e-05 -0.00282405 1.00123       0       0 8080
             29.7015  0.0314702 -0.0234327  0.0387195 0.000836332 0.000737251 0.000872114 -0.00185146 0.000493862   0.0125573 -0.000951749  -0.00105374   0.00229659 -0.00116732  -3.838e-05 -0.00308388 1.00143       0       0 0
             29.8013  -0.117116 -0.0615138 -0.0292984  -0.00053152 -0.000728724   0.00138656 -0.0156058 -0.0137368 0.00421318 -0.000918345  -0.00104754   0.00232222 -0.00106624 7.25365e-05 -0.00302817 1.00143       0       0 8057
             29.8013  0.0438162 -0.0490096  0.0433569  0.000861774  0.000525009 -0.000492363 -0.000356129  -0.00245653   -0.0162757 -0.000954722  -0.00105137   0.00230554  -0.00118685 -2.61864e-05  -0.00286035 0.996072        0        0 0
             29.9016  -0.125076 -0.0355207 -0.0256951 -0.00105459 -0.00120533 -0.00279912 -0.0209998 -0.0144612 -0.0243295 -0.000916062  -0.00105714   0.00233246 -0.00103323  8.8322e-05 -0.00281072 0.996056        0        0 8088
             29.9016   0.039751 -0.0500404  0.0443227     0.001184  0.000433923 -0.000707532  0.00381746 -0.00109072  -0.0016071 -0.000953175  -0.00105632   0.00231646  -0.00122789 -2.71195e-05  -0.00299412 0.995333        0        0 0
             30.0015 -0.0688148 -0.0992945 0.00510809  0.000124892 -0.000993281   -0.0017901 -0.0125803 -0.0127781 -0.0105358 -0.000929404  -0.00104642   0.00233574 -0.00111229 6.42573e-05 -0.00293709 0.995334        0        0 8043
             30.0015  0.0327306 -0.0275749  0.0421146 0.000652723 0.000654019 0.000717311 -0.00681886 0.000438736   0.0115672 -0.000952011  -0.00106406   0.00232732  -0.00115081 -4.58183e-05  -0.00311556 0.99958       0       0 0
             30.1013  -0.0719728   0.0056881 -0.00734693  -0.00163283 -0.000479731  0.000633012   -0.024521 -0.00961129 -0.00240824 -0.000930413  -0.00107575    0.0023486 -0.00100344 3.72763e-05 -0.00300954 0.999576        0        0 8140
             30.1013  0.0370975 -0.0359301  0.0471388 0.000893294 0.000345857 4.80267e-05   0.0045215 -0.00275716 -0.00889398 -0.000955312  -0.00106829   0.00233598  -0.00123627 -2.38993e-05  -0.00295468 0.996023        0        0 0
             30.2016 -0.0484733  -0.115087    0.01691  0.000248007 -0.000806367   -0.0011621 -0.00947837 -0.00886024  -0.0137248 -0.000942777  -0.00105141   0.00235074 -0.00114559 4.85247e-05 -0.00293493 0.996026        0        0 8117
             30.2016  0.0380029 -0.0282061  0.0452076 0.000831441 0.000425978  0.00067128 -0.00255879  0.00199743  0.00614111 -0.000962061   -0.0010726   0.00234435  -0.00119374 -4.28041e-05  -0.00309603 0.99603       0       0 0
             30.3015 -0.0448898 -0.0647179  0.0193646 -0.000416753 -0.000412242   0.00068858  -0.0135967 -0.00791269 -0.00117595 -0.000942692  -0.00106779   0.00236002 -0.00110898 3.03086e-05 -0.00304792 0.996028        0        0 8131
             30.3015  0.0370675 -0.0366548  0.0398863 0.000988665 0.000720982 0.000124977  0.00250936  0.00262138 -0.00740886 -0.000960898  -0.00107569   0.00235545  -0.00123504 -5.77974e-05  -0.00299527 0.996253        0        0 0
             30.4013  -0.113721 -0.0439656 -0.0405209   -7.126e-05 -0.000391312  -0.00158278 -0.0124515 -0.0106974 -0.0187421 -0.000927393  -0.00107659   0.00238479 -0.00111938 4.49227e-05 -0.00291751 0.996248        0        0 8002
             30.4013  0.0379246 -0.0438046  0.0406861  0.000938174  0.000647283 -0.000251038 -0.00100038 -0.00172657 -0.00429672 -0.000962228  -0.00107788   0.00236587  -0.00120921 -3.62327e-05  -0.00303516 0.996653        0        0 0
             30.5016  -0.0720433  -0.0814755 0.000438521 -0.000431786 -0.000613212   -0.0012957 -0.0155809 -0.0105022 -0.0108073 -0.00093798 -0.00107147  0.00238491 -0.00111113 5.41707e-05 -0.00299969 0.996657        0        0 8100
             30.5016  0.0339104 -0.0252184  0.0406306 0.000908303 0.000683784 0.000692852 -0.000447128   0.00030053   0.00702777 -0.000961842  -0.00108626   0.00237572  -0.00122616 -3.81726e-05  -0.00314423 1.00127       0       0 0
             30.6015 -0.0763549 -0.0615606 -0.0242784 -0.000521554 -0.000491464  6.85341e-05  -0.0166104  -0.0112478 -0.00730496 -0.000942339  -0.00107925   0.00239852 -0.00110121 5.56883e-05 -0.00303555 1.00127       0       0 7906
             30.6015  0.0363046 -0.0340024  0.0434218 0.000745081 0.000502282 0.000316045 -0.00204511  -0.0023725 -0.00466147 -0.000967976  -0.00108711   0.00238279  -0.00121497 -2.23187e-05  -0.00305571 0.996274        0        0 0
             30.7013  -0.126526 -0.0520381 -0.0342177  -0.00024203 -0.000698611 -0.000719489 -0.0113683 -0.0103535 -0.0110092 -0.000930308  -0.00108672   0.00241219 -0.00114917 4.87474e-05 -0.00301801 0.996272        0        0 8013
             30.7013  0.0347204 -0.0323436  0.0352956  0.00107047 0.000927554 0.000416678 0.00333668 0.00447888 0.00128203 -0.000966954  -0.00109283   0.00239611   -0.0012643 -7.96451e-05  -0.00311781 1.00041       0       0 0
             30.8016  -0.105222   -0.05722 -0.0419346 -0.000421412 -0.000245368 -0.000695597  -0.0172339 -0.00879341  -0.0131359 -0.000938761  -0.00108864   0.00242214 -0.00110897 4.58514e-05 -0.00301912 1.00042       0       0 7905
             30.8016  0.0357762 -0.0344665  0.0366134  0.00101417 0.000890793 0.000304286 -0.00128125 0.000772842  -0.0023339 -0.000970979  -0.00109551   0.00240391  -0.00123403 -3.97227e-05  -0.00310662 0.9995      0      0 0
             30.9015  -0.163895 -0.0159106 -0.0375429 -0.000245057 -0.000806439 -0.000361669   -0.013297  -0.0164099 -0.00822446 -0.000928915  -0.00110302   0.00243141 -0.00114072 9.51364e-05  -0.0030716 0.999507        0        0 8069
             30.9015  0.0339658 -0.0345093  0.0357283  0.00116831 0.000956525 0.000297304   0.00196088 -0.000701466  -0.00119299 -0.000974206  -0.00110023   0.00241446  -0.00126289 -4.25364e-05  -0.00312859 0.995813        0        0 0
             31.0013  -0.136863 -0.0181009 -0.0410478 -0.000129402 -0.000882976   -0.0012806 -0.0139021 -0.0156084 -0.0142939 -0.000937076   -0.0011065   0.00244213 -0.00113813 8.34358e-05 -0.00302031 0.995805        0        0 8082
             31.0013  0.0352183 -0.0393925  0.0355144  0.00105774  0.00092395 4.48813e-05  -0.00181506 -0.000401973   -0.0027625 -0.000976631  -0.00110266   0.00242428  -0.00123479 -4.90892e-05   -0.0031148 0.996361        0        0 0
             31.1016 -0.0984936 -0.0269867 -0.0121177 -0.000732189  -0.00064475  -0.00123479 -0.0191627 -0.0119424 -0.0122511 -0.000953514  -0.00110794     0.002443  -0.0011135 6.54058e-05   -0.003049 0.996365        0        0 8153
             31.1016  0.0343168 -0.0349002  0.0466192  0.00100166 0.000386938 0.000211265 -0.000983627  -0.00469936  0.000717567 -0.000984277  -0.00110771   0.00242927  -0.00125873 -1.18543e-06   -0.0031553 0.997157        0        0 0
             31.2015 -0.0989837 -0.0815833  0.0123686 -0.000274998  -0.00161169 -0.000693822  -0.0146839  -0.0177662 -0.00725183 -0.000956283  -0.00109977   0.00244631 -0.00115029 0.000112435  -0.0031002 0.997163        0        0 8105
             31.2015 0.0341247 -0.033149 0.0446063  0.00092988 0.000465719 0.000345076 -0.00104168 0.000793106  0.00167484 -0.000986136  -0.00111259   0.00243906  -0.00125559 -4.42863e-05  -0.00317228 1.0011      0      0 0
             31.3013  -0.114289 -0.0488359 -0.0137964  6.43881e-05 -0.000719955 -0.000243537 -0.00979532  -0.0110408  -0.0072811 -0.000955353  -0.00111231   0.00246137 -0.00119203 5.15167e-05 -0.00312235 1.0011      0      0 8144
             31.3013  0.0344308 -0.0345119  0.0434189 0.000986013 0.000468585  0.00022682  0.000628732 -0.000231194   -0.0022433 -0.000989746  -0.00111662   0.00244799  -0.00127472 -4.49159e-05  -0.00316315 1.00071       0       0 0
             31.4016   -0.154349 -0.00224741  -0.0227008 -0.000409147  -0.00107364 -0.000971105 -0.0153244 -0.0137365 -0.0154925 -0.00094344  -0.0011274  0.00247479 -0.00114862 8.03302e-05 -0.00308101 1.00071       0       0 8187
             31.4016  0.0330072 -0.0398608  0.0432212   0.00124112  0.000490214 -1.42382e-05  0.00301463 4.14486e-05  -0.0051431 -0.000986623   -0.0011201   0.00245947  -0.00129804 -4.25195e-05  -0.00316631 0.996207        0        0 0
             31.5015 -0.0922713 -0.0624337  0.0133266  0.000708489 -0.000541236  -0.00135286 -0.00616957 -0.00898719  -0.0146985 -0.000963485  -0.00111655   0.00247453 -0.00123316 3.02013e-05 -0.00310254 0.996215        0        0 7891
             31.5015  0.0346391 -0.0288004  0.0390957 0.000998053 0.000820844 0.000716835 -0.00312901  0.00186701  0.00349184 -0.000992749  -0.00112513   0.00246861  -0.00125336 -6.46793e-05  -0.00325286 0.995974        0        0 0
             31.6013 -0.0908435 -0.0382351  0.0218762 -0.000295612 -0.000474513  8.87306e-05  -0.0141441   -0.011484 -0.00711755 -0.000968844  -0.00112574   0.00248126 -0.00117136 5.51964e-05 -0.00316396 0.995973        0        0 8124
             31.6013  0.0382007 -0.0351891  0.0445765 0.000867627 0.000484973 0.000229827 -0.00106948 -0.00306672 -0.00563715 -0.000998908   -0.0011275   0.00247601  -0.00127669 -2.06974e-05  -0.00317522 0.995557        0        0 0
             31.7016 -0.0795514 -0.0923772 -0.0203807  0.000224341 -0.000544278 -0.000435155 -0.00822271  -0.0089356 -0.00515172 -0.000971265  -0.00111795   0.00250161 -0.00123334 3.97186e-05 -0.00317896 0.995557        0        0 7894
             31.7016  0.0365665 -0.0366118  0.0445949  0.00098374 0.000493701 0.000135605 0.000529683 0.000454579  0.00102535 -0.000998048  -0.00113191   0.00248637  -0.00130031 -4.41616e-05  -0.00322911 0.99554       0       0 0
             31.8015  -0.127519 -0.0429353 -0.0149981  0.000383692 -0.000895458 -0.000532244 -0.00696852  -0.0125029 -0.00577203 -0.000964007  -0.00113452   0.00250912 -0.00124215  6.6361e-05 -0.00318476 0.995539        0        0 8118
             31.8015  0.0341034 -0.0333442  0.0440859 0.000983443 0.000477544 0.000310308 -0.000472696 -8.93322e-07   0.00294006 -0.00100139 -0.00113755  0.00249529  -0.00129327 -4.49414e-05  -0.00325666 1.00039       0       0 0
             31.9013  -0.132723 -0.0683575  -0.039717  5.76715e-05 -0.000432513 -0.000349763  -0.0106623 -0.00789402 -0.00868648 -0.000972158  -0.00113226   0.00252156 -0.00121722 2.42919e-05 -0.00318872 1.00039       0       0 7961
             31.9013   0.037201 -0.0437049  0.0361105  0.000898162  0.000891978 -0.000242236  -0.0014199  0.00397019 -0.00757782 -0.00101192 -0.00113888  0.00250359  -0.00129056 -8.29603e-05  -0.00319685 1.00087       0       0 0
             32.0016 -0.0734833  -0.119204  0.0120898  0.000504014 -0.000114316  -0.00104782 -0.00406925 -0.00797289  -0.0111298 -0.000992708  -0.00112335   0.00251645 -0.00128185 2.17433e-05 -0.00319775 1.00087       0       0 8254
             32.0016   0.033463 -0.0297257  0.0391701  0.00103515 0.000792826 0.000568931  0.00218442 -0.00108229  0.00585052 -0.00101777 -0.00114542   0.0025101  -0.00132581 -4.09842e-05  -0.00333892 1.00054       0       0 0
             32.1015  -0.123503 -0.0378341 -0.0398858  0.000493234 -0.000419798  0.000217547  -0.0063304   -0.011744 -0.00638736 -0.00098972 -0.00114492  0.00253606 -0.00125969 5.15286e-05 -0.00324538 1.00054       0       0 7981
             32.1015 0.0391171 -0.040164 0.0375133   0.00121395  0.000895809 -4.28901e-05  0.00150176 0.000287041 -0.00939029 -0.00102769 -0.00114493  0.00251774  -0.00132383 -5.73523e-05  -0.00321948 0.996878        0        0 0
             32.2013 -0.0941901 -0.0809534 -0.0224716   0.00051439 -0.000595888  -0.00133394 -0.0077334   -0.01233 -0.0131139 -0.000994892  -0.00113854   0.00254309 -0.00125931 5.93142e-05 -0.00318363 0.996875        0        0 8154
             32.2013  0.0336158 -0.0262983  0.0401883  0.00105775 0.000768129 0.000681535  -0.00182543 -0.000784347   0.00869073 -0.00102461 -0.00115249  0.00252825  -0.00130233 -4.30875e-05  -0.00336565 0.996486        0        0 0
             32.3016  -0.100951  -0.083302 -0.0152238   0.00031728 -0.000675834   0.00065337 -0.00865883  -0.0123849  0.00052425 -0.000991333  -0.00114318   0.00255246 -0.00125738 6.68173e-05 -0.00329843 0.996489        0        0 8048
             32.3016  0.0382317 -0.0408815  0.0420847   0.00107531  0.000614538 -8.86534e-05  -0.00034767 -0.000497177  -0.00756107 -0.00102372 -0.00115378  0.00253895  -0.00132319 -3.92876e-05  -0.00322882 1.00057       0       0 0
             32.4015  -0.144619 -0.0658041  -0.026565  0.000251617 -0.000912551  -0.00157369 -0.00959809  -0.0129628  -0.0148659 -0.000979704  -0.00115219   0.00256545 -0.00125561 6.96451e-05 -0.00318473 1.00056       0       0 8066
             32.4015  0.0352978 -0.0300994  0.0387083  0.00114604 0.000785087 0.000573016 0.000384282  0.00189537   0.0085606 -0.00102161 -0.00116207  0.00255006  -0.00133297 -6.31637e-05  -0.00338066 1.00022       0       0 0
             32.5013  -0.108532 -0.0775735 -0.0106454  0.000601579 -0.000439817  0.000980989 -0.00628324  -0.0112287  0.00200482 -0.000988269  -0.00115421   0.00257105 -0.00128858  4.9887e-05  -0.0033429 1.00022       0       0 7957
             32.5013  0.0388325 -0.0422893  0.0459557  0.000859412  0.000390611 -0.000117253 -0.00373322 -0.00378854 -0.00996355 -0.00102305 -0.00116266  0.00255758  -0.00130814 -2.05589e-05   -0.0032413 1.00106       0       0 0
             32.6016   -0.0851511   -0.0652886 -0.000594958 -0.000696284 -0.000948889  -0.00144267 -0.0176475  -0.012881 -0.0164416 -0.00100054 -0.00115877  0.00257717 -0.00120317 5.70305e-05 -0.00320738 1.00106       0       0 7966
             32.6016  0.0344322 -0.0271297  0.0435192 0.000829306 0.000547586 0.000706815 -0.000115491  0.000225838   0.00689338 -0.00102828 -0.00116947  0.00256681  -0.00134242 -5.76881e-05   -0.0034027 0.995986        0        0 0
             32.7015  -0.138787 -0.0046626 -0.0196242 -8.31519e-05 -0.000530549  0.000759308   -0.0103948  -0.00905239 -0.000707508 -0.000990794  -0.00117891   0.00259234 -0.00126429 3.27905e-05 -0.00334031 0.995989        0        0 7981
             32.7015  0.0333575 -0.0501732  0.0403531   0.00128734  0.000651879 -0.000635503 0.00488847 0.00132053 -0.0161772 -0.00103134 -0.00116893  0.00257811   -0.0013933 -6.32645e-05  -0.00320895 1.00079       0       0 0
             32.8013 -0.0512555  -0.106777 0.00683098  0.000554424 -0.000351683  -0.00251196 -0.00960651 -0.00766317  -0.0178884 -0.00101758 -0.00115807  0.00259422 -0.00128851 2.58144e-05 -0.00319775 1.00079       0       0 7976
             32.8013 0.0303217 -0.015751 0.0433937 0.000994723 0.000562886  0.00129786 -0.00416358 3.97619e-05   0.0224813 -0.00103666 -0.00118121  0.00258555  -0.00132406 -4.25626e-05  -0.00353773 1.00083       0       0 0
             32.9016  -0.102998 -0.0156787 0.00456705   -0.0002912 -0.000914137   0.00260989 -0.0141707 -0.0129289  0.0136164 -0.00100744 -0.00118521  0.00260333 -0.00124333 7.09448e-05 -0.00347428 1.00082       0       0 8138
             32.9016  0.0389926 -0.0462175  0.0552858  0.000876961 -0.000170182 -0.000361148 -0.00116077 -0.00626237  -0.0189529 -0.00104105 -0.00117824  0.00259126 -0.00135443 6.72729e-06 -0.00319729 1.00068       0       0 0
             33.0015   -0.12271  -0.115843 -0.0118863 0.000349871 -0.00153067  -0.0026664 -0.00615712  -0.0130726  -0.0241597 -0.00100922  -0.0011648  0.00261491  -0.0013212 6.18847e-05 -0.00318097 1.00068       0       0 8041
             33.0015  0.0336251 -0.0208658  0.0434403 0.000829261  0.00052087  0.00103602 -0.000722228   0.00552668    0.0161822 -0.00104575 -0.00118891  0.00260178  -0.00135682 -0.000100916   -0.0035217 1.00072       0       0 0
             33.1013 -0.0728174 -0.0249284  0.0452318 -0.000128207 -0.000348298   0.00193999  -0.0102234 -0.00788145  0.00599482 -0.00102687 -0.00119076  0.00260986 -0.00128148 1.21654e-05 -0.00346078 1.00071       0       0 8209
             33.1013  0.0399763 -0.0500973  0.0475695  0.000828209  0.000308528 -0.000654042  0.00016636 -0.00262762  -0.0221444 -0.00105387 -0.00118492  0.00260939  -0.00137129 -3.81687e-05  -0.00321983 0.99554       0       0 0
             33.2016  -0.0746151  -0.0750972 -0.00269767  0.000113246 -0.000584933  -0.00338355 -0.00845683 -0.00845746  -0.0302839 -0.00102988 -0.00118147  0.00263134 -0.00130958 1.89085e-05 -0.00316667 0.995537        0        0 8100
             33.2016  0.0372128 -0.0410384  0.0422255   0.00109603  0.000623454 -0.000124169  0.0028107 0.00199823 0.00416709 -0.00105607 -0.00119102   0.0026207  -0.00139757 -7.46977e-05  -0.00345912 0.995645        0        0 0
             33.3015  -0.151807 -0.0284396 -0.0366119  0.000497923 -0.000717524 -0.000951974 -0.00736051  -0.0111808 -0.00773141  -0.0010182 -0.00119681  0.00264824 -0.00132325 5.16092e-05 -0.00335785 0.995645        0        0 8296
             33.3015  0.0369202 -0.0375089  0.0415887  0.00122976 0.000612563 0.000183435 0.000747306 0.000347267  0.00261048 -0.00106298 -0.00119542  0.00262951  -0.00138944 -5.58878e-05  -0.00344516 0.995684        0        0 0
             33.4013  -0.108435 -0.0407591 -0.0165138  0.000138899  -0.00108026 -0.000735545  -0.0118029  -0.0125045 -0.00637136 -0.00103318 -0.00119744  0.00265198 -0.00129719 6.57875e-05 -0.00336779 0.99569       0       0 8121
             33.4013 0.0331793 -0.033001  0.045146  0.00112254 0.000445555 0.000408884  -0.00180382 -0.000401352   0.00343696 -0.00106671 -0.00120022  0.00263718  -0.00137822 -4.34031e-05  -0.00345039 1.00032       0       0 0
             33.5016 -0.0669593 -0.0503594  0.0213183 -9.28121e-05 -0.000641204 -0.000126609  -0.0137091 -0.00899508 -0.00461963  -0.0010458 -0.00119896  0.00265161 -0.00128031 2.98127e-05 -0.00339279 1.00032       0       0 8263
             33.5016  0.0373629 -0.0354325   0.046522  0.00077084 0.000335275 0.000305278  -0.00415187 -0.000600658 -6.77879e-05 -0.00107046 -0.00120331  0.00264565  -0.00135835 -4.64753e-05  -0.00343079 0.995942        0        0 0
             33.6015  -0.109689  0.0155621 0.00237066  -0.00114867   -0.0013567 -0.000594013 -0.0205939 -0.0160511 -0.0103423 -0.00103549  -0.0012192  0.00266664  -0.0012226 8.03677e-05  -0.0033706 0.995944        0        0 8212
             33.6015  0.0332635 -0.0386259  0.0441317 0.000935276  0.00044355 2.98558e-05  0.00285954 3.13308e-05 -0.00384047 -0.00106917 -0.00120802  0.00265682  -0.00141973 -6.19092e-05  -0.00342515 1.00071       0       0 0
             33.7013 -0.0785158 -0.0891806  0.0108473  0.000333907 -0.000544608 -0.000737216 -0.00734289 -0.00956521 -0.00995127 -0.00104466 -0.00119852   0.0026748 -0.00134265 2.34617e-05 -0.00339935 1.00072       0       0 8218
             33.7013  0.0363561 -0.0305742  0.0474505 0.000833041 0.000313532 0.000517021 -0.00136263 -0.00225422  0.00148592 -0.00107209  -0.0012134    0.002666  -0.00138729 -4.47187e-05  -0.00349592 0.996179        0        0 0
             33.8016  -0.108915 -0.0556344 -0.0275233 -0.000212655  -0.00126488  0.000128766   -0.011972  -0.0148464 -0.00666489 -0.00104314 -0.00120983  0.00269262 -0.00131032 6.69924e-05 -0.00344108 0.996183        0        0 8148
             33.8016  0.0368534 -0.0380354  0.0403173  0.00096452 0.000710928 7.62157e-05  0.00103213  0.00329147 -0.00756104 -0.00107725 -0.00121496  0.00267645  -0.00141744 -9.34412e-05  -0.00343195 0.996146        0        0 0
             33.9015  -0.0628439  -0.0632496 -9.1986e-05 0.000621814  0.00012768 -0.00124546 -0.00432012 -0.00360318  -0.0140545 -0.00105734 -0.00121232   0.0026957  -0.00138128 -1.87031e-05  -0.00337457 0.996144        0        0 7980
             33.9015  0.0315047 -0.0265609  0.0416693 0.000949328 0.000638764 0.000732453 -0.000471912  0.000351636   0.00742801 -0.00108001 -0.00122196  0.00268559  -0.00140917 -5.79454e-05  -0.00355756 1.00086       0       0 0
             34.0013 -0.0933298  -0.072105 -0.0375771  0.000340676 -0.000636156  0.000736585 -0.00710302  -0.0115268  0.00145764 -0.00105082 -0.00121543  0.00271541 -0.00136256  4.7821e-05 -0.00349934 1.00086       0       0 8114
             34.0013  0.0372912 -0.0401277   0.041497  0.000988487  0.000608251 -4.72639e-05 9.22938e-05 0.000238133 -0.00726255 -0.00108209 -0.00122361  0.00269616  -0.00142114 -5.93681e-05  -0.00342314 1.00034       0       0 0
             34.1016   -0.12654 -0.0652986 -0.0183974  9.4867e-05 -0.00130692 -0.00168132 -0.00896883  -0.0167091  -0.0161179 -0.00104576 -0.00122121  0.00271904 -0.00134479 7.71726e-05 -0.00335611 1.00034       0       0 8021
             34.1016  0.0358293 -0.0280705   0.047435 0.000852991 0.000273184 0.000581133 -0.000924356  -0.00364686   0.00811362 -0.00108452  -0.0012311  0.00270318  -0.00140774 -4.28292e-05   -0.0035644 0.995763        0        0 0
             34.2015  -0.126847 -0.0392367  -0.041812 -0.000133571   -0.0011079  0.000551688  -0.0108962   -0.013584 -0.00204184 -0.00105184 -0.00123058  0.00273232 -0.00133038 4.23484e-05 -0.00350292 0.995762        0        0 8082
             34.2015  0.0343754 -0.0417659  0.0443526  0.000756455  0.000532631 -4.73471e-05 -0.00151296  0.00165047 -0.00869724 -0.00109029  -0.0012305  0.00271142  -0.00140945 -9.59509e-05  -0.00344474 0.996033        0        0 0
             34.3013 -0.0486087 -0.0762516  0.0145678 -0.000177743 -0.000576653   -0.0011467 -0.00805867 -0.00768586  -0.0126783 -0.00107407 -0.00122601  0.00272834 -0.00134406 9.92856e-06 -0.00341997 0.996038        0        0 8010
             34.3013   0.032024 -0.0293145   0.045751 0.000433648 0.000489991 0.000637366 -0.00134726  0.00119996  0.00641267 -0.00109326 -0.00123819  0.00272083  -0.00139568 -6.94628e-05   -0.0035836 1.00031       0       0 0
             34.4016  -0.135292 -0.0475465 -0.0417644 -5.21025e-05 -0.000850495   0.00102821 -0.00738733  -0.0136695  0.00313652 -0.00105715 -0.00123595  0.00275161 -0.00138551 5.01783e-05 -0.00356172 1.00031       0       0 8128
             34.4016 0.0359278 -0.043728 0.0406116 0.000962678 0.000750829 -0.00023426 0.00374662  0.0014483 -0.0108467 -0.00109811 -0.00123733  0.00273166  -0.00147968 -8.83701e-05  -0.00343956 0.996339        0        0 0
             34.5015   -0.0884016   -0.0522038 -0.000415207  8.64244e-05 -0.000602826  -0.00193927 -0.00838405 -0.00968917  -0.0175273 -0.00107752 -0.00123909  0.00274882 -0.00135849 2.87261e-05 -0.00338806 0.996339        0        0 8108
             34.5015  0.0305146 -0.0174752  0.0383078  0.00105505 0.000877577  0.00098568 0.00214491  0.0027672  0.0141428  -0.0011059 -0.00124896  0.00273949    -0.001442 -8.32904e-05  -0.00366101 0.996154        0        0 0
             34.6013 -0.0793321  -0.082988 -0.0199023 0.000955493 -5.1525e-06  0.00194611 -0.00275453 -0.00804168  0.00885553 -0.00108426 -0.00123539  0.00276233 -0.00142359 5.16462e-06 -0.00362968 0.99616       0       0 8033
             34.6013  0.0365834 -0.0264041  0.0407477 0.000879892 0.000713633 0.000843935 -0.00374445 -0.00152023 -0.00324263 -0.00111232 -0.00124906   0.0027475  -0.00141258 -5.78385e-05  -0.00352391 0.995467        0        0 0
             34.7016  -0.168616  0.0343209 -0.0392063 -0.000910744  -0.00123113 -0.000637216 -0.0175701 -0.0158536 -0.0158003 -0.00106447 -0.00126838  0.00277587 -0.00128109 7.88803e-05 -0.00343202 0.995453        0        0 8074
             34.7016  0.0314492 -0.0277276  0.0358529  0.00105984 0.000944035 0.000497807  0.00390249  0.00230766 -0.00417347 -0.00111241 -0.00125456  0.00275774  -0.00146474 -8.70505e-05  -0.00353222 0.995291        0        0 0
             34.8015 -0.0604292 -0.0392683  0.0061131  0.000177792 -0.000115477 -0.000660389 -0.0106506 -0.0104207   -0.01176 -0.00109691 -0.00125189  0.00277259 -0.00136193 1.14002e-05 -0.00348389 0.995309        0        0 8011
             34.8015  0.0329348 -0.0353212  0.0420965 0.000652365 0.000689177 0.000395959 -0.00569098 -0.00412552 -0.00226826 -0.00111945  -0.0012533  0.00276383  -0.00140222 -4.76477e-05  -0.00356578 0.999335        0        0 0
             34.9013   -0.103496 -0.00918842  -0.0284116 -0.000685614 -0.000968145 -0.000317624  -0.0127133  -0.0142813 -0.00805989 -0.00109277 -0.00126384  0.00278961 -0.00133149 6.64065e-05 -0.00352568 0.999337        0        0 8083
             34.9013  0.0345767 -0.0380427  0.0507265   0.00092827  0.000187059 -0.000150501  0.00537901 -0.00409397 -0.00625046 -0.00112608 -0.00125799  0.00277026  -0.00148535 -2.89223e-05  -0.00354036 0.995782        0        0 0
             35.0017   -0.111925  -0.0562906 -0.00230896 0.000628718 -0.00160845 -0.00149558 -0.00527643   -0.016024  -0.0141488 -0.00109807 -0.00125537  0.00279089 -0.00141966  7.8131e-05 -0.00348239 0.995786        0        0 7964
             35.0017  0.0388351 -0.0371952  0.0515892 0.000702817 0.000131001 0.000377894   -0.0050415 -0.000936737   0.00498267 -0.00113426 -0.00126027  0.00277784  -0.00141888 -5.90067e-05  -0.00364853 0.995703        0        0 0
             35.1015 -0.0638309  0.0125913  0.0176207 -0.000807067 -0.000952239  2.40485e-05  -0.0143799 -0.00874713 -0.00443875 -0.00110704   -0.001279   0.0027974 -0.00132917 1.17697e-05 -0.00357781 0.995706        0        0 8114
             35.1015  0.0299191 -0.0332425  0.0444383  0.00137833 0.000527019 4.33477e-05  0.00972453   0.0038856 -0.00439976 -0.00112939  -0.0012694  0.00279101  -0.00153567 -0.000100572  -0.00357683 1.0012      0      0 0
             35.2013 -0.0803822  -0.100605 -0.0303248   0.00168984 -0.000198661 -0.000963511 0.000167303 -0.00664983  -0.0115486 -0.00111053 -0.00125355  0.00281702   -0.0014769 -3.66626e-06  -0.00353168 1.00121       0       0 8018
             35.2013   0.037863 -0.0398879  0.0525157 0.000882428 0.000116794 0.000273175 -0.00893076 -0.00409124  0.00155173 -0.00113965 -0.00126819  0.00279651  -0.00139505 -3.43927e-05  -0.00364586 0.995715        0        0 0
             35.3017  -0.0931735  -0.0584304 -0.00621315  4.92866e-05  -0.00128118 -8.14055e-05 -0.00718664  -0.0117349 -0.00444033 -0.00110585 -0.00126958  0.00282064 -0.00141037 3.47071e-05 -0.00360507 0.995718        0        0 8192
             35.3017  0.0314442 -0.0284858   0.043516 0.000778731 0.000660701 0.000404911 0.000626257  0.00418738 0.000530636 -0.00113551 -0.00127748  0.00280864  -0.00147421 -0.000108184  -0.00364735 0.995739        0        0 0
             35.4015 -0.0560871 -0.0246355 0.00576375  0.000101578  6.52571e-07 -0.000428025 -0.00803761 -0.00678382 -0.00886642 -0.00111707 -0.00127978  0.00282789  -0.00140121 -1.29525e-05  -0.00357081 0.995738        0        0 8002
             35.4015  0.0324441 -0.0341352  0.0424749 0.000832973 0.000663381 0.000473936 0.000174255 -0.00110432 0.000938373 -0.00113863 -0.00127815  0.00281887  -0.00147047 -6.70232e-05  -0.00365588 0.99559       0       0 0
             35.5013 -0.0574003 -0.0723574  0.0143882  0.000495294 -0.000421001 -0.000159245 -0.00391248 -0.00960035 -0.00636475 -0.00111862 -0.00127421  0.00283506 -0.00145544 1.82925e-05 -0.00360144 0.99559       0       0 8098
             35.5013  0.0374562 -0.0305931  0.0431487 0.000920537 0.000629089 0.000188877 0.000827367 0.000162352 -0.00260154 -0.00114156 -0.00128492  0.00282805  -0.00149268 -7.08342e-05  -0.00363334 0.995452        0        0 0
             35.6017 -0.0738432 -0.0500768 -0.0195907  0.000174044 -0.000772747  -0.00105166 -0.00865299  -0.0130235  -0.0142793 -0.00112031 -0.00128205     0.00285 -0.00139902 4.33584e-05 -0.00355663 0.995449        0        0 7927
             35.6017  0.0333409 -0.0298974   0.043155 0.000861583 0.000572182 0.000772306  -0.00106147 -0.000813197   0.00484352  -0.0011462 -0.00128765  0.00283461  -0.00146073 -6.80228e-05  -0.00372373 1.00002       0       0 0
             35.7015  -0.105192  -0.029278 -0.0162329 -0.000186266 -0.000710707  0.000948183   -0.0116098   -0.0115432 -8.20217e-05  -0.0011154 -0.00129233  0.00285844 -0.00138993 2.61175e-05 -0.00370102 1.00002       0       0 8004
             35.7015    0.03468 -0.0410907  0.0481558   0.00102831  0.000376254 -0.000184019  0.00175018 -0.00197716  -0.0124926  -0.0011495 -0.00129011  0.00284259 -0.00150526 -6.4933e-05 -0.00359109 1.00038       0       0 0
             35.8013  -0.114363 -0.0363089 -0.0139948  0.00024694 -0.00118093 -0.00184554 -0.0089286 -0.0149609 -0.0178572 -0.00111142 -0.00129297  0.00286859  -0.0014072 5.81295e-05  -0.0035467 1.00038       0       0 7875
             35.8013  0.0337165 -0.0348005  0.0420727  0.00113465  0.00071446 0.000384275 0.000833513  0.00266419  0.00644536 -0.00114707  -0.0012943  0.00285494  -0.00148834 -0.000101644  -0.00375921 0.996085        0        0 0
             35.9017 -0.0945933 -0.0467519 0.00453407  0.000298611 -0.000163269  0.000382586 -0.00971074 -0.00817948 0.000373105 -0.00112346 -0.00129458  0.00287196  -0.00141683 -1.44615e-05  -0.00371427 0.996082        0        0 8058
             35.9017   0.036362 -0.0367664  0.0436355 0.000832084 0.000591551 0.000110632 -0.00412927 -0.00178728 -0.00223319  -0.0011556 -0.00129734  0.00286233    -0.001464 -7.78514e-05  -0.00369073 0.995855        0        0 0
             36.0015  -0.130678 -0.0189908 -0.0297883 -0.000398111  -0.00108776 -0.000998489 -0.0129809 -0.0142204 -0.0109817 -0.00111218   -0.001306  0.00289084 -0.00137922 6.01464e-05 -0.00361796 0.995853        0        0 8008
             36.0015  0.0308668 -0.0257185  0.0328179  0.00138866   0.0011308 0.000739116 0.00700578 0.00632928 0.00773733 -0.00115107 -0.00130592  0.00287556  -0.00154889 -0.000125833  -0.00378127 0.996045        0        0 0
             36.1013 -0.0997868 -0.0795324 -0.0256534  0.00106098 4.69162e-05 0.000452803 -0.00584883 -0.00829484 -0.00123523 -0.00111709 -0.00129595  0.00290007  -0.0014713 4.46554e-06 -0.00371883 0.996069        0        0 8118
             36.1013  0.0345957 -0.0337966  0.0480103 0.000949151 0.000350584 0.000233201 -0.00709592 -0.00606892 -0.00335452 -0.00115049 -0.00130726  0.00288168  -0.00145787 -2.45466e-05   -0.0036995 0.995834        0        0 0
             36.2017  -0.178518 -0.0384183 -0.0244362 -0.000430681  -0.00211147  -0.00115064 -0.0133119 -0.0223366 -0.0153656 -0.00110475 -0.00130949  0.00290673 -0.00138346 0.000129544 -0.00361241 0.995841        0        0 8137
             36.2017 0.0346489 -0.040225 0.0575087  0.000743911 -0.000262753 -3.24254e-05 -0.000347614  -0.00597903  -0.00350156 -0.00115683 -0.00131001   0.0028866  -0.00149379 -2.52003e-05  -0.00371617 0.995973        0        0 0
             36.3015   -0.110587   -0.091155 -0.00326597 7.08943e-05 -0.00178245 -0.00141435 -0.00795867  -0.0135809  -0.0149204 -0.00112571 -0.00130076   0.0029104 -0.00145137 3.34035e-05 -0.00363972 0.995976        0        0 8099
             36.3015  0.0343475 -0.0280605  0.0575542  0.000687897 -0.000195729   0.00072388 -0.00119311  -0.0020088  0.00374092 -0.00116128  -0.0013172  0.00289531  -0.00150279 -7.52234e-05  -0.00380275 0.995658        0        0 0
             36.4013  -0.151666 0.00231849  0.0160524 -0.000277795  -0.00179312  0.000516082 -0.00914075  -0.0127472 -0.00422364 -0.00111309 -0.00132926   0.0029171 -0.00142695 3.88584e-05 -0.00374196 0.995653        0        0 8138
             36.4013  0.0325657 -0.0457091  0.0492721    0.0011467  0.000260471 -0.000559143 0.00612739 0.00393896 -0.0160454 -0.00115831 -0.00131791  0.00290901  -0.00156199 -0.000116035  -0.00363664 0.996372        0        0 0
             36.5017  -0.103338 -0.0744837  0.0152604   0.00128593 -0.000725076  -0.00256152 -0.00104529 -0.00892649  -0.0202745 -0.00112918 -0.00131192  0.00292598  -0.00152426 -1.45236e-06  -0.00360328 0.996382        0        0 7991
             36.5017  0.0340782 -0.0395111  0.0477411 0.000924117 0.000336372 8.82599e-05 -0.00505672 0.000126159  0.00732277 -0.00116301 -0.00132079  0.00291798  -0.00148517 -8.87523e-05  -0.00384825 0.995818        0        0 0
             36.6015   -0.10379 -0.0585897 -0.0135122   0.00025763 -0.000655934 -0.000119791 -0.00643349 -0.00694878 0.000202395 -0.00113024 -0.00132209  0.00294285  -0.00147333 -7.40094e-06  -0.00378707 0.995826        0        0 8138
             36.6015 0.0319804 -0.029589  0.046678 0.000930788 0.000437347 0.000462547  0.0012372 0.00226833 0.00525458 -0.00116363 -0.00132991  0.00292791  -0.00153654 -9.60147e-05  -0.00383061 0.996131        0        0 0
             36.7013  -0.118706 -0.0551549 -0.0228485  0.000449267 -0.000407373  6.64116e-05 -0.00657547 -0.00756186 -0.00408577 -0.00113148 -0.00132632  0.00295336  -0.00147963 -6.40615e-06  -0.00376334 0.99613       0       0 7919
             36.7013  0.0329503 -0.0389208   0.053515 0.000787849  5.0259e-05 0.000200684 -0.00271646 -0.00396646 -0.00264803 -0.00116934 -0.00133063  0.00293422  -0.00151167 -4.85054e-05  -0.00377551 1.00014       0       0 0
             36.8017  -0.105447 -0.0346461   0.023716 -2.82128e-05  -0.00139338 -0.000720287 -0.00803217  -0.0129535  -0.0107531  -0.0011388 -0.00133631  0.00295016 -0.00146434  3.3122e-05 -0.00372813 1.00014       0       0 8094
             36.8017  0.0299921 -0.0257665  0.0442842 0.000853339 0.000536229 0.000594658 0.00159557 0.00441013 0.00330127 -0.00117176 -0.00133919  0.00294525  -0.00154574 -0.000125056  -0.00385225 1.00012       0       0 0
             36.9015   -0.10814  -0.013005 -0.0230023 -0.000168613 -0.000298567 -6.78755e-05  -0.0118238 -0.00775372  -0.0101832 -0.00114176 -0.00134385  0.00297123   -0.0014335 -7.49844e-06  -0.00375685 1.00012       0       0 7905
             36.9015  0.035721   -0.0428 0.0447784 0.000958972 0.000468007 -9.0134e-05 0.000796343 -0.00134325  -0.0104597 -0.00117754 -0.00133714  0.00295427  -0.00154424 -7.30065e-05  -0.00375384 0.995348        0        0 0
             37.0013  -0.102959 -0.0921299 0.00445715  0.000536731 -0.000941824   -0.0014003 -0.00431835  -0.0125196  -0.0147291 -0.00114945 -0.00132836  0.00297193 -0.00151347 3.63886e-05  -0.0037228 0.99536       0       0 8137
             37.0013  0.0315153 -0.0243308  0.0449345 0.000861225 0.000482494 0.000720408 -0.000661033 -0.000363562   0.00730125  -0.0011827 -0.00134591  0.00296187  -0.00153861 -7.75703e-05  -0.00391769 1.00005       0       0 0
             37.1017    -0.132995 -9.24731e-05  0.000872792 -0.00036775 -0.00107263 0.000370339  -0.0143098  -0.0137848 -0.00354568 -0.00114971 -0.00135416  0.00297904 -0.00142442 5.30821e-05 -0.00381815 1.00005       0       0 8072
             37.1017   0.036226 -0.0489412  0.0466076 0.000851124 0.000404398 -0.00040228  -0.00103677 -0.000465794   -0.0120941  -0.0011916 -0.00134238  0.00296771  -0.00154345 -7.39327e-05  -0.00374129 0.996052        0        0 0
             37.2015 -0.0790605  -0.102693 -0.0163336  0.000740193 -0.000687106  -0.00185113 -0.00163593 -0.00896344  -0.0128675 -0.00116179  -0.0013343  0.00299366 -0.00155613 1.47177e-05 -0.00373894 0.996057        0        0 8166
             37.2015  0.0318188 -0.0202477  0.0457088 0.000913358 0.000526973 0.000865708 0.000613384  0.00205016   0.0156684 -0.00118905 -0.00135558  0.00297817  -0.00156765 -8.84702e-05  -0.00399203 0.996102        0        0 0
             37.3013  -0.162148 -0.0513871 -0.0473589 0.000142597 -0.00105546  0.00124341 -0.00892488  -0.0148092  0.00113192 -0.00113873 -0.00135002  0.00301242 -0.00148287 6.37571e-05 -0.00390152 0.996105        0        0 7973
             37.3013  0.0367352 -0.0451926  0.0431988 0.000732978 0.000546785 -0.00033153 -0.00292816 -1.4381e-05  -0.0161765 -0.00118821 -0.00135168  0.00298969  -0.00153574 -7.84215e-05  -0.00374622 1.00065       0       0 0
             37.4017 -0.0704096 -0.0829468 0.00992943  0.000279473 -0.000329278  -0.00206782 -0.00418304 -0.00844688  -0.0206402 -0.00115768 -0.00134735  0.00300995  -0.00153616 -1.01415e-05  -0.00373571 1.00065       0       0 8226
             37.4017  0.0326579 -0.0223607  0.0416491 0.000739777 0.000667281 0.000907986   0.00126249 -0.000343774     0.011155 -0.00118324 -0.00136322  0.00300204  -0.00157683 -8.73452e-05  -0.00401967 1.00101       0       0 0
             37.5015  -0.117668  -0.031005 -0.0288761 0.000286202 -0.00055779  0.00161483 -0.00488203  -0.0108194  0.00466478 -0.00114953 -0.00136359  0.00302794  -0.0015267 2.88916e-05 -0.00397032 1.00101       0       0 7891
             37.5015  0.0338731 -0.0408796  0.0442603   0.00111393  0.000441918 -4.74314e-05   0.0042164 -0.00159464  -0.0136719 -0.00118734 -0.00136136  0.00300955   -0.0016078 -6.21041e-05  -0.00380519 1.00111       0       0 0
             37.6013 -0.0829155 -0.0760353   0.017668  0.000448896 -0.000861483  -0.00172227 -0.00866959  -0.0121974  -0.0165934 -0.00116232  -0.0013554  0.00302432 -0.00151767 2.70265e-05  -0.0037722 1.0011      0      0 7962
             37.6013 0.0313172 -0.019622 0.0424697 0.000840565 0.000699159  0.00097004 -0.00439514  0.00157974   0.0127826 -0.00119045 -0.00137029  0.00301823 -0.00154877  -0.0001003  -0.0040346 0.995898        0        0 0
             37.7017  -0.134902 -0.0222946 -0.0337074 -0.000352063 -0.000667256   0.00120477 -0.0127555 -0.0108714 0.00367201 -0.00115023 -0.00137346  0.00304745 -0.00146294 2.53993e-05 -0.00394965 0.995902        0        0 7983
             37.7017  0.0365767 -0.0524578  0.0389719  0.000954813  0.000849032 -0.000787899 0.00161993 0.00301019 -0.0183286 -0.00119275 -0.00136629   0.0030293  -0.00159172 -0.000107554  -0.00375134 0.996152        0        0 0
             37.8015   -0.0908693    -0.122844 -6.54262e-05  0.000621463 -0.000497446  -0.00280831 -0.00485686  -0.0109247  -0.0198317 -0.00116365 -0.00135303  0.00304763 -0.00156705 2.33568e-05 -0.00376214 0.996148        0        0 7966
             37.8015  0.0293891 -0.0145485  0.0404553 0.000866955 0.000802594  0.00138192 -0.00169039 0.000196377   0.0242657 -0.00119353 -0.00138122  0.00303749  -0.00158346 -8.15943e-05    -0.004156 1.00026       0       0 0
             37.9014   -0.101131  -0.0155591 -0.00646339  9.05766e-05 -0.000927111     0.002674 -0.00702846  -0.0170889   0.0107289 -0.00116032  -0.0013855  0.00305899 -0.00152458 7.41362e-05 -0.00406196 1.00026       0       0 8100
             37.9014  0.0368532 -0.0408715  0.0485509  0.000798645   0.00028878 -0.000248822 0.000458964 -0.00532086  -0.0214881 -0.00119478 -0.00137906  0.00304515  -0.00159399 -3.82107e-05  -0.00377175 0.995764        0        0 0
             38.0017  -0.0920906  -0.0791696 -0.00232781 0.000501409 -0.00107715 -0.00260228 -0.00427279  -0.0138976  -0.0267546 -0.00116785 -0.00137197  0.00306749 -0.00156675 3.48103e-05 -0.00375032 0.995765        0        0 8095
             38.0017  0.0341138 -0.0279154  0.0429875  0.00109072 0.000612916 0.000652327 0.00234972 0.00176916 0.00864185 -0.00119906 -0.00138551  0.00305619  -0.00161845 -0.000110798   -0.0040685 0.996308        0        0 0
             38.1015  -0.107097 -0.0410158  -0.014199  0.000525226 -0.000532484   0.00122663 -0.00605402  -0.0103374  0.00401783 -0.00116455 -0.00138639   0.0030813 -0.00154851 1.22507e-05 -0.00403307 0.99631       0       0 8237
             38.1015  0.0364725 -0.0320634  0.0422015  0.00102448 0.000619471 0.000136387 -0.000838963   0.00041942  -0.00745964 -0.00120049  -0.0013888  0.00306707  -0.00159455 -9.18409e-05  -0.00392905 0.996646        0        0 0
             38.2014 -0.0791882 -0.0468343 -0.0109782  0.000373124 -0.000389632  -0.00105594 -0.00785068   -0.009187  -0.0118116 -0.00117262 -0.00138767  0.00308945 -0.00154304 5.67852e-06 -0.00388399 0.996646        0        0 8040
             38.2014  0.0334902 -0.0244191  0.0385054  0.00122103  0.00089009 0.000689581 0.00179012 0.00258356 0.00725105 -0.00120075 -0.00139401  0.00307697  -0.00162461 -0.000105365  -0.00405509 0.996812        0        0 0
             38.3017  -0.0445333 -0.00628267   0.0390573  0.000100776 -8.47386e-05   0.00042105  -0.0130479  -0.0071654 -0.00189999 -0.00117825 -0.00140376    0.003088   -0.0014997 -1.04523e-05  -0.00397633 0.996813        0        0 8324
             38.3017    0.03306 -0.0289309  0.0343131  0.00103753  0.00107683 0.000431946  -0.0028171  0.00327026 -0.00192959  -0.0011975 -0.00139843  0.00308932  -0.00159099 -0.000106685  -0.00397553 1.0009      0      0 0
             38.4015   -0.11233  -0.037041 -0.0487549  0.000223236 -0.000351167 -0.000738446 -0.00895232  -0.0127245  -0.0118776 -0.00116126  -0.0014006  0.00311918 -0.00154177 4.25016e-05 -0.00390537 1.00091       0       0 8179
             38.4015  0.0337575 -0.0273941  0.0266059  0.00150224  0.00143668 0.000627341 0.00543513 0.00343156 0.00284682 -0.00119771 -0.00140403  0.00310011  -0.00166606 -0.000109613  -0.00403722 0.996829        0        0 0
             38.5014  -0.0704006  -0.0278038 -0.00637186  0.000657697  0.000156728 -3.57705e-06 -0.00895409  -0.0114216 -0.00838272 -0.00117432 -0.00140598  0.00311661 -0.00153921 1.48185e-05 -0.00396552 0.996847        0        0 8262
             38.5014  0.0330879 -0.0281908  0.0413573  0.00131372 0.000655228 0.000567849 -0.00188769 -0.00781121 -0.00228729 -0.00120056 -0.00140629  0.00310445   -0.0016009 -2.44669e-05   -0.0040203 0.996591        0        0 0
             38.6017  -0.120568 -0.0468905 -0.0126112  0.000311458  -0.00173405 -0.000397557 -0.0104837 -0.0239444 -0.0128231 -0.00116765 -0.00140457  0.00312616 -0.00152911 0.000121512 -0.00394501 0.996592        0        0 8179
             38.6017  0.0342358 -0.0286916  0.0421863  0.00125012 0.000554847 0.000463728 -0.000350548  -0.00224966  -0.00361549 -0.00120601 -0.00140975  0.00311246  -0.00161636 -8.00019e-05  -0.00402742 0.995974        0        0 0
             38.7015  -0.121758 -0.0612314  -0.010992  0.000631482 -0.000631816 -0.000512789 -0.00720633 -0.00956251  -0.0119117 -0.00117912 -0.00140378  0.00313184 -0.00156939 8.15613e-06 -0.00396659 0.995972        0        0 8193
             38.7015  0.0288263 -0.0323048  0.0441553  0.00112729 0.000462158 0.000236492  -0.00189177 -0.000445187  -0.00373676 -0.00121727 -0.00141165  0.00311781  -0.00161349 -8.27233e-05  -0.00403978 1.00091       0       0 0
             38.8014  -0.140344 -0.0714657 -0.0436407 0.000362392  -0.0010075 -0.00030093 -0.00817125  -0.0131805 -0.00514759 -0.00117984 -0.00140577  0.00314702  -0.0015618 4.23112e-05 -0.00403025 1.00091       0       0 8137
             38.8014  0.0350483 -0.0314742  0.0399581   0.0010059  0.00060462 0.000342854 -0.0010558 0.00170039 0.00158447 -0.00122407 -0.00141637  0.00312576  -0.00162134 -0.000101778  -0.00409027 1.00111       0       0 0
             38.9017  -0.100004 -0.0410807 -0.0101343  0.000200931 -0.000360272 -0.000348417  -0.0087697 -0.00731846 -0.00660245 -0.00119835 -0.00141754  0.00314481  -0.00156247 -1.95509e-05  -0.00403604 1.00111       0       0 7986
             38.9017  0.0319778 -0.0380601  0.0409364   0.00134429  0.000689096 -1.92832e-05  0.00332622 0.000864932 -0.00304813 -0.00123163 -0.00141881  0.00313188  -0.00166852 -0.000101125  -0.00406729 0.996538        0        0 0
             39.0015  -0.103757 -0.0512446  -0.032352  0.000735466 -0.000476506  -0.00111982 -0.00739064  -0.0109698  -0.0121072  -0.0011962 -0.00141876  0.00316104 -0.00157784 9.74006e-06  -0.0040098 0.996537        0        0 8080
             39.0015  0.0325874 -0.0235543  0.0329294  0.00153553   0.0010984 0.000717708 0.00162968 0.00351262 0.00726233 -0.00123043 -0.00142647  0.00314447  -0.00165377 -0.000127627  -0.00418464 0.996775        0        0 0
             39.1014  -0.108876 -0.0433524 -0.0231603  0.000487008 -3.32056e-05  0.000120515  -0.0113806  -0.0107374 -0.00869839 -0.00119577 -0.00142427  0.00316876 -0.00154333 3.69844e-06 -0.00406171 0.996779        0        0 7935
             39.1014  0.0311598 -0.0302967  0.0442287  0.00125689 0.000501721 0.000349401 -0.00278953 -0.00667735 -0.00618112 -0.00123159 -0.00142799  0.00315146  -0.00161821 -4.26353e-05  -0.00408377 0.996228        0        0 0
             39.2017  -0.160052 -0.0349292 -0.0383585  0.000426458  -0.00139463 -0.000575738 -0.00873829  -0.0174342  -0.0109794 -0.00118683 -0.00143007  0.00318135 -0.00157186 7.34357e-05 -0.00405133 0.99623       0       0 8146
             39.2017   0.032825 -0.0327004  0.0361505  0.00123826 0.000821305 0.000200712 -0.000258701   0.00313635   -0.0027568 -0.00123521 -0.00143105  0.00316254  -0.00164631 -0.000122543  -0.00412571 1.00093       0       0 0
             39.3015  -0.132629 -0.0319501 -0.0391317  7.15656e-05 -0.000539981  -0.00131663  -0.0125796 -0.00985671  -0.0163325 -0.00119571 -0.00143429  0.00319028 -0.00154544 1.05113e-05  -0.0040049 1.00093       0       0 8024
             39.3015  0.0325009 -0.0363537  0.0333011  0.00161109  0.00106829 0.000107566  0.00354253  0.00294653 -0.00131001 -0.00123748 -0.00143424  0.00317185  -0.00168663 -0.000114297  -0.00414034 0.996661        0        0 0
             39.4014  -0.143008 -0.0903295 -0.0577477   0.00148782 -7.47937e-05  -0.00085495 -0.00166713 -0.00891785 -0.00860909 -0.00119996 -0.00142364  0.00320161 -0.00164701 9.98835e-06 -0.00408065 0.996669        0        0 8050
             39.4014 0.0322573 -0.024626 0.0316553  0.00148782  0.00108162 0.000659009 -0.00162757 0.000988668  0.00498968 -0.00124471 -0.00144067  0.00317865  -0.00164119 -9.08633e-05  -0.00420358 0.996896        0        0 0
             39.5017  -0.171631  0.0430426 -0.0322526 -0.000340387  -0.00117619 -0.000723624 -0.0193514 -0.0192403 -0.0148389 -0.00119882 -0.00145996  0.00320164 -0.00148715 9.13811e-05 -0.00403373 0.996889        0        0 8186
             39.5017   0.037851 -0.0426391  0.0425001   0.00159224   0.00062384 -0.000298281 0.000688525 -0.00482629  -0.0102982 -0.00125206 -0.00143866   0.0031826  -0.00167097 -5.17364e-05  -0.00407519 0.996668        0        0 0
             39.6015   -0.115963  -0.0704337 -0.00765006 0.000948204 -0.00121302  -0.0020314 -0.00600401  -0.0172978  -0.0173864 -0.00121717 -0.00143442  0.00320357 -0.00160935  6.1871e-05 -0.00403129 0.996681        0        0 8084
             39.6015   0.030387 -0.0180665  0.0341957 0.00161411 0.00105273 0.00109182 0.000636498  0.00253883   0.0110477  -0.0012541 -0.00144849  0.00319295  -0.00166145 -0.000124065  -0.00429043 0.997399        0        0 0
             39.7014  -0.152139  0.0477641 -0.0246527 0.000250322 -0.00032207 0.000447595  -0.0151354  -0.0119969 -0.00904421 -0.00120622 -0.00146923  0.00321915  -0.0015317 2.62759e-05 -0.00412522 0.997399        0        0 8077
             39.7014  0.0353895 -0.0347243   0.031187  0.00158776  0.00128477 0.000168037 -0.000913416   0.00242168   -0.0123334 -0.00125397  -0.0014485  0.00320492  -0.00166438 -0.000115422  -0.00409511 1.00097       0       0 0
             39.8018  -0.105268 0.00901456  -0.010383  0.000283552 -0.000428386  -0.00207987 -0.0135224 -0.0139892 -0.0220891 -0.00122135 -0.00146247  0.00322445 -0.00155454 5.02878e-05 -0.00401865 1.00098       0       0 8029
             39.8018  0.0336343 -0.0362899  0.0332888  0.00144241  0.00114969 0.000137414 -0.00148707 -0.00146462 -0.00205732 -0.00125643 -0.00145151   0.0032134  -0.00166236 -7.07216e-05  -0.00420212 0.996612        0        0 0
             39.9016  -0.129961 -0.0168822 -0.0363492  0.000224914 -0.000412892 -0.000599798  -0.0129463  -0.0136533 -0.00696036 -0.00121889 -0.00146038  0.00324052  -0.0015644 3.76263e-05 -0.00416272 0.996619        0        0 8047
             39.9016  0.0307518 -0.0303758  0.0248709  0.00152637  0.00158153 0.000394212 0.000453251  0.00344946   0.0015537 -0.00125959 -0.00145771  0.00322491  -0.00168321 -0.000125519  -0.00423971 1.0014      0      0 0
             40.0014   -0.106716 -0.00767524  -0.0154937  0.000573901  0.000327172 -0.000698828  -0.0103313 -0.00936433 -0.00996734 -0.00123053  -0.0014669  0.00324373 -0.00158856 5.25162e-06 -0.00414587 1.00141       0       0 7968
             40.0014  0.0322357 -0.0417619  0.0391207   0.00148555  0.000795328 -0.000359133 -0.000280392  -0.00621616  -0.00686039 -0.00126626 -0.00145862  0.00322968  -0.00168033 -3.31101e-05  -0.00417414 1.00114       0       0 0
             40.1013  -0.109321 -0.0184204 -0.0129093  0.000823034 -0.000887505  -0.00226687 -0.00833186  -0.0151138  -0.0191063 -0.00122808 -0.00146872  0.00325296 -0.00162425 6.18811e-05 -0.00408038 1.00114       0       0 8029
             40.1013  0.0331821 -0.0421665  0.0360211   0.00156993   0.00100389 -0.000235058  -1.8322e-05   0.00230832 -0.000827847  -0.0012644 -0.00146296  0.00324043  -0.00169835 -0.000103827  -0.00424832 0.996734        0        0 0
             40.2016 -0.0999113 -0.0636891 -0.0425492  0.000730575 -0.000418447  -0.00173729 -0.00820186  -0.0120163  -0.0135356 -0.00123111 -0.00146062   0.0032706 -0.00162096 1.95886e-05 -0.00414878 0.99674       0       0 8047
             40.2016  0.0336613 -0.0210028  0.0386182  0.00152042  0.00080786 0.000922394 0.000527447 -0.00330106   0.0102783  -0.0012653 -0.00147199  0.00324973  -0.00169348 -6.83855e-05  -0.00436686 0.997012        0        0 0
             40.3014 -0.0939695 -0.0570572  0.0110248 0.000794134 -0.00101019  0.00162589 -0.00798655  -0.0160594  0.00655688 -0.0012329 -0.0014663 0.00326659 -0.00162749 5.39941e-05 -0.00434041 0.997011        0        0 8109
             40.3014   0.036149 -0.0414767  0.0467294   0.00106438  0.000355561 -0.000291569 -0.00597228 -0.00427331  -0.0141396 -0.00126622 -0.00147023  0.00325741  -0.00164575 -6.05016e-05  -0.00414888 0.99645       0       0 0
             40.4013  -0.104776 -0.0247744 -0.0323199 -0.000405836 -0.000737021  -0.00243312  -0.0162296 -0.00932691  -0.0224506 -0.00124193 -0.00147771  0.00328316  -0.00155708 -3.02922e-06   -0.0040914 0.996447        0        0 8025
             40.4013  0.0329746 -0.0279376  0.0235377  0.00161431  0.00156041 0.000458281 0.00653218  0.0116962 0.00796452 -0.00127718 -0.00147776  0.00326875  -0.00175912 -0.000201231  -0.00437101 1.00091       0       0 0
             40.5016  -0.102769 -0.0831674 -0.0325436  0.00118704 0.000783586 0.000513388 -0.00497338 -0.00511262 0.000641867 -0.00124571 -0.00146707  0.00329145  -0.00166053 -4.60559e-05  -0.00432203 1.00093       0       0 8216
             40.5016  0.0351552 -0.0349462  0.0392756  0.00118222 0.000683553 2.72831e-05 -0.00484681 -0.00668012 -0.00364644 -0.00128136 -0.00147949  0.00327288  -0.00165883 -4.29806e-05  -0.00428154 0.996614        0        0 0
             40.6014  -0.0854176  -0.0630809 -0.00899472  8.59533e-05  -0.00104685 -0.000995278 -0.0119358 -0.0166813  -0.012475 -0.00125642 -0.00147527  0.00329211  -0.0016048 5.27038e-05 -0.00421838 0.996612        0        0 7959
             40.6014  0.0321718 -0.0236048  0.0415392  0.00134449  0.00062669 0.000713214  0.00242111 -0.00111837  0.00563703 -0.00128643 -0.00148619  0.00327909 -0.00172953 -9.5346e-05 -0.00438415 0.996126        0        0 0
             40.7013  -0.146295 -0.0239206 -0.0453354   0.00106367 -0.000649466  0.000525741 -0.00351228  -0.0117745 -0.00341628 -0.00124783 -0.00148837  0.00330923 -0.00168194 1.25183e-05 -0.00430576 0.996127        0        0 8043
             40.7013  0.0362885 -0.0378299  0.0350727   0.00141916  0.000887874 -4.69888e-05 -0.000175721   0.00243749  -0.00986653 -0.00129477 -0.00148481  0.00328846  -0.00171348 -0.000128683  -0.00424591 0.996142        0        0 0
             40.8016  -0.122886  -0.043807 -0.0248049  0.000467613 -0.000484686  -0.00190378 -0.00984336  -0.0111383  -0.0189555 -0.00125958  -0.0014867  0.00331141 -0.00163264  3.6898e-06 -0.00416648 0.996147        0        0 7858
             40.8016  0.0347555 -0.0317861  0.0282453  0.00152876  0.00132036 0.000297011 0.00115667  0.0037535 0.00457612 -0.00130008 -0.00149035  0.00329773   -0.0017287 -0.000141228  -0.00438365 1.00017       0       0 0
             40.9015  -0.180952  0.0179417 -0.0342243  0.000139021  -0.00058144 -0.000852936  -0.0157016  -0.0154127 -0.00861158 -0.00125241  -0.0015065  0.00332136 -0.00158507 4.92519e-05   -0.004268 1.00019       0       0 8054
             40.9015  0.0379204 -0.0342985   0.034812  0.00144737 0.000969579 0.000239561 -0.00137912 -0.00282897 0.000841145 -0.00130908 -0.00149345  0.00330345  -0.00171648 -7.98481e-05   -0.0043553 1.00113       0       0 0
             41.0013  -0.155257 0.00908934 -0.0324453 -8.18102e-05  -0.00109172  -0.00125904 -0.0158683 -0.0172691 -0.0142439 -0.00125865 -0.00150907   0.0033311 -0.00158648  6.6208e-05 -0.00423686 1.00113       0       0 7961
             41.0013  0.0374342 -0.0366093  0.0365913  0.00136342 0.000894737 6.98006e-05  -0.00115995 -0.000188095  -0.00222559  -0.0013084 -0.00149762  0.00331323 -0.00172103 -0.00010172 -0.00434802 1.00121       0       0 0
             41.1016  -0.127114 -0.0500594  -0.006633  0.000532839 -0.000760566  -0.00164321 -0.00883312  -0.0139687  -0.0177768 -0.00127265  -0.0014972  0.00333152  -0.0016609 3.27594e-05 -0.00423138 1.00123       0       0 8099
             41.1016   0.032432 -0.0392621  0.0448331   0.00125269   0.00039241 -0.000123134 -0.00127036 -0.00492003 -0.00386679 -0.00131397 -0.00150021  0.00331817   -0.0017271 -6.06675e-05  -0.00436016 0.997521        0        0 0
             41.2015   -0.160425 -0.00481048    -0.04269 0.000257883 -0.00137684 -0.00185659 -0.0105837 -0.0165317 -0.0184144  -0.0012696 -0.00151171  0.00334826 -0.00164526 5.25006e-05 -0.00424028 0.997519        0        0 8085
             41.2015  0.0361585 -0.0350993  0.0382894   0.0011377 0.000733812 9.99635e-05  -0.00101363     0.002633 -0.000442929 -0.00132031 -0.00150423  0.00332726  -0.00173215 -0.000135072  -0.00440739 1.00127       0       0 0
             41.3013  -0.134621 -0.0709548  -0.042698  0.000813308  4.28841e-05 -0.000466614 -0.00359627 -0.00571122 -0.00612436 -0.00127968  -0.0014979  0.00335651  -0.00171917 -4.91827e-05  -0.00436132 1.00128       0       0 8048
             41.3013  0.0340612 -0.0297137  0.0319535  0.00166182  0.00107611 0.000380196 0.00540676  0.0022835 0.00152735 -0.00132349 -0.00150908  0.00333697  -0.00179681 -0.000134111  -0.00443114 0.997404        0        0 0
             41.4016  -0.181789 0.00798066 -0.0477846  0.000758345 -0.000550093 -0.000348262 -0.00981313  -0.0121169  -0.0076099 -0.00126922 -0.00152318  0.00336682 -0.00165919 2.00293e-05 -0.00434396 0.9974      0      0 8221
             41.4016  0.0351357 -0.0311472  0.0320121  0.00139739   0.0011609 0.000335322  -0.00362763   0.00176611 -0.000159951 -0.00132529 -0.00151317  0.00334617  -0.00171768 -0.000121783  -0.00441365 1.00097       0       0 0
             41.5015  -0.138019 -0.0349332 -0.0388868  0.000264895 -0.000241665 -0.000123045   -0.012411  -0.0111205 -0.00312241  -0.0012793 -0.00151678  0.00337398 -0.00165155 8.19673e-06 -0.00439908 1.00098       0       0 8020
             41.5015 0.0362168 -0.036817  0.036881  0.00122939 0.000856765 6.71954e-05 -0.00228769 -0.00249639 -0.00177299 -0.00132471 -0.00151661  0.00335416  -0.00174306 -8.29573e-05  -0.00441076 0.996566        0        0 0
             41.6013 -0.0944553 -0.0513219 -0.0142578  0.000467521 -0.000575346  -0.00123907 -0.00810079  -0.0123838  -0.0142447 -0.00129284 -0.00151696  0.00337549 -0.00169152 1.74776e-05 -0.00431705 0.996571        0        0 8146
             41.6013  0.0324275 -0.0184771  0.0317655  0.00139402  0.00118721 0.000868335 0.00195457 0.00369945 0.00853033 -0.00132577 -0.00152591  0.00336348  -0.00177907 -0.000137741  -0.00452891 0.996524        0        0 0
             41.7016  -0.113416 -0.0231815 -0.0467142 0.000715302  7.8751e-05 0.000893256 -0.00773984  -0.0102463 -0.00269923  -0.0012883 -0.00152706  0.00339353 -0.00168968 -1.2039e-05 -0.00445206 0.996531        0        0 7905
             41.7016  0.0341186 -0.0341339  0.0332418  0.00162999  0.00103716 0.000137073  0.00230973 -0.00210217  -0.0109741 -0.00132665 -0.00152431  0.00337271   -0.0017826 -9.75988e-05   -0.0043737 1.00127       0       0 0
             41.8015 -0.0972556 -0.0430349 -0.0111146   0.00100773 -0.000525319  -0.00159375 -0.00629358  -0.0143436  -0.0194737 -0.00129324 -0.00152608  0.00339428 -0.00170741 1.46525e-05 -0.00430243 1.00127       0       0 8108
             41.8015  0.0370796 -0.0366602  0.0276825  0.00179965  0.00138079 3.27365e-05    0.001918  0.00234553 -0.00185076 -0.00132794 -0.00152812  0.00338422  -0.00178001 -0.000146135  -0.00446638 0.996989        0        0 0
             41.9013  -0.081438 -0.0731072 -0.0362364  0.00134385 0.000360311 -0.00114544 -0.00533209 -0.00813216 -0.00995782 -0.00130352 -0.00152207  0.00340881  -0.00172197 -4.14066e-05  -0.00438031 0.997     0     0 7876
             41.9013  0.0322128 -0.0193031  0.0289555  0.00183353  0.00134984 0.000990999   0.00069513 -0.000531305   0.00942484  -0.0013332 -0.00153641   0.0033917  -0.00177047 -0.000119112  -0.00456012 1.00146       0       0 0
             42.0016  -0.0659108  -0.0750429 -0.00708058   0.00124592 -8.07657e-05   0.00125332 -0.00867622  -0.0122398   0.0036133 -0.00131111 -0.00152501  0.00340912 -0.00171705 9.17535e-06 -0.00451206 1.00147       0       0 8073
             42.0016  0.0371388 -0.0426777  0.0451494   0.00105015  0.000408071 -0.000463141   -0.011182 -0.00770081  -0.0151842 -0.00133797 -0.00153338  0.00339548  -0.00169318 -4.02944e-05  -0.00433494 1.00086       0       0 0
             42.1015   -0.143365 -0.00604791  -0.0194418 -0.000571052  -0.00170503   -0.0033358 -0.0161182 -0.0187819 -0.0286123 -0.00129533 -0.00154661  0.00341873 -0.00162483 6.68336e-05 -0.00422562 1.00086       0       0 7948
             42.1015  0.0397363 -0.0438597   0.040807   0.00141109   0.00065104 -0.000218544  0.0059989 0.00165723 0.00403863 -0.00134296 -0.00153748  0.00340301  -0.00182597 -0.000132243  -0.00453097 1.0007      0      0 0
             42.2013  -0.104137 -0.0424164 -0.0106338   0.00111675 -0.000438663 -0.000972071 -0.00304668  -0.0103159   -0.008815 -0.00130608 -0.00154301  0.00342673  -0.00175829 -3.24842e-05  -0.00444526 1.00071       0       0 8157
             42.2013  0.0279307 -0.0221998  0.0421547  0.00190042 0.000579771  0.00083784  0.00521026 -0.00228124  0.00827136 -0.00134059 -0.00154861  0.00341288 -0.00183014 -0.00011535 -0.00460456 1.00113       0       0 0
             42.3016  -0.120518 -0.0462367 -0.0173568  0.000964136 -0.000687123  0.000474498  -0.0112248  -0.0106308 -0.00726993 -0.00131103 -0.00154485  0.00343489  -0.00169183 -9.47754e-06  -0.00448278 1.00113       0       0 8017
             42.3016  0.0317004 -0.0327415   0.040908   0.00162164  0.000696252 -0.000138804 -0.00437751  0.00204116  -0.0139242 -0.00135073 -0.00154858  0.00341968  -0.00175391 -0.000136447  -0.00441924 0.99611       0       0 0
             42.4015 -0.0370111  -0.106524  0.0181119 0.000882134 -0.00014716  -0.0017184 -0.00853813 -0.00816578    -0.01769 -0.00133111 -0.00153081  0.00343551  -0.00171617 -3.94362e-05  -0.00438902 0.99611       0       0 8137
             42.4015  0.0349783 -0.0181756  0.0424146  0.00100092 0.000578246   0.0012124 -0.00666806 -0.00178365   0.0135919 -0.00134992 -0.00155429  0.00342914  -0.00172442 -0.000102933  -0.00468188 0.996333        0        0 0
             42.5013  -0.196906    0.02545 -0.0482962 -0.000980273  -0.00116927   0.00131569 -0.0200405 -0.0152367 0.00122915 -0.00129843 -0.00157126  0.00346046 -0.00160342 3.23474e-05 -0.00455292 0.996326        0        0 7966
             42.5013  0.0211361 -0.0149745  0.0248498 0.00189372 0.00128514 0.00112985   0.0123304  0.00703605 -0.00115068 -0.00135533 -0.00156127  0.00344134  -0.00190244 -0.000187029  -0.00452842 1.00147       0       0 0
             42.6016  -0.118261 -0.0565715 -0.0210052   0.00172146  0.000356548 -0.000546612 -0.00458195 -0.00471049  -0.0138856 -0.00132071 -0.00155314  0.00346187  -0.00176883 -5.13251e-05  -0.00441525 1.00148       0       0 8063
             42.6016  0.0331768 -0.0261686   0.037871  0.00139056 0.000847525 0.000621331 -0.00781554 -0.00115153 -0.00371661 -0.00136044 -0.00156111   0.0034464  -0.0017357 -9.5435e-05 -0.00451074 0.99684       0       0 0
             42.7015  -0.133896  0.0102079 -0.0239708 -0.000167835  -0.00065469    -0.001133 -0.0162383  -0.014011 -0.0182367 -0.00131829 -0.00157465  0.00347033 -0.00165009 1.98856e-05 -0.00439685 0.996838        0        0 7957
             42.7015  0.0346098 -0.0304374  0.0257407  0.00220677  0.00142979 0.000290126   0.0103624  0.00494525 -0.00277152 -0.00136236 -0.00156466  0.00345729  -0.00189548 -0.000165741  -0.00454152 0.997261        0        0 0
             42.8013  -0.134962 -0.0513482 -0.0170313  0.00160414 4.14809e-05 -0.00125567 -0.00655802  -0.0116237  -0.0165443 -0.00132304  -0.0015624  0.00347637   -0.0017346 -4.00428e-06  -0.00444623 0.997281        0        0 7977
             42.8013 0.0316716 -0.030435 0.0339364  0.00148412    0.001048 0.000442171 -0.00810783 -0.00324501 -0.00123164 -0.00136693 -0.00156796  0.00346292  -0.00171705 -9.32529e-05  -0.00459068 0.996934        0        0 0
             42.9016  -0.186165  0.0100569 -0.0519639 -0.000559351  -0.00142927  -0.00102675  -0.022277 -0.0224963   -0.01819 -0.00131441 -0.00158117  0.00349356 -0.00161028 0.000101918 -0.00445048 0.996945        0        0 8059
             42.9016  0.0322917 -0.0453845  0.0377153   0.00112521  0.000683099 -0.000319257 -0.00375149 -0.00398768  -0.0110428  -0.0013717 -0.00156673  0.00347003  -0.00178378 -8.44692e-05  -0.00451752 1.00107       0       0 0
             43.0015  -0.0968959   -0.091432 -0.00441802  0.000782194 -0.000875585  -0.00238072 -0.00301134  -0.0139019  -0.0199341   -0.001341 -0.00155786  0.00348976 -0.00178808 2.13349e-05 -0.00442978 1.00107       0       0 8044
             43.0015  0.0314075 -0.0120207  0.0427334  0.00151577 0.000547231  0.00133864  0.00597673 -0.00291703   0.0125568 -0.00137471 -0.00157912  0.00347733  -0.00186056 -8.81926e-05  -0.00473469 0.996682        0        0 0
             43.1013    -0.16601  0.00859358 -0.00588629   0.0012541 -0.00111462  0.00144006 -0.00420793  -0.0151276  0.00131738 -0.00132807 -0.00158815  0.00349872 -0.00178063 3.76697e-05 -0.00462162 0.996682        0        0 8150
             43.1013  0.0336396 -0.0487433  0.0353917   0.00198368  0.000944684 -0.000638054 0.00287044 0.00446246 -0.0217173  -0.0013808 -0.00157296  0.00348783  -0.00185139 -0.000156919  -0.00440322 0.996551        0        0 0
             43.2016  -0.120626 -0.0389259 -0.0266272  0.00123676 -0.00010661 -0.00417447  -0.0084268 -0.00795065  -0.0349771 -0.00134751  -0.0015787  0.00350955  -0.00174598 -2.70413e-05  -0.00429392 0.996552        0        0 8073
             43.2016  0.0333632 -0.0360656   0.022521  0.00226555  0.00166776 5.82053e-05 0.00289523 0.00734802 0.00955744 -0.00138795 -0.00157963  0.00349665  -0.00184633 -0.000179271   -0.0047163 1.00088       0       0 0
             43.3015 -0.0672062 -0.0629718  0.0115528  0.00152698 0.000700657  4.3402e-05  -0.00843544  -0.00900056 -0.000548947 -0.00136813 -0.00157496  0.00350609  -0.00174713 -3.31691e-05  -0.00465416 1.0009      0      0 8235
             43.3015  0.0347509 -0.0268831  0.0422863   0.0011456 0.000584923 0.000578397 -0.0124773  -0.010718  0.0046035 -0.00139526 -0.00158448  0.00349791  -0.00170673 -2.52603e-05  -0.00470282 0.997133        0        0 0
             43.4013  -0.167855 -0.0047585 -0.0585063 -0.000894937  -0.00179456  0.000215148  -0.0208461   -0.023543 -0.00684119  -0.0013416 -0.00159329  0.00353506  -0.0016321 0.000100756 -0.00462119 0.997131        0        0 8163
             43.4013  0.0317698 -0.0290666   0.016214  0.00185582  0.00194281 0.000446874 0.00959935  0.0120179 -0.0048383 -0.00139395 -0.00158741  0.00351548  -0.00191491 -0.000241874   -0.0046381 0.996825        0        0 0
             43.5016 -0.0801291 -0.0156794 -0.0237654   0.00141013  0.000937248 -0.000948966 -0.00460968 -0.00493724  -0.0139136 -0.00136539 -0.00159462  0.00353591  -0.00178633 -6.82376e-05  -0.00454613 0.996839        0        0 8300
             43.5016  0.0324257 -0.0366668  0.0321902 0.00202481 0.00113523 2.6741e-05  0.00222691 -0.00457475 -0.00531066 -0.00139519 -0.00158912  0.00352109  -0.00184989 -8.04875e-05   -0.0046278 0.996754        0        0 0
             43.6015  -0.123199 -0.0492187 -0.0345721    0.0010847 -0.000929494  -0.00172767  -0.010797 -0.0180238 -0.0162503 -0.00135408 -0.00159035  0.00354828 -0.00173794 6.37862e-05 -0.00452071 0.996759        0        0 8167
             43.6015 0.0320079 -0.038188 0.0251941   0.00245938   0.00145578 -0.000115567  0.00431069  0.00386202 -0.00151162 -0.00139507 -0.00159367  0.00353244  -0.00187501 -0.000149781  -0.00465945 0.996876        0        0 0
             43.7013 -0.0979523 -0.0847813 -0.0346267  0.00176457 0.000516543 -0.00114633 -0.00884262 -0.00727686 -0.00881774 -0.00136314 -0.00158503  0.00355672  -0.00176881 -4.18468e-05  -0.00459847 0.996885        0        0 8215
             43.7013  0.0330339 -0.0168651  0.0347573 0.00172562 0.00101057 0.00111266 -0.00876776 -0.00393342   0.0122038   -0.001398 -0.00160317  0.00353823 -0.00176247 -8.3369e-05 -0.00479783 0.996528        0        0 0
             43.8016  -0.109065  0.0289363 0.00711479 -0.000720914 -0.000906508  0.000709466  -0.0257756  -0.0165579 -0.00493621 -0.00136157 -0.00161963  0.00355384 -0.00159819 4.65201e-05 -0.00465328 0.996525        0        0 8126
             43.8016  0.0363398 -0.0367529  0.0426796 0.000969367 0.000631809 8.34869e-05 -0.00752905 -0.00288465  -0.0119306 -0.00140006  -0.0016023  0.00354444  -0.00177261 -9.08375e-05  -0.00458588 0.995791        0        0 0
             43.9015   -0.110072 -0.00354703  -0.0461319 -0.000495515 -0.000856577   -0.0024865 -0.0157243 -0.0141701 -0.0254897 -0.00135626 -0.00161442  0.00357967 -0.00170288 1.50771e-05 -0.00447995 0.995789        0        0 7987
             43.9015  0.0335566 -0.0354815  0.0442383 0.000598811 0.000460821  0.00025302  -0.00317072  -0.00320288 -0.000979697 -0.00139453 -0.00160616  0.00355556  -0.00181864 -9.80349e-05  -0.00471375 0.999739        0        0 0
             44.0013   -0.12586 -0.0320261 -0.0342407  8.90449e-05 -0.000959785 -0.000272429 -0.00378481  -0.0135625 -0.00670542 -0.00135707 -0.00161085   0.0035855 -0.00181473 1.14317e-05 -0.00468095 0.999748        0        0 8090
             44.0013   0.033918 -0.0296534  0.0379686  0.00118618 0.000839505 0.000355036  0.00691503   0.0020642 -0.00125412 -0.00139942 -0.00161162  0.00356631  -0.00191332 -0.000145749  -0.00473206 1.00053       0       0 0
             44.1016 -0.0903659 -0.0526229 -0.0271548   0.00109366 -0.000138217 -0.000320128 -0.00252855 -0.00730087 -0.00877932 -0.00137185 -0.00160808  0.00359087  -0.00184027 -4.67636e-05  -0.00466761 1.00053       0       0 7911
             44.1016  0.0341246 -0.0340322  0.0443627 0.000986721 0.000578927 0.000274634 -0.00395448 -0.00180481 -0.00241548 -0.00140489 -0.00161302  0.00357188  -0.00182537 -0.000107899  -0.00472829 0.996516        0        0 0
             44.2015 -0.140392 -0.030017 -0.046447  0.000301427 -0.000967275 -0.000257031  -0.0067943  -0.0130684 -0.00576082  -0.0013617 -0.00161816  0.00360464 -0.00180215 2.10749e-05 -0.00469936 0.996522        0        0 8036
             44.2015  0.0344201 -0.0438355  0.0469492  0.000645007  0.000381269 -0.000218621  -0.00350168 -0.000753804   -0.0055193 -0.00140819  -0.0016145  0.00357975  -0.00183386 -0.000107216  -0.00470154 0.99605       0       0 0
             44.3013  -0.107797 -0.0372818  0.0119634 -0.000341695  -0.00129595  -0.00191097 -0.00985306   -0.013562  -0.0165917   -0.001368 -0.00162144  0.00359961 -0.00178167 1.93144e-05 -0.00460024 0.996043        0        0 8000
             44.3013   0.032749 -0.0347062  0.0440602 0.000772484 0.000608712 0.000223378  0.0011004  0.0017629 0.00534098 -0.00140525 -0.00162231  0.00359114 -0.00188117 -0.00013275 -0.00480907 1.00049       0       0 0
             44.4016  -0.115931 -0.0749335 -0.0639076   0.00120684 -0.000132448 -7.77467e-05  0.00397642 -0.00627499 -0.00220187 -0.00136537  -0.0016149   0.0036286 -0.00192163 -4.6751e-05 -0.00475494 1.00049       0       0 8094
             44.4016 0.0386105 -0.034191 0.0357542   0.0011547 0.000951917 0.000178713    0.0032514   0.00361883 -9.86337e-05 -0.00140645 -0.00162573  0.00360211  -0.00191171 -0.000151484  -0.00477432 0.995772        0        0 0
             44.5015 -0.0396318 -0.0340706  0.0235945 -0.000194307 -0.000589833 -0.000692254 -0.0136094 -0.0127611 -0.0104382 -0.00138459 -0.00162985  0.00361464  -0.00175097 -7.84057e-06  -0.00470028 0.995785        0        0 8039
             44.5015  0.0328722 -0.0250388  0.0363624  0.00094654 0.000911081 0.000743855  -0.00162573 -0.000998513   0.00488048 -0.00140386 -0.00163249  0.00361124   -0.0018608 -0.000122007  -0.00484612 1.00001       0       0 0
             44.6013  -0.116147 -0.0130392 -0.0316974  0.000345522 -0.000198626  0.000831188  -0.00640609   -0.0102019 -0.000851069 -0.00137294 -0.00163924  0.00363582  -0.00182256 -2.23757e-05  -0.00480911 1.00002       0       0 8084
             44.6013  0.0355479 -0.0362231  0.0369441  0.00114102 0.000886423 7.26517e-05   0.00232519 -0.000379721  -0.00936375 -0.00141346 -0.00163307  0.00361746  -0.00190632 -0.000125818  -0.00472687 0.995764        0        0 0
             44.7016  -0.115254 -0.0406453 -0.0252349  0.000945054 -0.000511643  -0.00163639 -0.00233002  -0.0124298  -0.0183039 -0.00138026 -0.00163434  0.00363982 -0.00187022 6.69758e-06  -0.0046486 0.99577       0       0 8182
             44.7016  0.0323186 -0.0360411  0.0429894 0.00103761 0.00061898 0.00010366 -0.00168938 -0.00245247 0.000378715 -0.00141955 -0.00163556  0.00362167  -0.00187434 -9.80468e-05  -0.00482825 1.00038       0       0 0
             44.8015  -0.0562403 -0.00364978   0.0222506  0.000257733 -0.000573703  -0.00071389 -0.00863541 -0.00920139 -0.00692573 -0.00139964 -0.00164895  0.00363591  -0.00181502 -1.85122e-05  -0.00474701 1.00039       0       0 8043
             44.8015  0.0324543 -0.0371668  0.0431473  0.00089071 0.000634741 8.68729e-05 -0.00191471  0.00127216 1.30874e-05 -0.00142333 -0.00164017  0.00363036  -0.00187927 -0.000122569  -0.00481366 1.00067       0       0 0
             44.9013   -0.069143  -0.0267755 0.000514085 -0.000176821 -0.000273802 -0.000594426  -0.0115872 -0.00779161 -0.00645105  -0.0013941 -0.00164793  0.00365287  -0.00178994 -3.19366e-05  -0.00476243 1.00067       0       0 8046
             44.9013  0.0345854 -0.0286255  0.0421459  0.00124145  0.00062418 0.000489834   0.00489527 -0.000132366   0.00354506 -0.00142178 -0.00164759  0.00364173 -0.00194274  -0.0001113 -0.00485717 0.99653       0       0 0
             45.0016  -0.0916298  0.00396452 -0.00244129  0.000467157 -0.000329546 -0.000209403 -0.00971508 -0.00839389  -0.0083646 -0.00139366 -0.00165965  0.00366076  -0.00181912 -2.40661e-05  -0.00475178 0.996526        0        0 7988
             45.0016 0.0367922 -0.034195 0.0417627  0.00140519   0.0005955 0.000151857  0.000550112 -0.000381924  -0.00451155 -0.00142784 -0.00164955  0.00364901  -0.00191761 -0.000108722  -0.00478869 0.996831        0        0 0
             45.1015  -0.0961539  -0.0303964 -0.00633872    0.0008811 -0.000580164  -0.00132711 -0.0061714 -0.0108243 -0.0140112 -0.00140065 -0.00165336   0.0036679  -0.00185614 -4.96738e-06  -0.00470497 0.996834        0        0 8034
             45.1015  0.0377069 -0.0405347  0.0354714   0.00151552  0.000963753 -7.46828e-05 0.000835738  0.00323655 -0.00275504 -0.00143654  -0.0016507  0.00365667  -0.00192116 -0.000146406  -0.00481296 0.996511        0        0 0
             45.2013 -0.0280923 -0.0851452  0.0126763 0.000625348 8.33666e-05 -0.00133141  -0.0105443 -0.00664599  -0.0115635 -0.00141923  -0.0016435  0.00367243  -0.00182943 -3.96557e-05  -0.00474157 0.996521        0        0 7984
             45.2013  0.0339008 -0.0214153  0.0344136  0.00107536  0.00104857 0.000979304 -0.00486973  0.00100743  0.00924791 -0.00143587 -0.00166068  0.00366659  -0.00187542 -0.000115827  -0.00494098 1.00008       0       0 0
             45.3016  -0.0790177   0.0144635 -0.00772664 -0.000430356 -0.000267876   0.00111798  -0.0162765  -0.0118739 0.000355128 -0.00140468  -0.0016755  0.00368816 -0.00176826 1.24493e-05 -0.00487036 1.00009       0       0 8141
             45.3016  0.0368945 -0.0463999  0.0414097   0.00131807  0.000604232 -0.000625207    0.003448 -0.00438836  -0.0188517 -0.00143569 -0.00165915  0.00367502  -0.00195882 -6.67111e-05  -0.00468366 0.995144        0        0 0
             45.4015 -0.0991029 -0.0551242 -0.0171358 0.000968951 -0.00098745 -0.00325254 -0.00499712  -0.0140362  -0.0282552 -0.00140049 -0.00166069   0.0036998 -0.00188786  4.1609e-05 -0.00461426 0.995145        0        0 8022
             45.4015  0.0395676 -0.0350552   0.025388  0.00207681  0.00144579 0.000136702 0.00733376 0.00854453 0.00751125 -0.00143763 -0.00166624  0.00368838  -0.00199908 -0.000180212  -0.00495857 0.995788        0        0 0
             45.5013    -0.024445   -0.0844346 -6.03798e-05  0.00213649 0.000917042 0.000128601  1.96771e-05  -0.00530119 -0.000273838 -0.00142594 -0.00165618  0.00370153  -0.00194049 -6.92373e-05   -0.0048965 0.995799        0        0 8099
             45.5013  0.0363255 -0.0217995   0.027374  0.00155258  0.00137851 0.000853434 -0.00645488  -0.0013669  0.00608979 -0.00144228 -0.00167303  0.00369415  -0.00187422 -0.000111005  -0.00495742 0.996145        0        0 0
             45.6016   -0.058378  -0.0394844 0.000221276  0.000237097 -0.000129964  0.000561735  -0.0136599  -0.0131695 -0.00408874 -0.00142011 -0.00167149  0.00370903  -0.0018043 2.07106e-05 -0.00486545 0.996148        0        0 8054
             45.6016  0.0406908 -0.0327675  0.0448575  0.00123725 0.000366806  0.00023728 -0.00217585 -0.00929133 -0.00765337 -0.00144673 -0.00167323  0.00369705  -0.00191207 -2.36957e-05  -0.00482972 0.995861        0        0 0
             45.7015  -0.133723 -0.0562746 -0.0449284 0.000749089 -0.00146209 -0.00103727 -0.00611377  -0.0177585  -0.0127563 -0.00140275 -0.00167009  0.00372886  -0.0018967 6.47575e-05 -0.00478683 0.995862        0        0 8096
             45.7015  0.0383865 -0.0397704  0.0513642 0.000832878 2.90607e-06 7.89595e-05  -0.00562891  -0.00406649 -0.000719072 -0.00144899 -0.00167453  0.00370295  -0.00189919 -7.81332e-05  -0.00490325 0.996165        0        0 0
             45.8013  -0.133243 -0.0240406 -0.0243342 -0.000549046   -0.0014518 -0.000953611  -0.0139929 -0.00994352  -0.0102918 -0.00140529 -0.00168301  0.00373223 -0.00182276 9.40542e-06 -0.00482582 0.996161        0        0 7847
             45.8013  0.0315664 -0.0265261  0.0386718  0.00117603 0.000793311 0.000381798 0.00342435  0.0068467 0.00334888 -0.00144966 -0.00168248  0.00371527  -0.00198569 -0.000160847  -0.00495662 0.996019        0        0 0
             45.9016  -0.116397  0.0285981 -0.0208486  0.000557602 -5.64072e-05 -0.000865109  -0.0074263 -0.00766867  -0.0119359  -0.0014133 -0.00169989  0.00373882  -0.00187619 -3.52999e-05  -0.00482866 0.996023        0        0 8015
             45.9016  0.0397851 -0.0420925  0.0327983  0.0014378 0.00108014 0.00043104   0.00190556   0.00193132 -0.000285038 -0.00145534 -0.00168081  0.00372441  -0.00196799 -0.000137805  -0.00494216 0.99955       0       0 0
             46.0015  -0.120238 -0.0501044  -0.030678  0.000253926 -0.000580257  -0.00119638 -0.0118982 -0.0126621 -0.0168037 -0.00141592 -0.00168589  0.00375072  -0.0018514 1.80445e-05 -0.00480258 0.999557        0        0 7932
             46.0015  0.0289193 -0.0196789  0.0347478   0.0013411  0.00105431 0.000764411 -0.00030122  0.00118905  0.00146327 -0.00145621 -0.00169424  0.00373304  -0.00195663 -0.000124091  -0.00497856 0.995557        0        0 0
             46.1013  -0.119514 -0.0683103 -0.0339223  0.000810979 -0.000118097  0.000205067 -0.00711468  -0.0109286 -0.00777124 -0.00142336 -0.00168029   0.0037576 -0.00189832 9.26678e-06 -0.00489924 0.995564        0        0 8025
             46.1013 0.0353739 -0.042647 0.0452126 0.000785497 0.000508915 1.15236e-05 -0.00763323 -0.00559303  -0.0099601 -0.00146514  -0.0016872  0.00373626  -0.00189171 -5.38389e-05  -0.00487748 0.994626        0        0 0
             46.2016  -0.166675 0.00510054  -0.035641 -0.000789763  -0.00150274  -0.00219578 -0.0151573 -0.0194911  -0.023628 -0.00141208 -0.00170658  0.00376672 -0.00182433 7.77209e-05 -0.00475122 0.994627        0        0 8054
             46.2016  0.0329599 -0.0414531  0.0440053  0.000954306  0.000487604 -9.88833e-05  0.00416374 -0.00164239 -0.00096952 -0.00146601 -0.00169384  0.00374523 -0.00200857  -0.0001064 -0.00497117 1.00007       0       0 0
             46.3015  -0.150074 -0.0835357 -0.0220561 0.000794284 -0.00130443 -0.00133285  -0.0019381  -0.0142382 -0.00989344 -0.00141619  -0.0016857  0.00377229 -0.00194838 2.99402e-05 -0.00488962 1.00009       0       0 8071
             46.3015 0.0324109 -0.031605 0.0371234  0.00111713 0.000921176 0.000546058 0.000904769  0.00410007  0.00579001 -0.00146558 -0.00169973  0.00375624  -0.00196918 -0.000157046  -0.00504103 0.995478        0        0 0
             46.4013  -0.180343  -0.019429 -0.0504943  0.000140496  -0.00037756 -0.000152475  -0.0112595 -0.00899473 -0.00780321 -0.00141699 -0.00170635  0.00378591  -0.00187223 -4.90059e-06  -0.00492393 0.995474        0        0 8123
             46.4013  0.0315368 -0.0397865  0.0308289   0.00136269   0.00106408 -0.000280545  0.00176918  0.00263216 -0.00910153 -0.00147442 -0.00170077  0.00376387  -0.00199751 -0.000131845  -0.00491039 1.00061       0       0 0
             46.5016  -0.144998 -0.0443123  -0.011055 0.000906295 -0.00015546 -0.00167348 -0.00418753  -0.0116177  -0.0158462 -0.00143494 -0.00170158  0.00377979   -0.0019274 -3.58847e-06  -0.00487683 1.00063       0       0 8141
             46.5016  0.0324943 -0.0414227  0.0417561   0.00125289  0.000684435 -9.67967e-05 -0.000438845  -0.00530573   0.00045841 -0.00148277 -0.00170239  0.00376563  -0.00196128 -7.71975e-05  -0.00503587 1.00004       0       0 0
             46.6015  -0.109888 -0.0394894  0.0114326  0.000559492 -0.000938963  -0.00114954 -0.00739289  -0.0152963  -0.0115268 -0.00144782 -0.00170653  0.00378365 -0.00190764 1.86044e-05 -0.00493984 1.00005       0       0 8192
             46.6015  0.0302475 -0.0311598   0.053164 0.000679544  0.00010837 0.000404128 -0.00589758 -0.00670644  0.00196586 -0.00148579 -0.00170878  0.00377234 -0.00191937 -7.3461e-05 -0.00507116 0.995756        0        0 0
             46.7013  -0.173129  -0.031473 -0.0310865 -0.000346639  -0.00146322 -5.39271e-05  -0.0111193  -0.0131395 -0.00635171 -0.00143284 -0.00171187  0.00380478 -0.00187575 2.22123e-05 -0.00499151 0.995762        0        0 7919
             46.7013  0.0328795 -0.0447258  0.0507111  0.000664608  0.000197983 -0.000248312 -0.000159179   0.00138819  -0.00870157 -0.00148873 -0.00170823  0.00378259  -0.00198111 -0.000131918  -0.00496771 0.995944        0        0 0
             46.8016 -0.095162 0.0073445 0.0345147 -0.000382597  -0.00110293  -0.00202914  -0.0115521 -0.00977141  -0.0175602 -0.00146166 -0.00172566  0.00379432  -0.00189046 -1.85515e-05  -0.00487805 0.995945        0        0 8115
             46.8016   0.028615 -0.0409068  0.0434263   0.00120463  0.000656083 -0.000185769 0.00489803 0.00359162 0.00211044 -0.00149513 -0.00171251  0.00379191  -0.00204875 -0.000154017  -0.00507008 1.00028       0       0 0
             46.9015  -0.113845 -0.0719829  -0.046773   0.00117699   9.7429e-05 -0.000687394 -0.00146908  -0.0036425 -0.00328005 -0.00146103 -0.00170739  0.00382329  -0.00198488 -6.98832e-05  -0.00502454 1.00029       0       0 7911
             46.9015  0.0312448 -0.0305193  0.0341706  0.00123405  0.00109034 0.000509922 -0.000809396   0.00530439   0.00793488  -0.0015004 -0.00171863  0.00380132  -0.00198682 -0.000166831  -0.00513341 0.996421        0        0 0
             47.0013 -0.0651552  -0.068074  0.0140147   0.00062518 -0.000165339  0.000353215 -0.00675246 -0.00915944 -0.00260856 -0.00147735 -0.00171239  0.00381458 -0.00194925 -2.3598e-05 -0.00506093 0.996425        0        0 8049
             47.0013  0.0380818 -0.0398626   0.040381  0.00104763 0.000723921 7.99785e-05 -0.00227718 -0.00217159 -0.00559884 -0.00150536 -0.00172003  0.00380742  -0.00198988 -9.78346e-05  -0.00503073 1.00021       0       0 0
             47.1016  -0.0653954   -0.068435 -0.00836544  0.000284454 -0.000173117  -0.00116622  -0.0074176 -0.00747407  -0.0152257 -0.00148007 -0.00171635  0.00382787  -0.00193364 -2.23181e-05  -0.00496663 1.00021       0       0 7885
             47.1016  0.0355552 -0.0261754  0.0379915  0.00116275 0.000851486 0.000576491 0.00274707 0.00167797 0.00372758 -0.00150756 -0.00172754  0.00381527  -0.00202583 -0.000117462  -0.00515115 0.995779        0        0 0
             47.2015  -0.0819105 -0.00707943 -0.00940134 0.000693874 0.000301343 0.000110309 -0.00711712 -0.00693758 -0.00812659 -0.00147574 -0.00173348  0.00383517  -0.00196042 -4.44637e-05  -0.00505292 0.995777        0        0 8194
             47.2015  0.0329365 -0.0394719  0.0374571   0.00119296    0.0008535 -0.000152101 -0.00168696 -0.00222438  -0.0111025 -0.00150703 -0.00172475  0.00382243  -0.00201481 -9.85965e-05  -0.00502382 0.999936        0        0 0
             47.3013 -0.0831073  -0.068024 -0.0161281  0.000245335 -0.000380079  -0.00187982 -0.0100544 -0.0121385 -0.0185185 -0.00147523 -0.00172139  0.00384636  -0.00192395 -9.23022e-06  -0.00494776 0.999934        0        0 7915
             47.3013  0.0321492 -0.0234271  0.0423328   0.0010061 0.000604794 0.000853185 -0.00102799 -0.00366139   0.0105929 -0.00150664  -0.0017334  0.00383044  -0.00200414 -9.93966e-05  -0.00523236 0.995096        0        0 0
             47.4016   -0.13549 -0.0550042 -0.0141549 -5.82157e-05 -0.000925827    0.0011849 -0.0119538 -0.0137058 0.00411923 -0.00146268 -0.00173027  0.00385637  -0.00191105 -4.86255e-06  -0.00516253 0.995094        0        0 8236
             47.4016  0.0321866 -0.0461929  0.0461679  0.000907804  0.000431491 -0.000216854 -0.00149415 -0.00140324  -0.0111916 -0.00150835 -0.00173258  0.00383995  -0.00201158 -0.000135598  -0.00501061 0.995352        0        0 0
             47.5015   -0.11141 -0.0683567 -0.0144759  3.92419e-05 -0.000708061  -0.00199325 -0.00948707 -0.00817799  -0.0166812 -0.00147405 -0.00173155  0.00386544   -0.0019419 -3.75467e-05  -0.00496651 0.995353        0        0 7986
             47.5015  0.0277424 -0.0213291  0.0428879 0.000888564  0.00068301 0.000734144 0.000262026  0.00417587   0.0130376 -0.00151209 -0.00174446  0.00384978  -0.00202921 -0.000166626  -0.00525787 0.999307        0        0 0
             47.6013  -0.171596 -0.0250944 -0.0431664  0.00017069 -0.00046486 0.000709626 -0.00981976 -0.00973862 -0.00200471 -0.00146182 -0.00174518  0.00388017  -0.00194473 -1.50998e-05  -0.00514143 0.999309        0        0 8098
             47.6013  0.0327641 -0.0379042  0.0398955  0.00111024 0.000712149 0.000125492 0.000473032  0.00053409 -0.00845384 -0.00151745 -0.00174163  0.00385757  -0.00204465 -0.000129728  -0.00507725 1.00045       0       0 0
             47.7016   -0.126203  -0.0452024 0.000565607  0.000346848 -0.000698247  -0.00159263 -0.00660008   -0.012854  -0.0203179 -0.00147634 -0.00174534  0.00387695 -0.00197226  6.0875e-06 -0.00498985 1.00045       0       0 8061
             47.7016   0.031205 -0.0366555  0.0403377 0.000944848 0.000810197 1.85441e-05 -0.000401627 -4.77094e-05  -0.00290801 -0.00151935 -0.00174761  0.00386609  -0.00202942 -0.000128256  -0.00516065 1.00011       0       0 0
             47.8015  -0.0731459  -0.0927368 -0.00921436  0.000423222 -0.000255387 -0.000511487 -0.00703427  -0.0102489 -0.00612575 -0.00148445 -0.00173582  0.00389121  -0.00198203 -2.48301e-05  -0.00512733 1.00011       0       0 7993
             47.8015  0.0319126 -0.0348755  0.0546788 0.000637632 4.94397e-05 0.000346477 -0.00416111  -0.0081414  0.00167013 -0.00151315 -0.00175151  0.00387376  -0.00200423 -5.38951e-05  -0.00520291 0.9998      0      0 0
             47.9013   -0.161099   0.0811174 5.61748e-05  -0.00128047   -0.0024069 -0.000748909 -0.0203062 -0.0218276 -0.0114135 -0.00146339 -0.00178855  0.00389726 -0.00185133 9.75385e-05 -0.00506236 0.999802        0        0 8063
             47.9013  0.0319096 -0.0342256  0.0391887  0.00132003  0.00086737 0.000123774  0.00831902  0.00824626 -0.00250718 -0.00151639 -0.00175671  0.00388652  -0.00213372 -0.000204591  -0.00514975 0.995634        0        0 0
             48.0017  -0.118988 -0.0480636  0.0177513   0.00100185 -0.000239505  -0.00181376 -0.00358929 -0.00641849  -0.0164645  -0.0014766 -0.00175694  0.00390129 -0.00202844 -2.9496e-05 -0.00502445 0.995658        0        0 8079
             48.0017  0.0366007 -0.0374464  0.0423878  0.00112782 0.000575285 0.000337851  -0.00247479 -0.000807574   0.00318111 -0.00151884 -0.00175973  0.00389461  -0.00203592 -9.50011e-05  -0.00521797 0.999507        0        0 0
             48.1015  -0.172644  0.0102087 -0.0320348 0.000229231 -0.00158635 -0.00171264 -0.0103145 -0.0199786 -0.0179968 -0.00146145 -0.00177754  0.00392182 -0.00197771  7.0637e-05 -0.00504164 0.999519        0        0 8180
             48.1015  0.0351489 -0.0339275  0.0393276   0.00129621  0.000792349 -6.97276e-05  0.00137573 0.000820049  -0.0036825 -0.00151841 -0.00176534  0.00390226  -0.00209119 -0.000144465  -0.00518243 0.99997       0       0 0
             48.2013  -0.117925  -0.023623 -0.0147998  0.000583607 -0.000427117  -0.00217637 -0.00714476  -0.0105009  -0.0215399 -0.00147789 -0.00176934  0.00392721  -0.00198645 -2.55425e-05   -0.0050372 0.999984        0        0 8043
             48.2013  0.0359324 -0.0340502  0.0376168  0.00126139 0.000899182 0.000552729  3.8262e-05 -0.00029528  0.00343016  -0.0015201 -0.00176631  0.00391285  -0.00205368 -0.000135434   -0.0052838 0.999361        0        0 0
             48.3017    -0.10923 -0.00621317  0.00883742 -3.69843e-06 -0.000659251 -0.000371795 -0.0135082 -0.0135752 -0.0105231 -0.00148469 -0.00177961  0.00392841 -0.00195389 5.42604e-06 -0.00516602 0.999361        0        0 8328
             48.3017  0.0321863 -0.0425639  0.0497402  0.000977777  0.000229314 -0.000287059  -0.0030449  -0.0063098 -0.00997913 -0.0015234 -0.0017696 0.00391726 -0.00205711 -7.5516e-05 -0.00517111 0.999452        0        0 0
             48.4015   -0.127596  -0.0154311 -0.00978111 2.50004e-05 -0.00191502 -0.00206193 -0.00989898  -0.0194954  -0.0193674  -0.0014875 -0.00177846  0.00393955  -0.0019752 7.09992e-05 -0.00507867 0.999464        0        0 8189
             48.4015  0.0416749 -0.0445904   0.048278   0.0011385 0.000308539 -0.00013927  0.00218166 0.000296943 0.000673196 -0.00153397 -0.00177032  0.00392365   -0.0020924 -0.000132293   -0.0052767 1.00112       0       0 0
             48.5013  -0.116237 -0.0339096 0.00311316 0.000488542 -0.00100736 -0.00103761 -0.00815542  -0.0102627 -0.00681239 -0.00149551  -0.0017777  0.00394447  -0.00202524 -2.43481e-05  -0.00519887 1.00113       0       0 8269
             48.5013  0.0356315 -0.0324447   0.043959  0.00117611 0.000476362 0.000329542 -0.00112333  0.00159889  0.00495348 -0.00153724 -0.00177799  0.00393324  -0.00209131 -0.000149961  -0.00531463 0.996733        0        0 0
             48.6017  -0.111093 -0.0400722 -0.0360918  0.000346386 -0.000796626 -0.000183671 -0.00932795 -0.00937398 -0.00396321 -0.00149991 -0.00177973  0.00396204  -0.00200721 -1.35284e-05  -0.00523309 0.996739        0        0 8222
             48.6017  0.0341394 -0.0346797  0.0467333  0.00100156 0.000314661 0.000270825 -0.00209251 0.000230389 0.000675432 -0.00153971 -0.00178104  0.00393941  -0.00207622 -0.000118228   -0.0052783 1.00094       0       0 0
             48.7015  -0.0935992  -0.0567667 -0.00162315  0.000279459   -0.0011341 -0.000482486 -0.00764526   -0.013071 -0.00793535 -0.00150972 -0.00177776  0.00395901  -0.00202995 -7.08718e-06  -0.00521838 1.00095       0       0 8202
             48.7015 0.0352097 -0.038535 0.0512043 0.000747425 0.000134388 6.40479e-05 -0.00282629 -0.00306223 -0.00211498 -0.00154526 -0.00178269  0.00394445 -0.00207469 -0.00011387 -0.00527552 0.999814        0        0 0
             48.8013  -0.141306 0.00221958 -0.0471721 -0.000281609  -0.00132616  -0.00112262 -0.0102509 -0.0130587 -0.0141759 -0.00149943 -0.00179723  0.00398019   -0.001997 3.02593e-06 -0.00518665 0.999818        0        0 8201
             48.8013  0.0353906 -0.0411763  0.0392544  0.000899104  0.000761997 -6.42352e-05  0.00253009  0.00554806 -0.00335071 -0.00154831 -0.00178507   0.0039564 -0.00212305 -0.00019107 -0.00529407 0.999719        0        0 0
             48.9017 -0.0667529 -0.0532556 -0.0265279 -0.000204095  0.000232294   -0.0011607  -0.0123608 -0.00351225    -0.01242 -0.00152371 -0.00178475  0.00398189  -0.00200291 -9.36486e-05  -0.00522369 0.999722        0        0 8012
             48.9017  0.0304756 -0.0293819  0.0417951 0.000697742 0.000657892 0.000630364  -0.0023436 -0.00142676  0.00358089 -0.00155034 -0.00179094   0.0039632  -0.00209566 -0.000122026  -0.00538145 0.99478       0       0 0
             49.0015  -0.121569  -0.046634 -0.0459751   0.00041042 -0.000770834  0.000774448 -0.00150876  -0.0133589 0.000458629 -0.00151445 -0.00179042  0.00399528 -0.00209274 7.01062e-06 -0.00534972 0.994783        0        0 8137
             49.0015  0.0320625 -0.0416239  0.0397811  0.00111287  0.00076843 1.84352e-05  0.00583173 0.000966431 -0.00795693  -0.0015567 -0.00179172  0.00397176  -0.00216384 -0.000143922  -0.00526515 0.995827        0        0 0
             49.1013  -0.0939664    -0.08462 0.000932096  0.000520345 -0.000707608  -0.00140156 -0.00787441  -0.0114712  -0.0142109  -0.0015212 -0.00178475  0.00399224  -0.00206105 -1.38504e-05  -0.00520451 0.99583       0       0 7924
             49.1013  0.0309389 -0.0209673  0.0466965 0.000858829 0.000413708 0.000797281 -0.00421004 -0.00220598  0.00938502 -0.00155576 -0.00180213  0.00397958  -0.0020897  -0.0001132 -0.00543792 0.995745        0        0 0
             49.2017  -0.121175 -0.0491492 -0.0524666  0.000374187 -0.000684815   0.00118467  -0.0053364 -0.00995422  0.00430341 -0.00151668 -0.00179737  0.00401349  -0.00207696 -1.77177e-05  -0.00539832 0.995744        0        0 8052
             49.2017  0.0361539 -0.0402174  0.0418973   0.00104494  0.000614916 -6.56007e-05  0.00182614  0.00298914 -0.00965566 -0.00156007 -0.00179971   0.0039876   -0.0021469 -0.000156545  -0.00525794 0.996116        0        0 0
             49.3015  -0.109523 -0.0543614 -0.0196741   0.00036944 -0.000844341  -0.00210317 -0.00607829  -0.0130014  -0.0212685 -0.00152165 -0.00180034   0.0040132  -0.00206961 -8.75872e-06   -0.0051645 0.996117        0        0 7905
             49.3015  0.029167 -0.035788  0.040869  0.00107168 0.000778463 0.000203588 0.00124316 0.00050226 0.00338081 -0.00155997 -0.00180537  0.00399651 -0.00213685 -0.00015024 -0.00540925 1.00068       0       0 0
             49.4013  -0.099493 -0.0470393 -0.0296622  0.000843347 -4.55853e-05  0.000123048 -0.00253971 -0.00681855 -0.00194607 -0.00152924 -0.00180514  0.00402315  -0.00210301 -5.87754e-05  -0.00537194 1.00069       0       0 8045
             49.4013  0.0325586 -0.0400571  0.0398036 0.000951874 0.000804311 4.60448e-07 -0.00172302 0.000823649 -0.00328241 -0.00156571 -0.00180705  0.00400402  -0.00211058 -0.000143879  -0.00535836 0.999307        0        0 0
             49.5017  -0.0681534   -0.057101 -0.00608316 -5.90432e-05 -0.000991853  -0.00106363 -0.0125062 -0.0177314 -0.0127691 -0.00153874 -0.00180558  0.00402464 -0.00203208 2.74396e-05 -0.00528405 0.99931       0       0 8073
             49.5017  0.0306491 -0.0210652  0.0446289  0.00153424 0.000436044 0.000979884  0.00567129 -0.00495945   0.0095129 -0.00156609 -0.00181482   0.0040107  -0.00220408 -0.000104264   -0.0055044 0.999801        0        0 0
             49.6015   -0.12789 -0.0853923  -0.022477  0.00131387 -0.00106965   0.0014118 -0.00129748  -0.0134457  0.00313665 -0.00152268 -0.00180289  0.00403936  -0.0021146 2.10288e-06 -0.00545614 0.999798        0        0 8057
             49.6015  0.0344346 -0.0354085  0.0400233  0.00152769  0.00065103 -3.9119e-05 0.000556214  0.00302811  -0.0129187 -0.00156773  -0.0018167  0.00402203  -0.00213023 -0.000170675  -0.00529443 0.995102        0        0 0
             49.7013  -0.115843 -0.0161185 -0.0136397  0.000721205 -0.000586438  -0.00185316  -0.0116481 -0.00856997  -0.0193192 -0.00152746 -0.00182466  0.00404551   -0.0020533 -4.76521e-05  -0.00524627 0.995099        0        0 8130
             49.7013  0.0377813 -0.0358795  0.0254646  0.00133074  0.00154913 0.000599535 -0.00549011  0.00868673  0.00699938 -0.00157011 -0.00181896  0.00403467  -0.00211258 -0.000226967  -0.00550979 0.999256        0        0 0
             49.8017   -0.033122   -0.050428 -0.00600419 0.000231641 0.000767076 0.000613339 -0.00846091 -0.00578819 0.000710784 -0.00155239 -0.00182138   0.0040499  -0.00205785 -7.05203e-05  -0.00545881 0.999263        0        0 8142
             49.8017  0.0333911 -0.0262977  0.0461525  0.00110584 0.000458225 0.000273966  0.00174958 -0.00968697 -0.00217782 -0.00157055 -0.00182775  0.00403562  -0.00215549 -3.87485e-05  -0.00542863 0.999604        0        0 0
             49.9015 -0.0872955 -0.0508348 0.00507055  0.000492222  -0.00142595 -0.000609374 -0.00914257  -0.0212584  -0.0099899 -0.00154602 -0.00182003  0.00405425 -0.00206418 4.44893e-05 -0.00536475 0.9996      0      0 8089
             49.9015  0.0394723 -0.0378428   0.041946  0.00120943 0.000541707 0.000528245  -0.0015572 -0.00128857   0.0022999  -0.0015815 -0.00182339  0.00404394  -0.00213625 -0.000159475  -0.00548697 0.996264        0        0 0
             50.0013 -0.0447718 -0.0522562  0.0223547  0.000138113 -0.000578934  1.29714e-05  -0.0111364 -0.00794282 -0.00581508 -0.00155692 -0.00182795  0.00405914  -0.00206578 -5.43902e-05  -0.00541926 0.996269        0        0 7991
             50.0013  0.0296185 -0.0168636  0.0419056  0.00132594 0.000609958 0.000480484   0.00234414   0.00253635 -0.000810083 -0.00157767 -0.00183734  0.00405369  -0.00219413 -0.000161979  -0.00546767 1.00073       0       0 0
             50.1017  -0.0881768  -0.0142362 8.86309e-05  0.000710076 -0.000178185 -0.000397563 -0.00829661 -0.00720876 -0.00999533 -0.00155049 -0.00183698  0.00407101  -0.00207219 -4.94391e-05  -0.00538863 1.00073       0       0 8050
             50.1017  0.0346912 -0.0485894  0.0393243   0.00100054  0.000753288 -8.98036e-06 -0.00546952  0.00134236 -0.00590248 -0.00158458 -0.00182741  0.00406017  -0.00210208 -0.000142562     -0.00543 0.995767        0        0 0
             50.2015 -0.0816624 -0.0935251 -0.0258067  0.000277508 -0.000381606  -0.00119595 -0.0069265 -0.0109202 -0.0118241 -0.00155175 -0.00182413  0.00408887  -0.00212071 -4.14867e-05  -0.00538449 0.995771        0        0 7932
             50.2015  0.0264137 -0.0215416  0.0412331  0.00114469 0.000729233 0.000689608  0.00347962 -0.00139658  0.00543052 -0.00158199 -0.00184379  0.00407025   -0.0022145 -0.000143332  -0.00555548 0.999391        0        0 0
             50.3013   -0.120469 -0.00244526  -0.0371795  0.000854873 -0.000357436  0.000260235 -0.00484889  -0.0083088 -0.00609018 -0.00155206 -0.00184785  0.00409748 -0.00212228 -3.1608e-05 -0.00545056 0.99939       0       0 8005
             50.3013  0.0367795 -0.0495723  0.0428407   0.00139964  0.000561762 -0.000509026  0.000780902 -0.000174162   -0.0146477 -0.00159587 -0.00183469  0.00407527  -0.00218163 -0.000124483  -0.00536454 0.994847        0        0 0
             50.4017  -0.105786 -0.0777816 0.00317331 0.000727777 -0.00109148 -0.00229275 -0.00679836  -0.0146755  -0.0184501 -0.00155907 -0.00183148  0.00409245 -0.00213165  1.2495e-05 -0.00534251 0.994855        0        0 8032
             50.4017  0.0340111 -0.0232151  0.0438897  0.00135857 0.000468421 0.000872902 -0.000435955  -0.00247593    0.0137788 -0.00159798  -0.0018461  0.00408114  -0.00218647 -0.000117306  -0.00566554 0.995249        0        0 0
             50.5015 -0.0733529 -0.0779924 -0.0118641   0.00110104 -0.000610423   0.00181266 -0.00149393  -0.0105021  0.00921269 -0.00157006  -0.0018351  0.00410563 -0.00216048 -3.2149e-05 -0.00562168 0.99525       0       0 8090
             50.5015  0.0353711 -0.0253715  0.0401135  0.00155946 0.000702444 0.000696669  0.00342862  0.00207321 -0.00307317 -0.00160048 -0.00184965  0.00409114  -0.00220561 -0.000164002  -0.00549638 0.995357        0        0 0
             50.6013 -0.0846723 -0.0788406 -0.0237223  0.000952548 -0.000445858 -0.000616841 -0.00900007 -0.00961776  -0.0132956 -0.00156724 -0.00183811  0.00411874  -0.00212285 -4.08214e-05  -0.00540819 0.995349        0        0 7979
             50.6013  0.0304338 -0.0299775  0.0430681   0.0011248 0.000540744 0.000397444 -0.00719401 -0.00135603 -0.00298533 -0.00159937 -0.00185158  0.00410016  -0.00213578 -0.000131546  -0.00551115 1.00032       0       0 0
             50.7017  -0.113004 -0.0462566 -0.0201664  0.000240576 -0.000765402 -0.000528915 -0.00827453  -0.0111343 -0.00982387 -0.00156289 -0.00185098  0.00412474   -0.0021089 -9.20855e-06  -0.00545673 1.00033       0       0 8182
             50.7017 0.0324289 -0.032049  0.042496  0.00101528 0.000511506 0.000374236  0.000357288   0.00047395 -1.81401e-05 -0.00160334 -0.00185455  0.00410739  -0.00219153 -0.000134834  -0.00555446 0.996424        0        0 0
             50.8015  -0.109302 -0.0392879 -0.0557099  0.000204821 -0.000653693   -0.0006442 -0.00947413  -0.0107316   -0.012057 -0.00156391 -0.00185683  0.00414392  -0.00211032 -2.67004e-05  -0.00545386 0.996422        0        0 7948
             50.8015  0.0347238 -0.0315481  0.0350587   0.0012034 0.000871362 0.000424298   0.00153733    0.0031562 -0.000442805 -0.00160427 -0.00185863  0.00411862  -0.00221682 -0.000175004  -0.00557006 0.996578        0        0 0
             50.9014  -0.119162 -0.0179745  -0.043079  0.000261963 -0.000341225  -0.00014496 -0.00924765 -0.00915721 -0.00844497 -0.00157158 -0.00186456  0.00414441  -0.00211014 -3.67766e-05  -0.00551562 0.996582        0        0 8058
             50.9014  0.0352592 -0.0282784  0.0345985  0.00118413 0.000927127 0.000552089  0.000177019    0.0010808 -0.000974575 -0.00160977 -0.00186292  0.00412513  -0.00220232 -0.000148331  -0.00559029 0.995831        0        0 0
             51.0017  -0.126244 -0.0110716 -0.0367505 -0.000268514 -0.000985718 -0.000820343 -0.0156934 -0.0178269 -0.0143285 -0.00157718 -0.00186589  0.00414861 -0.00207279 1.31583e-05  -0.0054716 0.995833        0        0 7933
             51.0017  0.0328181 -0.0386493  0.0282541   0.00214307   0.00114498 -6.10862e-05    0.009569 0.000465791 -0.00694132 -0.00161754 -0.00186388  0.00413135  -0.00229812 -0.000164275  -0.00553798 1.00023       0       0 0
             51.1015  -0.109052  -0.125897 -0.0266048   0.00232196 -4.63418e-05  -0.00140202  0.00165201 -0.00970103  -0.0125612 -0.00158091   -0.001843  0.00415417  -0.00222566 -2.98686e-05  -0.00549771 1.00025       0       0 8035
             51.1015  0.0332902 -0.0262463  0.0412779  0.00142904 0.000645126 0.000622928 -0.00798286 -0.00387133  0.00547406 -0.00162046 -0.00187125   0.0041353   -0.0021202 -9.84311e-05   -0.0056746 0.994757        0        0 0
             51.2014  -0.140957  0.0140392 -0.0316371 -0.000367074  -0.00123065 -0.000305358  -0.0207487  -0.0160925 -0.00974157 -0.00157617 -0.00188519  0.00416191 -0.00201426 4.47595e-05 -0.00553416 0.994756        0        0 7966
             51.2014   0.033189 -0.0227407  0.0287207  0.00111216  0.00127907 0.000879856 -0.00482446  0.00722565  0.00290012 -0.00162571 -0.00187431  0.00414493  -0.00217342 -0.000199452  -0.00566244 0.994948        0        0 0
             51.3017 -0.0991785 -0.0989507 -0.0434625  0.000470874 -0.000113321 -0.000183298  -0.0047938  -0.0114559 -0.00943109 -0.00159007 -0.00185732  0.00417184  -0.00215745 -1.65089e-05  -0.00555826 0.994955        0        0 8038
             51.3017  0.0351529 -0.0264569  0.0134501  0.00230857  0.00206542 0.000733628   0.0143071  0.00694363 -0.00156476 -0.00162796 -0.00187663  0.00415593 -0.00233867 -0.00020846 -0.00563508 0.995894        0        0 0
             51.4015  -0.132808 -0.0348036 -0.0427547   0.00197345  0.000400207 -0.000926716 -0.00430365  -0.0127019   -0.019437 -0.00158389 -0.00187895  0.00417989 -0.00217188 -9.5788e-06 -0.00548037 0.995901        0        0 8110
             51.4015  0.0361392 -0.0258456  0.0134764  0.00263202  0.00207517 0.000523589  0.00245781  0.00040656 -0.00393069 -0.00163131 -0.00188118  0.00416412  -0.00223663 -0.000151991  -0.00563666 0.996493        0        0 0
             51.5014 -0.0915321 -0.0553266  -0.026539    0.0015713  0.000454293 -0.000837728 -0.0128203 -0.0138569 -0.0161739 -0.00159711 -0.00187651  0.00418454 -0.00209837 4.84315e-06 -0.00552972 0.996504        0        0 8025
             51.5014  0.0331313 -0.0235771  0.0300622  0.00176316     0.00112 0.000600603   -0.010622 -0.00861731 -0.00117452 -0.00163206 -0.00188532  0.00416872   -0.0021162 -5.73488e-05  -0.00568118 1.00069       0       0 0
             51.6017  -0.147624 -0.0116774 -0.0275184  0.000120531 -0.000899765 -0.000131375  -0.0166838  -0.0185534 -0.00819388 -0.00158429 -0.00189162  0.00419233 -0.00205299 5.49858e-05 -0.00560842 1.00069       0       0 8274
             51.6017  0.0353965 -0.0393343  0.0262367  0.00176448  0.00126218 9.83969e-05  0.00143641 0.000692485 -0.00610007 -0.00163583 -0.00188318  0.00417725  -0.00223347 -0.000149258  -0.00562855 0.99676       0       0 0
             51.7015  -0.114894 -0.0340275 0.00226951  0.000769535 -0.000216727  -0.00178152 -0.0109723 -0.0118117 -0.0164259 -0.00159651 -0.00189057  0.00419226  -0.00212566 -8.63433e-06  -0.00552515 0.996772        0        0 7952
             51.7015  0.0292036 -0.0316279  0.0410067  0.00148213 0.000697559 6.40364e-07  -0.00278572  -0.00505892 -0.000645048 -0.00163698 -0.00189099  0.00418143   -0.0022041 -8.67544e-05  -0.00568455 1.00046       0       0 0
             51.8014    -0.11371  -0.0275184 -0.00708195 0.000423076 -0.00103179 -0.00138734 -0.0143594 -0.0150105 -0.0117271 -0.00160634  -0.0018917  0.00419906 -0.00210986 2.69144e-05 -0.00557788 1.00046       0       0 8123
             51.8014  0.0383062 -0.0425876  0.0374274   0.00122695  0.000876025 -0.000126913  -0.00563922   0.00265335 -0.000231916 -0.00164358 -0.00188886  0.00418824  -0.00219544 -0.000157788  -0.00569405 0.995408        0        0 0
             51.9017  -0.130829 -0.0608158 -0.0587342  0.000133465 -0.000356225  -0.00135243 -0.00933772 -0.00973872  -0.0120765 -0.00160334 -0.00188871  0.00422158  -0.00214273 -4.15431e-05  -0.00560839 0.995413        0        0 7912
             51.9017  0.0384481 -0.0168735  0.0278866 0.00216274 0.00104966 0.00105435  0.0136324 0.00158494  0.0103249 -0.00164817 -0.00190662  0.00419793  -0.00234065 -0.000158333  -0.00581565 1.00045       0       0 0
             52.0015 -0.0870739  -0.060702 0.00498015   0.00226948 -0.000149882   0.00144409 0.000343633  -0.0111467   0.0011289 -0.00162526 -0.00189628  0.00421036  -0.00223297 -3.80618e-05  -0.00575129 1.00046       0       0 8078
             52.0015  0.0374519 -0.0316002  0.0383764  0.00165374 0.000608286 0.000326491 -0.00702011 -0.00434724  -0.0110414 -0.00166007 -0.00190496  0.00420103  -0.00215729 -0.000114894  -0.00562854 1.00142       0       0 0
             52.1014 -0.0967968 -0.0551927 -0.0345454  0.000227601 -0.000399586  -0.00133937  -0.0158968 -0.00926013  -0.0194216 -0.00162824 -0.00190158  0.00422786   -0.0020853 -4.76421e-05  -0.00555527 1.00141       0       0 7918
             52.1014  0.0355841 -0.0234831  0.0420834  0.00128228 0.000609819 0.000630236  -0.00366847 -0.000494253   0.00215107 -0.00166567 -0.00190971  0.00420638  -0.00220228 -0.000146345  -0.00577377 0.996142        0        0 0
             52.2017  -0.105885 -0.0940281   -0.03065  0.000624286 -0.000386855  0.000600674  -0.0069076 -0.00871777 -0.00079932 -0.00162816 -0.00189305  0.00423512 -0.00216333 -4.8566e-05  -0.0057391 0.996144        0        0 8151
             52.2017  0.0403178 -0.0428522  0.0443597   0.00133297  0.000463669 -6.14791e-05 0.000808342 -0.00157041 -0.00800174 -0.00166922 -0.00190701  0.00421417  -0.00223636 -0.000132066  -0.00566401 0.996355        0        0 0
             52.3015 -0.0637673 -0.0440201  0.0148678  0.000588252 -0.000786259  -0.00192443 -0.00875362  -0.0104382  -0.0180739 -0.00163713 -0.00191328  0.00423253  -0.00216962 -3.53432e-05  -0.00556058 0.996349        0        0 7913
             52.3015  0.0373919 -0.0370688  0.0459886   0.00156769  0.000361425 -6.17517e-05   0.00230292 -0.000650125   0.00216358 -0.00166578 -0.00191473  0.00422373  -0.00227698 -0.000140349  -0.00576602 0.996681        0        0 0
             52.4014  -0.143995  -0.052657 -0.0451649  0.000953959 -0.000903174 -0.000884398 -0.00778917  -0.0104783 -0.00780188 -0.00162269 -0.00191324  0.00425409  -0.00216841 -2.68171e-05  -0.00569527 0.996679        0        0 8118
             52.4014  0.0368182 -0.0221359  0.0259349  0.00193335  0.00124153 0.000754726 0.00331173 0.00912476 0.00692721  -0.0016739 -0.00192126  0.00423406  -0.00227428 -0.000235859  -0.00584376 1.0009      0      0 0
             52.5017   -0.12276 -0.0204642 -0.0243829   0.00106534 -0.000206787  0.000181438 -0.00875098  -0.0121953 -0.00780661 -0.00162846 -0.00192675  0.00425715   -0.0021617 -3.58643e-05  -0.00572373 1.0009      0      0 8041
             52.5017  0.0375508 -0.0342491  0.0273824  0.00203264  0.00129898 0.000312349 0.000815144 9.99803e-05 -0.00640761 -0.00167358  -0.0019225  0.00424262  -0.00225759 -0.000170745  -0.00573743 1.00114       0       0 0
             52.6015 -0.0831849 -0.0904593 -0.0282931  0.00120945 5.56444e-05 -0.00103089 -0.00820474  -0.0124685  -0.0170285 -0.00163687 -0.00191125  0.00426828   -0.0021699 -3.01066e-05  -0.00565651 1.00114       0       0 8091
             52.6015  0.0334053 -0.0282844  0.0428055   0.0011279 0.000543265  0.00060075 -0.00896022 -0.00819336 0.000910953 -0.00166967 -0.00192853  0.00424833  -0.00215617 -8.29411e-05  -0.00583877 1.00053       0       0 0
             52.7014  -0.169265  0.0113325 -0.0380285 -0.000314133  -0.00111079  0.000109805  -0.0159694  -0.0158357 -0.00576073 -0.00162125 -0.00194089  0.00427718 -0.00210783 2.02495e-05 -0.00575017 1.00052       0       0 7978
             52.7014  0.0375895 -0.0395977  0.0404295  0.00107326 0.000634264 8.47479e-05 -0.00101225  0.00100216 -0.00624683 -0.00167986 -0.00192603  0.00425507  -0.00226063 -0.000164232  -0.00574479 0.999903        0        0 0
             52.8018  -0.137422 -0.0665593 -0.0156242  0.000406043 -0.000726472  -0.00190428 -0.00655699 -0.00923649  -0.0164515 -0.00163359 -0.00192344  0.00427903  -0.00220356 -3.73497e-05  -0.00563557 0.999915        0        0 8081
             52.8018  0.0339937 -0.0203801  0.0306201  0.00145283  0.00123025 0.000886073 0.00451423 0.00564747 0.00790602 -0.00168208 -0.00193561  0.00426597  -0.00230652 -0.000198552  -0.00588279 0.995816        0        0 0
             52.9016  -0.136119 -0.0313184 -0.0451653  0.000953588 -1.33619e-05  0.000536359  -0.0062829  -0.0103055 -0.00263627 -0.00164074 -0.00193618  0.00429525  -0.00220538 -2.76296e-05  -0.00579027 0.995824        0        0 8039
             52.9016   0.034013 -0.0312504  0.0280837  0.0020078 0.00117956 0.00037697  0.00545278  1.8358e-06 -0.00447849 -0.00168884 -0.00193585   0.0042746  -0.00232236 -0.000144533  -0.00577029 1.00077       0       0 0
             53.0014 -0.0931621 -0.0915086 -0.0282123   0.00133379 -0.000187414  -0.00101677 -0.00837683   -0.012233  -0.0153122 -0.00165263 -0.00192326  0.00429831  -0.00219666 -2.14538e-05  -0.00569077 1.00077       0       0 8027
             53.0014  0.0328835 -0.0209918   0.037898  0.00150352 0.000733033 0.000882485 -0.00636601 -0.00420432  0.00531452 -0.00168817 -0.00194278  0.00427974  -0.00220955 -0.000112276  -0.00590086 1.00135       0       0 0
             53.1013  -0.109054 -0.0240371 -0.0109597 0.000403364  -0.0006882 0.000724142  -0.011162 -0.0144155 -0.0046632 -0.00164988 -0.00194472  0.00430227 -0.00215658 1.89721e-07 -0.00582694 1.00135       0       0 8137
             53.1013  0.0361753 -0.0414409  0.0444676   0.00107582  0.000462413 -6.81026e-05 -0.00410025 -0.00312225  -0.0135228 -0.00169121 -0.00193961  0.00428657  -0.00222905 -0.000124363  -0.00573583 1.00027       0       0 0
             53.2016 -0.0645876 -0.0628159  0.0176957  0.000299982 -0.000520794  -0.00154666 -0.00809079 -0.00955877  -0.0172706 -0.00166827 -0.00193655  0.00430291  -0.00220257 -4.60981e-05   -0.0057084 1.00027       0       0 8039
             53.2016  0.0308634 -0.0212478  0.0486035  0.00102788 0.000289979  0.00103687 0.000467273 -0.00262539   0.0108331 -0.00169538 -0.00194733  0.00429417  -0.00228233 -0.000123029  -0.00599591 0.995164        0        0 0
             53.3014   -0.123757 -0.00935486 -0.00346696 0.000560686 -0.00102591  0.00172167 -0.00491067   -0.011769  0.00696852 -0.00165997 -0.00195299  0.00431391  -0.00221868 -1.60444e-05   -0.0059391 0.995163        0        0 8253
             53.3014  0.0372972 -0.0436408  0.0457405   0.00139975  0.000273218 -0.000261482 0.00393006 0.00124025 -0.0149297 -0.00170013 -0.00194442  0.00430164  -0.00231127 -0.000157464  -0.00571346 0.99585       0       0 0
             53.4013 -0.0653283 -0.0501263 -0.0060907  0.000685099 -0.000774382  -0.00214428 -0.00885814 -0.00983616   -0.017917 -0.00167348 -0.00194461  0.00432524  -0.00221529 -5.11903e-05  -0.00568734 0.995846        0        0 8193
             53.4013  0.0363669 -0.0472155  0.0433476   0.0017408 0.000398114 -0.00049382   0.00275957   0.00125275 -1.33116e-05  -0.0016998 -0.00194875  0.00431181  -0.00231798 -0.000160114  -0.00585292 1.00037       0       0 0
             53.5016 -0.0599024 -0.0598757  0.0124324   0.00100013 -0.000581299  -0.00172302  -0.0094362 -0.00700029   -0.010278 -0.00167784 -0.00194963  0.00432611  -0.00220774 -5.81734e-05  -0.00576845 1.00037       0       0 8260
             53.5016  0.0352951 -0.0232568  0.0489322  0.00102477 0.000238958 0.000833308  -0.00854461 -0.000778244    0.0125366 -0.00170431 -0.00195971  0.00431594  -0.00221113 -0.000126026  -0.00599724 0.99531       0       0 0
             53.6014  -0.116017 -0.0030798 -0.0275414 -0.000443375  -0.00111631  0.000962195   -0.0155636   -0.0138254 -0.000196257 -0.00166354 -0.00196872   0.0043445  -0.00213395 -3.99031e-06  -0.00588889 0.995306        0        0 8149
             53.6014  0.0366542 -0.0470626  0.0460321   0.00124317  0.000366638 -0.000301943  0.00287632 0.000413013  -0.0142406  -0.0017076 -0.00195559  0.00432354   -0.0023234 -0.000160437  -0.00574162 0.996105        0        0 0
             53.7013  -0.0743972  -0.0489273 -0.00371368  0.000431896 -0.000513139  -0.00238824 -0.00833188 -0.00783052  -0.0234423 -0.00168329 -0.00195869  0.00434382  -0.00221078 -7.27627e-05  -0.00567139 0.996107        0        0 8120
             53.7013   0.036635 -0.0439397  0.0455207   0.00124722   0.00032192 -0.000106149 0.000665277 -0.00143777   0.0010779 -0.00171499 -0.00195935  0.00432986  -0.00229844 -0.000146397   -0.0059238 1.00018       0       0 0
             53.8016 -0.0963264  -0.013053 -0.0239131  0.000575945 -0.000567258 -0.000185725 -0.00795787 -0.00752006 -0.00213383 -0.00168372 -0.00197078  0.00435549  -0.00223125 -6.39233e-05  -0.00589752 1.00019       0       0 8279
             53.8016 0.0345717 -0.037096 0.0410042  0.00151921 0.000625752  4.5602e-05   0.00246174   0.00283539 -0.000296285 -0.00172098 -0.00196345  0.00433717  -0.00233726 -0.000178749  -0.00591593 0.996106        0        0 0
             53.9015 -0.0504884 -0.0654851 0.00398194   0.00102971 -0.000126399 -0.000804725 -0.00647634 -0.00623806 -0.00807047 -0.00170396 -0.00195895  0.00435353  -0.00225361 -8.06935e-05  -0.00581991 0.996108        0        0 8041
             53.9015  0.0339275 -0.0308665  0.0461364  0.00110131 0.000357787 0.000520585 -0.00558584 -0.00212592  0.00591815 -0.00172537 -0.00196811  0.00434281  -0.00225889 -0.000128386  -0.00596354 0.995678        0        0 0
             54.0013 -0.0945194 -0.0481631 -0.0259209 -8.95923e-05 -0.000696613  0.000581049  -0.0122894 -0.00983037  0.00117264 -0.00169753 -0.00196615  0.00436761 -0.00219651 -5.2275e-05 -0.00592713 0.995672        0        0 8085
             54.0013  0.0342252 -0.0452325  0.0438915   0.00106479  0.000458038 -0.000345375 0.000479575  0.00145463 -0.00908842 -0.00172711 -0.00197016  0.00435046  -0.00231238 -0.000164382  -0.00582972 1.00023       0       0 0
             54.1016 -0.0409869 -0.0866072  0.0100425  0.000745154 -0.000154428  -0.00220693 -0.00389223 -0.00583787  -0.0188615 -0.00170973 -0.00196077  0.00436725  -0.00228192 -9.91754e-05  -0.00574853 1.00023       0       0 7920
             54.1016  0.0335524 -0.0230162  0.0409453  0.00097406 0.000660107 0.000926102 -0.000943247   0.00135951    0.0141933 -0.00172913 -0.00198066  0.00435885  -0.00230153 -0.000170539  -0.00606039 0.99576       0       0 0
             54.2015 -0.0944098  -0.078221 -0.0470612  0.000818179 -0.000161679   0.00182263 -0.00144734 -0.00844082   0.0078172 -0.00169565 -0.00196704  0.00439141  -0.00230005 -7.52684e-05  -0.00601546 0.995762        0        0 8001
             54.2015  0.0321502 -0.0239656  0.0306425  0.00154684  0.00120928 0.000808056  0.00666554  0.00447276 -0.00336968 -0.00173165 -0.00198207  0.00436948  -0.00237841 -0.000215237  -0.00589732 0.996345        0        0 0
             54.3013  -0.107735 -0.0604388 -0.0241181   0.00118474 -0.000364463 -0.000695111 -0.00392303  -0.0123085  -0.0166573 -0.00170487  -0.0019739  0.00438789  -0.00227832 -2.34211e-05  -0.00577679 0.996347        0        0 7938
             54.3013  0.0369329 -0.0390225  0.0432899     0.001332  0.000516299 -3.16972e-05 -0.00264045 -0.00517993 -0.00996829 -0.00174206 -0.00197952   0.0043706  -0.00228903 -0.000106564  -0.00584574 0.996554        0        0 0
             54.4016  -0.132752 0.00917799 -0.0209448 0.000208198  -0.0010777 -0.00168334 -0.0125595 -0.0143039 -0.0176405 -0.00170224 -0.00199458  0.00439576  -0.00220957 -4.49698e-06  -0.00577874 0.996552        0        0 7989
             54.4016  0.0359495 -0.0331089  0.0382842  0.00125926 0.000796764   0.0003352 -0.00127951  0.00289206  0.00346288 -0.00174671 -0.00198566  0.00437966  -0.00231437 -0.000177947  -0.00597935 0.996292        0        0 0
             54.5015 -0.0505226 -0.0635139  0.0136898  9.85211e-05 -0.000302053 -0.000428807  -0.0122792 -0.00852721 -0.00684886 -0.00172259 -0.00198112  0.00439479  -0.00220349 -5.83031e-05  -0.00588077 0.996303        0        0 8032
             54.5015   0.033488 -0.0323912  0.0438885  0.00093992 0.000488109 0.000357836 -0.00320181 -0.00212612 0.000361205 -0.00174618 -0.00198945  0.00438629  -0.00229152 -0.000127843  -0.00595282 0.995931        0        0 0
             54.6013 -0.0886011 -0.0723647 -0.0201373 -5.86413e-05 -0.000654897 -0.000150837  -0.0112043  -0.0109516 -0.00536859 -0.00172028 -0.00198155  0.00440861   -0.0022215 -4.04184e-05  -0.00590374 0.995929        0        0 8029
             54.6013  0.0366795 -0.0377529  0.0445437  0.00103712 0.000472097 8.11241e-05   0.00129608 -0.000684393  -0.00303095 -0.00175251  -0.0019911  0.00439199  -0.00234504 -0.000154099  -0.00592632 0.999749        0        0 0
             54.7016  -0.0504801 -0.00321678  0.00666637 -0.000402792 -0.000712116   -0.0012437 -0.0158247 -0.0110508 -0.0141786 -0.00172788 -0.00200094  0.00441051  -0.00218471 -5.31193e-05  -0.00583539 0.999744        0        0 8210
             54.7016  0.0306556 -0.0322752  0.0493377   0.0011834 0.000148064 0.000219368  0.00207655 -0.00359108  0.00158787 -0.00174953 -0.00199699  0.00439877  -0.00234885 -0.000129806  -0.00598434 1.00007       0       0 0
             54.8015  -0.0957387  -0.0743887 -0.00536935 0.000807147 -0.00142047 -0.00018709 -0.00527789  -0.0148855 -0.00430098 -0.00172224 -0.00198725  0.00441949  -0.00229106 -1.21231e-05  -0.00594391 1.00008       0       0 8072
             54.8015  0.0331469 -0.0354223  0.0477505  0.00108092 0.000273555 0.000244052 -0.00239034 0.000478977  -0.0010557 -0.00175428 -0.00199769  0.00440619  -0.00231639 -0.000173745  -0.00597524 0.995426        0        0 0
             54.9013  -0.0723748  -0.0194347 -0.00825428 -2.56392e-05 -0.000743133 -0.000860344  -0.0119056 -0.00846308  -0.0120083 -0.00172934 -0.00200182  0.00442765  -0.00223486 -7.23941e-05  -0.00587414 0.995424        0        0 8085
             54.9013   0.035803 -0.0317396  0.0465034   0.0010958  0.00036272 0.000260521 0.000573193  0.00153949  0.00010963 -0.00175495 -0.00200298  0.00441401  -0.00234848 -0.000173972  -0.00598973 0.994851        0        0 0
             55.0016 -0.0506876 -0.0502153  0.0146277  0.000944393 -0.000322214 -0.000183192 -0.00231748  -0.0057252 -0.00463278 -0.00173514 -0.00200088  0.00443034  -0.00233031 -9.72023e-05  -0.00594969 0.994856        0        0 8056
             55.0016  0.0354429 -0.0340822  0.0418046  0.00102272 0.000625297 0.000253825  -0.00163553   0.00284622 -0.000232324 -0.00175474  -0.0020055  0.00442395  -0.00233509 -0.000181954   -0.0059914 0.995257        0        0 0
             55.1015 -0.0751309 -0.0236874  -0.027918   0.00017977 -1.14794e-05  -0.00081821 -0.00921419 -0.00525469  -0.0120789 -0.00173235 -0.00200987  0.00444945  -0.00226835 -0.000105137  -0.00589133 0.995257        0        0 8008
             55.1015  0.0321175 -0.0293442  0.0383112  0.00126505 0.000830466 0.000394772  0.00297219  0.00198748 0.000983749 -0.00176105 -0.00201107  0.00443103  -0.00237956 -0.000180187  -0.00601421 0.999446        0        0 0
             55.2013 -0.0609481 -0.0830291 -0.0138203  0.000564001 -8.62607e-05  0.000204284 -0.00841177 -0.00829155 -0.00357564 -0.00173883 -0.00199957  0.00445259   -0.0022696 -7.63653e-05   -0.0059905 0.999448        0        0 7959
             55.2013  0.0361113 -0.0346007  0.0476461  0.00108186 0.000264004 0.000128116 -0.00241032   -0.005639 -0.00436338 -0.00176385 -0.00201225  0.00443669 -0.00232716 -0.00011058 -0.00598082 0.999802        0        0 0
             55.3016  -0.0901681  -0.0425466 -0.00796641   0.00024785  -0.00159788 -0.000880921 -0.00904054  -0.0176724  -0.0114032 -0.00173909 -0.00201044   0.0044559 -0.00227716 1.15657e-05 -0.00592756 0.999806        0        0 8014
             55.3016  0.0355384 -0.0322502  0.0406265  0.00116439 0.000667006 0.000296214 0.000762475  0.00351836 0.000978435 -0.00176635 -0.00201648  0.00444459  -0.00236652 -0.000196628  -0.00604572 0.995817        0        0 0
             55.4015 -0.0749763 -0.0804445 -0.0338061   0.00081312 -5.47177e-05 -0.000322402 -0.00412348 -0.00653632 -0.00680895 -0.00174181 -0.00200397  0.00447214  -0.00232906 -9.62029e-05  -0.00597766 0.995821        0        0 7943
             55.4015  0.0364153 -0.0367106   0.047867   0.0011789 0.000327599 6.90384e-05 6.72302e-05 -0.00367952 -0.00256294 -0.00177261 -0.00201736  0.00444911  -0.00236401 -0.000131801  -0.00601672 0.995556        0        0 0
             55.5013 -0.0519245 -0.0803506 0.00589723   0.00107141 -0.000535459 -0.000122027 -0.00216777 -0.00692827  -0.0018029  -0.0017472 -0.00201012  0.00446835  -0.00235833 -7.97199e-05  -0.00603778 0.995559        0        0 8063
             55.5013 0.0364156 -0.032524 0.0415162  0.00114289 0.000682391 0.000235084 -0.00156722  0.00430837  0.00191768 -0.00176941 -0.00202274  0.00445937  -0.00236005 -0.000198471  -0.00607546 0.99464       0       0 0
             55.6016   -0.10568 -0.0197437 -0.0543083  0.000263412 -8.34799e-05 -0.000963757 -0.00929594 -0.00591907  -0.0131162 -0.00174379 -0.00202672  0.00448968   -0.0022842 -8.38721e-05  -0.00594507 0.994639        0        0 8104
             55.6016  0.0315886 -0.0336807  0.0419042  0.00112399  0.00055696 0.000172204    0.0003109 -0.000852663 -0.000940116 -0.00178205 -0.00202511   0.0044626  -0.00237287 -0.000144085  -0.00606158 0.995363        0        0 0
             55.7015  -0.112379 -0.0784781 -0.0433979   0.00109248 -0.000471893  -5.7565e-05 -0.000163131  -0.00907638  -0.00346966  -0.0017487 -0.00201429  0.00449262  -0.00238078 -5.52418e-05  -0.00605961 0.995371        0        0 8093
             55.7015  0.0328072 -0.0319938  0.0326802  0.00133859   0.0011288 0.000284963  0.00189026   0.0048033 -0.00104317 -0.00179038 -0.00202781  0.00447092  -0.00239653 -0.000206703   -0.0060827 1.00016       0       0 0
             55.8013 -0.0901714 -0.0338852 -0.0550945  0.000344197  0.000166095 -0.000592236  -0.0108422 -0.00785926  -0.0108007 -0.00176355  -0.0020277  0.00449926  -0.00227151 -7.16196e-05  -0.00598643 1.00016       0       0 7940
             55.8013  0.0340339 -0.0330759  0.0380683  0.00102437 0.000781893 0.000272044 -0.00340431 -0.00326203 -0.00153995 -0.00179591 -0.00202826  0.00447505 -0.00234642 -0.00012907 -0.00608355 0.995852        0        0 0
             55.9016 -0.0938811 -0.0303863 -0.0208118    0.0001139 -0.000473042 -0.000285326 -0.00950744  -0.0111199 -0.00512965 -0.00176863 -0.00202973  0.00449632  -0.00229603 -3.80246e-05  -0.00604219 0.995853        0        0 8230
             55.9016 0.0342949 -0.036553 0.0398011   0.0011335  0.00075885 2.76062e-05    0.0010952 -0.000221891  -0.00193434 -0.00179914 -0.00203127  0.00448122  -0.00239491 -0.000150504  -0.00607219 0.99617       0       0 0
             56.0015 -0.0969799 -0.0612705 -0.0156079  0.000283426 -0.000775152 -0.000700159  -0.0100619  -0.0141502 -0.00597271 -0.00177997  -0.0020236   0.0044986  -0.00230248 -1.31289e-05  -0.00603064 0.996169        0        0 7937
             56.0015  0.0323212 -0.0303648  0.0421328  0.00101545 0.000610803 0.000374264 -0.00205126 -0.00140671  0.00555861 -0.00180957 -0.00203485  0.00448449  -0.00237315 -0.000139403  -0.00613928 0.995852        0        0 0
             56.1013  -0.153916 -0.0372277 -0.0358187  0.000503745 -0.000853775  0.000161765 -0.00553248  -0.0128955 -0.00214293 -0.00177252  -0.0020344  0.00450847  -0.00234643 -1.87793e-05  -0.00608219 0.995854        0        0 8033
             56.1013  0.0333586 -0.0358377  0.0360813  0.00123278  0.00097182 6.18562e-05  0.00210723  0.00413874 -0.00337562 -0.00181641 -0.00203674  0.00449089  -0.00241729 -0.000189571   -0.0060695 0.996195        0        0 0
             56.2016  -0.108451 -0.0551805 -0.0247693 0.000719079 -0.00033265 -0.00102294 -0.00571097   -0.010789  -0.0132227 -0.00178414 -0.00203259  0.00451385   -0.0023523 -4.28376e-05  -0.00600724 0.996193        0        0 7989
             56.2016  0.0303988 -0.0259279  0.0501578 0.000943677 0.000177812   0.0006007 -0.00315197 -0.00700343  0.00421549 -0.00181895 -0.00204197  0.00449467  -0.00237262 -8.84721e-05  -0.00617544 0.999971        0        0 0
             56.3015   -0.14339 -0.0150279 -0.0447409 -7.55155e-05  -0.00152385  0.000446939 -0.0108082 -0.0166534 -0.0041991 -0.00177238 -0.00204607  0.00452969 -0.00230313 1.05972e-05 -0.00611295 0.999967        0        0 7917
             56.3015  0.0366094 -0.0502906   0.045281  0.000974358  0.000262638 -0.000685899 0.000133553  0.00102962  -0.0167976 -0.00181996 -0.00203768  0.00450479  -0.00240853 -0.000168038  -0.00599171 1.00044       0       0 0
             56.4013   -0.0836067   -0.0373069 -0.000592156  7.23362e-05 -0.000964453  -0.00281347 -0.00862417 -0.00959788   -0.022885 -0.00178573 -0.00204383   0.0045261  -0.00232163 -5.84657e-05  -0.00593301 1.00044       0       0 8113
             56.4013  0.0365658 -0.0394332  0.0430685   0.00122073   0.00052577 -0.000106674 0.00368927 0.00120575  0.0048849 -0.00181601 -0.00204412  0.00451517 -0.00244486 -0.00017302 -0.00622339 0.995211        0        0 0
             56.5016  -0.102441 -0.0806041  -0.041571   0.00143567  0.000221266 -6.52912e-05  0.00124732 -0.00165627 0.000918865 -0.00178604   -0.002035  0.00454453  -0.00243913 -0.000123583  -0.00617972 0.995213        0        0 8030
             56.5016  0.0372533 -0.0402039  0.0288018   0.00137352   0.00142841 -7.37274e-05 0.000338785  0.00965605 0.000579712 -0.00182431 -0.00204619  0.00452471  -0.00242829 -0.000243534  -0.00617598 0.994866        0        0 0
             56.6015 -0.0817018 -0.0308644  -0.021293  0.000378894  0.000647189 -0.000695621  -0.0111275 -0.00439571 -0.00487613 -0.00179723 -0.00205198  0.00454377  -0.00231747 -8.84458e-05  -0.00611628 0.994863        0        0 8173
             56.6015    0.03224 -0.0318885  0.0432976  0.00105075 0.000523111 0.000296793 -0.00324861 -0.00661475  0.00593471 -0.00182707 -0.00205213  0.00452684  -0.00239797 -7.51036e-05  -0.00622869 0.999653        0        0 0
             56.7013 -0.0933998  -0.091762  -0.028743  0.000608416 -0.000915033  0.000468472 -0.00507053  -0.0136384  0.00180482 -0.00179877 -0.00203932  0.00455176  -0.00239024 -4.57645e-06  -0.00620956 0.999656        0        0 7927
             56.7013  0.0391419 -0.0485521  0.0372411   0.00133229  0.000862376 -0.000512928  0.00269471  0.00333182 -0.00889574 -0.00182944 -0.00205193  0.00453536  -0.00246133 -0.000175139  -0.00610448 0.995949        0        0 0
             56.8016 -0.0864371 -0.0624226  -0.022997  0.00100413 -0.00025007 -0.00225038 -0.00372321 -0.00898806  -0.0195467 -0.00180518  -0.0020486  0.00455632   -0.0024098 -5.23001e-05  -0.00603366 0.995943        0        0 8204
             56.8016  0.0347797 -0.0321067  0.0460385  0.00128151 0.000427646 0.000248059 -0.000475801  -0.00365715   0.00614301 -0.00183505 -0.00205897  0.00453875   -0.0024357 -0.000111113  -0.00628225 0.995381        0        0 0
             56.9015 -0.0994606 -0.0632295  -0.011196  0.00070403    -0.00101 6.03046e-05 -0.00613486  -0.0137698 -0.00473766 -0.00180369 -0.00205082  0.00456102  -0.00238299 -1.40249e-05  -0.00620051 0.995389        0        0 7875
             56.9015    0.03444 -0.0376385  0.0429332  0.00104573 0.000579651 9.15059e-05  -0.0028409 0.000705566 -0.00474808 -0.00183436  -0.0020585  0.00454783  -0.00241198 -0.000158078  -0.00619962 0.99991       0       0 0
             57.0013  -0.0839138  -0.0674494 -0.00261663  0.000423287  -0.00042067 -0.000937837 -0.00580203  -0.0100197  -0.0128026 -0.00180767 -0.00205271  0.00456687  -0.00239034 -5.38406e-05  -0.00613526 0.999912        0        0 8010
             57.0013  0.0334566 -0.0240301   0.041697  0.00110173 0.000611867 0.000604016   0.00195109 -0.000641568   0.00391798  -0.0018359 -0.00206746   0.0045558  -0.00245915 -0.000150385  -0.00629679 0.999804        0        0 0
             57.1016  -0.108667 -0.0596654 -0.0262505  0.000764824 -0.000611957  5.42291e-05 -0.00460873  -0.0104251 -0.00514482 -0.00179817 -0.00205996  0.00458429  -0.00240824 -3.26146e-05  -0.00619578 0.999802        0        0 7876
             57.1016  0.0342096 -0.0357166  0.0430437  0.00107537 0.000546456 0.000154105 -0.00136336  0.00026568 -0.00425638 -0.00183724 -0.00206741  0.00456477   -0.0024372 -0.000145854  -0.00620366 0.99507       0       0 0
             57.2015 -0.0808152  -0.111462  -0.020339  0.000521218  -0.00065592 -0.000634755 -0.00661393  -0.0112458 -0.00771684 -0.00180941 -0.00205216  0.00458761  -0.00239787 -2.89196e-05  -0.00618411 0.995072        0        0 8117
             57.2015  0.0379176 -0.0360899  0.0376368   0.0010681 0.000864328 0.000128784 -0.000524031   0.00303579   0.00057269 -0.00183987 -0.00207226  0.00457268  -0.00245415 -0.000183893  -0.00627015 0.999785        0        0 0
             57.3013  -0.146117 -0.0610012 -0.0410423   0.00054659 -0.000689562 -0.000640138 -0.00480282  -0.0141199 -0.00957463 -0.00179729 -0.00206672  0.00459882  -0.00240715 -2.16635e-05  -0.00621437 0.999778        0        0 7842
             57.3013  0.0339166 -0.0346841   0.036719  0.00108324 0.000922794 0.000244664  0.000724771 -0.000242925 -0.000155109 -0.00184149  -0.0020757  0.00457902 -0.00245696 -0.00016795 -0.00630535 0.995634        0        0 0
             57.4016 -0.0988737 -0.0862474 -0.0184679  0.000412142 -0.000842103 -0.000373703 -0.00698019  -0.0163862 -0.00909206 -0.00181166 -0.00206275  0.00460072  -0.00239907 -1.44085e-05  -0.00624389 0.995633        0        0 8065
             57.4016  0.0345506 -0.0314437  0.0437321  0.00105483 0.000464097 0.000274956 -0.000149973  -0.00532531  -0.00210208 -0.00184752 -0.00207979  0.00458334  -0.00245877 -0.000129066  -0.00631015 0.999701        0        0 0
             57.5015   -0.152073 -0.00883675  -0.0318487  0.000151157  -0.00142478 -0.000649793 -0.00963064  -0.0177364  -0.0120119 -0.00180432 -0.00208749     0.00461 -0.00235932 2.08733e-05 -0.00621378 0.999699        0        0 8006
             57.5015  0.0385258 -0.0399579  0.0388396   0.00132209  0.000706791 -9.74412e-05  0.00308648  0.00242939 -0.00627045 -0.00185343 -0.00207969  0.00459185  -0.00249215 -0.000198302  -0.00627394 1.00013       0       0 0
             57.6013  -0.0965596  -0.0719325 -0.00297996  0.000915965 -0.000385513  -0.00122469   -0.005077 -0.00853593 -0.00941091 -0.00181847 -0.00207315  0.00461107  -0.00243569 -7.44834e-05  -0.00622528 1.00014       0       0 7992
             57.6013  0.0309124 -0.0253312  0.0453533  0.00107901 0.000440695 0.000726791 -0.00311358 -0.00199602  0.00787315 -0.00185079 -0.00208674  0.00459859 -0.00244854 -0.00014674 -0.00639607 0.99993       0       0 0
             57.7016  -0.152887  0.0307016 -0.0268816 -0.000429599  -0.00145981  0.000387404  -0.0164573  -0.0156863 -0.00131013  -0.0018154 -0.00209994   0.0046207 -0.00232028 6.81182e-06 -0.00629344 0.999934        0        0 8148
             57.7016  0.0354041 -0.0245901  0.0323525  0.00123103  0.00112448 0.000777915 0.00140252 0.00824169 0.00246337  -0.0018582 -0.00209061  0.00460671  -0.00249264 -0.000232111  -0.00632931 1.0002      0      0 0
             57.8015 -0.0155326  -0.110218  0.0233026 0.000851563 0.000430966 3.53569e-05  -0.0042944 -0.00584434 -0.00551075 -0.00184589 -0.00207033  0.00461689 -0.00244528 -0.00010955 -0.00626936 1.00021       0       0 8004
             57.8015 0.0337775  -0.02973 0.0421806  0.00111567 0.000578161 0.000442664 -0.00102801 -0.00500975 -0.00172362 -0.00185858 -0.00209253  0.00461198  -0.00246994 -0.000121005  -0.00630457 0.999505        0        0 0
             57.9013  -0.150723 -0.0286765 -0.0309337  0.000655938   -0.0013726 -0.000606323 -0.00419688  -0.0193767  -0.0128731 -0.00181841 -0.00209492  0.00463683 -0.00244069 2.08344e-05 -0.00623324 0.999504        0        0 8115
             57.9013   0.035916 -0.0396496  0.0482297  0.000998596  0.000119055 -0.000113326 -0.000873365   -0.0053971  -0.00773054 -0.00186399 -0.00209322  0.00461672  -0.00247263 -0.000125325  -0.00628353 0.995087        0        0 0
             58.0016  -0.117993 -0.0565745 -0.0117537 0.000584257  -0.0015445 -0.00143388 -0.00416664  -0.0159902  -0.0170135 -0.00182855 -0.00208942  0.00463859  -0.00244708 -1.99746e-05  -0.00622924 0.995096        0        0 7959
             58.0016  0.034703 -0.029021  0.039827   0.0011481  0.00069294 0.000569257 0.00131482 0.00380583 0.00330836 -0.00186315 -0.00209961  0.00462631  -0.00249558 -0.000219337   -0.0064291 0.995332        0        0 0
             58.1015 -0.0676314 -0.0212598  0.0168135   0.00018573 -0.000220563  0.000241037  -0.0104633 -0.00743642 -0.00534529 -0.00183946 -0.00210109  0.00464085  -0.00239511 -9.28613e-05  -0.00634447 0.995337        0        0 8183
             58.1015  0.0372568 -0.0405716  0.0476072  0.000921502  0.000294578 -0.000149027 -0.00261571 -0.00318176 -0.00959413   -0.001866 -0.00209791  0.00463297  -0.00247095 -0.000140659  -0.00630248 0.999321        0        0 0
             58.2013  -0.130466 -0.0444411 -0.0376231  0.000128634 -0.000958444  -0.00180808 -0.00923422  -0.0107112  -0.0157055 -0.00182712  -0.0020985  0.00466145   -0.0024173 -5.11884e-05  -0.00622253 0.99932       0       0 7980
             58.2013 0.0327394 -0.031206 0.0507414 0.000949492 3.04493e-05 0.000352429 3.60469e-05 -0.00230077  0.00716598 -0.00186806 -0.00210568  0.00463857  -0.00250271 -0.000143732  -0.00644698 0.995913        0        0 0
             58.3016  -0.135138 -0.0033091 -0.0110908 0.000441539 -0.00113693 8.74618e-05 -0.00550283 -0.00915145 0.000736182 -0.00183321 -0.00211454  0.00466003  -0.00245157 -6.85406e-05  -0.00637524 0.995916        0        0 8236
             58.3016  0.0317503 -0.0424888  0.0446443   0.00148457  0.000425087 -0.000215151  0.00483622   0.0043363 -0.00243854 -0.00187359 -0.00210686  0.00464617  -0.00255364 -0.000209365  -0.00634337 0.999988        0        0 0
             58.4015 -0.0775865 -0.0777907 -0.0120652  0.000928046 -0.000535241  -0.00122288  -0.0067363  -0.0077384 -0.00986441 -0.00185257 -0.00209733  0.00466578 -0.00245002 -8.9764e-05  -0.0062956 0.999997        0        0 8152
             58.4015  0.0316484 -0.0233844  0.0493417  0.00113862 0.000151621 0.000686681 -0.00417254 -0.00214146   0.0102195 -0.00187987 -0.00211385  0.00464984  -0.00246904 -0.000151423  -0.00649212 0.9998      0      0 0
             58.5013  -0.0862695  -0.0406451 -0.00498163 2.86482e-05 -0.00106199 0.000978535 -0.0117354 -0.0131512 0.00068157 -0.00184628 -0.00211001  0.00467313  -0.00239884 -5.16923e-05  -0.00643312 0.999798        0        0 8255
             58.5013  0.0393269 -0.0415835  0.0511492  0.000999425  5.27482e-05 -0.000185099 -0.00106583 -0.00217993  -0.0122047 -0.00187658 -0.00211182  0.00465891 -0.00250182 -0.00016549 -0.00630488 0.995362        0        0 0
             58.6016  -0.095299 -0.0308565 -0.0119242 9.61393e-05 -0.00116951 -0.00215346 -0.0093337 -0.0116057 -0.0222364 -0.00184554 -0.00211536  0.00468383   -0.0024239 -6.98767e-05  -0.00623244 0.995365        0        0 8131
             58.6016  0.0343101 -0.0363687  0.0387794  0.00115882 0.000821509 0.000107794 0.00216138 0.00641509 0.00179547 -0.00187484 -0.00211855  0.00467164    -0.002532 -0.000251079  -0.00646912 0.99941       0       0 0
             58.7015  -0.111148 -0.0220001 -0.0435255 0.000242869 0.000393783 -0.00082496  -0.0111506 -0.00173556 -0.00853829 -0.00185062 -0.00211938  0.00469673  -0.00241801 -0.000147812  -0.00636159 0.999403        0        0 8013
             58.7015  0.0341404 -0.0411198  0.0362095    0.0011872  0.000940476 -0.000171828 -0.000677513   0.00221949  -0.00265144 -0.00188796  -0.0021175  0.00467582 -0.00251785  -0.0001965 -0.00641869 0.995555        0        0 0
             58.8013 -0.0655008 -0.0920952 -0.0396203  0.00054976 3.20935e-05 -0.00035757 -0.00688411 -0.00732495 -0.00108765 -0.00187006 -0.00210612  0.00470044  -0.00246066 -9.83983e-05  -0.00643044 0.995558        0        0 8186
             58.8013  0.0358426 -0.0320214  0.0427669  0.00109239 0.000487796 0.000270179 -0.000628454  -0.00386524     0.004734 -0.00189624  -0.0021241  0.00467854 -0.00251554 -0.00013968 -0.00648626 1.00007       0       0 0
             58.9016  -0.0563614  -0.0808548 -0.00834689  0.000365025 -0.000838747 -0.000320708 -0.00800797  -0.0123382 -0.00643007 -0.00187578 -0.00211208  0.00469816  -0.00245511 -5.14066e-05  -0.00639386 1.00007       0       0 8100
             58.9016  0.0348739 -0.0305851  0.0467416  0.00117884 0.000328249 0.000387734 0.000844638 -0.00120578  0.00122326  -0.0018971 -0.00212819  0.00468419   -0.0025367 -0.000165836   -0.0064687 0.999455        0        0 0
             59.0015  -0.105647 -0.0693545 -0.0405144   0.00129342  -0.00071215 -1.55017e-05   0.0013169  -0.0105658 -0.00549869 -0.00186167 -0.00212016  0.00471332  -0.00254645 -7.41112e-05  -0.00642942 0.999455        0        0 8124
             59.0015   0.035458 -0.0365129  0.0486159  0.00108246 0.000230787 0.000123395 -0.00141535 -0.00120325 -0.00413041 -0.00189639 -0.00212815  0.00469023  -0.00251822 -0.000174501  -0.00644263 0.995647        0        0 0
             59.1013   -0.11062  -0.071598 -0.0162707 0.000429234 -0.00110369 -0.00120731 -0.00643707  -0.0115048  -0.0152174 -0.00186231 -0.00211924  0.00471492   -0.0024767 -6.94576e-05  -0.00634952 0.995651        0        0 7920
             59.1013  0.0333778 -0.0323928  0.0458073  0.00103718 0.000457885 0.000353734 -0.00012644 0.000764685  0.00128333 -0.00189766 -0.00213256  0.00469894  -0.00253311 -0.000197494  -0.00651232 0.995367        0        0 0
             59.2016   -0.109425 0.000437538  -0.0352533  0.000298238 -0.000364906 -0.000490778 -0.00831173 -0.00693714 -0.00972194 -0.00186755 -0.00214109   0.0047262  -0.00246202 -0.000104378  -0.00640531 0.995359        0        0 7977
             59.2016  0.0317384 -0.0282551  0.0385188  0.00117776 0.000721587 0.000438728   0.00123227   0.00266724 -0.000118495 -0.00190253 -0.00213653  0.00470713  -0.00255548 -0.000208018  -0.00650091 0.995476        0        0 0
             59.3015  -0.104921 -0.0395934 -0.0193257  0.000112765 -0.000942907 -0.000527533  -0.0111079   -0.014556 -0.00845535 -0.00187725 -0.00213288  0.00472678  -0.00244131 -3.60352e-05  -0.00642064 0.995477        0        0 7949
             59.3015  0.0302626 -0.0259616  0.0408731  0.00100439 0.000750987 0.000635662 -0.00205331 0.000150537  0.00181216 -0.00190932 -0.00213954  0.00471163  -0.00252588 -0.000187088  -0.00652153 0.995366        0        0 0
             59.4013 -0.0844673 -0.0754084  -0.028883  0.000613797 -2.09617e-05  0.000631865 -0.00514597 -0.00469998 -0.00051242  -0.0018823 -0.00213106  0.00473854  -0.00252358 -9.98284e-05  -0.00651309 0.99537       0       0 7991
             59.4013  0.0312343 -0.0484796  0.0419843   0.00071857  0.000800766 -0.000609098 -0.00432159  0.00291514  -0.0140218 -0.00191119 -0.00213763  0.00472002  -0.00253069 -0.000181917  -0.00637838 0.998482        0        0 0
             59.5016 -0.0582245  0.0230226  0.0101885  -0.00077819 -0.000265148  -0.00260994  -0.0163349 -0.00958451  -0.0207171 -0.00189426 -0.00215305  0.00473112  -0.00239774 -7.41874e-05  -0.00632579 0.99848       0       0 8035
             59.5016  0.0386312 -0.0440244  0.0450604 0.000848617 0.000402779 2.28092e-05 0.00190436 -0.0044745 0.00755153 -0.00191887 -0.00214174  0.00472211  -0.00257732 -0.000130621  -0.00660945 0.999848        0        0 0
             59.6015 -0.0810782 -0.0584266 0.00598044 0.000803723 -0.00113772 0.000583455 0.00179792 -0.0171788 0.00550494 -0.0018903 -0.0021428 0.00474013  -0.00257231 -2.79096e-05  -0.00660287 0.999849        0        0 8075
             59.6015   0.034103 -0.0235794  0.0369328  0.00144053 0.000773489  0.00065492 0.00804391 0.00199311 0.00576774 -0.00191587 -0.00215377   0.0047331 -0.00262997 -0.00022004 -0.00660426 0.995841        0        0 0
             59.7013    -0.0501 -0.0567643 -0.0134508  0.00100845 3.31321e-05 0.000131805  -0.0080345 -0.00680604 -0.00684139 -0.00189858  -0.0021411  0.00475254  -0.00250417 -0.000107157  -0.00649318 0.995836        0        0 8117
             59.7013  0.0332231 -0.0316694   0.051622  0.00102854 0.000131673 0.000266238 -0.00772727 -0.00626445 -0.00536041 -0.00192083 -0.00214798  0.00473503  -0.00250527 -0.000119404  -0.00650751 0.995269        0        0 0
             59.8017   -0.111906  -0.0318465 -0.00948241 -0.000142311  -0.00135777 -0.000837667 -0.0117704 -0.0134095  -0.011965 -0.00189154 -0.00214916  0.00475597  -0.00245414 -3.95526e-05  -0.00645013 0.995272        0        0 8136
             59.8017  0.0340756 -0.0378085  0.0560851  0.000562811 -0.000156174  0.000170998 -0.00415017 -0.00290931  -0.0012805 -0.00192789 -0.00215006  0.00473904 -0.00252767 -0.00015255 -0.00655687 0.999585        0        0 0
             59.9015 -0.0931421  0.0157119 0.00299549 -0.000866044  -0.00129463 -0.000880628 -0.0143809 -0.0105516 -0.0117711 -0.00189529 -0.00216666  0.00476241  -0.00243455 -7.49575e-05  -0.00646506 0.999578        0        0 8109
             59.9015   0.033093 -0.0317073  0.0416645 0.000984426 0.000732005 0.000449073 0.00529423 0.00846538 0.00191191 -0.00192408 -0.00215995  0.00475326 -0.00262629 -0.00026712 -0.00660047 0.995375        0        0 0
             60.0013 -0.0942471 -0.0692646 -0.0302553    0.0012967  0.000227226 -0.000582856   0.0015582 -0.00204338 -0.00995648 -0.00190085 -0.00215099  0.00477556  -0.00261797 -0.000138527  -0.00649563 0.99538       0       0 8051
             60.0013  0.0329801 -0.0312965  0.0482053 0.000935452 0.000299283  0.00052507 -0.00223333 -0.00227122 0.000224187 -0.00193529 -0.00216084  0.00475424  -0.00257716 -0.000146675  -0.00659721 0.995114        0        0 0
             60.1017  -0.106716 0.00317984 -0.0263994  7.07001e-05  -0.00106586 -0.000351369 -0.00822165  -0.0135974 -0.00853894 -0.00190593 -0.00216884  0.00477814  -0.00250092 -3.99462e-05  -0.00650479 0.995107        0        0 8076
             60.1017  0.0341202 -0.0368947  0.0321768  0.00180033  0.00109793 -0.00010594   0.0103189  0.00774151 -0.00612414 -0.00193827 -0.00216316  0.00476369  -0.00268536 -0.000259111  -0.00652813 0.999878        0        0 0
             60.2015 -0.0755206 -0.0842541 -0.0189769  0.00181513 0.000436972  -0.0018048 -0.00191003 -0.00599052  -0.0156781 -0.00192073 -0.00214846  0.00478236  -0.00258633 -0.000120572  -0.00643901 0.999888        0        0 7892
             60.2015  0.0337709 -0.0242171  0.0442146 0.000821429 0.000582068 0.000824353  -0.0123487 -0.00542689  0.00786525 -0.00194995 -0.00216331  0.00476534 -0.00247771 -0.00013476 -0.00667516 0.994779        0        0 0
             60.3013  -0.137815 -0.0328804 -0.0431653 -0.000135808  -0.00106139  0.000879943  -0.00949272   -0.0142189 -6.70973e-06 -0.00191541 -0.00216439  0.00479266  -0.00251489 -1.91734e-05  -0.00660926 0.994783        0        0 7994
             60.3013  0.0331052 -0.0394656  0.0275259   0.00090824   0.00146968 -0.000243804 0.00120915 0.00986961  -0.012377 -0.00195577 -0.00216446   0.0047749  -0.00262062 -0.000266016  -0.00648376 0.999678        0        0 0
             60.4017 -0.0360617 -0.0292315 -0.0266817 0.000287925 0.000827199 -0.00244746 -0.00577143 -0.00345105  -0.0226209 -0.00194126 -0.00216737  0.00479613  -0.00254895 -0.000126246  -0.00639229 0.999668        0        0 7895
             60.4017  0.0386147 -0.0500096  0.0416877  0.00111359 0.000696869 -0.00042387  0.00341605 -0.00596312 -0.00125336 -0.00196202 -0.00216549  0.00477751  -0.00263844 -0.000107842   -0.0066085 0.995293        0        0 0
             60.5015 -0.0523199 -0.0634186  0.0224178   0.00151459 -0.000517489  -0.00136039  0.00425274  -0.0117468 -0.00964107 -0.00194426 -0.00216639  0.00478891  -0.00266318 -5.90656e-05  -0.00654228 0.995291        0        0 7981
             60.5015  0.0290002 -0.0191418   0.042448   0.0011094 0.000614497  0.00096981 -0.000219184  -0.00142365    0.0111502 -0.00196337 -0.00217835  0.00478418  -0.00261404 -0.000164824  -0.00675025 0.999901        0        0 0
             60.6013    -0.13153 -0.00338683   -0.050376  0.000288955 -0.000716064  0.000788256 -0.00965813  -0.0121707 -0.00427738 -0.00192863 -0.00218042  0.00481415 -0.00252008 -4.2107e-05 -0.00660815 0.999899        0        0 7928
             60.6013  0.0336868 -0.0417268  0.0402318  0.000926768  0.000688784 -0.000205197 -0.00306555  0.00107729  -0.0153118 -0.00197005 -0.00217101  0.00479031   -0.0025878 -0.000183734  -0.00649713 0.995769        0        0 0
             60.7017   -0.0567299   -0.0670391 -0.000354272  0.000406933 -0.000112514  -0.00182083 -0.00455168 -0.00770718  -0.0174242 -0.00194512 -0.00216756  0.00481001  -0.00257751 -0.000101158  -0.00648974 0.995767        0        0 8165
             60.7017  0.0320369 -0.0160529  0.0415937 0.000772413 0.000703101  0.00113584 -0.000348037  -0.00126701    0.0137678 -0.00196748 -0.00218413  0.00479905  -0.00261199 -0.000170607  -0.00680488 0.999517        0        0 0
             60.8015  -0.131067 -0.0158143 -0.0612402  1.28708e-05 -0.000512715   0.00111306  -0.00849836   -0.0105787 -0.000765386 -0.00193215  -0.0021842  0.00483221  -0.00254045 -5.64905e-05  -0.00665607 0.999514        0        0 7932
             60.8015  0.0336087 -0.0512526  0.0314349  0.000767792   0.00122675 -0.000749074 -0.000806616   0.00614902   -0.0211661 -0.00197219 -0.00217539   0.0048082  -0.00261992 -0.000232216   -0.0064504 0.995671        0        0 0
             60.9013 -0.0321407  -0.100395 0.00988392 0.000720994 0.000405347 -0.00306877 -0.00117735 -0.00557702  -0.0219619 -0.00195575 -0.00216497   0.0048206  -0.00263981 -0.000102975  -0.00644381 0.995667        0        0 8095
             60.9013   0.0315745 -0.00842561    0.042242 0.000861819 0.000735335  0.00158562  0.00206983 -0.00335006   0.0257514 -0.0019726 -0.0021936  0.0048119  -0.00265991 -0.000129186  -0.00692428 0.994998        0        0 0
             61.0017  -0.129106  0.0178831 -0.0200633  0.00016313 -0.00115272  0.00251995 -0.00730533  -0.0169842  0.00865957 -0.00193367 -0.00220039  0.00483443 -0.00255327 1.36155e-05 -0.00676404 0.995002        0        0 8093
             61.0017 0.0355724 -0.053333 0.0437045   0.00144121  0.000494949 -0.000832707  0.00614023 -0.00161445  -0.0276892 -0.00197428  -0.0021823  0.00481809  -0.00269456 -0.000150303   -0.0063922 0.996115        0        0 0
             61.1015 -0.0984198  -0.105328 -0.0205574    0.0018311 -0.000459548  -0.00345492  0.00368029 -0.00945409  -0.0276945 -0.00194445 -0.00217072  0.00484185  -0.00268202 -7.57491e-05   -0.0064181 0.99612       0       0 8013
             61.1015  0.0299421 -0.0281306    0.04237  0.00137888 0.000656273 0.000547405 -0.00108374 0.000447741    0.014318 -0.00197661 -0.00219288  0.00482538  -0.00262594 -0.000182763  -0.00684207 0.996166        0        0 0
             61.2013  -0.113582 -0.0728196 -0.0301909  0.000415972 -0.000415778   0.00151263  -0.0106342 -0.00934048   0.0068281 -0.00194396 -0.00218012  0.00485147  -0.00253733 -7.34009e-05  -0.00679549 0.996174        0        0 8010
             61.2013   0.035395 -0.0444497   0.035438   0.00096198   0.00105576 -0.000327235 -0.00516834  0.00424583  -0.0123462 -0.00198119  -0.0021881   0.0048343  -0.00259098 -0.000218226  -0.00659962 0.999862        0        0 0
             61.3017   -0.10518  -0.057441 -0.0306045 0.000273468 7.80936e-05 -0.00148262 -0.00680135 -0.00898169  -0.0126648 -0.00194706 -0.00218682  0.00485849  -0.00258527 -8.22247e-05  -0.00660175 0.999857        0        0 7885
             61.3017  0.0301219 -0.0243221  0.0375512  0.00105569 0.000917417 0.000793369  0.00219432 -0.00210368   0.0119999 -0.00198188 -0.00219965  0.00484042  -0.00266994 -0.000160863  -0.00685298 0.995863        0        0 0
             61.4015  -0.128548  0.0480865 0.00254017 -0.000238248 -0.000660213   0.00109123 -0.0148276 -0.0127461 0.00379466 -0.00194664 -0.00221645  0.00485454  -0.00250936 -2.68524e-05   -0.0067581 0.995869        0        0 8073
             61.4015   0.028671 -0.0310553   0.047229 0.000846892 0.000330313 0.000450147 -0.00331422 -0.00432212 -0.00332108 -0.00198704 -0.00219753  0.00484296  -0.00262778 -0.000120927  -0.00668663 0.995831        0        0 0
             61.5013   -0.098337  -0.0406457 0.000897806 -0.000189055 -0.000909163 -0.000763987  -0.0119081 -0.00997422 -0.00949419 -0.00195967 -0.00219605  0.00485993  -0.00254991 -5.20461e-05   -0.0066231 0.995831        0        0 7890
             61.5013  0.0312744 -0.0306334  0.0413989 0.000949379  0.00071779 0.000398614 0.000733941  0.00392961  0.00058459 -0.00199163 -0.00220219  0.00484969  -0.00267206 -0.000197778  -0.00672377 0.995349        0        0 0
             61.6017    -0.104043   -0.0344243 -0.000657548  0.000604478 -0.000464163 -0.000466813 -0.00331189  -0.0109339 -0.00882245 -0.00196577 -0.00220284  0.00486564  -0.00262971 -4.70386e-05  -0.00664717 0.995351        0        0 8271
             61.6017  0.0341612 -0.0325453  0.0417103 0.000975722 0.000660552  0.00028648  0.000541534 -0.000696861 -0.000818951 -0.00200087 -0.00220477  0.00485469   -0.0026672 -0.000158711  -0.00672874 0.995351        0        0 0
             61.7015 -0.0698865 -0.0762009 -0.0342147  0.000396379  -0.00045638 -0.000461366 -0.00629051  -0.0107087  -0.0115837  -0.0019674 -0.00219423  0.00488607  -0.00261147 -5.33844e-05  -0.00666563 0.995352        0        0 7947
             61.7015  0.0324021 -0.0279601   0.042221  0.00100759 0.000623233 0.000548378  0.000614324 -0.000836065 -0.000655062 -0.00199273 -0.00220978  0.00486576  -0.00267504 -0.000158943  -0.00677535 0.995111        0        0 0
             61.8013 -0.0917736 -0.0442787 -0.0313597  0.000367039 -0.000438019  6.42303e-05 -0.00676314 -0.00925274 -0.00653763 -0.00196321 -0.00220488   0.0048922  -0.00260702 -6.19839e-05  -0.00672236 0.99511       0       0 8114
             61.8013   0.032053 -0.0344679  0.0458387 0.000682976 0.000452047  0.00025545 -0.00356233 -0.00181683 -0.00445351 -0.00199519 -0.00220845  0.00487146  -0.00263787 -0.000145521  -0.00674316 0.995309        0        0 0
             61.9017    -0.110589 -3.50676e-05    -0.028143 -0.000570545 -0.000675485  -0.00122221  -0.0135851 -0.00956795  -0.0140071 -0.00195941 -0.00221781  0.00489931  -0.00254205 -5.36112e-05  -0.00662689 0.995313        0        0 8041
             61.9017  0.0309168 -0.0368735  0.0445568 0.000930388 0.000522549  0.00014825  0.00274453 0.000721945 0.000682899 -0.00199541 -0.00221289  0.00488003  -0.00270588 -0.000166943  -0.00677705 0.996173        0        0 0
             62.0015 -0.0885463 -0.0802092 0.00988961  0.000823567 -0.000575524 -0.000504584 -0.00204828 -0.00896056 -0.00388542 -0.00197117 -0.00220276   0.0048945  -0.00267316 -5.69948e-05  -0.00672963 0.996179        0        0 8015
             62.0015   0.030511 -0.0272917  0.0459676 0.000959746 0.000460937 0.000435175 -0.000730329  8.40837e-05   0.00448977 -0.00200135 -0.00221807  0.00488518  -0.00268125 -0.000155524  -0.00681425 0.996118        0        0 0
             62.1013 -0.0992736 -0.0486113 -0.0240013  0.000112482 -0.000822293 -7.15698e-05 -0.00968147  -0.0118149  -0.0057518 -0.00196736 -0.00221289  0.00491128  -0.00259192 -2.93346e-05  -0.00673913 0.996115        0        0 7859
             62.1013 0.0341021 -0.030809 0.0476783 0.000948736 0.000301785 0.000406863 -0.000361879  -0.00152737 -0.000639805 -0.00200152 -0.00222026   0.0048921  -0.00268274 -0.000142026   -0.0067903 0.995604        0        0 0
             62.2017 -0.0916236 -0.0454727 -0.0140162  0.000127688 -0.000949342 -0.000229195 -0.00856773  -0.0115782 -0.00908628 -0.00196909 -0.00221737  0.00491565  -0.00260481 -4.43935e-05  -0.00674094 0.995612        0        0 8075
             62.2017  0.0317525 -0.0375949  0.0438818 0.000957204 0.000550522 3.81304e-05 0.000218301  0.00176229  -0.0063838 -0.00199949 -0.00222169  0.00490063  -0.00269191 -0.000186945  -0.00676782 0.995116        0        0 0
             62.3015  -0.124334 -0.0588917 -0.0264682  0.000768811 -0.000517506  -0.00110959 -0.00178575  -0.0107081  -0.0145279 -0.00196101 -0.00221631  0.00492692  -0.00267707 -5.32936e-05  -0.00670759 0.995119        0        0 7843
             62.3015   0.033279 -0.0279391  0.0441183  0.00109371  0.00057503 0.000613465   0.00187912 -0.000960126   0.00357492 -0.00200159 -0.00222689  0.00490813  -0.00270929 -0.000161983  -0.00689153 0.994892        0        0 0
             62.4013 -0.0990307 -0.0552308 -0.0018036  0.000600338 -0.000375526  0.000694939  -0.00580261  -0.00852935 -0.000127213 -0.00197547 -0.00221871  0.00492511   -0.0026453 -7.46131e-05  -0.00684611 0.994896        0        0 8004
             62.4013  0.0306106 -0.0360254   0.048231 0.000953451 0.000293236  4.7321e-05 -0.00205598 -0.00284014 -0.00721171 -0.00200977 -0.00222455  0.00491161  -0.00268194 -0.000141427  -0.00677231 0.999107        0        0 0
             62.5017  -0.132144  -0.042373 -0.0311371  0.00039724 -0.00106525 -0.00129694 -0.00613756   -0.012275  -0.0124144 -0.00197239 -0.00222466   0.0049381  -0.00264588 -2.43885e-05  -0.00670449 0.999104        0        0 8016
             62.5017  0.0300175 -0.0331319  0.0442783  0.00103807  0.00045967 0.000183143  0.0007491 0.00264381 0.00356568 -0.00201267 -0.00222989  0.00491846  -0.00271271 -0.000186323  -0.00686873 0.995283        0        0 0
             62.6015  -0.141423 -0.0853625 -0.0258041   0.00053447 -0.000652692 -0.000519468 -0.00602412 -0.00796837 -0.00436427 -0.00197499 -0.00221788   0.0049423  -0.00266349 -5.94934e-05  -0.00679202 0.995293        0        0 8027
             62.6015  0.0309377 -0.0315377  0.0404292 0.000946768 0.000743687 0.000380103 -0.00182036  0.00415115  0.00362451 -0.00201903 -0.00223414  0.00492486  -0.00270003 -0.000192347  -0.00687216 0.995574        0        0 0
             62.7013 -0.0732355  -0.056729 -0.0153427  0.000381014 -0.000131705  0.000413689 -0.00574553 -0.00712241 0.000291232  -0.0019916 -0.00223009  0.00494633  -0.00265914 -7.81646e-05   -0.0068621 0.995568        0        0 8024
             62.7013  0.0378107 -0.0348325  0.0537067 0.000740618    -4.5e-05 0.000134774 -0.00159877  -0.0070969 -0.00267635 -0.00202211 -0.00223689  0.00492727  -0.00269901 -8.77388e-05  -0.00683084 1.00042       0       0 0
             62.8018  -0.101297   -0.08491 -0.0129241 -3.00671e-05  -0.00140115 -0.000869038 -0.00862198  -0.0142178  -0.0131125 -0.00199036 -0.00222343   0.0049513   -0.0026345 -2.34696e-05  -0.00675996 1.00042       0       0 8077
             62.8018  0.0335873 -0.0314203  0.0486249 0.000954596 0.000222075  0.00043686 0.00240905 0.00177107 0.00100061 -0.00202348 -0.00224143  0.00493532  -0.00274005 -0.000194199   -0.0069043 1.00003       0       0 0
             62.9016   -0.110773 -0.00822638 -0.00303672  0.000523018 -0.000915029 -0.000154213 -0.00394765  -0.0102118 -0.00925477 -0.00198955 -0.00224808  0.00495696  -0.00267521 -6.25625e-05  -0.00681758 1.00003       0       0 8094
             62.9016  0.0340832 -0.0421414  0.0459833   0.00117328  0.000355084 -0.000219471  0.00278113 0.000740375 -0.00997641 -0.00202647 -0.00224051  0.00494415  -0.00274472 -0.000182437  -0.00681007 1.00024       0       0 0
             63.0014  -0.0594623  -0.0789913 -0.00440899   0.00121296 -5.10499e-05  -0.00149476 -0.000467116  -0.00405097   -0.0137873 -0.00200669 -0.00223182   0.0049634  -0.00272805 -0.000124484   -0.0067671 1.00025       0       0 8047
             63.0014  0.0306112 -0.0191406   0.042506 0.000873615 0.000612945  0.00107923 -0.0041035 0.00204807  0.0134025 -0.00202998 -0.00224904  0.00495078  -0.00268463 -0.000192671  -0.00704742 1.00014       0       0 0
             63.1018 -0.0743838 0.00822089  0.0184289  3.24613e-05 -0.000248292   0.00142297 -0.00930853 -0.00626402  0.00302219 -0.00200356 -0.00225879  0.00496517 -0.00264449 -8.1324e-05 -0.00694262 1.00014       0       0 8159
             63.1018   0.036316 -0.0431515  0.0582735  0.000728339 -0.000226163 -0.000263347 -0.00162887 -0.00669169  -0.0152972 -0.00203413 -0.00224549  0.00495415  -0.00272715 -8.58873e-05  -0.00675238 0.995366        0        0 0
             63.2016   -0.11864 -0.0328849 -0.0264691 4.87449e-05 -0.00172881 -0.00270308 -0.00756904   -0.013902  -0.0241667 -0.00199858  -0.0022495  0.00498199  -0.00267053 -4.92202e-06    -0.006674 0.995365        0        0 8016
             63.2016  0.0395026 -0.0529439  0.0494264  0.000939855   0.00013135 -0.000680907  0.00189912   0.0041434 -0.00242281 -0.00203766 -0.00224755  0.00496214   -0.0027645 -0.000197263  -0.00689734 0.995776        0        0 0
             63.3014   -0.114237 -0.00456256  -0.0301683  -8.1764e-05 -0.000589841  -0.00258617   -0.009953 -0.00500204  -0.0187131 -0.00200198 -0.00226043  0.00498847  -0.00264147 -0.000110421  -0.00677004 0.995783        0        0 8257
             63.3014  0.0373907 -0.0391515  0.0424922  0.00146469 0.000597826 9.43068e-05 0.00645262 0.00289282  0.0048828 -0.00204197 -0.00225591  0.00496881  -0.00280524 -0.000200861  -0.00701303 0.99551       0       0 0
             63.4018  -0.0994785  -0.0500237 -0.00213541   0.00103394 -0.000759452 -0.000590515 -0.00562717  -0.0119806  -0.0082692 -0.00200688 -0.00225194  0.00498868  -0.00270564 -3.87292e-05   -0.0069066 0.995513        0        0 8175
             63.4018  0.0311427 -0.0256547  0.0473561  0.00113346 0.000335031 0.000640608 -0.00491484 -0.00250962  0.00271889 -0.00204049 -0.00225944  0.00497558  -0.00270963 -0.000144134  -0.00702028 0.99568       0       0 0
             63.5016 -0.0396885 -0.0621589  0.0211756  0.000105173 -0.000496232  0.000646005  -0.0116097 -0.00758529 -0.00142377 -0.00202419 -0.00224979  0.00498985  -0.00265047 -7.55157e-05  -0.00697467 0.995678        0        0 8244
             63.5016  0.0380333 -0.0390679  0.0489682 0.000751802 0.000242407 8.90914e-06  -0.00451118 -0.000335746  -0.00838537 -0.00204369  -0.0022575  0.00498265  -0.00272004 -0.000153706  -0.00690173 0.995585        0        0 0
             63.6014  -0.147166 -0.0179484 -0.0450339 -0.000557878  -0.00129537  -0.00143491 -0.0135124 -0.0131216 -0.0138663 -0.00200502 -0.00226439  0.00501234   -0.0026291 -7.45773e-06  -0.00683323 0.995589        0        0 8210
             63.6014  0.0348878 -0.0415203  0.0455579  0.000868989   0.00041279 -2.75852e-05 0.00221373 0.00183252 0.00105059 -0.00205201 -0.00226236  0.00498802  -0.00278737 -0.000171636   -0.0069867 1.00058       0       0 0
             63.7018 -0.0367672 -0.0428117  0.0340106 -0.000358996 -0.000816257 -0.000908843   -0.013349 -0.00903988 -0.00585253 -0.00203635 -0.00226122  0.00499652  -0.00264237 -5.84799e-05  -0.00691252 1.0006      0      0 8006
             63.7018  0.0304839 -0.0256905  0.0501201 0.000812836 0.000186485 0.000711368 -0.000816319   -0.0016405    0.0085198 -0.00205311 -0.00226986  0.00499252  -0.00276557 -0.000137569  -0.00706062 1.00003       0       0 0
             63.8016 -0.0661481 -0.0749078 -0.0182583 -0.000229943  -0.00114866  0.000639326 -0.0117569 -0.0132205 -0.0014264 -0.00202761 -0.00225669  0.00501816  -0.00265717 -2.17158e-05  -0.00698446 1.00003       0       0 8122
             63.8016  0.0385625 -0.0455341  0.0422632  0.000837466  0.000526187 -0.000429308 -4.47994e-05   0.00382242   -0.0133172  -0.0020523 -0.00226697   0.0050024   -0.0027731 -0.000200398  -0.00685971 0.999666        0        0 0
             63.9014  -0.010559 -0.0781178  0.0232015 0.000237833 7.42057e-05 -0.00233787 -0.00690939 -0.00452042  -0.0212738 -0.00203955 -0.00225937  0.00501599  -0.00271809 -0.000123429  -0.00681261 0.999662        0        0 8059
             63.9014  0.0319349 -0.0149835  0.0449923 0.000877911 0.000502799  0.00133526  0.000992479 -0.000952391    0.0173565 -0.00205053 -0.00228085  0.00501011  -0.00278947 -0.000162598  -0.00721389 0.995601        0        0 0
             64.0018 -0.0959612 -0.0690064 -0.0254204  0.000555089 -0.000488894   0.00260436 -0.00412395 -0.00941114   0.0108674 -0.00202213 -0.00226625  0.00503632  -0.00275006 -5.96244e-05  -0.00716149 0.9956      0      0 8236
             64.0018  0.0358329 -0.0280983  0.0384745  0.00105164 0.000834141  0.00063662  0.0011699 0.00344507 -0.0100287 -0.00205527 -0.00227759  0.00501941  -0.00280285 -0.000200614  -0.00694115 0.999147        0        0 0
             64.1016 -0.0603274 -0.0639743 0.00160494  0.000321668 -0.000121401   -0.0010819 -0.00780431 -0.00780147  -0.0179023 -0.00204321  -0.0022665  0.00503091  -0.00270995 -7.88376e-05  -0.00685726 0.999141        0        0 8017
             64.1016  0.0316505 -0.0271875  0.0408011 0.000883613 0.000692839 0.000696604 -0.00138733 -0.00109175 0.000242877  -0.002067 -0.0022796 0.00502041  -0.00276992 -0.000153564  -0.00704496 0.999477        0        0 0
             64.2014  -0.098322 -0.0160885 -0.0245112  1.19017e-05 -0.000288099  1.64265e-05  -0.0102871  -0.0078812 -0.00706338 -0.00204192 -0.00228359  0.00504317  -0.00269879 -6.23695e-05  -0.00696934 0.999474        0        0 7991
             64.2014  0.0310353 -0.0343199  0.0425685 0.000991859 0.000609381 0.000172616 0.000641724 0.000130162 -0.00545896  -0.0020759 -0.00228121  0.00502494  -0.00281029 -0.000153712  -0.00698534 0.995178        0        0 0
             64.3018  -0.028324 -0.0796843  0.0151271  0.000221303 -0.000200244 -0.000794441 -0.00919802 -0.00628877 -0.00963154 -0.00206976 -0.00226882   0.0050355  -0.00270803 -7.73129e-05  -0.00695069 0.995176        0        0 7963
             64.3018  0.0356694 -0.0266623   0.039645  0.00105757 0.000735044 0.000674892 0.000356747   0.0021673  0.00624893 -0.00208553 -0.00228647  0.00502919  -0.00279971 -0.000167909  -0.00711562 0.995775        0        0 0
             64.4016 -0.0416468 -0.0614846  -0.015762  0.00073257 0.000407208  0.00118897 -0.00368757 -0.00343798   0.0049592  -0.0020706 -0.00227886  0.00504875   -0.0027688 -0.000123343  -0.00712024 0.995775        0        0 8006
             64.4016  0.0375667 -0.0395242  0.0376806   0.00124006  0.000777189 -5.84956e-05   0.00206113 -0.000167936  -0.00860707 -0.00209172 -0.00228557  0.00503408 -0.00282622 -0.00016298 -0.00697829 1.00064       0       0 0
             64.5014 -0.0455841  0.0072655 -0.0125019 2.45882e-05 1.98706e-06 -0.00201464   -0.013773 -0.00713243  -0.0212028  -0.0020679 -0.00229691  0.00505607  -0.00266351 -8.55261e-05  -0.00686544 1.00063       0       0 8029
             64.5014  0.0361957 -0.0339988  0.0377564   0.0012806 0.000863921 0.000209708 0.000349229 0.000310859  0.00292386   -0.002089 -0.00229027  0.00504245  -0.00280775 -0.000167439  -0.00711769 0.996428        0        0 0
             64.6018 -0.0296923  -0.058128 0.00826437  0.000694579 -5.24529e-06 -2.20876e-05 -0.00692466 -0.00848933 -0.00266086 -0.00208049 -0.00228377  0.00505581  -0.00274844 -7.49298e-05  -0.00706935 0.99643       0       0 8055
             64.6018  0.0354883 -0.0324039  0.0418353 0.000978263 0.000566758   0.0003565 -0.00387478  -0.0034053 0.000797064 -0.00209727  -0.0022918   0.0050468    -0.002777 -0.000131775  -0.00710478 0.999992        0        0 0
             64.7016 -0.000583117   -0.0262591    0.0360545 -0.000213106 -0.000253437  -0.00018532  -0.0121533 -0.00717801 -0.00709509 -0.00208748 -0.00229614  0.00505459  -0.00268729 -8.50901e-05   -0.0070325 0.999989        0        0 8123
             64.7016   0.033842 -0.0293707  0.0428884  0.00106187  0.00050525 0.000514224   0.00235183 -0.000191489  0.000486158 -0.00209536 -0.00229921   0.0050531 -0.00283296 -0.00015792 -0.00711013 0.995741        0        0 0
             64.8014 -0.0389902 -0.0360254  0.0295384 0.000405222 -0.00019496  0.00017437 -0.00882028  -0.0060073 -0.00390379 -0.00208448 -0.00229737  0.00506062 -0.00274018  -9.197e-05 -0.00707041 0.99574       0       0 8079
             64.8014  0.0355528 -0.0379277  0.0509193 0.000878648 0.000159697 1.57734e-05 -0.00349772 -0.00307068 -0.00566973 -0.00210465 -0.00229795   0.0050548  -0.00279459 -0.000127582  -0.00705139 0.995365        0        0 0
             64.9013  -0.0654906 -0.00825764  0.00253322 -0.000249834 -0.000698722  -0.00082926  -0.0121482 -0.00777666 -0.00838714 -0.00207916 -0.00230658  0.00507467  -0.00269867 -7.46891e-05  -0.00702358 0.995365        0        0 8111
             64.9013  0.0350396 -0.0465517  0.0525413   0.00104429  6.01354e-05 -0.000447382  0.00242629 -0.00139703 -0.00448505 -0.00210598 -0.00229925  0.00506101  -0.00285017 -0.000147962  -0.00706403 0.995434        0        0 0
             65.0016 -0.00910634  -0.0718538   0.0278662  0.000473009 -0.000527645 -0.000680141 -0.00666026 -0.00683814 -0.00329756 -0.00209277  -0.0022932  0.00507591   -0.0027625 -0.000107583  -0.00708951 0.995436        0        0 8127
             65.0016  0.0338328 -0.0265906   0.043578  0.00109905 0.000497639 0.000662672 0.000757887  0.00204197  0.00842486 -0.00210276 -0.00230821    0.005072  -0.00283373 -0.000201849  -0.00721221 0.995441        0        0 0
             65.1014 -0.0331208  -0.009458  0.0299879 -8.09488e-05 -0.000369307  0.000890947  -0.0133065 -0.00755099  0.00215078 -0.00209184 -0.00231197  0.00508106  -0.00269403 -8.94033e-05   -0.0071527 0.995436        0        0 8112
             65.1014   0.034967 -0.0396077  0.0486118   0.00103587  0.000211821 -0.000119052 -0.000796262  -0.00230823  -0.00872546 -0.00210969 -0.00230611  0.00507611 -0.00282506 -0.00014824 -0.00703686 0.999811        0        0 0
             65.2013 -0.0198651  -0.090912  0.0300475  0.000475139 -0.000628629 -0.000996465 -0.00784607 -0.00723404 -0.00862651 -0.00209844 -0.00229242  0.00508692  -0.00277414 -8.75541e-05  -0.00704709 0.999813        0        0 7956
             65.2013  0.0333476 -0.0260729  0.0422767  0.00101653 0.000535816 0.000714644 -0.00157562  0.00361244  0.00995604 -0.00211094 -0.00231303  0.00508408  -0.00283203 -0.000202676  -0.00724209 1.00017       0       0 0
             65.3016 -0.00435043  -0.0537844   0.0295252 0.000614024 0.000307335  0.00140701 -0.00341283 -0.00264263  0.00659988 -0.00210723 -0.00230816  0.00509419  -0.00280501 -0.000142839  -0.00721565 1.00017       0       0 8017
             65.3016   0.035999 -0.0353274   0.044435  0.00101294 0.000490312 2.22303e-05  0.00115643 -0.00098793 -0.00839328 -0.00211809  -0.0023135  0.00509013  -0.00285221 -0.000163174  -0.00705507 0.995352        0        0 0
             65.4014  -0.0571105  -0.0284258 -0.00872934  0.000171317 -0.000305177  -0.00138635  -0.0105702 -0.00671683  -0.0156999 -0.00209761 -0.00231449  0.00511019  -0.00274216 -9.26207e-05   -0.0069954 0.995347        0        0 7915
             65.4014  0.0316932 -0.0264498  0.0505974 0.000790947  0.00017361  0.00071332 -0.00349855 -0.00296503  0.00699569 -0.00212154 -0.00231804  0.00509378 -0.00281186  -0.0001385 -0.00723359 0.999895        0        0 0
             65.5013 -0.0524326 -0.0575275 0.00500437 -6.97764e-05 -0.000676603   0.00119484 -0.00828301 -0.00786792  0.00318341 -0.00210093 -0.00231163  0.00511288  -0.00275825 -8.74327e-05  -0.00721039 0.999896        0        0 8034
             65.5013  0.0367211 -0.0385408  0.0450982  0.000998811  0.000422776 -3.62792e-05  0.00350534   0.0021781 -0.00985359 -0.00212375 -0.00231904  0.00510207  -0.00287922 -0.000197342  -0.00707081 0.994822        0        0 0
             65.6016  -0.015309 -0.0362548 0.00405299 0.000327474 0.000149611 -0.00168583 -0.00831695 -0.00281407  -0.0176009  -0.0021109 -0.00231891  0.00512033  -0.00276944 -0.000145865   -0.0069967 0.994818        0        0 7924
             65.6016 0.0325689 -0.020284 0.0454729  0.00108414 0.000440972  0.00102773  0.000560578 -0.000848471    0.0118619 -0.00212385 -0.00232698   0.0051088  -0.00285731 -0.000170324  -0.00730981 0.994474        0        0 0
             65.7014  -0.0450212  -0.0228019 -0.00459949  -0.00010336 -0.000186906   0.00167332  -0.0144878 -0.00511207  0.00683092 -0.00211492 -0.00232401  0.00512568  -0.00271923 -0.000114109  -0.00725595 0.994468        0        0 8214
             65.7014  0.0369467 -0.0415145  0.0542779  0.000921566 -6.11119e-05 -0.000199819 -0.00308514 -0.00451969  -0.0135145 -0.00213788 -0.00232028  0.00510905  -0.00283928 -0.000127395  -0.00703996 0.995039        0        0 0
             65.8013 -0.0646358 -0.0367517 0.00521035 -0.00020766 -0.00123286 -0.00231992 -0.0128133 -0.0102388  -0.020818 -0.00211003 -0.00232321  0.00513044  -0.00273778 -5.15206e-05  -0.00696644 0.995035        0        0 7995
             65.8013  0.0348461 -0.0408563  0.0512804   0.00103175  0.000112593 -0.000118941 0.00103483  0.0026113 0.00307895 -0.00213526 -0.00232628  0.00511821  -0.00287864 -0.000191603  -0.00721937 0.995465        0        0 0
             65.9016 -0.0628262 -0.0593145  0.0226452  0.000313611 -0.000650928 -0.000631293  -0.0080332 -0.00756295 -0.00514151 -0.0021085 -0.0023234 0.00513381  -0.00279429 -8.72366e-05  -0.00715215 0.995461        0        0 8156
             65.9016  0.0325071 -0.0320466  0.0448137  0.00107783 0.000453222 0.000380106 0.000528228  0.00301385  0.00448319 -0.00213294 -0.00233351  0.00512814  -0.00287966 -0.000203833  -0.00725346 0.999676        0        0 0
             66.0015 -0.0469242  0.0154246  0.0204994 -0.000371544 -0.000420969  -0.00029272  -0.0162515 -0.00799969  -0.0095325 -0.00211482 -0.00234507  0.00514101  -0.00270827 -9.00459e-05  -0.00713237 0.99967       0       0 8115
             66.0015  0.0320169 -0.0268936  0.0454985 0.000926521 0.000447824 0.000533051   -0.0017291 -0.000288235 -0.000661453  -0.0021353 -0.00233726   0.0051344  -0.00285993 -0.000175442   -0.0072259 0.995424        0        0 0
             66.1013 -0.0341295 -0.0910288  0.0155828  2.85285e-05 -0.000363449  0.000693418   -0.0105178  -0.00825571 -0.000996836 -0.00212483  -0.0023183   0.0051472   -0.0027825 -9.20579e-05  -0.00724542 0.995426        0        0 8139
             66.1013  0.0390719 -0.0392985  0.0486217   0.00104422  0.000173678 -5.29433e-05  0.00113194 -0.00337175 -0.00781079 -0.00214454 -0.00233529  0.00513804  -0.00290066 -0.000148684   -0.0071705 0.993625        0        0 0
             66.2016 -0.0559409 -0.0672665 0.00260247 0.000363571 -0.00055568 -0.00125323 -0.00781903 -0.00586633  -0.0111305 -0.00211882 -0.00232895   0.0051578  -0.00281809 -0.000103884  -0.00711592 0.993624        0        0 8050
             66.2016  0.0304587 -0.0266471  0.0464534  0.00116773 0.000344329 0.000703506 0.00139653  0.0018192 0.00992744 -0.00214137 -0.00234358  0.00514587  -0.00290921 -0.000190979  -0.00734067 0.993631        0        0 0
             66.3015  -0.0806972  -0.0637285 -0.00176296  0.000247139 -0.000475981   0.00128379  -0.0117697 -0.00701237  0.00733276 -0.00211785 -0.00233327  0.00516425  -0.00279427 -8.50926e-05  -0.00730516 0.993629        0        0 7950
             66.3015  0.0354235 -0.0510756  0.0447321  0.00102112 0.000472482 -0.00065409 -0.00329116  0.00245391  -0.0139626 -0.00214838 -0.00233768  0.00515162  -0.00288239 -0.000191745  -0.00707801 0.997075        0        0 0
             66.4013 -0.0527761 -0.0728001  0.0158303  0.000344067 -0.000288265  -0.00197164 -0.00745953 -0.00672624  -0.0131011 -0.00212303 -0.00233601   0.0051673  -0.00284269 -8.74152e-05  -0.00711222 0.997077        0        0 8086
             66.4013  0.0316515 -0.0162885  0.0452476   0.0011026 0.000446856  0.00122202   0.00146932 -0.000654163    0.0208566  -0.0021457 -0.00235575  0.00515926 -0.00292759  -0.0001568 -0.00747339 0.993104        0        0 0
             66.5016  -0.0584725 -0.00734204   0.0289904 -2.99861e-05 -0.000170662    0.0024805   -0.012755 -0.00568868  0.00949402 -0.00212171 -0.00235795  0.00517145   -0.0027812 -0.000102851  -0.00738832 0.993101        0        0 7886
             66.5016  0.0366728 -0.0463322  0.0495559   0.00102417  0.000171772 -0.000448954 -0.00105176 -0.00273335  -0.0222564 -0.00214785 -0.00234783  0.00516583  -0.00290875 -0.000141065  -0.00704714 0.992947        0        0 0
             66.6015  0.0244764 -0.0628202  0.0642163 -9.32647e-05 -0.000546722  -0.00254553  -0.0126537 -0.00759844   -0.023765 -0.00214757 -0.00234212  0.00516857 -0.00279273 -9.5694e-05 -0.00705309 0.992943        0        0 8215
             66.6015 0.0292369 -0.012674 0.0493008  0.00101848 0.000226206  0.00142824  0.000411785 -0.000461853    0.0196692 -0.00214739 -0.00236143  0.00517318  -0.00291948 -0.000169178  -0.00751311 0.998047        0        0 0
             66.7013 -0.0720566 -0.0194309 -0.0178998 -4.08303e-05 -0.000411862   0.00290324  -0.0120884 -0.00540099   0.0142633 -0.00211958 -0.00235982   0.0052014  -0.00279088 -0.000108587  -0.00744388 0.998045        0        0 8006
             66.7013  0.0363048 -0.0483264  0.0546291   0.00103975 -0.000128982 -0.000529395 8.19916e-05 -0.00284522  -0.0222477 -0.00214983 -0.00235231  0.00518085  -0.00292303 -0.000144659  -0.00705263 0.994287        0        0 0
             66.8016 -0.0215747 -0.0455317  0.0662199 0.000162778 -0.00111985  -0.0031808 -0.0103497 -0.0082441 -0.0249869 -0.00213174 -0.00235522   0.0051862  -0.00282448 -7.41391e-05  -0.00701106 0.994287        0        0 8270
             66.8016  0.0333117 -0.0522821  0.0534395   0.00123909 -8.26828e-05 -0.000758792  0.00179859 0.000881984  0.00111805 -0.00214535 -0.00235726  0.00519033  -0.00294948 -0.000172822  -0.00729135 0.998646        0        0 0
             66.9015 -0.0649311 -0.0660206 0.00787614  0.000207911 -0.000819067  -0.00117644  -0.0129845 -0.00586265 -0.00246437 -0.00212167 -0.00235331  0.00520987  -0.00281245 -0.000100375  -0.00726298 0.998648        0        0 8004
             66.9015  0.0289914 -0.0240503  0.0479249  0.00118143  0.00027013 0.000812517 -0.00144746  0.00293265   0.0156307 -0.00214633 -0.00236902  0.00519896  -0.00292586 -0.000198922  -0.00745423 0.994039        0        0 0
             67.0013   -0.01029 -0.0963431  0.0393401  0.000415616 -0.000135905   0.00196588 -0.00858228 -0.00299841   0.0107429 -0.00213421 -0.00235029  0.00520941  -0.00284788 -0.000135084   -0.0074334 0.994039        0        0 8173
             67.0013  0.0352821 -0.0401121  0.0449731  0.000926876  0.000399168 -3.79566e-05 -0.00270944  0.00228603  -0.0106285   -0.002146 -0.00236651   0.0052081  -0.00290657 -0.000193623  -0.00720162 0.997815        0        0 0
             67.1016 -0.0279102 -0.0362618  0.0438321 -0.000179002 -0.000669835  -0.00172475 -0.0124594 -0.0106944 -0.0192182 -0.00213453 -0.00236717  0.00521319  -0.00282158 -5.74747e-05  -0.00714989 0.997812        0        0 7971
             67.1016  0.0267829 -0.0184346   0.043729 0.00108644 0.00053883 0.00105826   0.00229471 -5.06342e-05   0.00597891 -0.00214773 -0.00237686  0.00521383  -0.00297136 -0.000172354  -0.00741994 0.997751        0        0 0
             67.2015  -0.0633081  -0.0442278 -0.00282986 0.000748488  0.00016552  0.00116936 -0.00359131 -0.00373455 -0.00178048 -0.00213035 -0.00236927  0.00523165  -0.00290054 -0.000118484  -0.00734844 0.997747        0        0 8132
             67.2015  0.0340512 -0.0473922  0.0469751   0.00102768  0.000297473 -0.000520359 -0.000638174  -0.00279258   -0.0202829 -0.00215776 -0.00236806  0.00521753 -0.00293285 -0.00013659 -0.00714922 0.997988        0        0 0
             67.3013 -0.0183155 -0.0980792  0.0317357  0.000633463 -0.000433279  -0.00249156 -0.00497281 -0.00782268  -0.0200579 -0.00215217 -0.00235481  0.00522599  -0.00290553 -9.49163e-05  -0.00714495 0.997988        0        0 7910
             67.3013  0.0286256 -0.0134541  0.0430523   0.0011586 0.000538973  0.00139522  0.00132577 0.000811838   0.0213103 -0.00216377 -0.00238229   0.0052232 -0.00296072 -0.00018822 -0.00758834 0.997862        0        0 0
             67.4016 -0.037828 -0.046334 0.0244279 0.000199039 -4.0885e-05  0.00286796  -0.0109199 -0.00340039   0.0160332 -0.00214745 -0.00237364  0.00523523  -0.00282839 -0.000117397  -0.00752091 0.997857        0        0 8026
             67.4016    0.03233 -0.0267684  0.0441601  0.00114977 0.000412671 0.000613272 -0.000121712    0.0011369  -0.00810503 -0.00216631 -0.00238035  0.00522988 -0.00294269 -0.00017073 -0.00725768 0.997843        0        0 0
             67.5015 -0.0485121 -0.0338392  0.0132587  0.000452677 -4.93745e-05 -0.000717056 -0.00957685 -0.00319245  -0.0119942 -0.00214832  -0.0023783  0.00524319  -0.00287557 -0.000111308  -0.00722679 0.997841        0        0 7975
             67.5015  0.0334731 -0.0332897  0.0500717 0.000993979 0.000192426 0.000461022 -0.00332999  -0.0016846 0.000472296 -0.00217126  -0.0023806  0.00523281  -0.00293884 -0.000133971  -0.00735949 0.993362        0        0 0
             67.6013 -0.0291265  -0.112676  0.0195561  7.40515e-05 -0.000566636   0.00017261  -0.0099378 -0.00707454 -0.00356704  -0.0021622 -0.00235899  0.00524481  -0.00286094 -8.06423e-05  -0.00734395 0.99336       0       0 7955
             67.6013 0.0378312  -0.03333 0.0544018   0.00118515 -0.000175952 -2.15057e-05  0.00318419  -0.0037463 -0.00560754 -0.00218063 -0.00238428  0.00523501  -0.00299245 -0.000120976   -0.0073192 0.993433        0        0 0
             67.7016 -0.0858506 -0.0500003  0.0084987   0.00110955 -0.000757781 -0.000843965 -0.00157197 -0.00581701  -0.0100146 -0.00214745 -0.00238025  0.00525457  -0.0029492 -8.7767e-05 -0.00729779 0.993433        0        0 8171
             67.7016  0.0312634 -0.0304504  0.0369735  0.00163256 0.000741772 0.000453058 0.00401171 0.00733808 0.00172787 -0.00217798 -0.00238764  0.00524715  -0.00300494 -0.000235139  -0.00742422 0.994327        0        0 0
             67.8015 -0.0532551 -0.0682986 -0.0136652 0.000684507 0.000681831  0.00044153   -0.0105835  -0.00129487 -0.000699922 -0.00216218 -0.00237763  0.00526658  -0.00286558 -0.000157657  -0.00738311 0.994322        0        0 8027
             67.8015  0.0316403 -0.0366065  0.0426158 0.000961742  0.00062104 2.16584e-05 -0.00727828 -0.00248247 -0.00518348 -0.00218662 -0.00238712  0.00525042  -0.00289791 -0.000152898  -0.00733389 0.997348        0        0 0
             67.9013  -0.085181 -0.0246926 0.00743773 -6.38704e-05 -0.000397012 -0.000482773  -0.0105518 -0.00773318  -0.0045649 -0.00216228 -0.00239153  0.00526658   -0.0028459 -7.60961e-05  -0.00732831 0.997348        0        0 8178
             67.9013 0.0313095 -0.034104  0.040768  0.00101721 0.000708625 0.000302288 0.00155981 0.00231991 0.00388472 -0.00219347 -0.00239185  0.00525753  -0.00297326 -0.000190859  -0.00741889 0.993763        0        0 0
             68.0016 -0.0412077 -0.0774699 0.00752995 0.000621302 0.000192174 0.000461793 -0.00607922 -0.00346887  0.00348938  -0.0021828 -0.00238104  0.00527031  -0.00294018 -9.71277e-05  -0.00741585 0.993763        0        0 8210
             68.0016  0.0333933 -0.0336516  0.0384228  0.00131547 0.000774987 0.000136131  0.00181699  0.00170113 5.99259e-07 -0.00220293 -0.00239518  0.00526174  -0.00302056 -0.000157888  -0.00737619 0.992995        0        0 0
             68.1015  -0.0531511  0.00593617 -0.00406027 0.000265989 6.89484e-06 -0.00076322  -0.0112903 -0.00779349 -0.00948941 -0.00217928 -0.00240566   0.0052786  -0.00286029 -5.94369e-05   -0.0072981 0.992989        0        0 8295
             68.1015 0.0321042 -0.039015 0.0381597   0.00132588   0.00079706 -0.000152406  0.000463068 -0.000418355  -0.00292661 -0.00220196   -0.002396  0.00526688  -0.00298665 -0.000144123  -0.00736896 0.993314        0        0 0
             68.2013 -0.0301331 -0.0773728 -0.0036623  0.000942487 -0.000207128  -0.00115938 -0.00446882  -0.0109112  -0.0123395 -0.00218488 -0.00238643  0.00528702  -0.00293603 -6.54693e-05  -0.00730594 0.993316        0        0 8046
             68.2013  0.0335495 -0.0227983  0.0351992 0.000979327 0.000895514 0.000877619  -0.00382037 -0.000878629   0.00640014 -0.00220106 -0.00240321  0.00527629 -0.00293604 -0.00017631 -0.00750805 0.994593        0        0 0
             68.3016 0.00426169  -0.022589  0.0313278 -0.000621951  0.000393641   0.00106217   -0.017188 -0.00387586 -0.00119661  -0.0021946 -0.00240409  0.00528624 -0.00281306 -0.00010965 -0.00744592 0.994591        0        0 8279
             68.3016  0.0344963 -0.0358324  0.0505591 0.000937227  0.00015655 -0.00015856  0.00084395 -0.00685504  -0.0142994 -0.00220392 -0.00240336  0.00528061  -0.00300629 -8.07108e-05  -0.00730117 0.995348        0        0 0
             68.4015  -0.100222 -0.0693902 -0.0364517  0.000823645 -0.000915165  -0.00162777 -0.00296907 -0.00967595  -0.0154755 -0.00217594 -0.00239224  0.00530697 -0.00297365 -3.8421e-05 -0.00728178 0.995349        0        0 8192
             68.4015  0.0368396 -0.0283611  0.0332573 0.000914699  0.00111267 0.000592942 -0.00242908  0.00929928  0.00838494 -0.00221102 -0.00240539  0.00528789 -0.00297423 -0.00024925 -0.00753937 1.00078       0       0 0
             68.5013 0.00280517 -0.0793903  0.0182479 4.25306e-05  0.00095297  0.00146269 -0.00820224 1.80567e-06   0.0104458 -0.00220499 -0.00239394  0.00529854  -0.00291141 -0.000160459  -0.00754651 1.00077       0       0 8247
             68.5013  0.0332797 -0.0266162  0.0368513  0.00109626  0.00091336 0.000528014  0.00373142 -0.00116419 0.000605757 -0.00221395  -0.0024112  0.00529322  -0.00303425 -0.000150843  -0.00743727 1.00109       0       0 0
             68.6016   -0.143064 -0.00570705  -0.0547311  0.000190231 -0.000757374 -0.000580593  -0.0110928  -0.0139871 -0.00877279 -0.00216947 -0.00241764  0.00532522 -0.00288922 1.58215e-05 -0.00734159 1.00108       0       0 8158
             68.6016  0.0322372 -0.0315908  0.0365783  0.00113027  0.00081727 0.000277043 -0.000990024  0.000229674  -0.00106267 -0.00221652 -0.00241288   0.0052999   -0.0029971 -0.000149434  -0.00742501 1.00119       0       0 0
             68.7015 -0.0438545 -0.0577107  0.0187514   0.00027127 -0.000311746  -0.00102179 -0.00946073 -0.00984446    -0.01242 -0.00219407 -0.00240654  0.00531184 -0.00291342 -5.2313e-05 -0.00733416 1.00119       0       0 8050
             68.7015  0.0305531 -0.0267284  0.0373151  0.00102191 0.000881994  0.00053808  -0.00136432 -0.000218148   0.00145927 -0.00221324 -0.00241777  0.00530704  -0.00299379 -0.000158918  -0.00748286 1.0003      0      0 0
             68.8013 -0.0381591 -0.0681183 0.00892265 -3.52664e-05 -0.000111202  0.000320379  -0.0108182  -0.0106745 -0.00444094 -0.00219608 -0.00240646  0.00532138  -0.00288628 -5.73516e-05  -0.00745243 1.0003      0      0 8147
             68.8013  0.0383728 -0.0400732  0.0254496  0.00123714  0.00160538 -0.00010996  0.00337172  0.00595572 -0.00923257 -0.00221494 -0.00241709  0.00531738  -0.00303432 -0.000238329  -0.00739833 0.995436        0        0 0
             68.9016  -0.0114872  -0.0977813 -0.00375481 0.000695437   0.0010902 -0.00121829 -0.00771351 -0.00470156  -0.0130477 -0.00220968 -0.00240049  0.00533176  -0.00295063 -0.000105612  -0.00737122 0.995434        0        0 8055
             68.9016 0.0340359 -0.027337 0.0232621  0.00107208  0.00178975 0.000534637 -0.00323542  0.00173622   0.0059301 -0.00222153 -0.00242243  0.00532429  -0.00299104 -0.000177893  -0.00757766 0.995378        0        0 0
             69.0015  -0.0908355 -0.00601524  -0.0454185 -0.000154654  0.000675158  0.000616775  -0.0134332 -0.00952878 0.000367506 -0.00220063 -0.00242678  0.00534528  -0.00287533 -4.01573e-05   -0.0075062 0.995374        0        0 8180
             69.0015  0.0258337 -0.0439133  0.0280027   0.00133411   0.00138881 -0.000250733  0.00333909 -0.00340095 -0.00893583  -0.0022328 -0.00241898  0.00532449  -0.00305663 -0.000115397  -0.00740369 0.998074        0        0 0
             69.1013 -0.0530081 -0.0594188 0.00299066  0.000925709 -0.000137987   -0.0017635 -0.00452741  -0.0144097  -0.0145471 -0.00221167 -0.00241751  0.00533942 -0.00298227 1.59699e-06 -0.00733579 0.998076        0        0 8013
             69.1013  0.0279841 -0.0283685  0.0251356  0.00144646  0.00156575 0.000498818 0.000854895   0.0016677  0.00983594 -0.00223158 -0.00242901  0.00533384   -0.0030348 -0.000175138  -0.00760167 0.998943        0        0 0
             69.2016  -0.097011 -0.0259282 -0.0369243  0.00063443 0.000345315 0.000303727  -0.0096991   -0.010197 -0.00236165 -0.00219993 -0.00243047  0.00535533  -0.00293681 -2.61241e-05  -0.00748218 0.998941        0        0 8196
             69.2016   0.024218 -0.0403625  0.0230248  0.00114454  0.00174161 -0.00019035 -0.00452701  0.00309388 -0.00785236 -0.00223187 -0.00242725   0.0053388  -0.00299359 -0.000177939  -0.00742155 1.0002      0      0 0
             69.3015 -0.0337243  -0.049624 -0.0121395 9.19039e-05 0.000657822 -0.00185729  -0.011419 -0.0104457 -0.0177581 -0.00221853 -0.00242359  0.00535417   -0.0029279 -3.40173e-05  -0.00734356 1.0002      0      0 7990
             69.3015  0.0224375 -0.0167797  0.0279336 0.00101141 0.00153424 0.00122091 -0.000948672  -0.00279304     0.015582 -0.00223313 -0.00243688  0.00534299  -0.00303278 -0.000119785  -0.00770576 0.997591        0        0 0
             69.4013 -0.0687415 -0.0456174 -0.0241012 0.000428869 0.000127038  0.00192115 -0.00509119  -0.0138625  0.00548826 -0.00220519 -0.00243134  0.00536769 -0.00298304 5.86128e-06 -0.00761125 0.99759       0       0 8019
             69.4013  0.0328165 -0.0496199  0.0422076  0.00114089 0.000671841 -0.00063373  0.00259588 -0.00901307  -0.0222079 -0.00223346 -0.00243041  0.00534874  -0.00306752 -5.46606e-05  -0.00730765 0.99682       0       0 0
             69.5016 -0.0316827 -0.0710426  0.0140933  0.000430669 -0.000672325  -0.00321242 -0.00972339   -0.011791  -0.0267324  -0.0022166 -0.00242492  0.00536327  -0.00296678 -1.09381e-06  -0.00727174 0.996819        0        0 8060
             69.5016  0.0226963 -0.0427016  0.0365537   0.00103384   0.00102118 -0.000327356 -0.00317314  0.00371158  0.00411151 -0.00222904 -0.00243608  0.00535758  -0.00303155 -0.000170368  -0.00761004 1.00102       0       0 0
             69.6015 -0.0523143 -0.0601489 -0.0250114   0.00086792  0.000916533 -8.17697e-05 -0.00149938  0.00041315  0.00186837 -0.00221063 -0.00243541  0.00538183   -0.0030484 -0.000115381  -0.00759465 1.00102       0       0 8042
             69.6015  0.0282725 -0.0307002  0.0204129  0.00120433   0.0018924 0.000318361  0.0021243  0.0102162 0.00602361 -0.00223171 -0.00244482  0.00536926  -0.00308396 -0.000225683  -0.00763887 0.996918        0        0 0
             69.7013    0.016786   -0.067524 -0.00635072 0.000658464  0.00233047 0.000707421 -0.00641432  0.00329198  0.00322217 -0.00223073 -0.00243534   0.0053826   -0.0030016 -0.000178337  -0.00761868 0.996915        0        0 7944
             69.7013  0.0309837 -0.0387826  0.0469093 0.000950807 0.000331126 3.82773e-05 -0.00206538  -0.0172666  -0.0037422 -0.00223876 -0.00244418  0.00536615 -0.00304628 3.75567e-05  -0.0075414 1.00194       0       0 0
             69.8016 -0.00316518  -0.0479419   0.0607308 -0.000147742  -0.00146594 -0.000540709  -0.0130046   -0.016654 -0.00636222 -0.00222583 -0.00244342  0.00537067 -0.00293523 3.08108e-05  -0.0075209 1.00193       0       0 7977
             69.8016    0.03598 -0.0404492  0.0283307   0.00129264    0.0012549 -0.000235898  0.00263355  0.00941997 -0.00349712  -0.0022321 -0.00244869  0.00538126   -0.0031018 -0.000249517  -0.00755073 1.0013      0      0 0
             69.9015 0.0295252 -0.033396 0.0233411  0.000641216   0.00167575 -0.000940937 -0.00732932  0.00323676  -0.0073149 -0.00222842 -0.00245052  0.00538976 -0.00298305 -0.00019611 -0.00751494 1.0013      0      0 7942
             69.9015  0.0392581 -0.0401736  0.0479552   0.00171066 -0.000284683  3.03202e-05 0.00591093 -0.0175508 0.00360783 -0.00223558 -0.00245194  0.00538161 -0.00312273 2.30115e-05 -0.00763358 1.00208       0       0 0
             70.0013 -0.00646804  -0.0456128   0.0663887 0.000697165 -0.00209745 2.17791e-05   -0.0144164   -0.0182282 -0.000516326 -0.00222387 -0.00244986  0.00538053 -0.00295088 1.65162e-05 -0.00760273 1.00207       0       0 7932
             70.0013  0.0259877 -0.0263554  0.0279523 0.00105637 0.00146346  0.0007386 -0.0116026  0.0165743  0.0066468 -0.00222606  -0.0024564  0.00539348  -0.00297882 -0.000354883  -0.00768053 0.998745        0        0 0
             70.1016   0.0386998 -0.00752155   0.0146275 -0.000824798   0.00295547  0.000619905  -0.0190712   0.0194287 -0.00197582 -0.00223159  -0.0024634  0.00540902  -0.00289225 -0.000282307  -0.00759922 0.998744        0        0 8095
             70.1016  0.0295398 -0.0413595  0.0593984  0.000381313 -0.000140317 -0.000991513 -0.00409975  -0.0115449  -0.0188067 -0.00223535 -0.00245589  0.00539445 -0.00305794  4.9946e-05 -0.00741172 1.00055       0       0 0
             70.2015    -0.1154  -0.046909 -0.0285695 -6.45865e-05  -0.00160387  -0.00341864 -0.00681936   -0.015153  -0.0261853 -0.00219768 -0.00245091  0.00542205 -0.00302426 4.40161e-05 -0.00734692 1.00055       0       0 8047
             70.2015 0.0416209 -0.100932 0.0567501  0.000488667 -0.000356911  -0.00262234 -0.00111246 -0.00363034  -0.0176226 -0.0022407 -0.0024369 0.00539787  -0.00308856 -9.24715e-05  -0.00744128 1.0018      0      0 0
             70.3013 -0.0701461  -0.113779  0.0263191 9.60005e-05 -0.00113742 -0.00412799 -0.000427859  -0.00859811   -0.0156231 -0.00220365 -0.00244633  0.00541894  -0.00309936 -7.00411e-05  -0.00746917 1.0018      0      0 8040
             70.3013  0.0194843 0.00851338  0.0312406 0.00170855 0.00122165 0.00130358 0.0172716 0.0087208 0.0325717 -0.00222639  -0.0024871  0.00541827  -0.00327205 -0.000260212  -0.00799539 1.00115       0       0 0
             70.4016 -0.162789 0.0314144 -0.078985    0.001519 0.000549658  0.00185761 -0.00919719 -0.00396034  0.00186268 -0.00218772 -0.00247844  0.00545148 -0.00301844 -6.5908e-05 -0.00767312 1.00115       0       0 7944
             70.4016  0.0315786 -0.0762361   0.037755  0.00159987 0.000491707 -0.00170009 -0.00904173  -0.0054232  -0.0370357 -0.00224418  -0.0024455  0.00541757   -0.0030314 -6.80469e-05  -0.00724308 1.0013      0      0 0
             70.5015  -0.100728 -0.0799752 -0.0218315 -0.000245568  -0.00127427  -0.00558351 -0.0149922 -0.0155946   -0.03879  -0.0022053 -0.00245426  0.00544118   -0.002953 3.25789e-05 -0.00722822 1.00131       0       0 8007
             70.5015  0.0384086 -0.0637993  0.0471915  0.00101632 0.000257894 -0.00138089 -0.00187036 -0.00462374  0.00420401 -0.00224335 -0.00246387  0.00542171  -0.00308684 -9.58836e-05  -0.00769945 1.00308       0       0 0
             70.6013  -0.0898535  -0.0726171 -0.00622511 -8.11693e-05  -0.00121592  -0.00289059 -0.0126689 -0.0141822 -0.0126344 -0.00221218 -0.00245999  0.00544405  -0.0029871 3.46369e-06 -0.00751446 1.00309       0       0 7895
             70.6013  0.0227249 -0.0334583  0.0594701  0.000700491 -0.000248647  -0.00012958 -0.00397909 -0.00721519   0.0128136 -0.00224365 -0.00247419  0.00542525  -0.00307347 -8.05942e-05  -0.00779272 0.997723        0        0 0
             70.7016   -0.144933 -0.00998896  -0.0173975 -0.000252206  -0.00141346 -0.000401223   -0.013784  -0.0072353 -0.00393645 -0.00220409 -0.00247878  0.00545083  -0.00300737 -1.58505e-05  -0.00763156 0.997721        0        0 8152
             70.7016  0.0349287 -0.0776119  0.0252847  0.00123421  0.00141154 -0.00198836 0.00106856  0.0211579 -0.0210616 -0.00225083 -0.00246118  0.00543977  -0.00317426 -0.000335493  -0.00744123 1.00178       0       0 0
             70.8015 -0.0881187 -0.0743353 -0.0604009 0.000488277  0.00144623 -0.00555945 -0.00355765 0.000742598  -0.0358736 -0.00221522 -0.00246791  0.00547121  -0.00308132 -0.000138959  -0.00729919 1.00178       0       0 7994
             70.8015  0.0308062 -0.0423238 0.00255411  0.00270194  0.00262965 -0.00031939  0.0217794 0.00922386  0.0127257 -0.00224803 -0.00248464  0.00545338 -0.00334316 -0.00023957 -0.00783186 0.999877        0        0 0
             70.9013  -0.173875 -0.0553739  -0.058317   0.0029992  0.00103104 -0.00174543 -0.00125952  -0.0150483  -0.0150251 -0.00219512 -0.00247428  0.00547761 -0.00315701 1.81363e-05 -0.00754176 0.999901        0        0 8051
             70.9013  0.0336513 -0.0894855  0.0484069   0.0020416 0.000146577 -0.00296605 -0.0117738 -0.0242898 -0.0269124 -0.00225762 -0.00246164  0.00544592 -0.00304814 9.79168e-05 -0.00741217 1.00144       0       0 0
             71.0016  -0.167396   -0.03775 -0.0298667 -0.000212368  -0.00321215  -0.00705602 -0.0232622 -0.0286488 -0.0402051 -0.00220504 -0.00247633  0.00547327 -0.00291311 0.000195092 -0.00727163 1.00144       0       0 8065
             71.0016  0.0380334 -0.0756506    0.05825  0.000798467 -0.000589653  -0.00219191  -0.0129037 -0.00804047  0.00265581 -0.00226033  -0.0024695  0.00544874  -0.00302241 -4.38776e-05  -0.00774744 0.998364        0        0 0
             71.1015   -0.14994 -0.0730468 0.00259461 -0.000548886  -0.00238028  -0.00339957   -0.013543  -0.0150025 -0.00723877 -0.00220926 -0.00247345  0.00547061 -0.00303285 4.65711e-05 -0.00762706 0.998375        0        0 8134
             71.1015 0.0410747 -0.104256 0.0683225  0.00148036 -0.00100111 -0.00355544  0.00632788 -0.00497175 -0.00878439 -0.00226312  -0.0024685  0.00545184  -0.00324914 -7.75213e-05  -0.00760835 0.997212        0        0 0
             71.2013  -0.143449 -0.0603225 0.00831134 0.000605364   -0.002607 -0.00548205 -0.0114986 -0.0143358 -0.0172411 -0.00221271 -0.00248161  0.00547471 -0.00307586 1.30064e-05 -0.00752417 0.99721       0       0 8067
             71.2013  0.0379054 -0.0627847  0.0436505  0.00154505 0.000311528 -0.00143268 -0.000967726    0.0109554    0.0190038 -0.00226067 -0.00248447  0.00546561  -0.00318624 -0.000273998  -0.00792529 0.998622        0        0 0
             71.3016 -0.118209 -0.108703 -0.029713  0.00087264 0.000164661 -0.00048415 -0.00769237   0.0019053  0.00935222 -0.00222479  -0.0024718  0.00549126  -0.00312507 -0.000142595  -0.00785259 0.998632        0        0 7937
             71.3016  0.0407014 -0.0392559  0.0248398   0.00166003   0.00143799 -7.83967e-05 0.000518511   0.0125782    0.012713 -0.00226898  -0.0024937  0.00547585  -0.00320799 -0.000271363  -0.00788765 0.996253        0        0 0
             71.4015   -0.103408 -0.00848757  -0.0241961  0.000107652   0.00112542 -0.000383523   -0.016861   -0.003708 -0.00686999 -0.00223158 -0.00250118  0.00549588  -0.00303146 -8.60021e-05   -0.0077049 0.996246        0        0 8005
             71.4015  0.0351598 -0.0600481  0.0455897  0.00162244 0.000312995 -0.00119218 0.000768586  -0.0137804  -0.0155395 -0.00227407 -0.00248939    0.005475 -0.00322519 9.64839e-06 -0.00760802 0.996982        0        0 0
             71.5013   -0.116551  -0.0716151 -0.00234774 0.000631236 -0.00201559 -0.00342805 -0.0115423 -0.0224391  -0.024888 -0.00223329 -0.00248443  0.00549401 -0.00309252 9.85671e-05 -0.00751615 0.996982        0        0 7884
             71.5013 0.0425006 -0.109856 0.0679978   0.00153942 -0.000956029  -0.00389983 -0.00180997  -0.0134127  -0.0300474 -0.00227817 -0.00247486  0.00547384   -0.0032012 -1.25855e-05  -0.00745853 1.00236       0       0 0
             71.6016  -0.15327 -0.053624 0.0067645 0.000224457 -0.00289825 -0.00743742 -0.0144023 -0.0170955  -0.034319 -0.00222987 -0.00249119  0.00549685 -0.00308166 4.85381e-05 -0.00740298 1.00235       0       0 8095
             71.6016  0.0442781 -0.0798742  0.0551368  0.00121735 -0.00035079 -0.00232603 -0.0036326 0.00296922  0.0106306 -0.00228382 -0.00248739  0.00548364  -0.00319431 -0.000184203  -0.00790379 1.00331       0       0 0
             71.7015  -0.115474 -0.0999953 -0.0520984  0.000623024 -0.000124295  -0.00178529 -0.00779711  0.00419814  0.00756641 -0.00224565 -0.00248309  0.00551913  -0.00318174 -0.000171576  -0.00786239 1.00331       0       0 7957
             71.7015  0.0366562 -0.0389425  0.0333313   0.00115524  0.000879436 -0.000129892 -0.00206954   0.0114333   0.0221655 -0.00228888 -0.00250291  0.00549432  -0.00323664 -0.000263237  -0.00802292 1.00147       0       0 0
             71.8013 -0.0919309 -0.0151611 0.00468432 -0.000253839 -0.000105156   0.00078517  -0.0145851 -0.00571544  0.00934883 -0.00225416 -0.00251157  0.00550983   -0.0030888 -7.77591e-05  -0.00789418 1.00148       0       0 8121
             71.8013  0.0377839 -0.0497547  0.0430491   0.00132102  0.000458034 -0.000611954  0.00233604 -0.00221881 -0.00571584 -0.00229152 -0.00250379  0.00549874  -0.00327565 -0.000126453  -0.00772495 0.997954        0        0 0
             71.9017 -0.0832358 -0.0980499 -0.0257563   0.00110306 -0.000194778  -0.00200182 -0.00355627 -0.00563681  -0.0157841 -0.00225542  -0.0024925  0.00552659  -0.00323352 -8.46667e-05  -0.00765008 0.997955        0        0 8031
             71.9017 0.0354835 -0.035842 0.0272747  0.00132087  0.00146093 0.000230324 -0.00132591  0.00949674  0.00813297 -0.0022873  -0.002512 0.00551177  -0.00325069 -0.000259404  -0.00791674 0.996896        0        0 0
             72.0015 -0.0573067  -0.089013 0.00195005 0.000967484  0.00102127  0.00053928  -0.0031287 -0.00474348  0.00022493 -0.00226335 -0.00249837  0.00552445 -0.00323512 -9.8106e-05 -0.00785766 0.996898        0        0 8113
             72.0015  0.0441574 -0.0554087  0.0260074  0.00107187  0.00158913 -0.00115363 -0.00217336 0.000575929   -0.018178 -0.00229191 -0.00250746  0.00551768  -0.00324456 -0.000164036  -0.00765177 1.00048       0       0 0
             72.1013  -0.102979 -0.0510209  -0.056678 0.000405916 5.06437e-05 -0.00349388 -0.00720973  -0.0154051  -0.0254624 -0.00225754 -0.00250756  0.00554671 -0.00319655  9.6334e-06 -0.00757611 1.00047       0       0 7841
             72.1013  0.0403307 -0.0745879  0.0385979  0.00159766 0.000630694 -0.00176396  0.00630417  -0.0112212 -0.00714643 -0.00229878 -0.00250414  0.00551881  -0.00334322 -4.88684e-05  -0.00777976 1.00025       0       0 0
             72.2017 -0.0377925  -0.119602  0.0240887  0.00140262 -0.00133685 -0.00250707 -0.00182675  -0.0175874 -0.00653652 -0.00228085 -0.00249565  0.00553022 -0.00327348 3.31161e-05 -0.00777635 1.00026       0       0 8101
             72.2017  0.0445337 -0.0210708  0.0262592 0.00152094 0.00144419 0.00070784 -0.00139417  0.00607718   0.0204582 -0.00230046  -0.0025257  0.00553071  -0.00326568 -0.000229798  -0.00807652 0.997577        0        0 0
             72.3015  -0.0466099  -0.0837633 -0.00474482 0.000385452  0.00073852  0.00170099  -0.0138916 -0.00562337   0.0118309 -0.00228142  -0.0025058   0.0055435  -0.00313998 -8.82638e-05  -0.00796448 0.997574        0        0 7781
             72.3015  0.0442429 -0.0391935  0.0299244 0.00135912  0.0011551 2.0206e-05 -0.00268112 -0.00209944 -0.00640556 -0.00230718  -0.0025201  0.00553356 -0.00325847 -0.00013412 -0.00775905 1.0031      0      0 0
             72.4013 -0.0269931 -0.0876771 -0.0098025  0.00039164  0.00039827 -0.00100551  -0.0107604 -0.00823168  -0.0103747 -0.00228711 -0.00250747  0.00555098  -0.00318108 -8.39826e-05   -0.0077399 1.0031      0      0 7996
             72.4013  0.0435445 -0.0367135  0.0287264  0.00124432  0.00129402 2.16514e-06 -0.000914006 -0.000102914  6.26223e-05 -0.00230629 -0.00252488  0.00553999  -0.00328295 -0.000178362  -0.00785487 0.999592        0        0 0
             72.5017 -0.0460627  -0.074293  0.0166333  0.000488465   0.00028285 -0.000620189  -0.0083647 -0.00939347  -0.0082474 -0.00229101 -0.00251286  0.00554543  -0.00319108 -5.83877e-05  -0.00779625 0.99959       0       0 7841
             72.5017  0.0545841 -0.0609914  0.0556656   0.00095918 -0.000246571  -0.00141998 -0.00265563  -0.0153534  -0.0163753 -0.00232142 -0.00251742  0.00553381  -0.00325309 -2.54373e-06  -0.00770414 1.0008      0      0 0
             72.6015 -0.0184824  -0.147835  0.0392625 0.000356887 -0.00198291 -0.00276733 -0.00747471  -0.0182398  -0.0166004 -0.00229968 -0.00249345  0.00554631 -0.00323181 1.11749e-05 -0.00773968 1.0008      0      0 7946
             72.6015  0.0492835 -0.0225856  0.0351856  0.00193166 0.000736056 0.000897107  0.0104783 0.00649751  0.0221627 -0.00231458 -0.00253556  0.00554869  -0.0034123 -0.00026104 -0.00816741 1.0062      0      0 0
             72.7013  -0.121924 -0.0129063 -0.0131205  0.000978055 -0.000450022   0.00210903 -0.00994151 -0.00659732   0.0117095  -0.0022749 -0.00253663  0.00556636  -0.00318371 -8.91792e-05  -0.00803458 1.0062      0      0 7904
             72.7013  0.0384179 -0.0514328  0.0336966  0.00111354 0.000893902  -0.0008788 -0.00975065  0.00431078   -0.019863 -0.00232001 -0.00252411  0.00555306  -0.00319204 -0.000221145   -0.0076824 1.00799       0       0 0
             72.8017 -0.0525904 -0.0878991 0.00562091 -0.000619562 -0.000197094  -0.00279535   -0.018696 -0.00768962  -0.0169863 -0.00229555 -0.00251491  0.00556765  -0.00313184 -7.46861e-05   -0.0077025 1.00799       0       0 8005
             72.8017 0.0442693 -0.057061 0.0132905   0.00210813   0.00212671 -0.000952631  0.00846138  0.00931449 -0.00154296 -0.00232102 -0.00252933  0.00556614  -0.00342359 -0.000266602  -0.00787252 1.00808       0       0 0
             72.9015  -0.154386 0.00984033 -0.0448968  0.00166909 0.000138807 -0.00366785 -0.00190548  -0.0103942   -0.019742 -0.00226951 -0.00255083  0.00558732  -0.00329095 -4.76169e-05  -0.00767787 1.00804       0       0 7973
             72.9015  0.0464432 -0.0465215  0.0525956   0.00090116 -0.000215494 -0.000974488 -0.00878705  -0.0133022 -0.00081606 -0.00232896 -0.00253374  0.00555851  -0.00321606 -3.46201e-05  -0.00789142 1.00685       0       0 0
             73.0013  -0.108722 -0.0516648  -0.021184 -2.97243e-05   -0.0018731  -0.00180837 -0.00988851  -0.0159827 -0.00854371 -0.00228558 -0.00253369  0.00558658  -0.00322109 -5.34214e-06  -0.00784072 1.00685       0       0 7909
             73.0013 0.0399963  -0.12829  0.121257  0.00161628 -0.00429151 -0.00523819 0.00884762 -0.0357045  -0.036209 -0.00233303 -0.00251337  0.00554363  -0.0034363 0.000193379  -0.0075299 1.00654       0       0 0
             73.1017  -0.194485 -0.0942132  0.0148624  0.00203157 -0.00647292 -0.00818007 0.00282069 -0.0219678 -0.0336335  -0.0022693 -0.00252331  0.00557929 -0.00338693 6.71649e-05 -0.00759978 1.00654       0       0 8232
             73.1017 0.00165544 -0.0755035   0.159003  0.00220255 -0.00556695 -0.00198886 0.00653112 -0.0146733    0.01893 -0.00232563 -0.00253194  0.00553707  -0.00342058 -3.17008e-05  -0.00819281 1.00897       0       0 0
             73.2015 -0.148896 -0.086352 0.0258818  0.00155056 -0.00459483 -0.00152632 -0.00697326  0.00418031  0.00609419 -0.00228568 -0.00252553    0.005581 -0.00327529 -0.00022587  -0.0080555 1.00903       0       0 8026
             73.2015 0.0880013 -0.121766 0.0538287   0.00125146 -0.000418504  -0.00455203  -0.011467  0.0341377 -0.0175809 -0.00234965 -0.00251319  0.00557418  -0.00323394 -0.000572738   -0.0077907 1.00816       0       0 0
             73.3013 -0.0406021 -0.0673548 0.00563268 -0.000338095   0.00168719  -0.00616887 -0.0162918  0.0218199 -0.0156677 -0.00231811 -0.00253348  0.00559316  -0.00321471 -0.000435578  -0.00780008 1.00817       0       0 8255
             73.3013  0.0344572 -0.0694494  0.0238937 0.000119984  0.00115146 -0.00163578 -0.0112131  0.0150717   0.036091 -0.00234135 -0.00253597  0.00558765  -0.00327084 -0.000369518  -0.00838464 1.00936       0       0 0
             73.4017 -0.0745212 -0.0391578 -0.0588873 -0.000941292   0.00104868   0.00123502  -0.011009 0.00171907  0.0312335 -0.00231348 -0.00254749  0.00561733 -0.00328243 -0.00019171 -0.00832463 1.00938       0       0 8153
             73.4017 0.0413017 -0.049671   0.02594   0.00107237   0.00146069 -0.000607477  0.0113088 0.00504278  0.0150109 -0.00234695  -0.0025478  0.00559245  -0.00353096 -0.000239294  -0.00813892 1.00652       0       0 0
             73.5015 -0.0117612 -0.0416394 0.00282041  0.00148622 0.000979165 0.000110565  0.00248889 -0.00422903  0.00778878 -0.00233495 -0.00255056  0.00560445  -0.00344475 -0.000146023  -0.00807043 1.00652       0       0 8232
             73.5015  0.0381167 -0.0372801  0.0374928 0.000491193 0.000601814 4.60643e-05 -0.00869089 -0.00796946  0.00708119 -0.00235036 -0.00254956  0.00559403  -0.00332241 -0.000110087   -0.0080635 1.00107       0       0 0
             73.6013  -0.0659737   -0.020194 -0.00325056   -0.0010109  -0.00149047 -3.47256e-05  -0.0147006  -0.0202336 -0.00179742 -0.00231631 -0.00255708  0.00561487 -0.00324415 2.70623e-05 -0.00798989 1.00107       0       0 8111
             73.6013  0.0364432 -0.0366161  0.0226793 0.000747086  0.00153318 2.01346e-06  0.00436733  0.00838517 -0.00193742 -0.00234136  -0.0025556  0.00560846  -0.00345402 -0.000293468  -0.00798665 1.00224       0       0 0
             73.7017  0.0428024 -0.0758775  0.0131767 0.000641915  0.00176462 -0.00089622 -0.00214903  0.00138746  -0.0119897  -0.0023414 -0.00254536  0.00561897  -0.00339845 -0.000227064  -0.00790422 1.00224       0       0 7982
             73.7017  0.0387477 -0.0333136  0.0205877 0.000984421   0.0016823 0.000327282  0.00214133 0.000331844  0.00137706  -0.0023404 -0.00255919  0.00561674  -0.00344093 -0.000215263   -0.0080546 1.00581       0       0 0
             73.8015 -0.0118261 -0.0620822 -0.0220491  0.000341281  0.000973303 -0.000118463 -0.00708046 -0.00670251 -0.00661313   -0.002331 -0.00255065  0.00563559  -0.00334291 -0.000128894  -0.00797187 1.00581       0       0 8064
             73.8015  0.0426736 -0.0318856  0.0240835 0.000727502  0.00142779 0.000279158 -0.00263771 -0.00263057 -0.00230686 -0.00234629  -0.0025605  0.00562217  -0.00338842 -0.000178533  -0.00801916 1.00139       0       0 0
             73.9013  -0.101296 -0.0705475 -0.0469243   0.00013377   9.5911e-05 -0.000122661 -0.00687018  -0.0118477 -0.00421958 -0.00231153 -0.00255138  0.00564808  -0.00336137 -4.94177e-05   -0.0079899 1.00139       0       0 7983
             73.9013  0.0469054 -0.0441708  0.0137603   0.00101461   0.00209999 -0.000391387  0.00259537  0.00735993 -0.00734142 -0.00235228 -0.00256068   0.0056308  -0.00346345 -0.000272958  -0.00795299 0.999602        0        0 0
             74.0017 -0.0582431 -0.0492637 -0.0558091 0.000600235  0.00122925 -0.00181813 -0.00498056 -0.00651364  -0.0141155 -0.00233061 -0.00256019  0.00565418  -0.00339076 -0.000108927  -0.00788847 0.999598        0        0 8126
             74.0017  0.0341846 -0.0385458  0.0171357  0.00128046  0.00198342 8.94798e-05   0.00255458 -0.000375901   0.00643533 -0.00235671 -0.00256545  0.00563297  -0.00347137 -0.000185581   -0.0081219 1.00409       0       0 0
             74.1015 -0.0544692 -0.0516482  -0.029202  0.000443489   0.00055109 -0.000520386 -0.00846801  -0.0138565 -0.00677959 -0.00234003 -0.00256027  0.00565021  -0.00333364 -5.21122e-05  -0.00798439 1.00409       0       0 7925
             74.1015  0.0394452 -0.0372544  0.0238311 0.000955379  0.00152133 7.61661e-05  -0.00295974  -0.00497695 -0.000410789   -0.002366 -0.00256595   0.0056349  -0.00339218 -0.000157937  -0.00805538 1.00042       0       0 0
             74.2013 -0.0667022 -0.0495995 -0.0377886  0.000276615 -2.74863e-05 -0.000829584 -0.00717431  -0.0153892  -0.0112181 -0.00234127 -0.00256351  0.00565819  -0.00336394 -3.55324e-05   -0.0079577 1.00042       0       0 8036
             74.2013  0.0384732 -0.0363322   0.031512  0.00143484  0.00110529 0.000158909   0.00586949  -0.00514054 -0.000465206 -0.00237062 -0.00257033  0.00563795  -0.00350596 -0.000158146  -0.00807843 0.999331        0        0 0
             74.3017 -0.0835418 -0.0634292 0.00642632  0.000826261 -0.000977641 -0.000672026 -0.00761769  -0.0203652 -0.00973895 -0.00233841 -0.00256277  0.00565127 -0.00336836 2.56621e-05 -0.00797945 0.99933       0       0 8071
             74.3017  0.0407735 -0.0378865  0.0276545  0.00108779  0.00140052 5.84696e-06 -0.00574649  0.00392733 -0.00268036   -0.002371 -0.00257092  0.00564601  -0.00338638 -0.000253275  -0.00805908 0.996995        0        0 0
             74.4015 -0.0965361 -0.0155305 -0.0498452 -0.000231404  0.000280481 -0.000545779  -0.0140998  -0.0100755 -0.00571866 -0.00233805 -0.00257816  0.00567369  -0.00329628 -8.28001e-05  -0.00802135 0.996994        0        0 7938
             74.4015  0.0361789 -0.0504024  0.0194311   0.00154186   0.00180751 -0.000529641   0.0056936  0.00401103 -0.00573271 -0.00237483 -0.00257128  0.00565376  -0.00351619 -0.000249296  -0.00801988 1.00224       0       0 0
             74.5013 -0.0770251 -0.0370879 -0.0341995  0.000990952 -1.89224e-05   -0.0024252 -0.00622745   -0.016322  -0.0193451 -0.00235045 -0.00257643  0.00567397  -0.00339395 -1.36493e-05  -0.00787145 1.00224       0       0 7933
             74.5013  0.0416661 -0.0960143  0.0610941   0.0016459 -0.00060596 -0.00325193 0.00109067 -0.0231329 -0.0279574 -0.00238686 -0.00255997  0.00564535  -0.0034806 4.95321e-05 -0.00777402 0.998514        0        0 0
             74.6017 -0.0514951  -0.159046  0.0376861  0.00145045 -0.00302482 -0.00562567 -0.0033035 -0.0235087 -0.0246003 -0.00236427 -0.00254371  0.00565687 -0.00344889  6.0683e-05 -0.00782742 0.998515        0        0 7940
             74.6017  0.0374315 -0.0431144  0.0334826   0.00110207    0.0010711 -0.000141696 -0.00765932   0.0124341   0.0229772 -0.00238401 -0.00257909  0.00565972  -0.00338409 -0.000341674  -0.00836604 0.997199        0        0 0
             74.7015  0.0103782 -0.0036627  0.0203969 0.000127104  0.00110214 0.000346155  -0.00984703 -0.000280546    0.0038322 -0.00238639  -0.0025916   0.0056662   -0.0033646 -0.000214594  -0.00816564 0.997196        0        0 7963
             74.7015  0.0379726 -0.0377215   0.038775   0.0012693 0.000770935 0.000130841  0.00325807 -0.00421649  0.00174269 -0.00239524  -0.0025838  0.00566059  -0.00351115 -0.000174044  -0.00814133 0.997759        0        0 0
             74.8014 0.000371543  -0.0441799   0.0568203  0.000942796 -0.000902546 -0.000643778 -0.00392142  -0.0172969 -0.00871737  -0.0023889 -0.00258239  0.00566087  -0.00343591 -2.21315e-05  -0.00803225 0.997753        0        0 7953
             74.8014  0.0414832 -0.0382168   0.029608  0.00100641  0.00129924 0.000121845 -0.00414365  0.00602504 -0.00068543 -0.00239729 -0.00258439  0.00566993  -0.00343244 -0.000281635   -0.0081233 0.99539       0       0 0
             74.9017 0.00344548 -0.0178037  0.0176954 -0.000214044   0.00052924  -0.00110062  -0.0132976 -0.00733717  -0.0128794 -0.00239254 -0.00259129  0.00567779  -0.00334636 -0.000124962  -0.00798907 0.995384        0        0 7992
             74.9017  0.0368013 -0.0261056  0.0495072  0.00123744 0.000171011 0.000624806 0.00381464 -0.0119919 0.00599304 -0.00240317 -0.00259228  0.00566818 -0.00353523 -7.6691e-05 -0.00820341 0.996484        0        0 0
             75.0015 -0.0878676  0.0117936  0.0288117  0.000865209  -0.00235954 -0.000112089 -0.00431293  -0.0235634 -0.00851639  -0.0023774 -0.00260316  0.00567732 -0.00343784 6.31947e-05 -0.00804877 0.996486        0        0 8013
             75.0015  0.0368258 -0.0603011  0.0341597  0.00155975 0.000974062 -0.00115953 0.00198981 0.00814955 -0.0204136 -0.00240878 -0.00258241  0.00567709  -0.00351486 -0.000296313  -0.00791415 0.995966        0        0 0
             75.1014 -0.0837536 -0.0512938 -0.0203079  0.00118265 0.000173309 -0.00425436   -0.004569 -0.00730244  -0.0314221 -0.00238314 -0.00258648  0.00569659  -0.00345772 -0.000117008  -0.00780691 0.995967        0        0 7924
             75.1014  0.0415054 -0.0604995  0.0373594  0.00155344 0.000739217 -0.00117073 -0.000157561  -0.00309347  -0.00157022  -0.0024199 -0.00258576  0.00567947  -0.00350391 -0.000174962  -0.00814788 1.00279       0       0 0
             75.2017 -0.0347461 -0.0835086  0.0079302  0.00082352 -0.00107332 -0.00203239 -0.00755824  -0.0161146 -0.00908639 -0.00240298 -0.00257996  0.00569248  -0.00342776 -2.29934e-05   -0.0080811 1.0028      0      0 7999
             75.2017     0.0408 -0.0241112  0.0353496  0.00121122 0.000946219 0.000840735 -0.00390529  0.00126135   0.0167781 -0.00242234 -0.00259937  0.00568509  -0.00346005 -0.000222529  -0.00837608 0.996526        0        0 0
             75.3015   -0.0678402 -0.000914161  -0.00606903 -0.000606639 -0.000840115   0.00192868 -0.0192769 -0.0175799  0.0103133 -0.00239493 -0.00260596  0.00570313  -0.00329195 -2.34332e-05  -0.00830554 0.99653       0       0 7994
             75.3015  0.0413515 -0.0527346  0.0481751   0.00118298  0.000131807 -0.000761272 0.000739055 -0.00886309  -0.0191099 -0.00242573 -0.00259283  0.00568741  -0.00351903 -0.000129436  -0.00796951 0.997017        0        0 0
             75.4014  -0.0987044   -0.076881 -0.00125281 0.000674478 -0.00170555 -0.00327916 -0.00675797  -0.0168891  -0.0249564 -0.00238888 -0.00258742  0.00570749  -0.00345289 -2.43152e-05  -0.00790378 0.997019        0        0 7837
             75.4014   0.043684 -0.0990027   0.065326   0.0012403 -0.00082383 -0.00339653 -0.000678904  -0.00923681   -0.0264109 -0.00243011 -0.00258176  0.00568788  -0.00352238 -0.000122067  -0.00788696 1.00094       0       0 0
             75.5017    -0.1149 -0.0976641 -0.0205529 0.000768786  -0.0024607 -0.00601311 -0.0055357 -0.0144363 -0.0264928 -0.00238959 -0.00258445  0.00571783  -0.00347707 -4.57202e-05  -0.00790578 1.00095       0       0 7961
             75.5017  0.0412727 -0.0762883  0.0551131    0.0010121 -0.000368619   -0.0021181 -0.0027273 0.00279487 0.00783518 -0.00243299 -0.00259267  0.00569604 -0.00350169 -0.00025106 -0.00829813 1.00212       0       0 0
             75.6015 -0.0906729 -0.0872994 -0.0238551 0.000317387 -0.00112665 -0.00217677  -0.00686468  -0.00490657 -3.70234e-05 -0.00240352 -0.00259228  0.00572248  -0.00346478 -0.000147233  -0.00823201 1.00212       0       0 7872
             75.6015  0.0388363 -0.0320779  0.0352855  0.00167473 0.000916156 0.000354571 0.00778144  0.0111218  0.0215943 -0.00243924 -0.00261205  0.00570556  -0.00361885 -0.000335376  -0.00847557 0.995476        0        0 0
             75.7014 -0.0804973 -0.0734937 -0.0291433  0.00180778 0.000780521   0.0016964  0.000250899 -0.000322526    0.0113147 -0.00240823 -0.00259937  0.00572948  -0.00354711 -0.000205504  -0.00837386 0.995483        0        0 8077
             75.7014  0.0455184 -0.0532152  0.0218852   0.00133116   0.00170693 -0.000788281 -0.00574524   0.0084147  -0.0158114 -0.00244457 -0.00260349  0.00571449  -0.00348001 -0.000313822  -0.00806317 0.994237        0        0 0
             75.8018 -0.0388599  -0.082502 -0.0367399 9.81999e-05 0.000991442 -0.00294597  -0.0125127 -0.00755643  -0.0231899 -0.00242115 -0.00259678  0.00573843  -0.00340707 -0.000137804  -0.00798944 0.994233        0        0 7971
             75.8018   0.032304 -0.0185461  0.0266284 0.00115111 0.00140484 0.00118522  3.7427e-05 -0.00485877   0.0216052 -0.00244176 -0.00261939  0.00571974  -0.00353777 -0.000175014  -0.00850199 0.995965        0        0 0
             75.9016 -0.0283833  -0.035193  0.0249476  2.78755e-05 -0.000321281   0.00253205 -0.0127576 -0.0171468  0.0132695 -0.00242857 -0.00261391  0.00572416 -0.00340905 -3.7039e-05 -0.00840566 0.99596       0       0 8092
             75.9016  0.0398189 -0.0368424  0.0266607  0.00129874  0.00145174 0.000134195 0.000884015 0.000144913  -0.0119891 -0.00244575  -0.0026148   0.0057244  -0.00356272 -0.000233419  -0.00811655 0.993603        0        0 0
             76.0014  -0.108627 -0.0459719 -0.0600709   0.00034136 -0.000160407  -0.00182755 -0.0113913 -0.0136075 -0.0185035 -0.00240539 -0.00261328  0.00575627   -0.0034337 -4.79304e-05  -0.00804339 0.993599        0        0 7979
             76.0014  0.0287363 -0.0562484  0.0466242  0.000832894 -6.51839e-05  -0.00099954 -0.00573267  -0.0138745 -0.00987017 -0.00244646 -0.00261153   0.0057243  -0.00349665 -5.85985e-05  -0.00814176 1.00037       0       0 0
             76.1018  -0.100594  -0.102918 -0.0209084 -0.000143505  -0.00223979   -0.0019051  -0.0102317  -0.0201423 -0.00852951 -0.00241128 -0.00259951  0.00574903 -0.00345718 2.05132e-05 -0.00816992 1.00038       0       0 8129
             76.1018  0.0400735 -0.0342119  0.0424446  0.00152479 0.000396308 0.000233118 0.00738842 0.00158185 0.00938836 -0.00244937 -0.00262386  0.00573103  -0.00364602 -0.000234031   -0.0083727 0.999028        0        0 0
             76.2016   -0.15331 -0.0135772 -0.0290471  0.000568945  -0.00124856 -7.98793e-05  -0.0102999  -0.0128689 -0.00488178 -0.00239762 -0.00262928   0.0057581  -0.00344268 -6.93913e-05   -0.0082354 0.99904       0       0 8090
             76.2016  0.0368084 -0.0866327  0.0542389  0.00164378 -0.00028393 -0.00269527 0.000423119 -0.00591681  -0.0331048 -0.00245267 -0.00260834  0.00573371 -0.00356959 -0.00016355 -0.00791294 0.996082        0        0 0
             76.3014 -0.0621665  -0.133785 0.00518094 0.000793692 -0.00151467 -0.00581853 -0.00947117  -0.0116642  -0.0339427 -0.00242822 -0.00259504  0.00575392   -0.0034805 -9.91671e-05   -0.0079334 0.996082        0        0 7974
             76.3014  0.0434497 -0.0913696  0.0356125  0.00136779 0.000865284 -0.00292917 -0.00383524  0.00799785 -0.00919476 -0.00245642 -0.00260959   0.0057456  -0.00353614 -0.000325733  -0.00821478 0.997971        0        0 0
             76.4018  -0.0654051   -0.098185 -0.00709099 0.000610534 0.000284114  -0.0041205 -0.00755976  -0.0057552  -0.0133309 -0.00242849 -0.00260933  0.00576423  -0.00350536 -0.000162888  -0.00817774 0.997971        0        0 8046
             76.4018  0.0441577 -0.0994485  0.0606013   0.00153234 -0.000598786  -0.00335423  0.00350565  -0.0158146 -0.00583261 -0.00246292 -0.00261128   0.0057436  -0.00362839 -6.11061e-05  -0.00826292 0.994947        0        0 0
             76.5016 -0.0647414  -0.103782  0.0223948  0.00130845 -0.00221892 -0.00375991 -0.00441318  -0.0158215 -0.00408684 -0.00243351 -0.00261088  0.00576027  -0.00356928 -5.48135e-05  -0.00827885 0.994945        0        0 7910
             76.5016  0.0371005 -0.0489239  0.0273233   0.00146168   0.00140183 -0.000493502 -0.00297493   0.0169428   0.0242843   -0.002458 -0.00262866   0.0057602  -0.00357748 -0.000426378  -0.00860206 0.9985      0      0 0
             76.6014  -0.144272 -0.0431654 -0.0664669 -0.000132806  0.000784088  0.000669482  -0.0178047 -0.00327468   0.0131337 -0.00241403 -0.00263029  0.00579169  -0.00341674 -0.000164987   -0.0084667 0.998499        0        0 8072
             76.6014  0.0315032 -0.0464319  0.0327288   0.00149364  0.000865985 -0.000332168 0.000791474 -0.00402137  0.00284449 -0.00246673 -0.00263187  0.00576192  -0.00362527 -0.000173347  -0.00834663 0.999854        0        0 0
             76.7018 -0.0454156 -0.0948347  -0.012844  0.000872997 -0.000458198 -0.000817919 -0.00722085    -0.01206 -0.00451459 -0.00244532 -0.00261915  0.00578125  -0.00354421 -8.62464e-05  -0.00827948 0.999859        0        0 7893
             76.7018 0.0444565 -0.041074 0.0410792   0.00116443   0.00052464 -8.88134e-05   -0.004028 -0.00346857  0.00319672  -0.0024707 -0.00263585  0.00576551  -0.00357477 -0.000190662  -0.00836689 0.998684        0        0 0
             76.8016 -0.0882244 -0.0259517  0.0115048 -0.000256796  -0.00127573 -0.000970329 -0.0153628  -0.017485 -0.0112257  -0.0024348 -0.00264181  0.00577992  -0.00345423 -3.98949e-05  -0.00823842 0.998685        0        0 8150
             76.8016  0.0341091 -0.0408694  0.0557453   0.00116148 -0.000334434 -0.000154137 0.000734537  -0.0095381  -0.0024923 -0.00247006 -0.00264042  0.00576698   -0.0036339 -0.000139287  -0.00833732 1.0018      0      0 0
             76.9014   -0.10983 -0.0788584 -0.0299867  0.000682319  -0.00200009 -0.000898899 -0.00594885  -0.0155929 -0.00919256 -0.00242799 -0.00262856  0.00580041  -0.00356624 -4.95772e-05  -0.00826893 1.0018      0      0 7954
             76.9014  0.0481435 -0.0511968   0.050845  0.000807764  1.02506e-05 -0.000481182 -0.00509134  0.00285291 -0.00495501 -0.00247234  -0.0026371  0.00577691  -0.00357323 -0.000270109  -0.00831692 0.995314        0        0 0
             77.0013  -0.0777388  -0.0895529 -0.00270899  0.000394688 -0.000485006  -0.00101138 -0.00339858 -0.00276733 -0.00537544 -0.00243831 -0.00262989  0.00580026  -0.00360697 -0.000184081  -0.00828534 0.995315        0        0 8147
             77.0013  0.0353237 -0.0281188  0.0224734  0.00134006  0.00172653 0.000197089  0.0062063  0.0150055 0.00696429  -0.0024696 -0.00265037  0.00579332  -0.00370849 -0.000392506  -0.00842568 0.995105        0        0 0
             77.1016  -0.127735 -0.0385758 -0.0668674   0.00107064   0.00111477 -0.000147171 -0.00528655 -0.00378484 -0.00229864 -0.00242626 -0.00264471  0.00582549 -0.00359284 -0.00013661 -0.00830542 0.995103        0        0 8025
             77.1016  0.0367849 -0.0482691  0.0325329    0.0017672   0.00102513 -0.000315791  0.00274378 -0.00595193 -0.00409617 -0.00247606 -0.00264301  0.00579547  -0.00368479 -0.000128304  -0.00828385 1.00048       0       0 0
             77.2014  -0.085109  -0.121985 -0.0387173   0.00139874 -0.000936918  -0.00133503 -0.00410419  -0.0183688 -0.00961602 -0.00244227 -0.00262725  0.00582231  -0.00362425 -4.97406e-06  -0.00824141 1.00049       0       0 8180
             77.2014  0.0375323 -0.0326463  0.0462575  0.00150431 0.000279358 0.000218304 -0.00289211 -0.00780236  0.00705028 -0.00247749 -0.00265492  0.00579709  -0.00362871 -0.000135424  -0.00843174 0.995882        0        0 0
             77.3013  -0.138865  -0.039802 -0.0213523  3.00268e-05  -0.00198802 -0.000258503   -0.01556 -0.0196321 -0.0066164 -0.00242904 -0.00265135  0.00582292 -0.00347025 7.89551e-07 -0.00830832 0.995887        0        0 7899
             77.3013 0.0336647 -0.043995  0.056955   0.00126977 -0.000349443 -0.000107428 -0.00264857  -0.0073086 -0.00512289 -0.00247927 -0.00265186  0.00579969   -0.0036163 -0.000153572  -0.00832447 0.99618       0       0 0
             77.4016 -0.0920698 -0.0522411 0.00918179 -0.000588577  -0.00198215  -0.00100546 -0.0202322 -0.0142348 -0.0123022 -0.00244493 -0.00264967  0.00581978  -0.00343961 -6.31756e-05  -0.00827495 0.99618       0       0 8050
             77.4016  0.0339946 -0.0366568  0.0270276  0.00128038  0.00144827 8.64384e-07 -0.000799401     0.014159  -0.00161073 -0.00247849 -0.00265773  0.00581547  -0.00365752 -0.000393784  -0.00839719 1.00019       0       0 0
             77.5014   -0.116233 -0.00144065  -0.0561904 -0.000166326  0.000876702  -0.00117009  -0.0152847 -0.00468938  -0.0143955 -0.00244253 -0.00266575  0.00584302  -0.00348309 -0.000157544  -0.00825443 1.00018       0       0 7901
             77.5014  0.0402489 -0.0810112  0.0259093 0.00170916 0.00146413 -0.0023426  0.00554641 -0.00028698  -0.0271676 -0.00248874 -0.00264486  0.00581853  -0.00372384 -0.000221572  -0.00810691 1.00055       0       0 0
             77.6013 -0.0909131  -0.132687  -0.034457  0.00166087 3.88337e-05 -0.00449458 -0.00145597  -0.0125983  -0.0212884 -0.00245825 -0.00263141  0.00584126  -0.00368268 -7.00924e-05  -0.00816534 1.00056       0       0 7963
             77.6013  0.0379583 -0.0546927  0.0430972   0.00152711  0.000427961 -0.000853452 -0.0024049 -0.0106717  0.0115549 -0.00249676 -0.00265582  0.00581793  -0.00366054 -0.000103823  -0.00854301 0.999482        0        0 0
             77.7016  -0.116657 -0.0474122   -0.01925 0.000582279 -0.00185744 -0.00083823 -0.0104943  -0.019441 0.00193909 -0.00245312 -0.00266005  0.00584179 -0.00356788 2.46071e-05 -0.00842345 0.99949       0       0 7974
             77.7016  0.0341227 -0.0475349  0.0441625   0.00155265  0.000286445 -0.000479566 -0.000239417 -4.61723e-05   0.00518472 -0.00249551 -0.00266155  0.00582346  -0.00368349 -0.000207799  -0.00845994 0.996224        0        0 0
             77.8015   -0.110699  -0.0795869 -0.00502808 0.000125522  -0.0013161 -0.00100513  -0.0160795  -0.0127677 -0.00477431 -0.00246403  -0.0026507  0.00583926  -0.00351824 -6.57195e-05  -0.00836561 0.996228        0        0 8018
             77.8015  0.0367188 -0.0407039  0.0287303   0.00111076   0.00139855 -4.45454e-05 -0.00595588  0.00967997  0.00508473 -0.00250498 -0.00266429  0.00582991  -0.00362795 -0.000330381  -0.00847777 0.99841       0       0 0
             77.9013 -0.0503456 -0.0583017 -0.0170513 -8.43813e-05  0.000781584  6.99569e-05   -0.0121827  -0.00666638 -0.000391415 -0.00247654 -0.00266143  0.00585147  -0.00355984 -0.000147603  -0.00844771 0.998408        0        0 8145
             77.9013  0.0343832 -0.0379083   0.047966   0.00100598  0.000217395 -1.33062e-05 0.000843071  -0.0134354 -0.00115269 -0.00250309 -0.00266933  0.00583155   -0.0037054 -7.98029e-05  -0.00843728 0.994552        0        0 0
             78.0016  -0.0707925  -0.0630892 -0.00584307  1.98854e-05  -0.00176552 -0.000567155  -0.0117797  -0.0192164 -0.00907354 -0.00246787 -0.00266182  0.00585621 -0.00357142 -6.4118e-06 -0.00837964 0.994552        0        0 8035
             78.0016  0.0389808 -0.0401444   0.023695   0.00120836   0.00161159 -7.42597e-05 0.000763721   0.0128681  -0.0043096 -0.00249645 -0.00267062  0.00584838  -0.00371167 -0.000379403  -0.00843338 0.998748        0        0 0
             78.1015  -0.106861  0.0126903 -0.0306818  0.00035292 0.000910078 -0.00155873 -0.00862318 -0.00503607  -0.0173551 -0.00245335 -0.00268837  0.00587295 -0.00360332 -0.00015365 -0.00827911 0.998733        0        0 8222
             78.1015   0.035416 -0.0453827  0.0188248   0.00146158   0.00186728 -0.000312344  0.00360672  0.00291723 -0.00379353  -0.002495 -0.0026734 0.00585831  -0.00374554 -0.000256558  -0.00843707 1.00113       0       0 0
             78.2013 -0.0667352 -0.0673105  -0.038221 0.000588478 0.000377166 -0.00158875 -0.0102155 -0.0124475 -0.0107799 -0.00247612 -0.00266641  0.00587705  -0.00361197 -6.59409e-05   -0.0083398 1.00113       0       0 8170
             78.2013  0.0309236 -0.0371512  0.0467506  0.00141784 0.000278253 7.46396e-05 -0.000520572   -0.0152852   0.00508716 -0.00250614 -0.00267752  0.00585114  -0.00371694 -4.39778e-05  -0.00852274 0.995806        0        0 0
             78.3016 -0.0721897 -0.0453133  0.0233438 0.000615188 -0.00203827 0.000131244 -0.00881415  -0.0211156  0.00221422 -0.00247647 -0.00267734  0.00586387 -0.0036127  2.987e-05 -0.0084861 0.995806        0        0 8273
             78.3016  0.0404601 -0.0432388  0.0297853 0.000766358  0.00127957 -0.00025811 -0.00847139   0.0104288 -0.00263263 -0.00250591 -0.00267781  0.00586304   -0.0036168 -0.000337187  -0.00842905 0.994439        0        0 0
             78.4015 -0.0302506 -0.0528783  -0.027368 -0.000389634   0.00112861 -0.000993719  -0.0119283 -0.00131358 -0.00710782  -0.0024945 -0.00267668  0.00588293  -0.00359088 -0.000206098  -0.00840038 0.994438        0        0 8166
             78.4015  0.0313623 -0.0327678  0.0259543  0.00112778   0.0014493 0.000301099  0.00577291 0.000772153  0.00703069 -0.00251281  -0.0026862  0.00586687  -0.00378727 -0.000235873  -0.00856241 0.998583        0        0 0
             78.5013 -0.0622446 -0.0279404 -0.0223367    0.000584 0.000116512  0.00017318 -0.00672917  -0.0127384 -0.00297373 -0.00248417 -0.00268579  0.00588799   -0.0036391 -7.35608e-05  -0.00846605 0.99858       0       0 8251
             78.5013  0.0366613 -0.0546025  0.0508279   0.00141028   7.2897e-05 -0.000954201 0.00275201 -0.0139772 -0.0153019 -0.00251428  -0.0026787  0.00586575  -0.00375018 -6.95275e-05   -0.0083218 0.995526        0        0 0
             78.6016  -0.114084 -0.0904977 -0.0135228 0.000940627 -0.00243289 -0.00273314 -0.00600196  -0.0242899  -0.0194172 -0.00247297 -0.00266754  0.00588855 -0.00366616 5.22861e-05 -0.00828164 0.995531        0        0 8129
             78.6016  0.0340211 -0.0280447  0.0550668   0.00132515 -0.000280707  0.000677866 -0.00162997   -0.005265   0.0160775 -0.00251472 -0.00268823  0.00586855  -0.00370694 -0.000177273  -0.00869503 0.995034        0        0 0
             78.7015  -0.102267 -0.0289585 0.00404172 -0.000121263    -0.001714   0.00141828 -0.0154194 -0.0107377 0.00691871 -0.00247858 -0.00268863   0.0058898  -0.00355607 -9.07045e-05  -0.00857732 0.995034        0        0 8023
             78.7015   0.041057 -0.0521056  0.0500527  0.000919975  0.000141277 -0.000798335 -0.00520654  0.00407875   -0.016886 -0.00251952 -0.00268234  0.00587646  -0.0036757 -0.00027075  -0.0083003 0.998917        0        0 0
             78.8013 -0.0876844 -0.0106078 -0.0247625 -0.000449507  -0.00089656  -0.00287219  -0.0155775 -0.00830813    -0.02007 -0.00247807 -0.00269709  0.00590628  -0.00357403 -0.000113269  -0.00826264 0.99892       0       0 8104
             78.8013  0.0389995 -0.0570777  0.0468208  0.00108803 0.000263711 -0.00101963   0.00171578   0.00147474 -7.32832e-05  -0.0025151 -0.00268593  0.00588488 -0.00377252 -0.00023595 -0.00849513 1.00136       0       0 0
             78.9016  -0.0569394  -0.0599002 4.02169e-05  0.000541145 -0.000707998  -0.00191061 -0.00608176 -0.00782562 -0.00745783 -0.00249148 -0.00268609  0.00590282  -0.00368669 -0.000131559  -0.00842442 1.00137       0       0 7950
             78.9016  0.0313398 -0.0310188  0.0339876  0.00121651  0.00103421 0.000388712 0.000810325  0.00694759   0.0130762 -0.00251617 -0.00269629  0.00589303  -0.00375974 -0.000307028   -0.0086631 0.999976        0        0 0
             79.0015 -0.0723826 -0.0588214 -0.0368193  0.00042082 0.000380573  0.00101059 -0.00854013 -0.00705717  0.00528649 -0.00248905 -0.00268779  0.00591904  -0.00365339 -0.000142869  -0.00859504 0.999971        0        0 8105
             79.0015  0.0376998 -0.0632227  0.0257847  0.00140475  0.00151744 -0.00127718 0.00191629 0.00425222 -0.0198511 -0.00252072 -0.00268709  0.00590046  -0.00377424 -0.000281428   -0.0083004 0.99422       0       0 0
             79.1013 -0.0541988  -0.100609 -0.0234285  0.00092344 0.000577685 -0.00391836 -0.00610798 -0.00905817  -0.0282151 -0.00249802 -0.00267662  0.00591956  -0.00370667 -0.000125306  -0.00822651 0.99422       0       0 7955
             79.1013  0.0377213 -0.0690541    0.03479  0.00152377 0.000977448 -0.00175448  0.00104893 -0.00608382 -0.00521879 -0.00252541 -0.00268798  0.00590201  -0.00378328 -0.000168082  -0.00849444 0.999266        0        0 0
             79.2016  -0.0598981  -0.0969144 -0.00111834   0.00118428 -0.000513978  -0.00222947 -0.00364601  -0.0150525 -0.00582333 -0.00250027 -0.00268169  0.00591926  -0.00373155 -5.29362e-05  -0.00850063 0.999264        0        0 8136
             79.2016  0.0404122 -0.0305975  0.0253693   0.0011123  0.00151821 0.000488894 -0.00462086  0.00553341    0.020178 -0.00252753  -0.0027025  0.00591198  -0.00371165 -0.000296141  -0.00880388 0.994165        0        0 0
             79.3015 -0.0699032 -0.0628819 -0.0312763 -0.000473618   0.00057915   0.00136472  -0.0177467 -0.00788312  0.00744085 -0.00249887 -0.00269439  0.00593468  -0.00358701 -0.000127437  -0.00866174 0.994161        0        0 7970
             79.3015  0.0414854 -0.0510321  0.0267572   0.00129906   0.00145793 -0.000692657   0.00248586 -3.21844e-05   -0.0150435 -0.00253135 -0.00270014   0.0059174  -0.00381698 -0.000226942  -0.00839683 0.998815        0        0 0
             79.4013 -0.0870444 -0.0904578 -0.0453787  0.00123804 0.000295647 -0.00210627 -0.00143188 -0.00995658  -0.0139121 -0.00249494 -0.00269054  0.00594399  -0.00377582 -9.36172e-05  -0.00841519 0.998815        0        0 8036
             79.4013  0.0345726 -0.0362896  0.0396069  0.00144355 0.000707504 0.000191724  0.00117652 -0.00691137   0.0112275 -0.00253143 -0.00270805  0.00591825  -0.00379867 -0.000140523  -0.00870848 0.994227        0        0 0
             79.5016  -0.112109  -0.049964 -0.0340987 0.000162844 -0.00128947  0.00014466   -0.0144184    -0.018324 -0.000953263 -0.00249165 -0.00270437  0.00594459  -0.00362548 -1.49565e-05  -0.00857384 0.994231        0        0 8012
             79.5016  0.0380225 -0.0463401  0.0421227   0.00165063  0.000457008 -0.000407262  0.00168833  -0.0030759 -0.00715357 -0.0025348 -0.0027076 0.00592206  -0.00380997 -0.000203026  -0.00849916 0.994422        0        0 0
             79.6015  -0.103646 -0.0926381 -0.0170298   0.00134683 -0.000908514    -0.001366 -0.0027786 -0.0118655 -0.0101448 -0.00249554 -0.00269499  0.00594552  -0.00376353 -9.24368e-05   -0.0084843 0.994426        0        0 7989
             79.6015  0.0306253 -0.0299933  0.0262675  0.00135911  0.00143106 0.000442111 -0.00344322  0.00759554  0.00888128 -0.00253327  -0.0027145  0.00593308  -0.00374901 -0.000325069  -0.00870507 1.00006       0       0 0
             79.7013   -0.0222559   -0.0748055 -0.000569704 -0.00013728 0.000893187 0.000757372  -0.0171539 -0.00534057   0.0019555 -0.00252453 -0.00269938  0.00594489   -0.0036081 -0.000178255  -0.00864051 1.00006       0       0 8059
             79.7013  0.0402881 -0.0462093  0.0376104   0.00126362  0.000769205 -0.000419075 -0.000906812  -0.00742463   -0.0106895 -0.00254377 -0.00270967  0.00593323 -0.00379187 -0.00016056 -0.00849024 0.999162        0        0 0
             79.8016 -0.0928564 -0.0277102 -0.0164769  0.000369614 -0.000887028  -0.00179486 -0.00970211  -0.0148081  -0.0143391 -0.00250723 -0.00271605  0.00595474 -0.00369288 -5.2859e-05 -0.00845987 0.999163        0        0 8022
             79.8016  0.0413917 -0.0750184  0.0287854  0.00166951  0.00131206 -0.00203403  0.0042503 0.00564069 -0.0173809 -0.00254528  -0.0027034  0.00594167  -0.00385736 -0.000298977  -0.00842346 0.995995        0        0 0
             79.9015 -0.0902755 -0.0832369 -0.0489712  0.00114711 0.000443026 -0.00403425 -0.00684712 -0.00690515  -0.0201327 -0.00250971 -0.00270164  0.00597029  -0.00374831 -0.000141914  -0.00839972 0.996002        0        0 8014
             79.9015  0.0395721 -0.0905968  0.0458851  0.00175552 0.000265248 -0.00282475 0.000414759  -0.0100447 -0.00900754 -0.00254954  -0.0027008  0.00594138  -0.00382986 -0.000119458  -0.00852934 1.0004      0      0 0
             80.0013  -0.0601914   -0.127428 -0.00220324  0.00159185 -0.00133427 -0.00368286  -0.001933 -0.0153148  -0.010543 -0.00252513 -0.00269386  0.00596137 -0.00381304 -5.7599e-05 -0.00854108 1.00041       0       0 8000
             80.0013  0.0403754 -0.0208317   0.021161  0.00150832  0.00186915 0.000980497 -0.00283042   0.0128156   0.0304299 -0.00255229 -0.00272742  0.00595507  -0.00378784 -0.000386659  -0.00901941 0.994415        0        0 0
             80.1016 -0.0283622   0.019746 -0.0260392 0.000203242  0.00191447  0.00277347 -0.0140465 0.00127599  0.0161754  -0.0025376 -0.00274003    0.005974  -0.00365677 -0.000257667  -0.00885928 0.994416        0        0 8208
             80.1016   0.043807 -0.0573634  0.0302521    0.001272  0.00123852 -0.00110566 -0.00222817 -0.00605455  -0.0254719 -0.00256043 -0.00271686  0.00595666  -0.00380183 -0.000180781  -0.00836614 0.994229        0        0 0
             80.2015  -0.115848 -0.0977163 -0.0717179  0.000738995 -0.000463451  -0.00367191 -0.0060866 -0.0163224 -0.0252464 -0.00251054 -0.00270756  0.00599556  -0.00377711 -4.66079e-05    -0.008368 0.994229        0        0 8011
             80.2015  0.0392598 -0.0996287  0.0612951   0.00124936 -0.000616387  -0.00347123 -7.69381e-05   -0.0190996   -0.0230632 -0.00255817 -0.00270794   0.0059549  -0.00384561 -3.13373e-05  -0.00839312 0.994861        0        0 0
             80.3013  -0.116954 -0.0472908  0.0155336 0.000395549 -0.00354809 -0.00585871 -0.00923271  -0.0257601  -0.0236095 -0.00250766 -0.00272593  0.00597599 -0.00375526 6.57041e-05 -0.00839353 0.994865        0        0 8080
             80.3013  0.0403996 -0.0663253  0.0576236    0.0012493 -0.000412501  -0.00159697 -0.0001558  -0.001616  0.0126327 -0.00255235 -0.00272235  0.00596394  -0.00385543 -0.000223112  -0.00881872 1.00106       0       0 0
             80.4016   -0.108086  -0.0898932 -0.00640328   0.00046504  -0.00175037 -0.000752884 -0.0081177 -0.0111238 0.00941426 -0.00252324 -0.00271511  0.00598264  -0.00376538 -0.000108326  -0.00879175 1.00107       0       0 8079
             80.4016  0.0365355 -0.0457005  0.0226977   0.00120812    0.0016834 -0.000295815 -0.00150212   0.0195909   0.0118826 -0.00256322 -0.00272938  0.00597475  -0.00383682 -0.000472444  -0.00881874 0.99804       0       0 0
             80.5015 -0.0115803 -0.0975068 -0.0227068 0.000835554  0.00215558 0.000679822 -0.00352523  0.00550402  0.00813399 -0.00256054 -0.00271592  0.00599144  -0.00382584 -0.000312607  -0.00880463 0.998035        0        0 8019
             80.5015  0.0374609 -0.0399531  0.0210182   0.00132437   0.00180083 -0.000105286   0.00245869   0.00154248 -0.000284224 -0.00257599 -0.00273398  0.00597801  -0.00388949 -0.000272409  -0.00870367 0.998986        0        0 0
             80.6013 -0.0997437 -0.0600698 -0.0571811  0.000852063 -2.35289e-05  -0.00104784 -0.00548417  -0.0174831  -0.0114446 -0.00253842 -0.00272855  0.00600715  -0.00380471 -3.93382e-05  -0.00859001 0.998983        0        0 7867
             80.6013  0.0323802 -0.0369842   0.038692  0.00151851  0.00068413 7.84422e-05  0.00218146  -0.0115728 0.000229536 -0.00257794  -0.0027369  0.00597803  -0.00388947 -0.000120368  -0.00872635 0.999795        0        0 0
             80.7016  -0.109995 -0.0457883 -0.0114986  0.000769176  -0.00184038 -0.000276471 -0.00824735  -0.0222243 -0.00479196 -0.00254126 -0.00273415  0.00599703 -0.00378182 1.41449e-05 -0.00867183 0.9998      0      0 8097
             80.7016  0.0295249 -0.0369308  0.0527416   0.00157438 -9.97849e-05   9.5003e-05 -0.000177292  -0.00842367  -0.00101372 -0.00258184 -0.00273793  0.00597795   -0.0038736 -0.000157304  -0.00871551 1.00092       0       0 0
             80.8015  -0.118699  -0.015841 -0.0205416 0.000241019 -0.00215127 -0.00104163 -0.0147264 -0.0178804 -0.0112054   -0.002537 -0.00274496  0.00600607  -0.00371034 -3.59154e-05   -0.0085877 1.00093       0       0 7885
             80.8015  0.0286909 -0.0595196  0.0615021   0.00111313 -0.000598356  -0.00121511 -0.0058284 -0.0053895 -0.0132194 -0.00258018 -0.00273279  0.00598148 -0.00381611 -0.00019286 -0.00856404 1.00082       0       0 0
             80.9013  -0.122979 -0.0454184 -0.0033943 0.000327517  -0.0019136 -0.00304647 -0.00846766  -0.0106239  -0.0166402 -0.00254235 -0.00273878  0.00600388  -0.00379772 -0.000117795  -0.00853108 1.00082       0       0 8050
             80.9013  0.0442304 -0.0976374  0.0588089   0.00150694 -0.000360579  -0.00333588 0.00349993 0.00130019 -0.0193617 -0.00259171 -0.00272423  0.00598532  -0.00394015 -0.000269761  -0.00849889 1.00001       0       0 0
             81.0016  -0.0938046  -0.0980517 -0.00584573  0.00126966 -0.00110951  -0.0057886 -0.00293482 -0.00517922  -0.0241938 -0.00255475 -0.00272676  0.00600999  -0.00387604 -0.000175462  -0.00847001 1.00002       0       0 8095
             81.0016   0.035088 -0.0537051  0.0288916   0.00145975   0.00130099 -0.000842477 -0.00113667   0.0143677   0.0198106 -0.00259157 -0.00274177  0.00599999  -0.00388705 -0.000410847  -0.00898875 1.00112       0       0 0
             81.1015 -0.00499572   -0.148568  -0.0069037 0.000820219  0.00135085 0.000885918 -0.00750952 3.79655e-05   0.0153877 -0.00258113 -0.00271353  0.00601621  -0.00383423 -0.000252288   -0.0089722 1.00113       0       0 7991
             81.1015  0.0422069 -0.0724375  0.0299504 0.00125421 0.00130753 -0.0018508  -0.00255037 -0.000271367    -0.010705 -0.00259556 -0.00273669  0.00600491  -0.00388704 -0.000253443  -0.00866121 0.998581        0        0 0
             81.2013  -0.0316218  -0.0622809 -0.00142796 0.000230396 9.13162e-05  -0.0033584 -0.0105459 -0.0120328  -0.016634 -0.00257451  -0.0027404  0.00602067  -0.00379362 -0.000125951  -0.00860737 0.998572        0        0 8054
             81.2013  0.0350335 -0.0648549   0.037318  0.00131664 0.000863386 -0.00142873  0.00176886 -0.00586716  0.00113774 -0.00259415 -0.00274173  0.00600904  -0.00393363 -0.000203222  -0.00881639 0.999879        0        0 0
             81.3016 -0.0892082 -0.0851433 -0.0138907  0.000757679 -0.000738827  -0.00163117 -0.00662116  -0.0151656 -0.00287952 -0.00255867 -0.00273675  0.00603109  -0.00385427 -6.73529e-05  -0.00877183 0.999875        0        0 8130
             81.3016  0.0351028 -0.0356319  0.0260934  0.00121079  0.00152246 0.000154004 -0.00196433  0.00769255   0.0142295 -0.00259362 -0.00275285   0.0060196  -0.00390219 -0.000342224  -0.00897299 0.994682        0        0 0
             81.4015  -0.101994 -0.0317294 -0.0269405 0.000357627 0.000687556 0.000653337 -0.00990252 -0.00768638  0.00541024 -0.00255685 -0.00275479  0.00604016   -0.0038264 -0.000162399  -0.00886018 0.994682        0        0 8053
             81.4015 0.0328241  -0.03869 0.0250245   0.00117545   0.00147453 -3.78296e-05 -0.000896746 -0.000796585  -0.00214902 -0.00259687 -0.00275372  0.00602456  -0.00393079 -0.000254015  -0.00877017 0.999879        0        0 0
             81.5013 -0.0912156 -0.0530415 -0.0344884  0.00026242 5.17842e-06 -0.00124369 -0.00982678  -0.0131599  -0.0104146 -0.00256668 -0.00275138  0.00604483  -0.00381765 -9.64423e-05  -0.00866382 0.999873        0        0 7908
             81.5013  0.0333193 -0.0409423  0.0359266   0.00185701  0.000874065 -0.000145975  0.00855841 -0.00581574  0.00155166  -0.0026038 -0.00275775  0.00602348  -0.00402703 -0.000192921  -0.00880331 0.995293        0        0 0
             81.6016  -0.0927911   -0.046253 -0.00259525   0.00113098  -0.00107334 -0.000946986  -0.0100904  -0.0176893 -0.00880008 -0.00257204 -0.00275708  0.00603942  -0.00383272 -5.10691e-05   -0.0087038 0.995299        0        0 8098
             81.6016  0.0349402 -0.0410322  0.0499254  0.00112735  0.00010681 -6.3618e-05  -0.0105336  -0.0073039 0.000195194 -0.00260964 -0.00275886  0.00602373   -0.0038262 -0.000182979  -0.00881052 0.995018        0        0 0
             81.7015 -0.0677441 -0.0428159 0.00673154 -0.000401612 -0.000959913 -0.000399452  -0.0148372  -0.0104971 -0.00647609 -0.00258221   -0.002759  0.00604212 -0.00376299 -0.00014622 -0.00876517 0.995018        0        0 7871
             81.7015  0.0395555 -0.0511484  0.0567376  0.000903544  -0.00032205 -0.000650807 -0.000105028  -0.00539033  -0.00920002 -0.00261423 -0.00275826  0.00602703  -0.00393309 -0.000215036  -0.00873175 0.993413        0        0 0
             81.8013 -0.0998327 -0.0484298 0.00739553 0.000425751 -0.00170194  -0.0016553 -0.00558278  -0.0137397  -0.0112377 -0.00257188 -0.00276164  0.00605056 -0.00388491  -0.0001195 -0.00869751 0.993415        0        0 8071
             81.8013  0.0352095 -0.0365742  0.0564627  0.000931436 -0.000266605  3.29286e-05 -0.000140188  -0.00099065   0.00635909 -0.00261169 -0.00276635  0.00603588   -0.0039451 -0.000278857  -0.00890526 0.99899       0       0 0
             81.9016   -0.142734 -0.00738663  -0.0370997 -0.000105733  -0.00123706  -0.00047403  -0.0127075 -0.00625522 -0.00492078  -0.0025586 -0.00277612  0.00607073  -0.00381567 -0.000170346  -0.00875846 0.998993        0        0 8003
             81.9016 0.0365799 -0.085417 0.0523049   0.00151167 -0.000184634   -0.0027407 0.00490601 0.00261782 -0.0296179 -0.00261209 -0.00275376  0.00604378  -0.00402923 -0.000290263  -0.00846373 0.999066        0        0 0
             82.0015  -0.0969354  -0.0834375 -0.00114247 0.000973778  -0.0011934 -0.00525784 -0.00610523 -0.00816861  -0.0238338 -0.00257168  -0.0027561  0.00606652   -0.0039059 -0.000162337  -0.00853316 0.999075        0        0 8168
             82.0015  0.0384908 -0.0527727  0.0226841     0.001633   0.00165399 -0.000600587 0.00142876  0.0147217  0.0161905 -0.00261017 -0.00276791  0.00605994  -0.00398368 -0.000436741  -0.00900545 0.995552        0        0 0
             82.1013  -0.158389 -0.0567663 -0.0715902  0.000842408  0.000944912 -0.000260147 -0.00816979 -0.00516156  0.00476028 -0.00255637 -0.00276919  0.00609248   -0.0038808 -0.000195442  -0.00889297 0.995568        0        0 7967
             82.1013   0.030836 -0.0354273  0.0299947  0.00142497  0.00111848 0.000124789  -0.0014541 -0.00493559  0.00850466 -0.00261457 -0.00277684  0.00606119  -0.00395638 -0.000216925  -0.00893634 1.0002      0      0 0
             82.2016 -0.0765037 -0.0901794 -0.0429051  0.000543272 -0.000673409  0.000428858 -0.00999153   -0.015736 0.000526516 -0.00258582  -0.0027604   0.0060877  -0.00387359 -7.95648e-05  -0.00888209 1.00021       0       0 8279
             82.2016    0.03604 -0.0436335  0.0409116   0.00136998  0.000581836 -0.000462777 -0.00125208 -0.00580897  -0.0090447   -0.002619 -0.00277533  0.00606237  -0.00397158 -0.000206035  -0.00876592 0.994108        0        0 0
             82.3015   -0.111299  -0.0613833 -0.00493414 0.000428909 -0.00119762 -0.00204975 -0.00908742  -0.0168093  -0.0194872 -0.00258426 -0.00276906  0.00608019  -0.00387405 -8.93277e-05  -0.00867103 0.994119        0        0 7896
             82.3015  0.0339452 -0.0460667  0.0360999   0.00128259  0.000975392 -0.000312172 -0.000582705   0.00052061  -0.00118413 -0.00262648 -0.00277523  0.00606819  -0.00396923 -0.000302122  -0.00888704 0.995311        0        0 0
             82.4013  -0.0539348  -0.0823989 -0.00842974  0.000280303  0.000159117 -0.000865054  -0.0114365 -0.00712622 -0.00634236 -0.00260898 -0.00276516  0.00608646  -0.00386433 -0.000193486  -0.00882025 0.995304        0        0 8134
             82.4013  0.0385596 -0.0381263  0.0309078  0.00130138  0.00124337 8.09532e-05 0.00027595 0.00323155 0.00272583 -0.00263609 -0.00278043  0.00607467  -0.00399478 -0.000321776  -0.00892583 0.998072        0        0 0
             82.5016  -0.118568 -0.0938907 -0.0535506   0.00100698  6.39674e-05 -0.000357036 -0.00369408 -0.00999354  -0.0033545 -0.00259358 -0.00276444  0.00610346    -0.003961 -0.000124285  -0.00883595 0.998069        0        0 7865
             82.5016   0.036175 -0.0454547  0.0322276   0.00186327   0.00107233 -0.000314567   0.00598346 -0.000538399  -0.00298925 -0.00263954 -0.00278036  0.00607759   -0.0040691 -0.000249344  -0.00883822 0.999169        0        0 0
             82.6015 -0.0923559  -0.126193 -0.0424199   0.00177741 -0.000354401  -0.00100668 -0.00182694  -0.0123754 -0.00469541 -0.00260909 -0.00275668  0.00610308   -0.0039902 -0.000128682  -0.00881413 0.999175        0        0 7974
             82.6015   0.043628 -0.0423302  0.0339248    0.0016404   0.00102818 -0.000202111 -0.00358723 -0.00130776  0.00356154 -0.0026492 -0.0027823 0.00608004  -0.00396177 -0.000269519  -0.00891028 0.999337        0        0 0
             82.7013   -0.114035 -0.00171204  -0.0169332 -1.44825e-05  -0.00100797  -0.00087504  -0.0170326  -0.0155655 -0.00707075 -0.00260586 -0.00279604   0.0060991  -0.00380125 -8.46365e-05  -0.00881415 0.999346        0        0 7991
             82.7013 0.0333023 -0.062532  0.029414  0.00165488  0.00123316 -0.00139464 5.9013e-05 0.00238012 -0.0128619 -0.00264873 -0.00277923  0.00608544  -0.00400494 -0.000304861  -0.00874487 0.999634        0        0 0
             82.8016 -0.0934498  -0.112217 -0.0443133  0.00107244 0.000285963   -0.002704 -0.00662555 -0.00980321  -0.0154778 -0.00261314 -0.00276492  0.00611213   -0.0039474 -0.000158627   -0.0087564 0.999636        0        0 7990
             82.8016  0.0385849 -0.0297701  0.0359051  0.00131002 0.000947169 0.000665569 -0.00354539 -0.00500038   0.0169155 -0.00265282 -0.00279129   0.0060878   -0.0039718 -0.000227296  -0.00913988 0.994499        0        0 0
             82.9015 -0.0635888  -0.072289 0.00451899  0.000167738 -0.000722515   0.00198104   -0.01053 -0.0160178  0.0103681 -0.00262851 -0.00277936  0.00610144  -0.00387766 -9.52252e-05  -0.00907881 0.994507        0        0 8098
             82.9015  0.0391951 -0.0398506  0.0332804   0.00130061   0.00108275 -0.000169731 0.00164548 0.00060215 -0.0131597 -0.00265791 -0.00279012  0.00609313  -0.00401723 -0.000296102  -0.00879738 0.998536        0        0 0
             83.0013 -0.0752689 -0.0684993 -0.0221951  0.000436768 -4.63266e-05  -0.00199584 -0.0118346 -0.0107578 -0.0188088 -0.00262491  -0.0027812  0.00611725  -0.00390165 -0.000142004  -0.00872147 0.998531        0        0 8081
             83.0013  0.0360306 -0.0311133  0.0327254  0.00127598  0.00109833 0.000372347 -0.00225891 -0.00015065   0.0060862 -0.00265789 -0.00279437  0.00610063  -0.00400748 -0.000275913  -0.00901743 0.999205        0        0 0
             83.1016 -0.0911291 -0.0513992 -0.0092773  0.000272019 -0.000383382  0.000448853 -0.00981987  -0.0128683  0.00125373 -0.00263107 -0.00278939  0.00611356  -0.00390349 -9.32886e-05  -0.00896309 0.999202        0        0 8221
             83.1016  0.0385447 -0.0440847  0.0361725   0.00123845  0.000895331 -0.000323463  0.000624162 -0.000280482    -0.007309 -0.00266917 -0.00279264  0.00610003  -0.0040258 -0.00025243 -0.00885889 0.994078        0        0 0
             83.2015 -0.0533391  -0.062832 0.00212675  0.000602021 -0.000174874  -0.00153291 -0.0081688  -0.011478 -0.0114773 -0.00264769 -0.00278752  0.00611446  -0.00394875 -0.000134886  -0.00882451 0.994075        0        0 8161
             83.2015 0.0382163 -0.037694 0.0387239  0.00107861 0.000772452 0.000268024 -0.00284999 -0.00239115  0.00811689 -0.00267457  -0.0027966  0.00610351  -0.00400637 -0.000248805  -0.00905682 0.998105        0        0 0
             83.3013  -0.103489 -0.0245535  -0.031109 -1.33762e-05 -0.000708141   0.00054054  -0.011362 -0.0138132 0.00149476 -0.00263733  -0.0028023  0.00612813  -0.00390389 -9.37774e-05  -0.00900488 0.9981      0      0 8320
             83.3013  0.0363443 -0.0413405  0.0198248    0.0013192   0.00181616 -0.000251211  0.00276133   0.0119904 -0.00760877 -0.00267775 -0.00279837  0.00611305  -0.0040707 -0.00040663 -0.00889486 0.995932        0        0 0
             83.4016 -0.0743313 -0.0459353 -0.0765268 0.000729545  0.00152497 -0.00171928 -0.00685592  -0.0034105  -0.0176362  -0.0026486 -0.00279576  0.00614702  -0.00396927 -0.000223813  -0.00880183 0.995939        0        0 8158
             83.4016  0.0324393 -0.0306998  0.0113805  0.00171505  0.00226533 0.000590008 0.00419768 0.00248294 0.00727263 -0.00268059  -0.0028021  0.00612031  -0.00409487 -0.000303623  -0.00909992 0.995299        0        0 0
             83.5015 -0.0785062  0.0045119 -0.0267131 -3.86587e-05  0.000364183  -2.0421e-05  -0.0182351  -0.0161015 -0.00766815 -0.00264915 -0.00281387  0.00613839  -0.00383263 -6.83576e-05   -0.0089215 0.995306        0        0 8255
             83.5015  0.0305945 -0.0454065  0.0487462   0.00111258  0.000148216 -0.000462792 -0.00546601  -0.0194929  -0.0121623 -0.00268306 -0.00280014  0.00611509  -0.00398533 -4.05003e-05   -0.0088678 1.00021       0       0 0
             83.6013  -0.143725 -0.0707894 -0.0467655 0.000335015 -0.00247064 -0.00195429 -0.0088973 -0.0240956 -0.0146996 -0.00264515 -0.00279125  0.00614433 -0.00395331 3.14539e-05 -0.00882878 1.00022       0       0 8161
             83.6013 0.0375331 -0.070241 0.0673352 0.000871513  -0.0010162 -0.00153485 -0.0032786 -0.0114606 -0.0105541 -0.00269955 -0.00279213  0.00610948 -0.00401831 -0.00013368 -0.00887766 1.00004       0       0 0
             83.7016  -0.114294 -0.0799528  0.0222751 -5.75611e-05  -0.00306954  -0.00361443 -0.00989515  -0.0174425  -0.0179113 -0.00265586 -0.00279225  0.00612866  -0.00396633 -5.16972e-05  -0.00878566 1.00004       0       0 8027
             83.7016  0.0378764 -0.0881979  0.0582314   0.00143247 -0.000354501   -0.0030576 0.00425067 0.00370886 -0.0131397 -0.00270013 -0.00279138  0.00611839  -0.00413177 -0.000311659  -0.00884154 0.999886        0        0 0
             83.8015   -0.102068  -0.0915706 -0.00513047  0.00149664 -0.00106686 -0.00458085 -0.000809762  -0.00640206    -0.014797 -0.00266053 -0.00278969  0.00614196  -0.00407691 -0.000188496  -0.00884479 0.999892        0        0 8076
             83.8015 0.0447589 -0.105222 0.0667988   0.00142296 -0.000885495  -0.00356442 -0.00156521  -0.0059435 -0.00555486 -0.00270559 -0.00278565  0.00611985  -0.00406824 -0.000208473  -0.00895538 0.994497        0        0 0
             83.9013 -0.0484024 -0.0966463  0.0398562 0.000314044 -0.00184605 -0.00480098  -0.0118765 -0.00887937  -0.0131997 -0.00267228 -0.00279233   0.0061368  -0.00396084 -0.000184074  -0.00889509 0.994493        0        0 7945
             83.9013  0.0372716 -0.0624387  0.0338343  0.00147279  0.00103412 -0.00149622 0.000581241   0.0158983    0.015917 -0.00269612 -0.00280484  0.00613928   -0.0041001 -0.000478991  -0.00924118 0.994937        0        0 0
             84.0017 -0.0686646 -0.0783866 -0.0742402  0.000814792   0.00150436 -0.000753002 -0.00759949  0.00418475  0.00577977 -0.00266533 -0.00279926  0.00617823 -0.00401519 -0.00031688 -0.00914341 0.994933        0        0 8104
             84.0017  0.0365775 -0.0347651  0.0107379   0.0017171  0.00242846 0.000337744 0.00280962  0.0127542  0.0164659  -0.0026967 -0.00281383  0.00615241 -0.00413273 -0.00042835 -0.00927003 0.9951      0      0 0
             84.1015 -0.0293987 -0.0631913 -0.0315958 0.000487823  0.00138865 0.000553789  -0.0137613 -0.00711919 0.000359175 -0.00268225 -0.00280481  0.00616886  -0.00396161 -0.000186057  -0.00908136 0.995098        0        0 8009
             84.1015  0.0365234 -0.0404675  0.0256552    0.0011068   0.00158247 -0.000117041 -0.00687925  -0.0060726 -0.00672259 -0.00270241 -0.00281249  0.00615124  -0.00404016 -0.000205339  -0.00899537 0.995139        0        0 0
             84.2013 -0.0943137 -0.0452448 -0.0322673  0.000312554 -0.000162937 -0.000831812 -0.00712399  -0.0161986 -0.00681799 -0.00266457 -0.00281284    0.006174  -0.00401924 -7.12018e-05   -0.0089896 0.99514       0       0 8105
             84.2013  0.0415307 -0.0454175  0.0429308   0.00122451  0.000486767 -0.000182208  0.00322061  -0.0108926 0.000174502 -0.00270585 -0.00281408  0.00615093  -0.00413965 -0.000146721  -0.00907261 1.00063       0       0 0
             84.3017 -0.0809245 -0.0594281 0.00791434 0.000124441 -0.00170854 -0.00122832 -0.0133305 -0.0200279 -0.0106826 -0.00266818 -0.00281202  0.00616752   -0.0039806 -3.83131e-05  -0.00895196 1.00063       0       0 8123
             84.3017  0.0368801 -0.0400139  0.0283431   0.00103173   0.00138447 -0.000175098  -0.0041753  0.00839999 0.000132891 -0.00270133 -0.00281934  0.00616196  -0.00408508 -0.000380955  -0.00908063 0.995807        0        0 0
             84.4015  -0.0815481 -0.00109038  -0.0487847  0.000159591   0.00124572 -0.000833011  -0.00954337 -0.000240457   -0.0072454 -0.00266569 -0.00283111  0.00619004  -0.00401006 -0.000265774  -0.00901329 0.995806        0        0 8030
             84.4015  0.0365546 -0.0548298   0.021336   0.00165046   0.00179149 -0.000656904  0.00720349  0.00395595 -0.00535389 -0.00270156 -0.00281649  0.00616856  -0.00420975 -0.000326526  -0.00903545 0.996116        0        0 0
             84.5013 -0.0206325 -0.0845687 -0.0306348  0.00121106  0.00132924 -0.00231974 -0.00571702 -0.00374509  -0.0163463  -0.0026921 -0.00280882  0.00618803  -0.00407628 -0.000240043  -0.00892285 0.996108        0        0 8044
             84.5013 0.0369271 -0.020314 0.0229678  0.00134654  0.00169015 0.000929008 -0.00364774 -0.00160584   0.0132631 -0.00270964 -0.00282953  0.00617155  -0.00409043 -0.000270922  -0.00927645 0.999706        0        0 0
             84.6017  -0.014448 0.00604675 -0.0104455 -0.000194389   0.00113586   0.00157049  -0.0174658 -0.00517736  0.00462214 -0.00269841 -0.00283794  0.00618564   -0.0039319 -0.000204517  -0.00920139 0.999703        0        0 8012
             84.6017  0.0394111 -0.0392086  0.0542845  0.000875064 -6.43446e-05 -0.000428705 -0.00480742  -0.0179287  -0.0164905 -0.00271628 -0.00282486  0.00616541  -0.00408607 -6.14571e-05  -0.00894648 1.00018       0       0 0
             84.7015 -0.0677961 -0.0540326  0.0103598 -0.000236908  -0.00184339  -0.00232849 -0.0136407 -0.0161757  -0.020459 -0.00268218 -0.00282075  0.00618473  -0.00399278 -7.18004e-05  -0.00891402 1.00018       0       0 7990
             84.7015  0.0421412 -0.0790954  0.0306268  0.00126923   0.0012046 -0.00195022  0.0026502  0.0127996 -0.0167654 -0.00271272 -0.00281497  0.00617929  -0.00418468 -0.000418868  -0.00895718 0.99937       0       0 0
             84.8013  0.0142079 -0.0613297 -0.0021607 0.000857735  0.00170511 -0.00362662 -0.00302794  0.00581316  -0.0176164 -0.00270539 -0.00282677  0.00619556  -0.00410879 -0.000344461  -0.00895874 0.99937       0       0 7982
             84.8013  0.0387405 -0.0737863  0.0273214  0.00179116  0.00137061 -0.00207099  0.00819997  0.00151796 -0.00288869 -0.00271339 -0.00282437  0.00618634  -0.00423949 -0.000296895  -0.00913479 0.995663        0        0 0
             84.9017 -0.0179195 -0.0616124 -0.0166102  0.00118447 0.000932633 -0.00288659  -0.0105991 -0.00360893 -0.00865152 -0.00269769 -0.00282511  0.00620462  -0.00405879 -0.000223204  -0.00907833 0.995657        0        0 7922
             84.9017  0.0455231 -0.0919492  0.0536737   0.00172087 -0.000254904  -0.00299469  -0.0041147  -0.0162147 -0.00939714 -0.00271857 -0.00281645  0.00618261  -0.00413787 -8.27201e-05  -0.00906946 1.00069       0       0 0
             85.0015 -0.0194036 -0.0878368    0.06922 0.000789973 -0.00176944 -0.00382658 -0.00911708  -0.0160791 -0.00867216 -0.00269664 -0.00282109  0.00618332  -0.00406228 -0.000105389   -0.0090827 1.00069       0       0 7925
             85.0015  0.0462253 -0.0890598  0.0570118   0.00188298 -0.000448739  -0.00287534   0.00326331  -0.00446688 -0.000363309 -0.00271566 -0.00282224   0.0061874 -0.00420619 -0.00024645 -0.00918127 1.00024       0       0 0
             85.1013 -0.0380318 -0.0851284  0.0165261   0.00109632 -0.000784809  -0.00346216  -0.0103192 -0.00306951 -0.00588619 -0.00269558 -0.00282403   0.0062041  -0.00407451 -0.000257713  -0.00912691 1.00024       0       0 7960
             85.1013  0.0416796 -0.0446183  0.0276005   0.00128557   0.00141733 -0.000293961 -0.0079504  0.0167399  0.0228902 -0.00271828 -0.00283746  0.00620115  -0.00409585 -0.000497177  -0.00947296 0.999365        0        0 0
             85.2017 -0.0171099 -0.0845077 -0.0299918 5.24379e-05  0.00232712  0.00155618 -0.0134534  0.0109573  0.0183753 -0.00270709 -0.00282634  0.00622146  -0.00404976 -0.000398453  -0.00942947 0.999365        0        0 8032
             85.2017  0.0440682 -0.0532578  0.0272721   0.00111736   0.00150289 -0.000851151 -0.00102636  0.00211459 -0.00634685 -0.00272686 -0.00283666  0.00620358  -0.00419473 -0.000301099  -0.00912826 0.997693        0        0 0
             85.3015  -0.0419803  -0.0297098 -0.00478124 0.000408943 0.000741797 -0.00187283 -0.00788251 -0.00693266  -0.0102293 -0.00270555 -0.00284458  0.00621703  -0.00410702 -0.000201434   -0.0090963 0.997691        0        0 7995
             85.3015  0.0402631 -0.0740893  0.0240412  0.00179448  0.00154683 -0.00182344  0.00774902 0.000174874   -0.010023 -0.00273016 -0.00283263  0.00620837  -0.00429372 -0.000292406  -0.00909819 0.999504        0        0 0
             85.4013    0.0199688   -0.0856754 -0.000269017  0.00120275  0.00108999 -0.00342107 -0.00761602 -0.00411646  -0.0168811 -0.00272557 -0.00283075  0.00622319  -0.00413123 -0.000243093   -0.0090343 0.9995      0      0 7923
             85.4013  0.0352245 -0.0101562  0.0231332 0.00162158 0.00165864 0.00135929 -0.00148278 0.000695573   0.0277634 -0.00272984 -0.00285566  0.00621606  -0.00419096 -0.000301006  -0.00956974 0.994172        0        0 0
             85.5017 0.00887168 -0.0676166  0.0161711   0.001065 0.00137913 0.00365364 -0.00706418 -0.00287567    0.021214 -0.00272735 -0.00283694  0.00622101  -0.00413414 -0.000257031  -0.00950209 0.994169        0        0 8052
             85.5017  0.0374479 -0.0369284  0.0210008 0.00119775 0.00175545 0.00013962 -0.00574482  0.00114941  -0.0170171 -0.00273572 -0.00284555  0.00621963  -0.00414926 -0.000306925  -0.00903756 0.993688        0        0 0
             85.6015  0.0251044 -0.0656371 -0.0109986 0.000166095  0.00141408 -0.00241314 -0.0105833 -0.0040113 -0.0249886 -0.0027287 -0.0028394 0.00623669  -0.00408847 -0.000265731  -0.00894193 0.99368       0       0 7778
             85.6015  0.0306522 -0.0171702  0.0237393 0.00122139 0.00161808 0.00134499  0.00254974 -0.00339363  0.00930889 -0.00273036 -0.00285666    0.006226 -0.00423247 -0.00027395 -0.00935213 0.998903        0        0 0
             85.7013 -0.0186638 -0.0350027 -0.0013139 0.000517139 0.000820693  0.00176593 -0.00848353 -0.00589265  0.00449543 -0.00271728 -0.00285275  0.00623922  -0.00410947 -0.000205378    -0.009295 0.9989      0      0 8006
             85.7013  0.0466718 -0.0680306  0.0531955   0.00125985 -0.000151813  -0.00183043 0.000222351   -0.016216  -0.0347141 -0.00273855 -0.00284246  0.00622206  -0.00421746 -9.14519e-05  -0.00882207 0.99908       0       0 0
             85.8017 -0.0598199 -0.0662993  0.0155303 0.000657092 -0.00181093 -0.00575268 -0.00956079  -0.0159458  -0.0386572 -0.00270729 -0.00284183  0.00623808  -0.00413602 -9.63748e-05  -0.00878417 0.999078        0        0 7806
             85.8017   0.040914 -0.0586298  0.0456789  0.00149985 0.000205634  -0.0010477 -0.000357367   0.00171544    0.0108994 -0.00273676 -0.00284602  0.00622918   -0.0042392 -0.000313441  -0.00938358 0.996921        0        0 0
             85.9015 -0.0231118 -0.0822402 0.00431885  0.000863402  1.91658e-05 -0.000618417  -0.00523302 -0.000539627    0.0044172 -0.00271164 -0.00284238  0.00624909  -0.00414939 -0.000292453  -0.00932032 0.996917        0        0 7994
             85.9015  0.0391091 -0.0342516  0.0325926  0.00160962  0.00101741 0.000169084 0.00286159  0.0086521  0.0118778  -0.0027299 -0.00285813  0.00624059  -0.00423923 -0.000406225  -0.00940843 0.994075        0        0 0
             86.0013 -0.00716429  -0.0410361   -0.010071 0.000383596  0.00138272 0.000661845 -0.0157063 0.00379754 0.00251071 -0.00271101 -0.00285662  0.00626218  -0.00405906 -0.000344573  -0.00932317 0.99407       0       0 7863
             86.0013  0.0398026 -0.0419868  0.0391824   0.00126733  0.000657085 -0.000142505 -0.00506993 -0.00462382 -0.00614202 -0.00272631 -0.00285708  0.00624672  -0.00418498 -0.000250748  -0.00921759 0.993831        0        0 0
             86.1017  0.0193271 -0.0882912  0.0218658 0.000319761 0.000290492 -0.00106832 -0.00995853 -0.00213316 -0.00965733 -0.00272495 -0.00284445  0.00625503 -0.00412116 -0.00025522 -0.00915731 0.993828        0        0 8036
             86.1017  0.0397366 -0.0344817  0.0231084  0.00142182  0.00165538 0.000158951 0.00254797  0.0116184  0.0036393 -0.00272986 -0.00286263  0.00625502  -0.00426331 -0.000419337  -0.00931675 0.994098        0        0 0
             86.2015 -0.0042613 -0.0558518 -0.0209829 0.000655315  0.00191841 2.06756e-05 -0.00975382  0.00177787  -0.0013095 -0.00271571 -0.00285631  0.00627648  -0.00413487 -0.000325184  -0.00925259 0.994095        0        0 7962
             86.2015  0.0448449 -0.0478593  0.0446486   0.00127862  0.000324977 -0.000382054 -0.00170672   -0.014942  -0.0054001 -0.00273263 -0.00285953  0.00625575  -0.00422871 -0.000135148  -0.00920238 0.993485        0        0 0
             86.3013 -0.00703846   -0.131392   0.0115301 0.000386784 -0.00114132 -0.00107221   -0.010726  -0.0120346 -0.00611594 -0.00271967 -0.00283855  0.00627207  -0.00414147 -0.000134863   -0.0092038 0.993484        0        0 7976
             86.3013  0.0383468 -0.0299818  0.0251636  0.00135516  0.00142403 0.000303018 -0.000116778     0.014185   0.00849604 -0.00273148 -0.00287102  0.00626839 -0.00425606  -0.0004472 -0.00937719 0.999535        0        0 0
             86.4017 -0.00690703  -0.0448841   0.0141964 0.000388065  0.00191455 0.000549231 -0.0115686 0.00511151 0.00175107 -0.00272262  -0.0028662  0.00627508 -0.00412661 -0.00034669 -0.00933128 0.999533        0        0 8079
             86.4017  0.0396115 -0.0458251  0.0364199   0.00137283  0.000829029 -0.000275645 0.000165041 -0.00633601 -0.00690735 -0.00273797 -0.00286677    0.006268  -0.00426572 -0.000216779  -0.00922539 0.994106        0        0 0
             86.5015 -0.0163187 -0.0722041  0.0291912 0.000519378 -0.00027734 -0.00103002 -0.00951716  -0.0115453 -0.00982094 -0.00271865 -0.00286096  0.00627694  -0.00415982 -0.000172037  -0.00922489 0.994105        0        0 7856
             86.5015  0.0411415 -0.0351142  0.0455219  0.00137698 0.000372959 3.80767e-05 0.000458943 -0.00545093  0.00190555 -0.00273579 -0.00287376  0.00627204 -0.00427292 -0.00024912 -0.00936507 0.998636        0        0 0
             86.6013 -0.0428527 -0.0493266   0.019278  0.000425994 -0.000291383  8.19932e-05   -0.011378 -0.00618964 -0.00178081 -0.00271526 -0.00286767  0.00628534  -0.00413549 -0.000223721  -0.00933155 0.998634        0        0 7987
             86.6013 0.0381864  -0.04619 0.0518721    0.0011339 -6.47724e-05 -0.000283369 -0.00318657 -0.00460502 -0.00570294 -0.00274022 -0.00286929  0.00627528  -0.00423223 -0.000250321   -0.0092832 0.999728        0        0 0
             86.7017 -0.0377802 -0.0216266  0.0100344 -0.000235306 -0.000634097  -0.00127106  -0.0155777 -0.00487771  -0.0105037 -0.00271768 -0.00287805  0.00629359   -0.0041042 -0.000241745  -0.00921589 0.999724        0        0 7839
             86.7017  0.0322704 -0.0347654  0.0370809  0.00127643 0.000824775 0.000104219 0.00144539 0.00818811 0.00418089 -0.00273819 -0.00287567  0.00628552  -0.00430577 -0.000402563  -0.00939306 0.9992      0      0 0
             86.8015  0.0296465 -0.0368684  0.0597552 0.000691741  0.00140175 4.21055e-05 -0.00691714  0.00627329 0.000519869 -0.00273517 -0.00287704  0.00628531  -0.00419534 -0.000380324   -0.0093348 0.999197        0        0 8035
             86.8015  0.0368603 -0.0405969   0.025593  0.00146786  0.00148638 6.52161e-05  0.00204466  0.00677865 0.000838123 -0.00273735 -0.00287668  0.00629591 -0.00430101 -0.00038609 -0.00933789 0.992992        0        0 0
             86.9014 -0.0233029 -0.0912959 -0.0270184  0.000617625   0.00140054 -0.000174519  -0.0112598  0.00104001 -0.00129243 -0.00272123 -0.00286333  0.00631675  -0.00417665 -0.000301433  -0.00932581 0.99299       0       0 7827
             86.9014  0.0394228 -0.0380837  0.0235252   0.00141995   0.00158577 -0.000107131  -0.00168462   0.00223261 -0.000474729 -0.00274058 -0.00288061  0.00630108  -0.00428512 -0.000322233  -0.00933368 0.992824        0        0 0
             87.0017  0.0329433 -0.0769725  0.0212661  0.000545655   0.00140863 -0.000218679  -0.0102518 -0.00170477 -0.00147395 -0.00274033 -0.00286785    0.006305  -0.00417487 -0.000280973  -0.00934921 0.992824        0        0 8167
             87.0017  0.0445666 -0.0393021  0.0456659  0.00126429 0.000337609 9.05431e-05 -0.00119258  -0.0130357  0.00213822 -0.00274497 -0.00288044   0.0062972  -0.00427853 -0.000148446  -0.00939166 0.993287        0        0 0
             87.1015 -0.0136609 -0.0579545  0.0201951  0.000304341   -0.0007953 -0.000159229  -0.0107853  -0.0119828 -0.00512587 -0.00272723 -0.00287599  0.00631134  -0.00417141 -0.000181682  -0.00933467 0.993282        0        0 7856
             87.1015  0.0395853 -0.0430659  0.0498751   0.00123139  3.59565e-05 -0.000375724 -0.000245088  -0.00448374  -0.00759021 -0.00274293 -0.00288166  0.00630232  -0.00429504 -0.000275562  -0.00930337 0.997573        0        0 0
             87.2014 0.00776533  -0.116551  0.0408061 0.000471111 -0.00015095 -0.00113825 -0.00943613 -0.00149711  -0.0100481 -0.00273434 -0.00285893  0.00631211  -0.00419759 -0.000291421  -0.00928677 0.997571        0        0 8106
             87.2014  0.0375629 -0.0334146  0.0499143  0.00128493 8.28373e-05 0.000185492 0.000478068 0.000153833  0.00463094 -0.00274344 -0.00288601  0.00630932  -0.00430602 -0.000313702  -0.00946232 0.998206        0        0 0
             87.3017  0.0104113 -0.0993965   0.026434 0.000849403 0.000167606 0.000220734  -0.0057375  0.00131027 -0.00053081 -0.00273148  -0.0028678  0.00632346  -0.00425215 -0.000321765  -0.00939136 0.998203        0        0 7916
             87.3017  0.0430653 -0.0409917   0.026379   0.00128563   0.00144468 -0.000203938 -0.000939575    0.0135316  -0.00531107 -0.00274059 -0.00288613  0.00632374  -0.00430442 -0.000469597  -0.00933105 0.993545        0        0 0
             87.4015  0.0299061 -0.0660961 0.00349818 0.000356282  0.00245428 -0.00122395  -0.0106303   0.0112089 -0.00895898 -0.00273949 -0.00287962  0.00633495  -0.00418996 -0.000438802  -0.00927515 0.993541        0        0 8070
             87.4015  0.0346562 -0.0256252  0.0225524  0.00134424  0.00166368 0.000786262 0.00156749  0.0023311  0.0131364 -0.00274187 -0.00289391  0.00632885  -0.00432772 -0.000335133   -0.0095409 0.998207        0        0 0
             87.5014    0.029768   -0.106379 -0.00472038 0.000863451  0.00132406  0.00156679  -0.0071321 -0.00210376  0.00886316 -0.00273447 -0.00287127  0.00634491  -0.00424586 -0.000282714  -0.00950004 0.998206        0        0 7879
             87.5014  0.0373054 -0.0379984  0.0372071  0.00130501 0.000804235 4.09502e-05 -0.00146624 -0.00749189 -0.00762142 -0.00273731 -0.00289274  0.00633172  -0.00430819 -0.000220637  -0.00929756 0.994526        0        0 0
             87.6017  0.0115748 -0.0845389  0.0267762 0.000414542 -0.00025147 -0.00148616 -0.0099048 -0.0103001 -0.0175562  -0.0027277 -0.00287984  0.00634053  -0.00420435 -0.000188615  -0.00923195 0.994517        0        0 7950
             87.6017 0.0423439 -0.028767  0.025399  0.00132082  0.00149703 0.000457296 0.000181281  0.00693337 0.000597865 -0.00273577 -0.00289825  0.00634133  -0.00431662 -0.000395228   -0.0094508 0.992937        0        0 0
             87.7015  -0.0181558  -0.0405594 0.000338928 0.000329226  0.00163392 9.93494e-05  -0.0115264  0.00102548 -0.00668379 -0.00271598  -0.0028939  0.00635451  -0.00419127 -0.000323259  -0.00938917 0.992935        0        0 7887
             87.7015 0.0424695 -0.045301 0.0271555   0.00124441   0.00138994 -0.000355922 -0.000772328  -0.00212301   -0.0115737 -0.00273506 -0.00289332  0.00634614  -0.00431923 -0.000292075  -0.00932881 0.993124        0        0 0
             87.8014  0.0130137 -0.0685673  0.0296121 3.16646e-05 0.000870707  -0.0018715  -0.0139891 -0.00462343  -0.0164741  -0.0027287 -0.00288651  0.00635172  -0.00416782 -0.000258321  -0.00926488 0.993121        0        0 7938
             87.8014   0.040685 -0.0288421  0.0222402  0.00128838  0.00175518 0.000457596 0.000634968  0.00338025  0.00893404 -0.00273658 -0.00290065   0.0063542  -0.00433547 -0.000355145  -0.00957209 0.997838        0        0 0
             87.9017  -0.016708 -0.0758751 -0.0226572 0.000590561   0.0011364 0.000973892 -0.00889118 -0.00485294  0.00622132 -0.00271479   -0.002888  0.00637502  -0.00424293 -0.000236443  -0.00952305 0.997837        0        0 7962
             87.9017  0.0406259 -0.0445011  0.0244694   0.00134611   0.00149068 -0.000280365 -0.000119423  -0.00173319   -0.0074501 -0.00273231 -0.00289814  0.00636047  -0.00434567 -0.000279704  -0.00935439 0.994887        0        0 0
             88.0015 0.00343412 -0.0893384  0.0258052 0.000685849 0.000826231 -0.00147192 -0.00742431 -0.00584481  -0.0102902 -0.00272391 -0.00288716  0.00636456  -0.00425755 -0.000235539  -0.00932297 0.994884        0        0 8010
             88.0015  0.0393385 -0.0280711  0.0256248  0.00154924  0.00153707 0.000467861  0.00276626 0.000557852     0.01085 -0.00273449 -0.00290758  0.00636477  -0.00437076 -0.000314553  -0.00957819 0.994181        0        0 0
             88.1014 -0.0177541 -0.0621151  0.0216446  0.00116351 0.000822588  0.00105264 -0.00536756 -0.00701858   0.0053985 -0.00272772 -0.00289658   0.0063679  -0.00428291 -0.000230857  -0.00954019 0.99418       0       0 8185
             88.1014  0.0405317 -0.0454562  0.0279363   0.00129755   0.00134878 -0.000329108 -0.00402582 -0.00182381 -0.00978634 -0.00274543 -0.00290158  0.00636605   -0.0042987 -0.000298012    -0.009354 0.994658        0        0 0
             88.2017  0.0311958 -0.0921597 0.00975898 0.000786095  0.00135572 -0.00151318  -0.00529555 -0.000403536   -0.0141997 -0.00274358 -0.00288851  0.00637658  -0.00429042 -0.000316232  -0.00933173 0.994657        0        0 8113
             88.2017  0.0422694 -0.0305661  0.0222772 0.00153931 0.00176532 0.00039569  0.0037404 0.00312695 0.00662768 -0.00274671 -0.00290878  0.00637279  -0.00439066 -0.000359359  -0.00958479 0.993792        0        0 0
             88.3015  0.0309305 -0.0182165  0.0209886 0.000425614  0.00158828 0.000534079  -0.0135466 -0.00192167  -0.0012697 -0.00273883  -0.0029123  0.00638036  -0.00418799 -0.000302277  -0.00949799 0.993787        0        0 8190
             88.3015  0.0340367 -0.0364429  0.0240277 0.00136773 0.00154187 0.00020046 -0.00260818 -0.00279712 -0.00487906 -0.00273985 -0.00290743  0.00637943   -0.0043195 -0.000292214  -0.00945347 0.99534       0       0 0
             88.4014   -0.019421  -0.0412537 -0.00892341  0.000408247  0.000808951 -0.000547621  -0.0103586 -0.00633291 -0.00807986   -0.002728 -0.00290818  0.00639427  -0.00423064 -0.000236096  -0.00940375 0.995338        0        0 8103
             88.4014   0.041118 -0.0349345  0.0256417 0.00127948 0.00147579 3.3167e-05 -0.000370845 -0.000323065  -0.00177366  -0.0027464 -0.00291092  0.00638362 -0.00434849 -0.00031363 -0.00947973 0.993974        0        0 0
             88.5017  0.0801273 -0.0849976  0.0790535  0.00040156  0.00118782 -0.00012169   -0.0107295  -0.00202064 -0.000570809 -0.00275498 -0.00289778  0.00637345  -0.00423469 -0.000287865  -0.00948858 0.993972        0        0 8171
             88.5017  0.0369932 -0.0380819  0.0242667  0.00122771  0.00153801 4.51891e-05 -0.000996951   0.00144971   0.00123174  -0.0027413 -0.00291312  0.00639056  -0.00434626 -0.000323827  -0.00950872 0.997752        0        0 0
             88.6015  0.00645348  -0.0664652 -0.00417897   -0.0001261  0.000487804 -0.000313889  -0.0155366 -0.00987662 -0.00280067 -0.00273367 -0.00290598  0.00640385 -0.00418747  -0.0001963 -0.00946899 0.997746        0        0 8065
             88.6015  0.0406997 -0.0400024   0.026516    0.0013133   0.00147981 -0.000108494  0.000800221 -0.000523972 -0.000550407 -0.00274334 -0.00291586  0.00639457  -0.00437875 -0.000310772  -0.00949427 0.992787        0        0 0
             88.7014  0.0628005 -0.0936328  0.0372909  0.000989319   0.00119861 -0.000637925 -0.00416594  -0.0028716 -0.00586393 -0.00275239 -0.00289956  0.00639524  -0.00432053 -0.000289241   -0.0094518 0.992785        0        0 7941
             88.7014  0.0381999 -0.0326299  0.0200607  0.00154227  0.00180687 0.000353068 0.00238731 0.00310397 0.00496571 -0.00274421 -0.00291931  0.00640075   -0.0043918 -0.000357285  -0.00958191 0.997933        0        0 0
             88.8018   0.0216363    -0.07045 -0.00475683 0.000820909  0.00132074 0.000643808 -0.00837844  -0.0055051  0.00120357 -0.00274259 -0.00290828  0.00641252 -0.00427195  -0.0002611 -0.00956198 0.997932        0        0 7988
             88.8018 0.0411645  -0.04387 0.0219416   0.00159816    0.0017164 -0.000343996 0.000606883 -0.00181535 -0.00952348 -0.00274832 -0.00291693  0.00640436  -0.00437787 -0.000307339  -0.00942896 0.993156        0        0 0
             88.9016 -0.00253685  -0.0720588 -0.00686991  0.00078258  0.00112155 -0.00169969 -0.00940129 -0.00584782  -0.0153617 -0.00273716 -0.00290815  0.00641913   -0.0042609 -0.000253517  -0.00936602 0.993153        0        0 7885
             88.9016  0.0340098 -0.0206508  0.0292182  0.00134129   0.0012919 0.000917229 -0.00257277 -0.00502731   0.0132008 -0.00274851 -0.00292537  0.00640788  -0.00433459 -0.000267335  -0.00971266 0.993635        0        0 0
             89.0014   -0.020897  -0.0774881 -0.00603954 0.000278051 0.000510348  0.00170277 -0.0126717 -0.0066353 0.00657553 -0.00273547 -0.00290913  0.00642413  -0.00423099 -0.000233319  -0.00963526 0.99363       0       0 7949
             89.0014  0.0391029 -0.0383966  0.0304608   0.00140892   0.00124953 -1.50622e-05 0.000342477 0.000278258   -0.012153 -0.00275359  -0.0029219  0.00641291   -0.0043846 -0.000321806  -0.00940352 0.997387        0        0 0
             89.1013 0.00727652 -0.0667274  0.0034286 0.000466953  0.00067756 -0.00210991  -0.0108667 -0.00428247  -0.0200242 -0.00274463 -0.00291545  0.00642651    -0.004252 -0.000261741  -0.00930482 0.997382        0        0 7835
             89.1013  0.0351538 -0.0204296  0.0218184 0.00136426 0.00173772 0.00097234 -0.000483957    0.0047558   0.00927376  -0.0027527 -0.00293117  0.00642092  -0.00436789 -0.000371943  -0.00966203 0.998601        0        0 0
             89.2016 -0.0356529 -0.0599597 -0.0341882 0.000680591  0.00141353  0.00153868  -0.0079449 -0.00292028  0.00510812 -0.00273834 -0.00291936  0.00644032  -0.00428092 -0.000287257  -0.00962856 0.9986      0      0 8034
             89.2016  0.0400879 -0.0515378  0.0415584  0.00131594 0.000524431 -0.00075884 -0.000221231   -0.0125116   -0.0196692 -0.00276261 -0.00292212  0.00641655  -0.00437457 -0.000181156  -0.00932266 0.99236       0       0 0
             89.3014 -0.0614351 -0.0956639 0.00571055 0.000490022 -0.00109178 -0.00328664 -0.00981339  -0.0152505  -0.0267897  -0.0027359 -0.00290801  0.00643169  -0.00426969 -0.000134908  -0.00926508 0.992356        0        0 7932
             89.3014  0.0357669 -0.0263743  0.0259029  0.00128547  0.00143307 0.000583618 -0.00115185   0.0103417   0.0155093 -0.00276416 -0.00293102   0.0064259  -0.00436309 -0.000448808  -0.00978057 0.997867        0        0 0
             89.4013 -0.0271719 -0.0892205 -0.0259292 0.000729492   0.0017985  0.00184425 -0.00645407  0.00380538    0.011156 -0.00274592 -0.00291312  0.00644787  -0.00430988 -0.000364762  -0.00974825 0.997867        0        0 7992
             89.4013  0.0384127 -0.0540738   0.031366  0.00160654   0.0011204 -0.00082687  0.00390895 -0.00354808  -0.0178527 -0.00276684 -0.00292429  0.00642987  -0.00443301 -0.000284471  -0.00939093 0.993379        0        0 0
             89.5016 0.00392276 -0.0898859  0.0315835  0.00118698 0.000461028  -0.0034336 -0.00576632 -0.00554296  -0.0262365 -0.00275902   -0.002915  0.00643464  -0.00432765 -0.000252747  -0.00929226 0.993372        0        0 8064
             89.5016   0.037068 -0.0203391   0.040766  0.00134278 0.000648865 0.000970573 -0.00280362 -0.00508155   0.0163884 -0.00276927 -0.00293739  0.00643181  -0.00435126 -0.000261182  -0.00981455 0.993932        0        0 0
             89.6014 -0.0303527 -0.0702858 0.00431995  0.000241139 -0.000157347   0.00244787  -0.0125192 -0.00697343   0.0143675 -0.00275407 -0.00292284   0.0064468  -0.00423997 -0.000233977  -0.00979701 0.993931        0        0 7977
             89.6014  0.0412784 -0.0603315  0.0230336  0.00151443  0.00159384 -0.00124414 0.00145579  0.0100334 -0.0262686 -0.00277498 -0.00292636  0.00644129  -0.00440874 -0.000443118  -0.00929727 0.997877        0        0 0
             89.7013   0.043414 -0.0897903 0.00420242 0.000876652  0.00229377   -0.004051 -0.00825111  0.00741537  -0.0287076 -0.00277175 -0.00291915  0.00645329  -0.00431038 -0.000414356  -0.00927985 0.997873        0        0 7987
             89.7013  0.0385443 -0.0401781  0.0391678  0.00122957 0.000640979 -0.00013654 -0.00233077  -0.0104098  0.00798837 -0.00277135 -0.00293545  0.00644212  -0.00437139 -0.000202105   -0.0097277 0.995536        0        0 0
             89.8016 -0.0318131 -0.0351482  0.0198273  8.56151e-05 -0.000724836   -3.841e-07 -0.0127556 -0.0129041 0.00060982 -0.00274849 -0.00293925   0.0064534  -0.00424905 -0.000167966  -0.00964568 0.995535        0        0 7936
             89.8016  0.0359504 -0.0408785  0.0522212   0.00114796 -0.000109945 -0.000267375 -0.000649976  -0.00759332  -0.00230015 -0.00276934 -0.00293806  0.00644336 -0.00439512 -0.00023837 -0.00960873 0.995261        0        0 0
             89.9015 -0.0299239 -0.0476388  0.0284737  0.000471552 -0.000643379 -0.000811583 -0.00821936 -0.00575108 -0.00612197 -0.00275787 -0.00293504  0.00645267  -0.00431078 -0.000268448  -0.00956985 0.995256        0        0 7923
             89.9015  0.0361868 -0.0299492  0.0464235  0.00109702  0.00018601 0.000444224 -0.00107636  0.00150196  0.00752292 -0.00277806 -0.00294127  0.00644717  -0.00439352 -0.000361496  -0.00973636 0.996191        0        0 0
             90.0013  0.0324907 -0.0608575  0.0509423 0.00024002 0.00028034 0.00125096 -0.00969424  0.00134289  0.00835113 -0.00277646 -0.00293438  0.00645184  -0.00429076 -0.000354667  -0.00975096 0.996191        0        0 7961
             90.0013   0.041192 -0.0503397  0.0267548   0.00145216   0.00141417 -0.000692306 0.00395407  0.0123272 -0.0128467 -0.00277856  -0.0029381   0.0064596   -0.0044558 -0.000486328  -0.00948814 0.994243        0        0 0
             90.1016   0.0176778  -0.0581018 -0.00201056 0.000864312  0.00229063 -0.00261821 -0.00816186  0.00984281  -0.0190814 -0.00277037 -0.00293766   0.0064752  -0.00432705 -0.000447064  -0.00942621 0.994239        0        0 7914
             90.1016  0.0383634 -0.0205712  0.0198135  0.00131344  0.00186894 0.000880533 -0.00242394  0.00391923   0.0147784 -0.00277718  -0.0029502   0.0064683  -0.00438841 -0.000377685  -0.00984376 0.994759        0        0 0
             90.2015  0.0242817 -0.0598622 0.00268718 0.000228699   0.0016644  0.00201042  -0.0119372 -0.00176265   0.0102288  -0.0027753 -0.00293892  0.00647758  -0.00427073 -0.000314295  -0.00980252 0.994757        0        0 7986
             90.2015  0.0434998 -0.0578885  0.0475622  0.00119827 0.000195387  -0.0010943 -0.00011552  -0.0170649  -0.0235275 -0.00278247 -0.00293989  0.00646326  -0.00441465 -0.000133356  -0.00938503 0.998009        0        0 0
             90.3013  0.0171585 -0.0883453  0.0580749 0.000364412 -0.00126586 -0.00344024 -0.0102505 -0.0142625 -0.0250325 -0.00277408 -0.00293306  0.00646586 -0.00431026 -0.00016903 -0.00938126 0.998006        0        0 8019
             90.3013  0.0403177 -0.0219777  0.0541895   0.00105228 -8.19586e-05  0.000764719 -0.00219462  -0.0054031    0.014856 -0.00278071 -0.00295486  0.00646723  -0.00439562 -0.000276449  -0.00986972 0.998408        0        0 0
             90.4016 -0.0124009 -0.0579482    0.01079  -0.0001561 -0.00049948  0.00143999  -0.0143703 -0.00365835  0.00525926 -0.00277184 -0.00294334  0.00648256   -0.004256 -0.00029652 -0.00975472 0.998403        0        0 8074
             90.4016  0.0451551 -0.0539346  0.0494357  0.00109085 6.15346e-05 -0.00093103 -0.000118713   0.00133844   -0.0206914 -0.00278951 -0.00294504  0.00647058 -0.00442891 -0.00036229 -0.00943292 0.994264        0        0 0
             90.5015 0.0131031 -0.117147 0.0296757 0.000693249 0.000155589 -0.00303363 -0.00455138 0.000679434  -0.0209523 -0.00278125 -0.00292697  0.00648147 -0.00438212 -0.00035772 -0.00943178 0.994263        0        0 8036
             90.5015  0.0352792 -0.0216311  0.0202971   0.0017062  0.00180334 0.000980128 0.00729607  0.0156192  0.0227895 -0.00278721 -0.00295841  0.00648466  -0.00451144 -0.000538032  -0.00996697 0.999002        0        0 0
             90.6013  0.0459703 -0.0126423  0.0114124 0.000928528  0.00276813  0.00182894 -0.0105462  0.0107027 0.00813355 -0.00278941 -0.00296277  0.00649319  -0.00431016 -0.000470725  -0.00978795 0.998994        0        0 7917
             90.6013   0.037029 -0.0462366  0.0462096   0.00138438  0.000275113 -0.000454434 -0.00437747   -0.014663  -0.0163531 -0.00278816 -0.00295226  0.00648191 -0.00438955 -0.00016669 -0.00948632 0.994954        0        0 0
             90.7016 -0.0415104 -0.0883233  0.0174534 0.000559069 -0.00141551 -0.00268654 -0.00911898  -0.0165821  -0.0231777 -0.00276954 -0.00293985  0.00649366  -0.00433172 -0.000147035  -0.00942894 0.994953        0        0 8068
             90.7016   0.038494 -0.0278876  0.0228935  0.00138827  0.00165683 0.000564954 -0.000279591     0.012186    0.0117226 -0.00279277 -0.00295965   0.0064924  -0.00442936 -0.000499625  -0.00985769 0.998602        0        0 0
             90.8015 -0.00762062   -0.111893  -0.0325666 0.000884363  0.00185064  0.00126822 -0.00545863  0.00113221  0.00530676 -0.00277607 -0.00293549  0.00651662  -0.00436902 -0.000387796  -0.00980556 0.9986      0      0 7830
             90.8015 0.0388046 -0.057967 0.0359128   0.0014196  0.00086763 -0.00106342  0.00140843 -0.00903061  -0.0192894 -0.00279128 -0.00295246  0.00649502  -0.00444852 -0.000272105  -0.00950127 0.998716        0        0 0
             90.9013 0.00877298  -0.116658  0.0136465  0.00113791 0.000148011 -0.00279644 -0.00379809 -0.00686883  -0.0194896 -0.00278541 -0.00293516  0.00650565  -0.00440247 -0.000285866  -0.00951251 0.998715        0        0 8006
             90.9013  0.0383183 -0.0255069  0.0404175  0.00151131 0.000587951 0.000594873   0.0014235 -0.00349053   0.0131948 -0.00279448 -0.00296439  0.00649732  -0.00445271 -0.000329483    -0.009913 0.997648        0        0 0
             91.0016  -0.0233478  -0.0730968 -0.00363012 0.000683861 0.000359667  0.00138173  -0.0106329 -0.00165154  0.00687344 -0.00277628 -0.00295103  0.00651623  -0.00431848 -0.000342281  -0.00983142 0.997644        0        0 7829
             91.0016  0.0402717 -0.0438786  0.0422174    0.0013901  0.000420457 -0.000372441 -0.00238448 -0.00140582  -0.0120942 -0.00279621  -0.0029604  0.00650185  -0.00441667 -0.000352157  -0.00959475 0.997488        0        0 0
             91.1015  0.0108842 -0.0894979  0.0543454 0.000456817 -4.4474e-06 -0.00198988  -0.0105928 -0.00373206  -0.0151421 -0.00278907 -0.00294724   0.0065018  -0.00432253 -0.000323051  -0.00954937 0.997486        0        0 7898
             91.1015  0.0414573 -0.0310934  0.0443167  0.00134679 0.000384428 0.000417903  9.87693e-05 -0.000902712    0.0104586 -0.00279846 -0.00296685    0.006505  -0.00444305 -0.000359531  -0.00986311 0.998131        0        0 0
             91.2013 -0.0488682 -0.0409875 -0.0150629 0.000214274 0.000147636 0.000692028   -0.0142181 -0.000666244   0.00329791 -0.00277217 -0.00296539  0.00652887  -0.00428301 -0.000360547  -0.00978375 0.998127        0        0 7941
             91.2013  0.0410204 -0.0484703   0.028056   0.00131315   0.00133316 -0.000545395 -0.00195795   0.0102567  -0.0103771 -0.00279978 -0.00296351  0.00651546  -0.00443273 -0.000501006  -0.00961363 0.993182        0        0 0
             91.3016 0.0373204 -0.157648  0.021021 0.000596344  0.00158352 -0.00145699 -0.00808476  0.00285083 -0.00938291 -0.00279817 -0.00293203  0.00652336  -0.00436279 -0.000406266  -0.00965632 0.993181        0        0 8051
             91.3016  0.0373151 -0.0314034  0.0464273    0.001395 0.000228392 0.000421617  0.0025879 -0.0115864   0.011457 -0.00279871 -0.00297198  0.00651534  -0.00447802 -0.000232556  -0.00991139 0.995548        0        0 0
             91.4015 -0.0423732 -0.0327258  0.0341236  0.000203495 -0.000818624  0.000957993 -0.0139112 -0.0106361   0.002665 -0.00278045 -0.00297154  0.00652219  -0.00428684 -0.000250345  -0.00983292 0.995533        0        0 8025
             91.4015  0.0385088 -0.0453374  0.0304117   0.00128162   0.00115638 -0.000502871 -0.00256919  0.00772889  -0.0129485 -0.00280463 -0.00296811  0.00652362 -0.00442607 -0.00047792 -0.00963938 0.997693        0        0 0
             91.5013 -0.0218726  -0.107075 -0.0116343 0.000785511  0.00143229  -0.0015402 -0.00542118  0.00273099  -0.0121925 -0.00279035  -0.0029494  0.00654092  -0.00439954 -0.000410643  -0.00965625 0.997694        0        0 7958
             91.5013  0.0380557 -0.0252055  0.0369026  0.00135468 0.000847896 0.000655568  0.00203606 -0.00415351   0.0121446 -0.00280954 -0.00297579  0.00652561  -0.00447979 -0.000334452  -0.00995475 0.999865        0        0 0
             91.6016 0.00518104 -0.0789024  0.0303467 0.000669109  0.00011743  0.00160941 -0.00906732 -0.00656724   0.0091591 -0.00279333 -0.00296149  0.00653536  -0.00436416 -0.000297128  -0.00990648 0.999861        0        0 8066
             91.6016 0.0451395  -0.06159 0.0520181   0.00129663 -9.21009e-05  -0.00130486 -0.00173646 -0.00882818  -0.0227038  -0.0028059 -0.00296687  0.00652859  -0.00445386 -0.000274075  -0.00951051 0.998519        0        0 0
             91.7015 -0.0396435  -0.117639 0.00559966   0.00112318 -0.000346467   -0.0034932   -0.002487 -0.00178349  -0.0205172 -0.00278241 -0.00295181  0.00654739   -0.0044545 -0.000345978  -0.00952765 0.998517        0        0 7865
             91.7015  0.0357093 -0.0202489  0.0421861  0.00136389 0.000522032 0.000950002 0.000652898  0.00366816   0.0217281 -0.00280575 -0.00298304  0.00653599  -0.00447749 -0.000418824    -0.010047 0.998611        0        0 0
             91.8013 0.00227204  -0.010559  0.0422382 -0.000180322  0.000110693   0.00206079  -0.0187744 -0.00305801   0.0115244 -0.00279072 -0.00298759  0.00654225  -0.00425087 -0.000344303  -0.00993667 0.998607        0        0 8039
             91.8013  0.0370102 -0.0494597   0.052043   0.00126011 -0.000127948 -0.000662055 -0.00223333 -0.00607394  -0.0180142 -0.00280178 -0.00297579  0.00653914  -0.00445627 -0.000311249  -0.00957027 0.999408        0        0 0
             91.9016 -0.0271533  -0.101836 0.00894973 0.000462304 -0.00043805 -0.00255881 -0.00880933 -0.00282218  -0.0202755 -0.00278463 -0.00296136  0.00655724  -0.00437268 -0.000351777  -0.00957916 0.999405        0        0 7848
             91.9016  0.0401073 -0.0232567  0.0280465  0.00141103  0.00140811 0.000772401 0.00207989  0.0139885  0.0158564 -0.00280489 -0.00298685  0.00655147  -0.00449424 -0.000561472   -0.0100258 0.99335       0       0 0
             92.0015  0.0445089 -0.0158587  0.0431407 0.000294365  0.00206277  0.00161694 -0.0133992 0.00626188 0.00515466 -0.00281097 -0.00298793   0.0065507  -0.00432087 -0.000473461  -0.00992241 0.993346        0        0 8075
             92.0015 0.0379197  -0.05511 0.0453698   0.00137415  0.000297828 -0.000796947 -0.000312291   -0.0119203   -0.0209766 -0.00281005 -0.00297614  0.00654972  -0.00448427 -0.000254003  -0.00959895 0.998664        0        0 0
             92.1013 0.00543477  -0.110353  0.0292118  0.000922037 -0.000695718  -0.00272068 -0.00538258 -0.00958473  -0.0209096 -0.00280577 -0.00295978  0.00655828  -0.00443324 -0.000272732  -0.00960157 0.998661        0        0 7819
             92.1013   0.041242 -0.0237366  0.0499394  0.00124647  8.3076e-05 0.000642005 -0.00132531 -0.00294159   0.0150261 -0.00281668 -0.00298778  0.00655185   -0.0044708 -0.000356506   -0.0100455 0.993632        0        0 0
             92.2016 -0.0304317 -0.0593561   0.029568  0.000610035 -0.000162474   0.00202565 -0.00756837  -0.0021228   0.0146835   -0.002798 -0.00297854  0.00656154  -0.00440085 -0.000360097   -0.0100185 0.993631        0        0 8188
             92.2016  0.0456825 -0.0408497  0.0258377   0.00148348   0.00142927 -0.000157733  0.00191082   0.0131727 -0.00933661 -0.00282104 -0.00298448  0.00656293  -0.00451617 -0.000551965   -0.0097183 0.993669        0        0 0
             92.3015 -0.00612499  -0.0513517  -0.0172015 0.000653536  0.00178639 -0.00195269 -0.00983104  0.00522366  -0.0163419 -0.00280415 -0.00298386  0.00658099 -0.00438025 -0.00044317 -0.00961318 0.993665        0        0 7844
             92.3015 0.0406586   -0.0276 0.0365072  0.00143024 0.000836377 0.000489195 -6.42775e-05  -0.00568256   0.00944199 -0.00281941 -0.00299216  0.00656402  -0.00449299 -0.000317327  -0.00993122 0.99503       0       0 0
             92.4013 -0.0180986 -0.0572658 -0.0106863  0.000348428 -8.83846e-05  0.000808346  -0.0129452 -0.00939209   0.0027638 -0.00279926 -0.00298423  0.00658587  -0.00433312 -0.000297482  -0.00987167 0.995028        0        0 8102
             92.4013  0.0425821 -0.0497803  0.0528103   0.00118294 -0.000111177 -0.000634841 -0.00319833  -0.0101309  -0.0129085 -0.00281833 -0.00298687  0.00656593  -0.00445141 -0.000295599  -0.00967648 0.993483        0        0 0
             92.5016 -0.0160582  -0.092886  0.0318856  6.31831e-05 -0.000891935  -0.00233197  -0.0128847 -0.00709572  -0.0197438 -0.00280993 -0.00297501  0.00657564 -0.00434521 -0.00032048 -0.00964441 0.99348       0       0 7943
             92.5016  0.0437034 -0.0282991   0.028098 0.00126389 0.00140462 0.00042683 0.000667475   0.0141788  0.00999166 -0.00282764 -0.00299616  0.00657709  -0.00450099 -0.000582769   -0.0100115 0.998202        0        0 0
             92.6015 0.00534147 -0.0567816 -0.0148764 0.000153285  0.00198518 0.000932681 -0.0127865 0.00579733 0.00251959 -0.00281356 -0.00298803  0.00659698  -0.00434599 -0.000469016  -0.00992679 0.998199        0        0 7975
             92.6015  0.0431427 -0.0459976  0.0217617   0.00138712   0.00166054 -0.000471418 0.00180364 0.00186318 -0.0127474  -0.0028256 -0.00299204  0.00658547  -0.00452206 -0.000425905  -0.00973631 0.992792        0        0 0
             92.7013 -0.0188193 -0.0610214 -0.0016453  0.00065385  0.00106762 -0.00207708 -0.00852737 -0.00559694  -0.0163046 -0.00281202 -0.00298976  0.00659569  -0.00440759 -0.000339199   -0.0096807 0.99279       0       0 7887
             92.7013  0.0366475 -0.0206209  0.0186161  0.00144454  0.00188284 0.000946451 0.000716107  0.00152885   0.0165898 -0.00282912 -0.00300316  0.00658941  -0.00451277 -0.000430745   -0.0100875 0.994492        0        0 0
             92.8016 0.00482139   -0.11802 0.00208898 0.000632604  0.00131189  0.00214207  -0.0104948 -0.00359181   0.0129313 -0.00282391 -0.00297415  0.00659784  -0.00439051 -0.000349309   -0.0100377 0.99449       0       0 7974
             92.8016  0.0417692 -0.0629289  0.0194542  0.00145938  0.00176906 -0.00131177 -0.000946004  0.000880994   -0.0245783 -0.00283527 -0.00299137  0.00659247  -0.00450432 -0.000407228  -0.00956922 0.997745        0        0 0
             92.9015 0.0393247 -0.106782 0.0266876 0.000664436  0.00135864 -0.00377828 -0.00907999 -0.00327921   -0.023882 -0.00283937 -0.00298012  0.00659275  -0.00441708 -0.000357999  -0.00959274 0.997742        0        0 8027
             92.9015  0.0376549 -0.0167989  0.0357999  0.00139163 0.000914827  0.00116882  0.00102432 -0.00927313   0.0211824 -0.00283922  -0.0030095  0.00658982 -0.00452384 -0.00028527  -0.0101485 0.994206        0        0 0
             93.0013 -0.0060204 -0.0799724  0.0223751  0.000488737 -0.000543585     0.002524  -0.010994 -0.0150852  0.0123084 -0.00282547 -0.00299099   0.0065995  -0.00437953 -0.000237646   -0.0100686 0.994204        0        0 8006
             93.0013  0.0421223 -0.0531264  0.0427249   0.00114481  0.000485429 -0.000895812 -0.00385169 -0.00490207  -0.0250901 -0.00284018 -0.00299934   0.0065932   -0.0044662 -0.000365966  -0.00960066 0.997748        0        0 0
             93.1016  -0.004505 -0.0801592   0.017418  0.000404265 -9.22117e-05  -0.00352068 -0.00770714 -0.00564066  -0.0286576 -0.00282675 -0.00299281  0.00660729  -0.00442176 -0.000347447   -0.0095863 0.997745        0        0 8167
             93.1016  0.0397316 -0.0443234  0.0451072    0.0013058  0.000273603 -0.000488047  0.00324323 -0.00350755 0.000655861 -0.00284051 -0.00300483  0.00659864  -0.00454789 -0.000377784  -0.00994992 1.00006       0       0 0
             93.2015 -0.0318532 -0.0628158  0.0222529  0.000658467 -0.000216293 -0.000727887 -0.00851662 -0.00463088 -0.00449593 -0.00282584 -0.00299885  0.00660855  -0.00442341 -0.000355298  -0.00989406 1.00006       0       0 8141
             93.2015  0.0375907 -0.0398568  0.0404437   0.00138309    0.0005717 -6.38893e-05 -0.000185321   0.00235689   0.00236181 -0.00284728 -0.00300665  0.00660293   -0.0045216 -0.000446596  -0.00997797 0.998943        0        0 0
             93.3013  -0.0419217   -0.063576 -0.00950245  0.000440399  0.000457404 -0.000384416  -0.0110006 4.63952e-05 -0.00359645 -0.00282376 -0.00300192  0.00662453  -0.00439843 -0.000409906  -0.00989126 0.998941        0        0 8221
             93.3013  0.0332674 -0.0383385  0.0493592   0.00140924  0.000110595 -8.01497e-05  0.000681176  -0.00434607 -0.000119926  -0.0028476 -0.00301032  0.00660596  -0.00453759 -0.000365052  -0.00993295 0.995799        0        0 0
             93.4016 -0.0329666 -0.0230095  0.0139447  0.000440141  -0.00024595 -0.000326763 -0.0124729 -0.0013283 -0.0011513 -0.00283324 -0.00301495  0.00661886  -0.00438215 -0.000382478  -0.00991371 0.995796        0        0 8079
             93.4016   0.042255 -0.0423757   0.026293   0.00120332   0.00144909 -0.000238284 -0.00445048   0.0144617 -0.00060521 -0.00285615 -0.00300914  0.00661518 -0.00448174 -0.00058136 -0.00992006 0.994955        0        0 0
             93.5015  0.0366155 -0.0383959  0.0160335 6.58844e-05  0.00221536   -0.001036  -0.0119909  0.00808285 -0.00719108  -0.0028508 -0.00301388  0.00662451  -0.00439261 -0.000512022  -0.00985317 0.994953        0        0 8084
             93.5015  0.0347549 -0.0171517  0.0215496  0.00117341   0.0017332 0.000991773 0.00140798 0.00231881  0.0146051 -0.00285059 -0.00302168   0.0066227  -0.00455049 -0.000442296   -0.0101222 0.995079        0        0 0
             93.6013  0.0556322 -0.0753109  0.0108972 0.000335152  0.00137474  0.00217456  -0.0101272 -0.00424546   0.0108835 -0.00285786 -0.00300357  0.00663118  -0.00440909 -0.000377345   -0.0101089 0.995077        0        0 8142
             93.6013  0.0421564 -0.0575741   0.021159 0.00148607 0.00175974 -0.0010421   0.00310865 -0.000378087   -0.0242465 -0.00285355 -0.00300946  0.00662806  -0.00457121 -0.000422973  -0.00966961 0.999061        0        0 0
             93.7016 0.0243359 -0.106634 0.0179976 0.000964656  0.00104504 -0.00402717 -0.00654635 -0.00701019  -0.0315058 -0.00284835 -0.00299661   0.0066345   -0.0044743 -0.000342252  -0.00960828 0.999059        0        0 8043
             93.7016   0.038138 -0.0129034  0.0373764  0.00126527 0.000828565  0.00119736 -0.00135078  -0.0106448   0.0164346 -0.00285278  -0.0030266  0.00662841  -0.00452156 -0.000299347   -0.0102031 0.994976        0        0 0
             93.8015  -0.0386814  -0.0690309 -0.00325142  0.000176532 -0.000279529   0.00305801 -0.0127852  -0.010152  0.0180901 -0.00283373  -0.0030085  0.00664508  -0.00439001 -0.000279205   -0.0102079 0.994976        0        0 8002
             93.8015  0.0409813 -0.0396154  0.0367572  0.00121117 0.000798882 5.82957e-06 -0.00116291 0.000166687  -0.0154141 -0.00285825 -0.00301796  0.00663263  -0.00453027 -0.000412142  -0.00978911 0.999365        0        0 0
             93.9013 0.00674641  -0.113317 0.00888741 0.000396018 0.000657955 -0.00178811   -0.0097328 -0.000210323   -0.0178626  -0.0028508 -0.00299849  0.00664539  -0.00444246 -0.000406913  -0.00975569 0.999361        0        0 7898
             93.9013  0.041695 -0.027224 0.0240336  0.00139713  0.00164528 0.000455854 0.00214616  0.0088063 0.00370576 -0.0028615 -0.0030262 0.00664071  -0.00457598 -0.000519514   -0.0100212 0.993721        0        0 0
             94.0016 -0.00267824  -0.0756688  -0.0168356 0.000402389  0.00162295 0.000232969  -0.0123701 0.000540486 -0.00258049 -0.00284799 -0.00301272  0.00665848  -0.00440035 -0.000421711  -0.00996411 0.993717        0        0 7976
             94.0016  0.0424713 -0.0356514  0.0396914  0.00117599 0.000707718 0.000107481 -0.00272056 -0.00935079 -0.00370865 -0.00286245 -0.00302555   0.0066407  -0.00451417 -0.000307007   -0.0099483 0.994358        0        0 0
             94.1015  -0.016835 -0.0591315  0.0278699 4.41061e-05 -0.00035446 -0.00103193  -0.012717 -0.0101705 -0.0125403 -0.00284379  -0.0030203  0.00665005 -0.00440091 -0.00029707 -0.00986181 0.994354        0        0 7864
             94.1015  0.0431027 -0.0361793  0.0230346   0.00129279   0.00163122 -5.13242e-05  0.00111131   0.0100892 -0.00204844  -0.0028617 -0.00302824  0.00665181  -0.00456585 -0.000548026  -0.00999058 0.998115        0        0 0
             94.2013 -0.0108881 -0.0654057  -0.018545   0.00103872   0.00205271 -0.000377755  -0.0029606  0.00375796 -0.00416201 -0.00284603 -0.00301952  0.00666945  -0.00451687 -0.000471042  -0.00997902 0.998114        0        0 7932
             94.2013  0.0437706 -0.0371158  0.0391918  0.00130494 0.000741137 3.69139e-05 0.000936674  -0.0101653 0.000621765  -0.0028639 -0.00302866  0.00665108  -0.00456109 -0.000308655   -0.0100379 0.992981        0        0 0
             94.3016 -0.010269 -0.119369 0.0169165  0.000732385 -0.000407581 -0.000327135 -0.00734704  -0.0111741 -0.00480229  -0.0028445 -0.00300512  0.00666401  -0.00447697 -0.000295966  -0.00998023 0.992978        0        0 7940
             94.3016  0.0420232 -0.0403896  0.0508791   0.00129786 -1.65738e-06 -0.000193353 -0.000528817  -0.00743606  -0.00328749 -0.00286078 -0.00303013  0.00665339  -0.00455255 -0.000347184  -0.00999675 0.992535        0        0 0
             94.4015 -0.0243639  -0.067354  0.0434425  0.000675983 -0.000681016 -0.000592184 -0.00726885 -0.00576664  -0.0043939 -0.00282865 -0.00302491  0.00666501  -0.00447322 -0.000351477  -0.00998649 0.992533        0        0 7984
             94.4015  0.0432157 -0.0394121  0.0266184   0.00138747   0.00140498 -0.000121058 0.000145394   0.0156217 0.000407709 -0.00284901 -0.00303406  0.00667052  -0.00456047 -0.000616722   -0.0100448 0.996879        0        0 0
             94.5013 -0.0134032 -0.0476403 -0.0448155  0.000262233   0.00229917 -0.000643633  -0.0135779   0.0102014 -0.00608514 -0.00282478 -0.00303433  0.00670047  -0.00440894 -0.000544578  -0.00997391 0.996876        0        0 7970
             94.5013  0.0454466 -0.0390715  0.0418345   0.00123623  0.000537659 -0.000209379  -0.00127651  -0.00871678 -0.000996525 -0.00284401 -0.00303747  0.00667297  -0.00455755 -0.000322105   -0.0100365 0.994689        0        0 0
             94.6016 -0.0057233 -0.0729081  0.0295172  0.000315028 -0.000551871  -0.00079868 -0.0105769  -0.010708 -0.0064098 -0.00283182 -0.00302828  0.00668157  -0.00444004 -0.000314059  -0.00997754 0.994688        0        0 8088
             94.6016  0.0412134 -0.0379312  0.0218202  0.00134278  0.00167731 2.26639e-07 0.000681183   0.0103082  0.00137816 -0.00284578 -0.00303966  0.00668421  -0.00457349 -0.000574066    -0.010073 0.998619        0        0 0
             94.7015   0.011903  -0.071109 -0.0207812  0.000489974   0.00211249 -0.000231293  -0.0106051  0.00497479 -0.00305642 -0.00283975 -0.00302943  0.00670152 -0.00445674 -0.00050187  -0.0100333 0.998617        0        0 8051
             94.7015  0.0437579 -0.0363095   0.033795   0.0013521  0.00106763 1.64163e-05  0.000156765  -0.00635376 -0.000115884 -0.00285038 -0.00304102   0.0066842  -0.00458365 -0.000368757   -0.0100683 0.993674        0        0 0
             94.8013  -0.031486 -0.0448131 0.00965594 0.000676696 0.000320482 -0.00022609 -0.00768507 -0.00724069   -0.002583 -0.00283254 -0.00303908  0.00669409  -0.00448583 -0.000347336   -0.0100428 0.993672        0        0 7965
             94.8013  0.0367759 -0.0333902  0.0337386  0.00123126  0.00103503 0.000162014  -0.00146174 -0.000291936   0.00159697 -0.00285384 -0.00304289  0.00668656  -0.00456023 -0.000438776   -0.0100941 0.99831       0       0 0
             94.9016  -0.013753 -0.0472776  0.0229935 -0.000214188  0.000262865 -2.70997e-05  -0.0162527 -0.00772549 -0.00245456 -0.00284698 -0.00304059  0.00669103  -0.00438565 -0.000352276   -0.0100385 0.998306        0        0 9398
             94.9016   0.036308 -0.0392587  0.0450223   0.00132455  0.000339642 -0.000120073  0.00177326  -0.0078802 -0.00338167 -0.00286251 -0.00304458  0.00668422  -0.00460732 -0.000355219   -0.0100249 0.999789        0        0 0
             95.0014 -0.0156613 -0.0891128   0.019027   0.00107231 -8.37069e-05 -0.000225065 -0.00374176  -0.0036502 -0.00228972 -0.00284725 -0.00302962  0.00669657  -0.00455181 -0.000392728   -0.0100649 0.999788        0        0 7989
             95.0014  0.0363679 -0.0391035  0.0460058   0.00127876  0.000284877 -2.84487e-06  -0.00125203 -0.000153909  0.000148268 -0.00286258 -0.00304559   0.0066884   -0.0045769 -0.000439815   -0.0100936 0.995096        0        0 0
             95.1018  -0.0527859  -0.0400753 -0.00770956  0.00028182 0.000170661  -0.0002022   -0.0115195 -0.000881294  -0.00311617   -0.002839 -0.00304418  0.00670882  -0.00446043 -0.000426138   -0.0100624 0.995094        0        0 7997
             95.1018  0.0401033 -0.0398863  0.0456674   0.00123469  0.000351257 -0.000242862 -0.000538503  1.11352e-05  -0.00354763 -0.00286731 -0.00304636  0.00669246 -0.00459204 -0.00044609  -0.0100561 0.99872       0       0 0
             95.2016  0.0284769 -0.0847207  0.0330913  0.000893537  0.000667049 -0.000721559 -0.00440552  0.00368875 -0.00518647 -0.00286349  -0.0030342  0.00670167  -0.00455378 -0.000484172   -0.0100341 0.998718        0        0 7972
             95.2016  0.0397179 -0.0371302  0.0434244  0.00135183 0.000451759 1.52651e-05 0.00132624   0.001183  0.0029803 -0.00286744 -0.00305037  0.00669839  -0.00461705 -0.000455547   -0.0101326 0.994922        0        0 0
             95.3014 -0.00671245  -0.0437205  0.00345466 0.000160301 0.000394324 -0.00043151  -0.0143225  0.00101376 -0.00417427 -0.00285752 -0.00304634  0.00671423  -0.00443881 -0.000441493   -0.0100334 0.994919        0        0 8076
             95.3014  0.0429737 -0.0352725  0.0466089  0.00116297 0.000328192 4.25237e-05  -0.00252486 -0.000479033   0.00103756 -0.00287313 -0.00305143  0.00670083  -0.00457851 -0.000428957   -0.0100961 0.9949      0      0 0
             95.4018 0.0326326 -0.106148 0.0427107  0.000588571  0.000108374 -7.49844e-05 -0.00665206 -0.00230564 -0.00173565 -0.00287116 -0.00303159  0.00670599 -0.00453739 -0.00041751  -0.0100715 0.9949      0      0 8046
             95.4018  0.0397345 -0.0426789  0.0241829     0.001262   0.00156971 -0.000295386 0.000906032   0.0119399 -0.00429159 -0.00287058 -0.00305235   0.0067124  -0.00462272 -0.000588024   -0.0100378 0.999273        0        0 0
             95.5016  0.0407015 -0.0861844 0.00694091  0.00103654  0.00201466 -0.00103792  -0.0026403   0.0036653 -0.00817926 -0.00287402 -0.00303949  0.00672188   -0.0045833 -0.000505333   -0.0100083 0.999272        0        0 8046
             95.5016  0.0400852 -0.0299107    0.01956  0.00145044  0.00185251 0.000383733 0.00260753 0.00155295  0.0071397 -0.00287428 -0.00305865  0.00671788   -0.0046392 -0.000480418   -0.0101941 0.999024        0        0 0
             95.7018  0.0453475 -0.0781095  0.0402654   0.00028671   0.00125765 -0.000424466 -0.00926106 -0.00398822 -0.00713727 -0.00288755 -0.00304534    0.006718  -0.00452895 -0.000415607   -0.0100421 0.99902       0       0 16003
             95.7018  0.0409978 -0.0369768  0.0182317   0.0015325  0.00199051 4.51845e-06 -0.000597682  0.000546439  -0.00433469  -0.0028854 -0.00305968  0.00672508 -0.00461721  -0.0004644  -0.0100722 0.99845       0       0 0
             95.8018  0.0352471 -0.0616677  0.0047121 0.000336157  0.00131658 -0.00140531  -0.0129016 -0.00799489  -0.0203682 -0.00288402 -0.00304782  0.00673132  -0.00448647 -0.000394082  -0.00996337 0.998447        0        0 6315
             95.8018  0.0375627 -0.0213026  0.0243964   0.0012787  0.00164028 0.000880535 -0.00221193 -0.00520909  0.00421192 -0.00288284 -0.00306558  0.00672843 -0.00459097   -0.000424  -0.0102613 0.993935        0        0 0
             95.9016  0.0194964 -0.0816451  0.0116384 0.000377682 0.000719088 0.000564149  -0.0102243 -0.00859368 -0.00313756 -0.00288397 -0.00304113  0.00673542  -0.00454632 -0.000391876   -0.0102056 0.993933        0        0 7983
             95.9016  0.0406635 -0.0407839  0.0265042   0.00123822   0.00144769 -0.000210033 -0.000863148  -0.00146393   -0.0111501 -0.00288484 -0.00305985   0.0067319  -0.00460647 -0.000443033   -0.0101491 0.993189        0        0 0
             96.0014 -0.0146807 -0.0510024 0.00149392 0.000396135 0.000864258 -0.00214592  -0.0101592 -0.00485527  -0.0186506 -0.00286773 -0.00306002  0.00674503  -0.00449248 -0.000405717   -0.0100525 0.993185        0        0 7838
             96.0014  0.0369783 -0.0227666  0.0223691  0.00117104  0.00169851 0.000736933 -0.00117321  0.00252912   0.0128529 -0.00288233 -0.00306903  0.00673893  -0.00460179 -0.000489721   -0.0104429 0.994028        0        0 0
             96.1018 -0.00272026  -0.0698927   0.0244897  0.00042148  0.00116207 0.000952523  -0.0088113 -0.00435696  0.00235399 -0.00287709  -0.0030563  0.00674132 -0.00451391 -0.00039726  -0.0103231 0.994025        0        0 7891
             96.1018  0.0439767 -0.0452309  0.0271393    0.0014178   0.00141019 -0.000454793  0.00280299 -0.00226338  -0.0125991 -0.00289197 -0.00306436  0.00674047 -0.00465664  -0.0004289  -0.0101292 0.99779       0       0 0
             96.2016  -0.012818 -0.0515219 0.00518766 0.000780656  0.00061669 -0.00246464 -0.00772499 -0.00766413  -0.0220898 -0.00287342 -0.00306416  0.00675356  -0.00453352 -0.000364981   -0.0100425 0.997787        0        0 7975
             96.2016  0.0355626 -0.0208753  0.0246552 0.00127811 0.00156252 0.00095382 -0.00201552 0.000980346   0.0151931 -0.00288864 -0.00307441  0.00674742  -0.0045976 -0.00047721  -0.0105106 0.995416        0        0 0
             96.3014  0.00137372  -0.0566141 0.000470754 0.000353612  0.00136779  0.00210978  -0.0100678 -0.00217565  0.00902923 -0.00288017 -0.00306421  0.00675916  -0.00450164 -0.000441126   -0.0104531 0.995412        0        0 7973
             96.3014  0.0409505 -0.0390746  0.0436067   0.00120611  0.000472919 -0.000139981 1.45232e-05  -0.0116164  -0.0143779 -0.00289295 -0.00306984  0.00674547  -0.00462633 -0.000330072   -0.0101572 0.993696        0        0 0
             96.4018 -0.0118219 -0.0722512  0.0203538   0.00043722 -0.000587622  -0.00165754 -0.00934365  -0.0102145  -0.0165889 -0.00287606 -0.00306073  0.00675873  -0.00451977 -0.000342772   -0.0101288 0.993694        0        0 8126
             96.4018  0.0425773 -0.0293637  0.0253836  0.00119012  0.00157511 0.000415496 -0.00115054  0.00970225  0.00443122 -0.00289259 -0.00307462   0.0067573 -0.00461401 -0.00059142  -0.0103913 0.997868        0        0 0
             96.5016 -0.0124358 -0.0610003 -0.0206504 0.000292294  0.00177282 0.000512777 -0.0103826 0.00307097  0.0015998 -0.00287192 -0.00306708    0.006778  -0.00451131 -0.000492873   -0.0103408 0.997866        0        0 7964
             96.5016  0.0426324 -0.0426714  0.0244112    0.0013422   0.00158173 -0.000338756   0.0020683 0.000429404 -0.00762187 -0.00288942 -0.00307332  0.00676375  -0.00466274 -0.000466715   -0.0102234 0.992825        0        0 0
             96.6014 -0.0098742  -0.051419 0.00748607 0.000450595 0.000864439 -0.00178399  -0.0111283 -0.00600876  -0.0133529 -0.00286738 -0.00307353  0.00677488  -0.00450791 -0.000383563   -0.0101543 0.992821        0        0 8064
             96.6014  0.0395899 -0.0307461  0.0393608 0.00125642 0.00067382 0.00027504 -0.00137609 -0.00890444  0.00930938 -0.00288313 -0.00308046  0.00676476 -0.00462358 -0.00035366   -0.010438 0.994554        0        0 0
             96.7018  0.033554 -0.044028 0.0536622 -3.53225e-05  -0.00032622  0.000580854  -0.0150408 -0.00930687  0.00307075 -0.00288174 -0.00307789  0.00676362  -0.00445518 -0.000358025   -0.0103848 0.994551        0        0 7884
             96.7018   0.043129 -0.0523349  0.0487276   0.00120266  0.000138584 -0.000849334 -0.000863974  -0.00494716   -0.0121757 -0.00288469 -0.00307543  0.00676519  -0.00463209 -0.000412185   -0.0101912 0.993583        0        0 0
             96.8016 -0.0589795 -0.0678221  0.0136347  0.000383167 -0.000488957  -0.00258538 -0.00989199 -0.00499497  -0.0193223 -0.00285241 -0.00307217  0.00678121  -0.00453249 -0.000399052   -0.0101334 0.993582        0        0 8033
             96.8016   0.030959 -0.0280692  0.0492435  0.00117604 0.000108313 0.000516415 -0.000547789  -0.00083187    0.0136064  -0.0028808 -0.00308526  0.00676995 -0.00464012 -0.00045934  -0.0105456 0.995538        0        0 0
             96.9014  -0.0629759  -0.0551872 -0.00122789   0.00025599 -4.78858e-05    0.0017863 -0.0104384 -0.0013278  0.0110523 -0.00286286 -0.00307627  0.00678666 -0.00452259 -0.00044527  -0.0105113 0.995535        0        0 7853
             96.9014  0.0450509 -0.0604905   0.029753 0.00131578 0.00125345 -0.0013062 0.000984571   0.0107889  -0.0227619 -0.00289685 -0.00307463  0.00677691  -0.00466664 -0.000604747   -0.0100839 0.994489        0        0 0
             97.0013 0.00835346 -0.0592082  0.0203959 0.000713604  0.00156935 -0.00390401 -0.00723312  0.00359775  -0.0261104 -0.00288289 -0.00307764  0.00678755  -0.00457911 -0.000506251   -0.0100308 0.994488        0        0 8060
             97.0013 0.0390988 -0.067602 0.0219615  0.00152161  0.00166836 -0.00168435  0.00227319  0.00369362 -0.00236882 -0.00289263 -0.00307504  0.00678706  -0.00469509 -0.000510188   -0.0103304 1.00024       0       0 0
             97.1016 -0.00728972     -0.1007   0.0001153 0.000944493  0.00141528 -0.00221628 -0.00780091 -0.00103754 -0.00355278 -0.00287995 -0.00306703  0.00679781  -0.00459094 -0.000434927   -0.0103063 1.00023       0       0 7831
             97.1016  0.0384855 -0.0254375   0.020583  0.00139321  0.00180581 0.000622054 -0.0017402 0.00197572  0.0228066  -0.0028944 -0.00309096  0.00679135  -0.00465478 -0.000476749   -0.0106368 0.998758        0        0 0
             97.2014 -0.00184023  -0.0841123   0.0125061 0.000710628  0.00131899  0.00235169 -0.0081319 -0.0040524  0.0178122 -0.00288578 -0.00307344   0.0067962  -0.00458146 -0.000400552   -0.0105918 0.998756        0        0 8095
             97.2014  0.0442478 -0.0673213  0.0231313  0.00139876  0.00164039 -0.00152887 -0.000337688 -0.000808843   -0.0247381 -0.00290029 -0.00307873  0.00679286  -0.00467817 -0.000444757    -0.010054 0.994069        0        0 0
             97.3013 -0.00377938  -0.0869045  0.00716328 0.000871252  0.00105038 -0.00498814  -0.0062012 -0.00579147  -0.0355074 -0.00288482 -0.00307542  0.00680321 -0.00461464 -0.00039369 -0.00995482 0.994065        0        0 7854
             97.3013  0.0416556 -0.0971076  0.0602035   0.00148933 -0.000596531  -0.00336516 0.00198202 -0.0233767  -0.020012 -0.00289942  -0.0030722  0.00678638  -0.00471451 -0.000183031     -0.01015 0.995617        0        0 0
             97.4016 -0.042013 -0.109304 0.0118258  0.00118106 -0.00198143  -0.0048543 -0.0047311 -0.0148452 -0.0184413 -0.00287908 -0.00306795  0.00680474  -0.00464834 -0.000288623   -0.0101961 0.995609        0        0 8178
             97.4016  0.0390433 -0.0798923  0.0294717  0.00159169  0.00121557 -0.00250191 -0.00040809   0.0142721  0.00141761 -0.00290474 -0.00307724  0.00679918  -0.00469601 -0.000655303   -0.0104458 0.995604        0        0 0
             97.5014 -0.0240731  -0.107688  -0.023771  0.00101948  0.00173802 -0.00277775 -0.00647063  0.00543805 -0.00393704 -0.00288225 -0.00307011   0.0068219  -0.00463205 -0.000533614   -0.0103817 0.995602        0        0 7861
             97.5014  0.0337832 -0.0231306  0.0403198  0.00140489 0.000621573 0.000851425 -0.00028168 -0.00691766   0.0296233  -0.0029009 -0.00309723  0.00680152  -0.00469603 -0.000388813   -0.0108029 0.999262        0        0 0
             97.6013 -0.0255034 -0.0707152 0.00958161 0.000416385 -0.00020723  0.00298821  -0.0120563 -0.00638347   0.0214458 -0.00288737  -0.0030843  0.00681393  -0.00456732 -0.000376675   -0.0106809 0.999258        0        0 8044
             97.6013  0.0420519 -0.0593876  0.0236226  0.00146939  0.00159391 -0.00127365 -0.00065676   0.0113059  -0.0253403 -0.00290857 -0.00308788  0.00680953 -0.00470866 -0.00060039  -0.0100883 0.997441        0        0 0
             97.7016 -0.0762406 -0.0367669 -0.0524242 0.000671165  0.00159784 -0.00481297 -0.00980923  0.00202061   -0.032703 -0.00287607 -0.00309661  0.00683652  -0.00460464 -0.000474064   -0.0099919 0.997438        0        0 7986
             97.7016  0.0377012 -0.0460494  0.0286484   0.00179396   0.00128888 -0.000313119  0.00409647 -0.00363715  0.00912036 -0.00291209 -0.00309365   0.0068109  -0.00477181 -0.000416819   -0.0105197 0.995823        0        0 0
             97.8014  -0.0270523  -0.0953696 -0.00938822  0.000972932  0.000409052 -0.000155144 -0.00954806 -0.00725942  0.00243986 -0.00289287 -0.00308159   0.0068278  -0.00461108 -0.000372057   -0.0104594 0.99582       0       0 7980
             97.8014  0.0410219 -0.0495063  0.0468526   0.00133811  0.000201598 -0.000748255 -0.00508252 -0.00996628 -0.00326945 -0.00291452 -0.00309621  0.00680994   -0.0046622 -0.000346699   -0.0103858 0.998595        0        0 0
             97.9013 -0.0198869 -0.0744548 0.00186083 0.000324583 -0.00067592 -0.00179973  -0.0120029 -0.00881173  -0.0127036 -0.00289662 -0.00308855   0.0068278  -0.00459014 -0.000361568   -0.0103053 0.998592        0        0 7983
             97.9013   0.038164 -0.0348246  0.0439383  0.00120331 0.000363664 8.75984e-05  -0.0018746 0.000283674  0.00731013 -0.00291502 -0.00310114  0.00681444  -0.00471006 -0.000480051   -0.0105568 0.998439        0        0 0
             98.0016 -0.0161308 -0.0536301 0.00291658 -0.000324903 -2.78469e-05  0.000319574   -0.0167962  -0.00399897 -0.000830531 -0.00289137 -0.00309782  0.00683588  -0.00452202 -0.000429204   -0.0104762 0.998438        0        0 8003
             98.0016  0.0417942 -0.0442068  0.0489157   0.00115696  9.30989e-05 -0.000392769 0.000516426 -0.00369146 -0.00853915 -0.00290965 -0.00310067  0.00682137   -0.0047358 -0.000439413   -0.0103767 0.993201        0        0 0
             98.1014 -0.0204628 -0.0434858  0.0306955  0.000345133 -0.000554404  -0.00146346 -0.00960678  -0.0058451   -0.012257 -0.00289318 -0.00310281   0.0068322 -0.00461873  -0.0004083  -0.0103226 0.9932      0      0 8144
             98.1014  0.0358405 -0.0349524  0.0461887  0.00129495 0.000265667 0.000137305 0.00129166 0.00122324 0.00513757   -0.002911 -0.00310565  0.00682729  -0.00475098 -0.000501029   -0.0105415 0.999013        0        0 0
             98.2013 -0.0325413 -0.0908615 0.00570737 0.000874067  0.00022175 0.000595083 -0.00564409  0.00135031  0.00544433  -0.0028864 -0.00309073  0.00684577  -0.00467852 -0.000478349   -0.0105302 0.999012        0        0 8097
             98.2013  0.0408336 -0.0420095  0.0368692   0.00137262  0.000827122 -0.000297987 0.000124553  0.00735492 -0.00446121 -0.00290966 -0.00310628  0.00683589  -0.00474592 -0.000560158    -0.010403 0.992624        0        0 0
             98.3016  0.0118028 -0.0742307    0.04167  0.000733376   0.00118916 -0.000931728 -0.00749479  0.00365076 -0.00499097 -0.00290563 -0.00309863  0.00683715  -0.00465515 -0.000522661   -0.0104028 0.992622        0        0 8236
             98.3016  0.0352418 -0.0314262  0.0426276  0.00146619 0.000489356 0.000442193  0.00175885 -0.00463927    0.010367 -0.00291305 -0.00311219  0.00683686  -0.00476416 -0.000422452    -0.010596 0.994703        0        0 0
             98.4014  0.0116499 -0.0461851  0.0281148  0.000430482 -0.000337175  0.000780252  -0.0125954 -0.00798467   0.0023569 -0.00290218 -0.00310961   0.0068469  -0.00458529 -0.000399187   -0.0105179 0.994697        0        0 8080
             98.4014  0.0416093 -0.0425057  0.0410275    0.0013233  0.000609376 -0.000338741 -0.00266653  0.00167119  -0.0100393 -0.00291158 -0.00311086  0.00684283  -0.00470869 -0.000521251     -0.01036 0.99279       0       0 0
             98.5013  0.0249808 -0.0741894  0.0298441 0.000337199 0.000708433 -0.00161943   -0.01131 0.00088139 -0.0143978  -0.0029079 -0.00310056  0.00684995  -0.00460727 -0.000510911   -0.0103231 0.992788        0        0 8036
             98.5013  0.0343157 -0.0295406  0.0421027  0.00150122 0.000488175 0.000568943  0.00285873 -0.00257512  0.00991315 -0.00291089 -0.00311488  0.00684605  -0.00477597 -0.000469286   -0.0106288 0.998634        0        0 0
             98.6016 -0.00661253  -0.0845144   0.0167628 0.000844684 4.38942e-05  0.00152974 -0.00796102  -0.0042562  0.00804786 -0.00290455 -0.00309958  0.00685721   -0.0046534 -0.000441381   -0.0106136 0.998631        0        0 8168
             98.6016  0.0438847 -0.0549449  0.0497668  0.00143343  6.1118e-05 -0.00113816 -0.00108835 -0.00412499  -0.0210848 -0.0029205 -0.0031089 0.00684681  -0.00473834 -0.000448688   -0.0102421 0.993733        0        0 0
             98.7014  0.0036344 -0.0455031  0.0544412  0.000403343 -0.000410711  -0.00373671  -0.0129223 -0.00371663  -0.0260729 -0.00291103 -0.00311198   0.0068484 -0.00460721  -0.0004506  -0.0101779 0.993728        0        0 8046
             98.7014  0.0412866 -0.0904538  0.0628944   0.00160086 -0.000724986  -0.00294699  0.00107988 -0.00792933  -0.0183531 -0.00292304 -0.00309801   0.0068457  -0.00478305 -0.000402423   -0.0102752 0.995792        0        0 0
             98.8013 -0.0704031 -0.0314085  0.0285522 0.000341087 -0.00155985 -0.00451315  -0.0147933 -0.00678597  -0.0154379 -0.00288752 -0.00312046  0.00686056  -0.00459079 -0.000409176   -0.0103116 0.99579       0       0 8062
             98.8013  0.0336736 -0.0433175  0.0251668   0.00129818   0.00144025 -0.000254642 -0.00374157   0.0195447    0.022101 -0.00292045 -0.00311672  0.00686165 -0.00472337 -0.00074264  -0.0107847 0.996174        0        0 0
             98.9016  0.0671969 -0.0659196  0.0302142 -0.000378854   0.00271758   0.00130407 -0.0190473  0.0134867  0.0162689 -0.00293293 -0.00311101  0.00686288  -0.00454873 -0.000669469   -0.0107246 0.996168        0        0 7926
             98.9016  0.0384403 -0.0642811  0.0441338  0.00149721 0.000404992 -0.00147122  0.00327169  -0.0102909 -0.00941711 -0.00292362 -0.00311132   0.0068585  -0.00482747 -0.000372695   -0.0103968 0.994456        0        0 0
             99.0015 -0.00383801   -0.121764  0.00946688   0.0012156 -0.00066606 -0.00251196 -0.00366992  -0.0116518  -0.0111903 -0.00291144 -0.00309493  0.00687295  -0.00474133 -0.000377621   -0.0103978 0.994451        0        0 7969
             99.0015  0.0383572 -0.0289337  0.0507924  0.00154425 6.80545e-05 0.000415873 0.000932651 -0.00583159   0.0164809  -0.0029249 -0.00312446  0.00685981  -0.00478631 -0.000454453   -0.0107462 0.992603        0        0 0
             99.1013 -0.0111543 -0.0639512  0.0493916   0.00042895 -0.000530511   0.00118209  -0.0138384 -0.00541669  0.00555805  -0.002913 -0.0031144 0.00686506  -0.00461875 -0.000456274   -0.0106288 0.992598        0        0 7866
             99.1013  0.0398791 -0.0501984  0.0524086   0.00131872 -0.000158822 -0.000730879 -0.00364854 -0.00210758  -0.0152693 -0.00292923 -0.00311871  0.00686411  -0.00474506 -0.000502107   -0.0103626 0.997544        0        0 0
             99.2016 -0.00771445  -0.0966078   0.0081652  0.000476241 -3.80086e-05  -0.00225733 -0.00950638   0.0022541  -0.0162626 -0.00291603 -0.00310572  0.00688294  -0.00468737 -0.000530265   -0.0103586 0.997542        0        0 7969
             99.2016  0.0396249 -0.0269771  0.0278741  0.00150417   0.0013677 0.000487366 0.00236629  0.0158901  0.0138546 -0.0029311 -0.0031276  0.0068767 -0.00482541 -0.00070392  -0.0107385 0.996994        0        0 0
             99.3015  0.0132072  -0.073187 -0.0121222 0.000495612  0.00225129  0.00131711 -0.0128745 0.00938865 0.00733209 -0.00292159 -0.00311472  0.00689438  -0.00464662 -0.000629666   -0.0106599 0.996991        0        0 7865
             99.3015  0.0431044 -0.0508248  0.0236432   0.00127281   0.00163384 -0.000595499 -0.00344382  0.00278812  -0.0134775 -0.00293115 -0.00312191    0.006883  -0.00476293 -0.000551813   -0.0103946 0.99361       0       0 0
             99.4013   0.039622 -0.0565893  0.0454625 0.000206186  0.00122679 -0.00204124 -0.0118223 -0.0028098  -0.014208 -0.00292903 -0.00312325  0.00688009  -0.00466233 -0.000483304   -0.0103889 0.993607        0        0 7984
             99.4013  0.0352914 -0.0193124  0.0301439  0.00141743  0.00126631 0.000915784  0.00269822 -0.00399819   0.0145501 -0.00292763 -0.00313502  0.00688496   -0.0048349 -0.000467368   -0.0107514 0.994621        0        0 0
             99.5016 -0.00797045  -0.0866403 0.000696671 0.000750604 0.000549964  0.00176894 -0.00864351 -0.00688477  0.00808616 -0.00291115 -0.00311567  0.00689979  -0.00470324 -0.000426346   -0.0106799 0.994617        0        0 8027
             99.5016  0.0441233 -0.0598321  0.0246674  0.00159149  0.00148257 -0.00123016 0.000696555  0.00287397  -0.0249352 -0.00292779 -0.00312416  0.00689217  -0.00481883 -0.000552479   -0.0102582 0.992448        0        0 0
             99.6015 -0.000209904    -0.147707  -0.00972892  0.00099174  0.00104817 -0.00303814 -0.00671151 -0.00512165  -0.0192891 -0.00291828 -0.00309775   0.0069056  -0.00473623 -0.000467007   -0.0103506 0.992447        0        0 7980
             99.6015   0.032311 -0.0148467  0.0229676 0.00149486 0.00161114 0.00127466 0.000442548 -0.00108684   0.0205358 -0.00292864 -0.00314016  0.00689522  -0.00480628 -0.000520453   -0.0108525 0.99285       0       0 0
             99.7013   0.0171968  -0.0663208 -0.00403806 0.000587013  0.00108272  0.00285336  -0.0110415 -0.00463658   0.0148676  -0.0029283 -0.00312397  0.00690649  -0.00466937 -0.000460741   -0.0107916 0.992848        0        0 7991
             99.7013  0.0444315 -0.0688709  0.0527323   0.00130996 -0.000107698  -0.00168297 -0.00233161  -0.0168225   -0.034353 -0.00293698 -0.00312313  0.00688845  -0.00478067 -0.000314061    -0.010166 0.996817        0        0 0
             99.8016 -0.0367601  -0.112966    0.02178 0.000700477 -0.00128505 -0.00438713 -0.0073678 -0.0115137 -0.0284868 -0.00291224 -0.00311195  0.00690215  -0.00473766 -0.000369808   -0.0102506 0.996811        0        0 8113
             99.8016  0.0411806 -0.0432509  0.0257481   0.00131387   0.00142988 -0.000355757 -6.3292e-05   0.0117743  0.00651857  -0.0029372 -0.00313394  0.00690086  -0.00481624 -0.000665098   -0.0106929 0.9929      0      0 0
             99.9015    0.02245 -0.0806233 -0.0095924 0.000494695  0.00192475 0.000272383 -0.00913221  0.00491421  0.00555638 -0.00292349 -0.00312479  0.00691899  -0.00469994 -0.000584831   -0.0106813 0.992899        0        0 7961
             99.9015   0.038027 -0.0474948  0.0453031   0.00142071  0.000246077 -0.000553988   0.002545 -0.0126805 -0.0027795 -0.00292841 -0.00313537  0.00690156  -0.00484155 -0.000370027   -0.0105737 0.996532        0        0 0
             100.001 -0.0229203  -0.075105  0.0295788  0.000856047 -0.000871849 -0.000885714 -0.00785932  -0.0101576 -0.00447593 -0.00291063 -0.00312745   0.0069095  -0.00472854 -0.000391763   -0.0105718 0.996529        0        0 7951
             100.001  0.0399612 -0.0310046  0.0293061  0.00144545  0.00122842 0.000289099 -0.00164772  0.00969854  0.00800352 -0.00293081 -0.00314138  0.00690954  -0.00480055 -0.000643641   -0.0107287 0.997042        0        0 0
             100.102   0.0135298  -0.0339229 -0.00377343 0.00019746 0.00149894 0.00066247 -0.0135068  0.0024079 0.00294728 -0.00291201 -0.00314337  0.00692889  -0.00464315 -0.000563122   -0.0106695 0.99704       0       0 7940
             100.102 0.0402972 -0.051293 0.0475416   0.00145194   0.00014841 -0.000649758 0.00161453  -0.011978 -0.0111635 -0.00292031  -0.0031377  0.00691265  -0.00483389 -0.000388412    -0.010489 0.997702        0        0 0
             100.201 -0.0190459 -0.0875125   0.038494 0.000688332   -0.001118 -0.00207122  -0.010084 -0.0124985 -0.0142446 -0.00290444 -0.00312825     0.00692   -0.0047113 -0.000385556   -0.0104561 0.997701        0        0 7891
             100.201  0.0364223 -0.0283291  0.0264172  0.00159068  0.00143649 0.000558727 -0.000218283    0.0115038    0.0140669 -0.00292217 -0.00314708  0.00692382 -0.00482567 -0.00068783  -0.0108139 0.994299        0        0 0
             100.301  0.0258435 -0.0430117 0.00512376 0.000187738  0.00207079  0.00093241 -0.0164933 0.00773692 0.00356245 -0.00292055 -0.00314473   0.0069338  -0.00462399 -0.000623088   -0.0106876 0.994291        0        0 7947
             100.301  0.0375975 -0.0425722  0.0472211   0.00132874  0.000190981 -0.000295532 -0.00228863  -0.0119518 -0.00947939 -0.00292412 -0.00314472  0.00692044  -0.00480143 -0.000381076   -0.0105205 0.994925        0        0 0
             100.402 -0.0185471  -0.106087 -0.0116563  0.000642486 -0.000949497  -0.00156043 -0.00833145  -0.0107313  -0.0134358 -0.00291204 -0.00312588  0.00694197  -0.00473911 -0.000394623   -0.0104941 0.994922        0        0 7984
             100.402  0.0395413 -0.0316863  0.0237699  0.00152793  0.00160306 0.000382701 0.00140221  0.0132511 0.00746245 -0.00293092 -0.00314916  0.00693066 -0.00485125 -0.00069867  -0.0107579 0.993419        0        0 0
             100.501  0.0226624 -0.0574256 -0.0047169  0.00116193  0.00220444 0.000443586 -0.00415532  0.00653333 -0.00113856 -0.00292313 -0.00314319  0.00694543 -0.00478475 -0.00061513  -0.0106653 0.993417        0        0 8057
             100.501  0.0409112 -0.0462367  0.0176702   0.00174381   0.00188038 -0.000379968  0.0027121 0.00297109 -0.0100195 -0.00292893 -0.00314673  0.00693832  -0.00486961 -0.000573268   -0.0105515 0.994036        0        0 0
             100.601 -0.00124027  -0.0550093  -0.0257646  0.00134184  0.00168311 -0.00182189 -0.00534126 -0.00164874  -0.0161456 -0.00291326 -0.00314526  0.00695768  -0.00478028 -0.000511053    -0.010483 0.994035        0        0 7903
             100.601  0.0351248 -0.0190285  0.0189486 0.00152712 0.00182887 0.00100541  -0.00291371 -0.000914817    0.0147697 -0.00292488 -0.00315664  0.00694342  -0.00480431 -0.000524753   -0.0108763 0.995198        0        0 0
             100.702  -0.0176164  -0.0556247 -0.00129091 0.000641669  0.00127515  0.00182263 -0.00935667 -0.00549679  0.00698199  -0.0029137 -0.00314697  0.00695272  -0.00472309 -0.000465648   -0.0107787 0.995195        0        0 8173
             100.702  0.0382594 -0.0343783  0.0223079  0.00146458  0.00163142 0.000179975 0.000143198  -0.0023739  -0.0108925 -0.00293144 -0.00315359  0.00694526  -0.00484096 -0.000510435   -0.0105491 0.993616        0        0 0
             100.801 -0.0100124 -0.0927872 -0.0105046 0.000843038 0.000716335 -0.00180402 -0.00774853 -0.00830178  -0.0186285 -0.00291613 -0.00313701   0.0069614  -0.00475906 -0.000430657   -0.0104478 0.993612        0        0 7896
             100.801  0.0399777 -0.0260905  0.0268597   0.0014451  0.00143064 0.000615532 -0.000644438  -0.00261339   0.00440555 -0.00293212 -0.00315821  0.00694949  -0.00483764 -0.000506543   -0.0107387 0.992284        0        0 0
             100.901 -0.0105578 -0.0443305  -0.015416 0.000231489 0.000478172 0.000397241   -0.0144687  -0.00770696 -0.000655347 -0.00291601 -0.00315402   0.0069653  -0.00467505 -0.000422995   -0.0106673 0.992281        0        0 8009
             100.901  0.0394041 -0.0446667  0.0375307   0.00152004  0.000766471 -0.000402308 0.000481377 -0.00554661 -0.00936296 -0.00293036 -0.00315544  0.00694997  -0.00486122 -0.000455139   -0.0105548 0.992613        0        0 0
             101.002  -0.016437 -0.0976802 -0.0223251  0.00101889 1.91174e-05 -0.00176875  -0.0062928 -0.00701961  -0.0141319 -0.00291006 -0.00313957  0.00697427   -0.0047897 -0.000442005   -0.0105205 0.992612        0        0 7812
             101.002   0.039127 -0.0292794  0.0364269  0.00151615 0.000854553 0.000440844 -0.000478378  0.000923832   0.00987301 -0.00292577 -0.00316383  0.00695608  -0.00484723 -0.000539123   -0.0107978 0.992332        0        0 0
             101.101 -0.0495799  -0.099574 -0.0137531 0.000910941 0.000498246  0.00083739 -0.00636751 -0.00342391  0.00204303 -0.00289985 -0.00314402  0.00697627  -0.00477099 -0.000488466    -0.010722 0.992327        0        0 7918
             101.101   0.038809 -0.0335377  0.0238005  0.00149002  0.00151648 0.000318422 0.000179612  0.00684273  -0.0037675 -0.00292783 -0.00316527  0.00696439  -0.00484609 -0.000624366   -0.0106455 0.994503        0        0 0
             101.201   -0.0177654 -0.000563978   -0.0112118 0.000273648  0.00156719 -0.00087825 -0.0140987   0.001035 -0.0139999 -0.00290819 -0.00317724  0.00698099 -0.00468276 -0.00054545  -0.0105263 0.994497        0        0 7861
             101.201  0.0346792 -0.0410433  0.0203862   0.00148319    0.0017713 -0.000167724 -0.000167922   0.00207213  -0.00666467 -0.00292507 -0.00316412  0.00697086  -0.00485959 -0.000564427   -0.0106198 0.99844       0       0 0
             101.302 0.00446182  -0.114887 -0.0108601 0.000747014   0.0014647 -0.00093048 -0.00846993 -0.00262175 -0.00843567 -0.00291966 -0.00314136  0.00698279  -0.00476142 -0.000488241   -0.0105936 0.99844       0       0 8001
             101.302  0.0382185 -0.0357295  0.0431359  0.00138703 0.000430935  0.00013519 -0.000116115    -0.013735   0.00317866 -0.00293008 -0.00316612  0.00696578  -0.00485659 -0.000354587   -0.0107394 0.993813        0        0 0
             101.401 -0.0290646  -0.045935 0.00411865 0.000237867 -0.00100409 -0.00012833  -0.0145029  -0.0130141 -0.00165564 -0.0029084 -0.0031658 0.00698325  -0.00469591 -0.000356634   -0.0106624 0.99381       0       0 8019
             101.401  0.0371959 -0.0454995  0.0575198   0.00123057 -0.000433053 -0.000398938 -0.00316252 -0.00824181 -0.00466845 -0.00292961 -0.00316591  0.00696619  -0.00483727 -0.000423566   -0.0106229 0.997452        0        0 0
             101.501 -0.019087 -0.117053 0.0172516 0.000580512 -0.00102721 -0.00126767 -0.00712574 -0.00561718 -0.00853121 -0.00291116 -0.00314853  0.00698229   -0.0047847 -0.000455091   -0.0106053 0.99745       0       0 7981
             101.501  0.0379635 -0.0311916  0.0259282  0.00149614  0.00143937 0.000211576 0.00309201  0.0178689  0.0067789 -0.00292549 -0.00317504  0.00698052  -0.00490261 -0.000751338   -0.0107978 0.996687        0        0 0
             101.602 -0.00767809   -0.063274    0.024764 0.000859606  0.00242148 0.000684599 -0.00859014  0.00981239  0.00338362  -0.0029251 -0.00316207  0.00697927  -0.00478623 -0.000661778    -0.010791 0.996687        0        0 8136
             101.602  0.0366209 -0.0491125  0.0443779    0.0015007   0.00035152 -0.000596556 -0.000415021   -0.0116549   -0.0102025 -0.00294419 -0.00316817  0.00697203  -0.00487652 -0.000421626   -0.0106312 0.996696        0        0 0
             101.701 -0.00883791  -0.0732434   0.0189656  0.000840559 -0.000623981  -0.00155715  -0.0072537 -0.00968702  -0.0121568 -0.00292534  -0.0031622  0.00698695  -0.00478794 -0.000445085   -0.0106238 0.996694        0        0 7929
             101.701  0.0365405 -0.0374659  0.0541042  0.00136109 -0.00016214 7.07526e-06 -0.00109161 -0.00557829  0.00511919 -0.00293954 -0.00317331  0.00697584 -0.00486037 -0.00049999   -0.010843 0.992092        0        0 0
             101.801  0.0061789 -0.0478967  0.0696726  0.000451748 -0.000416344   0.00032069  -0.010868 -0.0020299 0.00305758 -0.00293409 -0.00317074  0.00697564 -0.00475074 -0.00053779  -0.0107899 0.992089        0        0 8049
             101.801  0.0382864 -0.0467385  0.0500035   0.00146386  2.30581e-05 -0.000448332 0.000775331  0.00187423 -0.00536301 -0.00294318 -0.00317212  0.00698148  -0.00489637 -0.000588783   -0.0106807 0.997749        0        0 0
             101.902 -0.00625668  -0.0865814  0.00358314 0.000691086 0.000203186  -0.0014108 -0.00944836  0.00315381 -0.00860378 -0.00292391 -0.00315968  0.00700113  -0.00479531 -0.000586069   -0.0106319 0.997748        0        0 7891
             101.902  0.0391119 -0.0350743  0.0500988  0.00153803 8.11562e-05 6.41266e-05 0.000670828   0.0010861  0.00743282  -0.0029389 -0.00317946  0.00698624  -0.00490282 -0.000568409   -0.0108167 0.996842        0        0 0
             102.001 -0.0122645 -0.0668285  0.0299918 0.000839441 1.45075e-05 0.000233499   -0.0090554 -5.66772e-05   0.00289901 -0.00292059 -0.00317257  0.00699832 -0.00478618 -0.00056661  -0.0107665 0.99684       0       0 8092
             102.001  0.0416925 -0.0451481  0.0477862   0.00133788  0.000174144 -0.000401034  -0.0031916  0.00111423 -0.00404244 -0.00293766 -0.00317921  0.00699269  -0.00485834 -0.000586298    -0.010677 0.993132        0        0 0
             102.101 -0.00882396   -0.062513  0.00432228 0.000356702 0.000238512 -0.00167627 -0.0111426 0.00137114 -0.0143846 -0.00292479 -0.00317499  0.00700818  -0.00476279 -0.000591352   -0.0105867 0.99313       0       0 7823
             102.101  0.0390472 -0.0332593  0.0437362  0.00131427 0.000418621 0.000200312 0.00029727 0.00209598 0.00616762  -0.0029388 -0.00318539  0.00699671  -0.00490048 -0.000605473   -0.0108486 0.998981        0        0 0
             102.202 -0.00525479   -0.103506    0.018891 0.000335635 0.000390076 0.000649037   -0.0118782 -0.000189979   0.00222728 -0.00292809 -0.00316096  0.00700803 -0.00477547 -0.00057681  -0.0108339 0.998979        0        0 8056
             102.202  0.0405929 -0.0633587  0.0257607  0.00148432  0.00144054 -0.00143485 0.00109421  0.0100114 -0.0200016 -0.00294023 -0.00317575  0.00700634  -0.00492094 -0.000698158   -0.0105716 0.993252        0        0 0
             102.301 0.00732625 -0.0594233 0.00515892 0.000734984  0.00173059 -0.00382608 -0.00822971  0.00238042  -0.0257746 -0.00293606 -0.00317839  0.00701623  -0.00480526 -0.000614614   -0.0105113 0.993247        0        0 7868
             102.301  0.0321414 -0.0489168  0.0210175   0.00147287   0.00170835 -0.000610516  0.00107053 0.000785205  0.00415975 -0.00294362 -0.00318136  0.00701129  -0.00491826 -0.000595709   -0.0108869 0.999927        0        0 0
             102.401  0.00368503  -0.0805672 -0.00858023  0.000342214   0.00158344 -0.000328191  -0.0141884 0.000330138  0.00284784 -0.00294152  -0.0031713  0.00702277  -0.00475031 -0.000563797   -0.0108536 0.999922        0        0 8100
             102.401  0.0395381 -0.0324071  0.0340884  0.00140135 0.000989683 0.000200625 -0.00123125 -0.00642515  0.00808495 -0.00295255 -0.00318683  0.00701018  -0.00490672 -0.000483735   -0.0109184 0.99344       0       0 0
             102.502 -0.0456382 -0.0808812 -0.0113731  0.000622311 -5.99673e-05 -6.66208e-05 -0.00896159 -0.00896849 -0.00211869 -0.00293555 -0.00317028  0.00702434  -0.00482806 -0.000433312    -0.010785 0.993436        0        0 7959
             102.502  0.0439718 -0.0472063  0.0328136   0.00133066   0.00105746 -0.000600407 -0.00116043  0.00219448  -0.0080401 -0.00296131  -0.0031825  0.00701088   -0.0049142 -0.000570065   -0.0107137 0.997097        0        0 0
             102.601 -0.00599596  -0.0674389   0.0123286 0.000418919 0.000816331 -0.00190928  -0.0112641 -0.00153865  -0.0118734 -0.00295099 -0.00317813  0.00701891  -0.00479868 -0.000532696   -0.0106755 0.997094        0        0 8056
             102.601  0.0346935 -0.0229931  0.0317966  0.00123191   0.0011209 0.000842954 -0.00150736 0.000409394   0.0175226 -0.00296355 -0.00319182  0.00701281  -0.00491471 -0.000559215   -0.0110491 0.999763        0        0 0
             102.701   0.0170626  -0.0654495 -0.00403962  0.00057109 0.000867801  0.00197682   -0.007291 -0.00287128   0.0102358 -0.00295703 -0.00318061   0.0070277  -0.00483901 -0.000530841   -0.0109916 0.99976       0       0 7916
             102.701  0.0394109 -0.0522957  0.0266934   0.00133914    0.0014255 -0.000913549 0.00133733 0.00312134 -0.0216113 -0.00296313 -0.00318448  0.00701887 -0.00494873 -0.00060845  -0.0105806 0.993291        0        0 0
             102.802  0.0112516 -0.0971442 0.00876368 0.000735203   0.0012618 -0.00333897 -0.00719493 -0.00205114  -0.0260736 -0.00295363  -0.0031693  0.00702977  -0.00485926 -0.000551492   -0.0105576 0.993288        0        0 8049
             102.802  0.0357479 -0.0163836  0.0183778 0.00132832 0.00193883 0.00124017 0.000555968  0.00328875   0.0164025 -0.00296058 -0.00319844  0.00702686  -0.00493335 -0.000616715   -0.0110594 0.993621        0        0 0
             102.901  -0.0195655   0.0122326 -0.00246986 0.000275842  0.00153607  0.00175765  -0.0117069 -0.00374011  0.00185567 -0.0029461  -0.003211 0.00703787  -0.00478342 -0.000522247   -0.0108893 0.993617        0        0 7975
             102.901  0.0404128 -0.0478323  0.0189251   0.00138192   0.00184641 -0.000643733 0.000702479 -0.00111656  -0.0245221 -0.00296522 -0.00319115  0.00703105  -0.00494707 -0.000560552   -0.0105559 0.998526        0        0 0
             103.001  0.0290491 -0.0972062  0.0220665 0.000659201  0.00111596 -0.00313004 -0.00995928 -0.00548947  -0.0237831 -0.00296062  -0.0031784   0.0070361  -0.00483767 -0.000481592   -0.0105362 0.998525        0        0 7957
             103.001  0.0384646 -0.0223767  0.0272185  0.00138033   0.0015007 0.000929209 -0.00100855 -0.00245797   0.0207687 -0.00296323 -0.00320221  0.00703468  -0.00493836 -0.000520491    -0.011107 0.992691        0        0 0
             103.102  -0.0202773  -0.0528337 -0.00831265 0.000327377 0.000718192   0.0022864  -0.0119528 -0.00688307   0.0148189 -0.00294503 -0.00319225   0.0070501  -0.00481667 -0.000473679   -0.0110322 0.992688        0        0 8152
             103.102   0.038845 -0.0430713  0.0449934   0.00133965   0.00034475 -0.000350549 -0.000214534   -0.0111672   -0.0136492 -0.00296462 -0.00319685  0.00703294  -0.00495146 -0.000430875   -0.0106956 0.993582        0        0 0
             103.201  -0.0375455  -0.0859456 -0.00814451  0.000621506 -0.000922625  -0.00220382 -0.00864556  -0.0126304  -0.0191634 -0.00294297  -0.0031853  0.00705076  -0.00484679 -0.000426038   -0.0106478 0.99358       0       0 8133
             103.201  0.0356567 -0.0297033  0.0472926  0.00110344 0.000185453 0.000415401 -0.00304954 -0.00321357  0.00789206 -0.00296277  -0.0032031  0.00703505  -0.00490868 -0.000547789   -0.0109907 0.993333        0        0 0
             103.301 -0.00944344  -0.0478436   0.0168146 1.71676e-06 -0.00021451 0.000810555   -0.012177 -0.00409771  0.00097623 -0.00294903 -0.00319544   0.0070475  -0.00481596 -0.000539075   -0.0109516 0.993329        0        0 8197
             103.301  0.0432628 -0.0447512  0.0281164   0.00132312   0.00131023 -0.000460988 0.00218292  0.0113599 -0.0130113 -0.00295945 -0.00320014  0.00704537  -0.00498004 -0.000720581   -0.0107859 0.997514        0        0 0
             103.402  0.0167269 -0.0363336 -0.0201035 0.000841458  0.00202499 -0.00189906 -0.00577498  0.00711213  -0.0165911 -0.00295442 -0.00320166  0.00706418  -0.00489282 -0.000662572   -0.0107545 0.997512        0        0 8129
             103.402  0.0352626 -0.0321058  0.0195125   0.0012608  0.00179576 0.000372311 -0.000717404   0.00422491   0.00805119 -0.00296091  -0.0032052   0.0070514  -0.00494862 -0.000631884    -0.011044 0.999147        0        0 0
             103.501  0.0190856 -0.0259229  0.0281804  7.0993e-05  0.00163066 0.000698463   -0.0137742 -0.000834545   0.00306972 -0.00296473 -0.00320696  0.00705025  -0.00479336 -0.000561648   -0.0109593 0.999143        0        0 8051
             103.501  0.0398363 -0.0479993  0.0432659   0.00143612  0.000457604 -0.000535106 0.00236139 -0.0133316 -0.0097139 -0.00297198 -0.00320134  0.00704548  -0.00500134 -0.000407989   -0.0107943 0.994443        0        0 0
             103.601 -0.0722369 -0.0914283 -0.0302421   0.00130266 -0.000877807  -0.00151148 -0.00265434  -0.0115133 -0.00867675 -0.00294696 -0.00318938  0.00706793 -0.00495316 -0.00040689  -0.0107956 0.994442        0        0 8081
             103.601 0.0403554 -0.045038 0.0447004    0.0014496  0.000350887 -0.000428171  -0.00117813 -0.000264682   0.00287609 -0.00297629 -0.00320409  0.00704683  -0.00496568 -0.000547566   -0.0109307 0.993366        0        0 0
             103.702  0.0352951 -0.0914897  0.0319123  0.000499713  0.000348075 -0.000511149   -0.0110472  0.000616082 -9.33361e-05 -0.00297701 -0.00319006  0.00705485   -0.0048642 -0.000563932   -0.0109038 0.993364        0        0 8090
             103.702  0.0365782 -0.0382166  0.0492335   0.00138233  6.88461e-05 -3.96256e-05 -0.000710556  -0.00231653    0.0049966 -0.00297807 -0.00320943  0.00704923  -0.00497769 -0.000530689   -0.0109617 0.994321        0        0 0
             103.801 -0.0373014 -0.0678752 -0.0124954  0.000424106 -0.000732381  -0.00012379  -0.0108113 -0.00724276 -0.00181088 -0.00295729 -0.00320049  0.00707072  -0.00485088 -0.000466926   -0.0109078 0.994321        0        0 8079
             103.801   0.039667 -0.0514718  0.0491361   0.00138657  6.09571e-05 -0.000693291  0.00017076 -0.00012457 -0.00811179 -0.00297886 -0.00320603  0.00705303  -0.00498822 -0.000562124   -0.0108251 0.998068        0        0 0
             103.901 0.0233627 -0.103864 0.0417134 0.000895666 0.000187439 -0.00148781 -0.00573864 0.000192572 -0.00901811 -0.00297047 -0.00319001  0.00706072   -0.0049304 -0.000577332   -0.0108328 0.998066        0        0 7940
             103.901  0.0376673 -0.0269932  0.0261443   0.0015633  0.00147483 0.000673949 0.00191205  0.0121021  0.0136843 -0.00297132 -0.00321679   0.0070661  -0.00500891 -0.000716564   -0.0110984 0.998508        0        0 0
             104.002 -0.0202107 -0.0338226 -0.0431218 0.000448858  0.00163291  0.00124428 -0.0126153 0.00173235 0.00383622 -0.00295715 -0.00321257  0.00709234  -0.00484338 -0.000589968   -0.0109916 0.998502        0        0 8004
             104.002   0.041259 -0.0500373  0.0258146   0.00144802   0.00146259 -0.000670705  -0.00120031 -0.000619786   -0.0168293 -0.00297716  -0.0032087  0.00707023 -0.00497816 -0.00056994  -0.0107474 0.993888        0        0 0
             104.101 -0.0123479 -0.0528194 -0.0125122 0.000327056  0.00105727 -0.00258525  -0.0135817 -0.00248274  -0.0199846 -0.00296465 -0.00320874  0.00708381  -0.00483672 -0.000528608    -0.010707 0.993885        0        0 7861
             104.101  0.0360919 -0.0263603  0.0223596  0.00139793  0.00167794 0.000589074 -0.000995737   0.00255458     0.014683 -0.00297802 -0.00321825  0.00707387  -0.00499027 -0.000594591   -0.0111529 0.994652        0        0 0
             104.201  0.00784494  -0.0721404 -0.00613864 0.000199115  0.00106925  0.00176548  -0.0136003 -0.00464923   0.0117087 -0.00296981 -0.00320403  0.00708685    -0.004852 -0.000498445   -0.0111178 0.994649        0        0 7964
             104.201  0.0351837 -0.0339186  0.0238051  0.00144511   0.0015152 0.000198894  0.000534952 -0.000639231  -0.00517032 -0.00297667 -0.00321884  0.00707833  -0.00501108 -0.000548106   -0.0109163 0.999291        0        0 0
             104.302  0.0248309 -0.0866018 -0.0145327 0.000687847 0.000989454 -0.00104787 -0.00903933 -0.00446972  -0.0119177 -0.00297408 -0.00320115  0.00709451  -0.00490634 -0.000509201   -0.0108425 0.999286        0        0 7855
             104.302  0.0380526 -0.0277243  0.0259758  0.00145154  0.00142595 0.000607775 -6.11986e-05  -0.00103475   0.00399153 -0.00297744  -0.0032226  0.00708172  -0.00500279 -0.000550417   -0.0110286 0.999909        0        0 0
             104.401  -0.0283382  -0.0397642 -0.00327725 0.000763803 0.000605484 0.000423007 -0.00762153 -0.00834354 -0.00261962  -0.0029547 -0.00322037  0.00709581  -0.00490752 -0.000465477    -0.010962 0.999907        0        0 7951
             104.401  0.0398389 -0.0483527   0.046404   0.00145508  0.000212323 -0.000712464 0.000585554  -0.0129418  -0.0149368 -0.00297502 -0.00321809  0.00708119 -0.00501345 -0.00041524  -0.0108031 0.994199        0        0 0
             104.501 -0.0611767  -0.097796   0.010255 0.000659858 -0.00108072 -0.00297906 -0.00975634   -0.013676  -0.0236406 -0.00295797 -0.00319848  0.00709133  -0.00489716 -0.000422772   -0.0107203 0.994197        0        0 7926
             104.501  0.0334943 -0.0135551  0.0251203 0.00140091 0.00146466 0.00126858 -0.00162304  0.00985992    0.022019 -0.00297891 -0.00322912  0.00708857  -0.00497943 -0.000704469   -0.0112566 0.994344        0        0 0
             104.602 -0.0196798 -0.0675673 -0.0150547 0.000739975  0.00159844  0.00331218 -0.0066902 0.00198341  0.0193428 -0.00296516 -0.00321334  0.00710648  -0.00492817 -0.000597636   -0.0112418 0.994344        0        0 8075
             104.602  0.0425326 -0.0587967  0.0181691  0.00163332  0.00183222 -0.00122316 0.00333317 0.00419756 -0.0296906 -0.00298439 -0.00321588  0.00709598   -0.0050472 -0.000629572   -0.0106612 0.992684        0        0 0
             104.701 0.00922851 -0.0775796 -0.0260058  0.00119686  0.00148272 -0.00485247 -0.00542865 -0.00242072  -0.0364987 -0.00297832 -0.00320929  0.00710974  -0.00493923 -0.000534588    -0.010602 0.992679        0        0 7975
             104.701  0.0444499 -0.0857283  0.0265167  0.00165126  0.00137016 -0.00256153 0.000353606 -0.00460733  -0.0152557 -0.00298864 -0.00320807  0.00709435  -0.00501057 -0.000510328   -0.0108721 0.993788        0        0 0
             104.801 -0.00967717   -0.153185  -0.0128708  0.00121763 0.000396952 -0.00367459 -0.00509395  -0.0107603  -0.0122384 -0.00297888 -0.00318943  0.00710911  -0.00496481 -0.000460962   -0.0109225 0.99379       0       0 8024
             104.801  0.0344756 -0.0136512  0.0370492  0.00157247 0.000791988  0.00136701 0.000347878 -0.00827394   0.0353047 -0.00299146 -0.00323529  0.00709456  -0.00500806 -0.000496005   -0.0114909 0.993916        0        0 0
             104.902 -0.0818227 0.00612666 -0.0187566  0.000492359 -0.000311515   0.00384621  -0.0124712 -0.00964135   0.0233684 -0.00295409  -0.0032396  0.00711814 -0.00486081 -0.00045973  -0.0113554 0.993914        0        0 8138
             104.902 0.0383262 -0.054837 0.0285855  0.00121409  0.00132342 -0.00100478 -0.00536888  0.00616332   -0.029328 -0.00298871 -0.00321904  0.00710374  -0.00495119 -0.000653246   -0.0107319 0.998049        0        0 0
             105.001  -0.0103921  -0.0379796 -0.00673226  5.3659e-05  0.00119621 -0.00417923  -0.0131816 -0.00110513  -0.0323564  -0.0029835 -0.00322345  0.00711449  -0.00486213 -0.000560179   -0.0107013 0.998048        0        0 8022
             105.001   0.036447 -0.0647448  0.0498953   0.00120947 -1.40286e-05  -0.00155309 0.000998657  -0.0146223 -0.00332193 -0.00299819 -0.00321728  0.00709759  -0.00504277 -0.000395596    -0.011077 0.995664        0        0 0
             105.101 -0.0886931 -0.0340137  0.0105222 -5.21632e-05   -0.0016702  -0.00182191   -0.01397 -0.0150632 -0.0018474 -0.00296141 -0.00322313  0.00711416  -0.00486952 -0.000370613   -0.0110905 0.995664        0        0 7975
             105.101  0.0394871 -0.0919988  0.0569371   0.00194309 -0.000445241  -0.00303846  0.00786873 -0.00376769   -0.013456 -0.00299572 -0.00321304  0.00710142  -0.00512475 -0.000513812   -0.0109505 1.00024       0       0 0
             105.202  -0.051159 -0.0874562  0.0239138  0.00189728 -0.00117847 -0.00497823 -0.00262689 -0.00596076  -0.0179099 -0.00297166 -0.00321322  0.00711455  -0.00503086 -0.000478883   -0.0108981 1.00025       0       0 7959
             105.202  0.0384569 -0.0747588   0.058665   0.00168121 -0.000478615  -0.00202776  -0.00464734 -0.000881693   0.00850606 -0.00299614 -0.00321845  0.00710479  -0.00500303 -0.000545205   -0.0112102 0.995324        0        0 0
             105.301 -0.0668393 -0.0586348 0.00504516  0.000339399 -0.000584736  -0.00160207  -0.0146578 0.000174307  0.00366967 -0.00297318 -0.00322079  0.00712135  -0.00488158 -0.000551123   -0.0111716 0.99532       0       0 7988
             105.301  0.0399302 -0.0344969  0.0462637  0.00114709 0.000338059 0.000115331 -0.0052421 0.00756701  0.0191891 -0.00300176 -0.00323229  0.00710993  -0.00498554 -0.000644919   -0.0113528 0.994607        0        0 0
             105.401  -0.055618 -0.0367117 -0.0236985 -0.000401363  0.000458835   0.00142867 -0.0169443 0.00155971  0.0105802 -0.00298388 -0.00322861  0.00713152  -0.00486034 -0.000581101   -0.0112799 0.994606        0        0 7991
             105.401  0.0339893 -0.0409189  0.0454628   0.00116485  0.000389965 -0.000256183  0.000969345 -8.83232e-05  -0.00751106 -0.00301062 -0.00323169  0.00711105  -0.00506807 -0.000570749   -0.0110636 1.00301       0       0 0
             105.502 -0.0427218 -0.0229983 0.00613576 0.000257413 4.66185e-05 -0.00136069  -0.0104116 -0.00350528  -0.0128238 -0.00298866 -0.00323381  0.00712737  -0.00494109 -0.000525338   -0.0110128 1.00301       0       0 8228
             105.502  0.0313745 -0.0229348  0.0354965  0.00125045 0.000967122 0.000857828 0.000811983  0.00518124   0.0113278 -0.00300745 -0.00323938  0.00711946  -0.00506904 -0.000632391   -0.0112998 0.998648        0        0 0
             105.601 -0.0845501 -0.0290818 -0.0579919 0.000528098 0.000591149  0.00121907 -0.00860647 -0.00294951  0.00420004 -0.00297774 -0.00323414  0.00714873  -0.00496755 -0.000533473   -0.0112011 0.998647        0        0 7999
             105.601  0.0357501 -0.0417862  0.0387777   0.00147106  0.000742205 -0.000206527   0.0019024 -0.00234283  -0.0105606  -0.0030127 -0.00323288  0.00712042  -0.00509081 -0.000552384   -0.0110257 0.998089        0        0 0
             105.701  -0.0682249  -0.0901547 -0.00185604   0.00077621 -0.000476988  -0.00139002 -0.00727667 -0.00912481 -0.00972084 -0.00298904 -0.00321796  0.00713526  -0.00497745 -0.000455035   -0.0110194 0.998095        0        0 8173
             105.701  0.0297792 -0.0204358  0.0384043  0.00113903 0.000759829   0.0008309 -0.00328895 0.000722747   0.0138763 -0.00301461 -0.00324148  0.00712416  -0.00501533 -0.000576701   -0.0112975 1.0032      0      0 0
             105.802   -0.0719714   -0.0263759 -0.000270785 -0.000436846 -0.000392743  0.000898499  -0.0186263 -0.00998466 0.000303577  -0.0029919 -0.00323618  0.00713688  -0.00486454 -0.000436286   -0.0111511 1.0032      0      0 8056
             105.802  0.0351388 -0.0383393  0.0420676  0.00104522 0.000586888 -9.5363e-05  -0.00202825 -0.000982202   -0.0105392 -0.00302016 -0.00323732  0.00712523  -0.00505933 -0.000550082     -0.01102 0.999084        0        0 0
             105.902 -0.0794417 -0.0563647 -0.0368864  0.000519267 -0.000283546  -0.00160021  -0.0044011 -0.00786225  -0.0169497 -0.00299453  -0.0032312  0.00714763  -0.00500681 -0.000466404   -0.0109797 0.999083        0        0 8149
             105.902 0.0321733  -0.02123 0.0328967  0.00132115  0.00112328 0.000887396 0.00460123 0.00509886  0.0099158 -0.00302282 -0.00324669  0.00712817  -0.00510461 -0.000625617   -0.0112956 0.99947       0       0 0
             106.001 -0.0921901 -0.0413937 -0.0518175 0.000539747  0.00033781  0.00104812 -0.00959273 -0.00749991 -0.00214069 -0.00299118 -0.00323637  0.00715671  -0.00496973 -0.000480973   -0.0111989 0.999474        0        0 7822
             106.001  0.0349214 -0.0478826  0.0405946   0.00142373  0.000675784 -0.000529769 2.45802e-06 -0.00509372  -0.0191136 -0.00302775 -0.00323622  0.00712959  -0.00508311 -0.000521123   -0.0109959 0.999497        0        0 0
             106.102 -0.0871033 -0.0427885  0.0100078  0.000111922 -0.000720286  -0.00253769 -0.0131615 -0.0130804 -0.0199199 -0.00300223 -0.00323372  0.00713936  -0.00491456 -0.000405686   -0.0109583 0.999495        0        0 7924
             106.102  0.0298833 -0.0303894  0.0414749  0.00124366 0.000632584 0.000257163 -0.000716693  -0.00056531   0.00971622 -0.00303253 -0.00324386  0.00713113  -0.00505566 -0.000561474   -0.0113124 0.99914       0       0 0
             106.202   -0.131671 -0.00416284  -0.0297071  3.76515e-05 -0.000634491 -6.01809e-05 -0.0150033 -0.0114927  -0.001079 -0.00298721 -0.00324848  0.00715593  -0.00491248 -0.000421006   -0.0111704 0.999136        0        0 7889
             106.202  0.0322454 -0.0243679  0.0339041 0.00131612 0.00102923 0.00082087 -0.000964137   0.00458732   0.00721733 -0.00302993  -0.0032479  0.00713847  -0.00507533 -0.000621412    -0.011268 1.00366       0       0 0
             106.301 -0.0417417 -0.0886093 0.00874281 0.000534573 0.000120178  0.00104604 -0.00794627 -0.00659433  0.00417544 -0.00300993 -0.00323073  0.00714972  -0.00499221 -0.000474222   -0.0112379 1.00367       0       0 7896
             106.301  0.0344752 -0.0241125  0.0386863  0.00118157  0.00079204 0.000656277 -0.000644854 -0.000529167   0.00053807 -0.00303038 -0.00325167  0.00714137  -0.00507181 -0.000551163   -0.0111926 0.998092        0        0 0
             106.402  -0.130455 -0.0206165 -0.0490838  2.03682e-05 -0.000589077  -0.00028349 -0.0129695 -0.0132176 -0.0103795 -0.00299008 -0.00324828  0.00716711  -0.00492853 -0.000402242   -0.0110916 0.99809       0       0 8047
             106.402  0.0285434 -0.0415004  0.0397587   0.00105295  0.000557839 -2.94923e-05 -0.00164356 -0.00303518 -0.00800376 -0.00303338 -0.00324597  0.00714177  -0.00506211 -0.000535541   -0.0111193 1.00292       0       0 0
             106.502  -0.101278  -0.141555 -0.0261555  0.000937485 -0.000676945 -0.000992897 -0.000179757   -0.0126259   -0.0123543 -0.00299572  -0.0032193  0.00716579  -0.00508207 -0.000436415   -0.0111053 1.00292       0       0 8003
             106.502 0.0375813 -0.030462 0.0322387  0.00137535  0.00116076 0.000273215  0.00433996  0.00324779 0.000110548 -0.00303122 -0.00325435  0.00714982  -0.00512375 -0.000631775   -0.0112509 1.00312       0       0 0
             106.601  -0.118818  -0.028635 -0.0303971  0.000691853  0.000115578 -8.00962e-05 -0.00829814 -0.00861902 -0.00620871 -0.00299616 -0.00324879  0.00716894  -0.00498393 -0.000473627    -0.011188 1.00311       0       0 8072
             106.601  0.0311786 -0.0356573  0.0410578  0.00141225 0.000620079 0.000174014 -0.000392921  -0.00503131  -0.00347353 -0.00303923 -0.00324935  0.00714807  -0.00507597 -0.000529014     -0.01122 1.00346       0       0 0
             106.702  -0.117159 -0.0406566 -0.0228067   0.00046752 -0.000877637 -0.000399153  -0.0102968  -0.0124987 -0.00507581 -0.00300176 -0.00324688   0.0071694  -0.00497226 -0.000410139   -0.0111809 1.00346       0       0 8083
             106.702  0.0347601 -0.0320679  0.0361035  0.00151864 0.000922373 0.000192161 0.00110866 0.00374338 0.00108351  -0.0030412 -0.00325348  0.00715331  -0.00510435 -0.000613124   -0.0112536 1.0033      0      0 0
             106.802  -0.0952881  -0.0310522 -0.00809395  0.000632226 -6.82723e-05 -0.000286251  -0.0103875 -0.00714784 -0.00190664 -0.00300488  -0.0032507  0.00717002 -0.00497459 -0.00046465  -0.0111842 1.00331       0       0 8131
             106.802  0.0342096 -0.0343599  0.0466684  0.00115547 0.000309498 0.000274923 -0.00459078 -0.00456454  0.00411097 -0.00304203 -0.00325212   0.0071541  -0.00504119 -0.000506524   -0.0112553 0.998811        0        0 0
             106.901 -0.0923245 -0.0544624 -0.0433838  0.000167084 -0.000885909 -0.000105985   -0.010631  -0.0104062 -0.00266787 -0.00300749 -0.00324744  0.00718331  -0.00497811 -0.000437565   -0.0111834 0.998813        0        0 7923
             106.901  0.0354457 -0.0301072  0.0342025  0.00122179 0.000963513 0.000358707 0.000898342  0.00642669  0.00212373 -0.00303996 -0.00325864  0.00716148  -0.00510979 -0.000644754    -0.011239 0.997982        0        0 0
             107.002  -0.0535345 -0.00732305  -0.0254315  0.000760967  0.000509997 -0.000417408 -0.00442881 -0.00373078   -0.010097 -0.00301456 -0.00326494  0.00718262  -0.00503934 -0.000528316   -0.0111355 0.997984        0        0 8105
             107.002 0.0351293 -0.034566 0.0359518  0.00156781 0.000926011 0.000234766   0.00413176 -0.000909795  -0.00313252 -0.00303965 -0.00326026  0.00716475  -0.00514144 -0.000569767   -0.0112193 0.998556        0        0 0
             107.102 -0.0551572 -0.0662697 -0.0296249   0.00144013  6.71889e-06 -0.000503699 -0.00174627 -0.00899295  -0.0111932 -0.00301689 -0.00324935  0.00718721  -0.00508504 -0.000473557   -0.0111694 0.998563        0        0 7858
             107.102  0.0320779 -0.0260953  0.0413441  0.00114274 0.000670409 0.000581363 -0.00508526 -0.00322907 1.74044e-05 -0.00304062 -0.00326093  0.00716666  -0.00504202 -0.000548939   -0.0113024 0.997851        0        0 0
             107.201  -0.066543 -0.0551773 0.00349171 5.26506e-05 -0.00062643 0.000217972  -0.0115223  -0.0121851 -0.00548366 -0.00302108 -0.00324867  0.00717938  -0.00496785 -0.000426269   -0.0112318 0.99785       0       0 8068
             107.201  0.0347042 -0.0345917  0.0417144  0.00118069 0.000627641  0.00023713  0.000873553 -0.000703852   -0.0054054 -0.00304745 -0.00325861  0.00716889  -0.00511082 -0.000568845   -0.0112311 1.0027      0      0 0
             107.302 -0.0777256 -0.0584654 -0.0455628  0.000833559 -0.000293787 -0.000965049 -0.00370911 -0.00788856  -0.0107394 -0.00301979 -0.00325127  0.00719789  -0.00506301 -0.000465527   -0.0111311 1.00269       0       0 7820
             107.302  0.0341742 -0.0263393  0.0307917  0.00168382   0.0012027 0.000599702 0.00572396  0.0060377 0.00599854 -0.00304841 -0.00326495  0.00717633 -0.00516937 -0.00063931  -0.0113316 0.998725        0        0 0
             107.402  -0.059184  -0.022545 -0.0101744 0.000906214 0.000200587 0.000544335 -0.00914132 -0.00659385  0.00159055 -0.00302672 -0.00326289  0.00719051  -0.00500516 -0.000475613    -0.011264 0.998724        0        0 8106
             107.402  0.0343495 -0.0364642  0.0410133  0.00134869 0.000689653  3.7402e-05  -0.0046207 -0.00280576 -0.00383768 -0.00305304 -0.00325981  0.00717566  -0.00505953 -0.000528592   -0.0111988 1.00338       0       0 0
             107.501 -0.0664907  -0.094977 -0.0216864  0.000328017  -0.00085034 -0.000926303 -0.0113145 -0.0146571 -0.0111403 -0.00302546 -0.00324257   0.0071962  -0.00498887 -0.000389577    -0.011161 1.00338       0       0 7905
             107.501  0.0354933 -0.0284909  0.0368884  0.00117671 0.000945437 0.000456261 -0.00179881   0.0026152  0.00378896 -0.00305028 -0.00326639  0.00718003  -0.00509312 -0.000600576   -0.0113382 1.0033      0      0 0
             107.602 -0.0488795 -0.0858791 -0.0235106 0.000417735 0.000210627 0.000105812 -0.00764045 -0.00710953   -0.005907 -0.00303693 -0.00324544   0.0071978  -0.00502032 -0.000491296   -0.0112701 1.0033      0      0 8155
             107.602  0.0346802 -0.0355874  0.0418816  0.00120707 0.000609969 0.000150319  0.00144417 -0.00415592 -0.00533738 -0.00306064 -0.00326316  0.00717865  -0.00512298 -0.000534216   -0.0112751 1.00343       0       0 0
             107.702  -0.117723 -0.0103963 -0.0326155   0.00028627 -0.000535116 -0.000997226 -0.00986704  -0.0113872  -0.0145117 -0.00302231 -0.00326625  0.00720382  -0.00499262 -0.000446891   -0.0111794 1.00343       0       0 7948
             107.702  0.0331798 -0.0287331  0.0355669  0.00114368 0.000910668 0.000494111 -0.000568309   0.00187643   0.00143995 -0.00306243 -0.00326512  0.00718474  -0.00510072 -0.000614961   -0.0113697 1.00331       0       0 0
             107.801  -0.101334  -0.102311 -0.0154032  0.000387682 -0.000197788 -0.000160695  -0.0085663 -0.00830262 -0.00512069 -0.00303682 -0.00324001  0.00719954  -0.00502109 -0.000462669   -0.0112672 1.00331       0       0 8081
             107.801  0.0337448 -0.0290239  0.0410332  0.00110485 0.000637103 0.000339453 -0.000537322  -0.00139842 -0.000599587  -0.0030748 -0.00326448  0.00718323  -0.00510801 -0.000555536   -0.0113191 0.998521        0        0 0
             107.902  -0.158898  0.0176717 -0.0562905  2.63984e-06 -0.000706382 -0.000918999 -0.0131642 -0.0108871 -0.0111906 -0.00301905 -0.00327573  0.00721425  -0.00497465 -0.000414418   -0.0111699 0.998516        0        0 8119
             107.902  0.0297298 -0.0286202  0.0304612  0.00118688  0.00115571 0.000609663 -0.000365569   0.00630039   0.00510906 -0.00306934  -0.0032673   0.0071899  -0.00512816 -0.000633909    -0.011367 0.999085        0        0 0
             108.002 -0.0868581 -0.0838248 -0.0168335 4.33238e-06  0.00013588 0.000218239  -0.0112046 -0.00757466 -0.00126078 -0.00303796 -0.00325018  0.00720587  -0.00498994 -0.000462952   -0.0112943 0.999095        0        0 8030
             108.002  0.0358016 -0.0348742  0.0497683  0.00115291 0.000174119 6.12876e-05  0.00123216 -0.00855671 -0.00243381 -0.00307447 -0.00326851  0.00718607  -0.00513077 -0.000463446    -0.011278 0.998392        0        0 0
             108.101  -0.068106 -0.0317145 0.00699416 0.000663096 -0.00153813 -0.00109542 -0.00621545  -0.0175304  -0.0132147 -0.00304469 -0.00326783  0.00720216  -0.00505489 -0.000371237   -0.0111836 0.998393        0        0 8170
             108.101  0.0338724 -0.0271657  0.0457746  0.00118837  0.00036669 0.000587913 -0.000768907  0.000344872   0.00473341 -0.00306945 -0.00327223  0.00719189  -0.00511715 -0.000589785   -0.0113996 0.998815        0        0 0
             108.202   -0.0551336   -0.0834164 -0.000585384  0.000509346 -0.000602178  0.000523114 -0.00586495 -0.00935585 -0.00375773 -0.00304654 -0.00325501  0.00720927  -0.00504168 -0.000461414     -0.01133 0.998816        0        0 8155
             108.202  0.0360239 -0.0345249  0.0446644  0.00111659 0.000393715 0.000193457  0.000920198 -6.70276e-05  -0.00733872 -0.00307059 -0.00327137  0.00719652  -0.00511805 -0.000579338   -0.0112848 0.99858       0       0 0
             108.302  -0.167685 -0.0112469 -0.0626054 0.000412239 -0.00102062 -0.00151815 -0.00891387   -0.013333  -0.0196888 -0.00301437  -0.0032758  0.00723283   -0.0050364 -0.000413355   -0.0111427 0.99858       0       0 8217
             108.302  0.0297122 -0.0313367  0.0392704  0.00130033 0.000639389 0.000244058  0.000694221    0.0013706 -0.000865735 -0.00306812 -0.00327433  0.00720364  -0.00514876 -0.000603899   -0.0113688 0.998742        0        0 0
             108.401  -0.0629325  -0.0251713 -0.00430279  0.000413027 -0.000344921 -0.000588553 -0.00953149 -0.00503348 -0.00657832 -0.00304655 -0.00327263  0.00721811  -0.00502196 -0.000486813   -0.0112798 0.998745        0        0 8086
             108.401  0.0309769 -0.0314605  0.0383348   0.0012397 0.000790961 0.000317037 -0.00106269  0.00339059  0.00126975 -0.00307188 -0.00327392    0.007206 -0.00512073 -0.00059383  -0.0113736 1.00277       0       0 0
             108.502  -0.0897163  -0.0219563 -0.00386728  0.000321101 -3.62084e-05 -0.000371445  -0.0101107 -0.00662257 -0.00575035  -0.0030381 -0.00327635  0.00722185  -0.00501788 -0.000463186   -0.0112739 1.00277       0       0 8085
             108.502 0.0341504  -0.03249 0.0358164   0.0011872 0.000931097 0.000311662 -0.000577959   0.00209042   0.00158338 -0.00307197 -0.00327677  0.00721078  -0.00513088 -0.000577117   -0.0113623 0.998571        0        0 0
             108.602 -0.0815248 -0.0476256 -0.0611626  0.000549469 -0.000244546  0.000281028 -0.00636106  -0.0109127 0.000894714 -0.00303784 -0.00327387  0.00724332  -0.00505844 -0.000428019   -0.0113605 0.998571        0        0 8094
             108.602  0.0364978 -0.0374582  0.0327066   0.00157508   0.00103413 -1.39885e-05  0.00487564 0.000809011 -0.00238233 -0.00306908  -0.0032804  0.00721626 -0.00518909  -0.0005766  -0.0113197 0.998388        0        0 0
             108.701  -0.090133 -0.0222966 -0.0186179   0.00119181 -0.000437937  -0.00125652 -0.00423626  -0.0125957  -0.0142389 -0.00303731 -0.00328208  0.00723288 -0.00509065 -0.00042433  -0.0112121 0.998396        0        0 8004
             108.701  0.0333969 -0.0279825  0.0322642  0.00165277  0.00115126 0.000565367 0.000215097 9.22854e-05  0.00491008 -0.00307017 -0.00328315  0.00721859  -0.00514163 -0.000584068   -0.0114436 0.999     0     0 0
             108.802 -0.0713949 -0.0380245 -0.0492943  0.000537198 -0.000169923  0.000336642  -0.0122389   -0.012387 -0.00369159 -0.00304233 -0.00327639   0.0072461  -0.00499756 -0.000420191   -0.0113686 0.999004        0        0 8194
             108.802  0.0343351 -0.0413451  0.0348666   0.00134432   0.00104889 -0.000290889    -0.00373 -0.00100128 -0.00966451 -0.00307012 -0.00327773  0.00722189  -0.00509941 -0.000565289   -0.0112951 0.998262        0        0 0
             108.902  -0.108774 -0.0389019 -0.0226173   0.00016131 -0.000375211  -0.00180455 -0.0125608 -0.0123091 -0.0161127 -0.00303201 -0.00327549  0.00724236  -0.00500035 -0.000418874   -0.0112128 0.998263        0        0 7988
             108.902  0.0364505 -0.0328042  0.0446356  0.00134527 0.000520265 0.000347604 0.000492501 -0.00551722  0.00650723 -0.00307297  -0.0032833  0.00722285  -0.00515045 -0.000512059    -0.011484 0.998103        0        0 0
             109.001 -0.0924936 -0.0544744 -0.0174104  0.000798533 -0.000766695  0.000601532 -0.00560998  -0.0107275  0.00359674 -0.00303974 -0.00327719  0.00724335  -0.00507777 -0.000429232   -0.0114363 0.998108        0        0 8091
             109.001  0.0279463 -0.0221431  0.0392917  0.00131276 0.000744166 0.000812067 -0.000168127   0.00284115   0.00498001 -0.00307148 -0.00328864  0.00722738  -0.00513866 -0.000599476   -0.0114516 1.00236       0       0 0
             109.101 -0.0549228 -0.0712543 -0.0218262 0.000687674 0.000219545 0.000330878 -0.00775248 -0.00441359 -0.00511338 -0.00305535 -0.00327273   0.0072473  -0.00505927 -0.000517847   -0.0113449 1.00236       0       0 7900
             109.101  0.0363222 -0.0336853  0.0478021  0.00120378 0.000259189 0.000169451 -0.00167951 -0.00473128 -0.00668767 -0.00308282  -0.0032857  0.00722628  -0.00512803 -0.000523402   -0.0113243 0.998174        0        0 0
             109.202  -0.148395 -0.0690096 -0.0794477  0.000860724  -0.00106458 -0.000874358 -0.00344072  -0.0117619  -0.0111379 -0.00303225 -0.00327647  0.00726578  -0.00511243 -0.000424814   -0.0112858 0.998177        0        0 8015
             109.202  0.0319618 -0.0374676  0.0393862  0.00147739 0.000595939  1.8929e-05  0.00323219   0.0031763 -0.00173542 -0.00308165 -0.00328854  0.00723127  -0.0051885 -0.00062029  -0.0113996 1.00268       0       0 0
             109.301  -0.105714 0.00782714  -0.025411  0.000364917 -0.000568409  -0.00138716  -0.0110721 -0.00831034  -0.0139935 -0.00304877 -0.00329519  0.00725148   -0.0050143 -0.000481693   -0.0112413 1.00268       0       0 7875
             109.301 0.0382957 -0.046477 0.0408712   0.00159529  0.000657458 -0.000282781  0.00113323 0.000350487 -0.00269861 -0.00308905 -0.00328364  0.00723229  -0.00516172 -0.000597318   -0.0113783 0.999141        0        0 0
             109.401  -0.126396 -0.0762487 -0.0596206   0.00153804  -0.00038513 -0.000882429  -0.0003421 -0.00884018 -0.00512513 -0.00304102 -0.00327744  0.00726698  -0.00515733 -0.000474197   -0.0113496 0.999148        0        0 7997
             109.401  0.0379333 -0.0322584  0.0262496  0.00160728  0.00148704 0.000254062 -0.000267012   0.00730095   0.00418172 -0.00308559 -0.00329133  0.00724227 -0.00515275 -0.00068046  -0.0114616 0.998644        0        0 0
             109.502   -0.06156 -0.0425156 -0.0295101 0.000696226 0.000354085 1.64926e-05 -0.00986443 -0.00792309 -0.00340918 -0.00306353 -0.00328674  0.00726212  -0.00504673 -0.000473957   -0.0113799 0.998649        0        0 7921
             109.502  0.0333304 -0.0329162  0.0376663  0.00116958 0.000850199 0.000202119 -0.00497167  -0.0041953 -0.00136244 -0.00309069 -0.00329124  0.00724227  -0.00510416 -0.000527791   -0.0114043 0.998845        0        0 0
             109.601  -0.163143 -0.0184656 -0.0672171  0.000401218 -0.000846023 -0.000415822 -0.00770485  -0.0150002 -0.00706834 -0.00303627 -0.00329625  0.00727515  -0.00507464 -0.000376028   -0.0113449 0.998846        0        0 7986
             109.601  0.0350732 -0.0376724   0.029905   0.00160517   0.00120753 -1.63463e-05  0.00527106  0.00410741 -0.00289105 -0.00308938 -0.00329492  0.00724752  -0.00522901 -0.000620162   -0.0113945 0.998764        0        0 0
             109.701  -0.102259 -0.0282456 -0.0517653  0.000835779 -0.000295833  -0.00147056 -0.00736446   -0.011028  -0.0130644 -0.00306247 -0.00329395   0.0072711  -0.00507429 -0.000442939   -0.0112681 0.998761        0        0 7996
             109.701 0.0345188 -0.026394 0.0343205  0.00151104  0.00101061 0.000757269  3.6625e-05 -0.00168589  0.00608286 -0.00310079 -0.00329796  0.00724577  -0.00515877 -0.000566214   -0.0115002 1.00291       0       0 0
             109.802 -0.0579875 -0.0396484  0.0037719  0.000459396 -0.000530839  0.000977997 -0.0109288 -0.0141181 0.00264008 -0.00308104 -0.00329136  0.00725605  -0.00503476 -0.000419779   -0.0114654 1.00292       0       0 8146
             109.802  0.0354686 -0.0305971   0.043596  0.00115438  0.00058265 0.000164582 -0.00405654 -0.00404473 -0.00519257 -0.00310588 -0.00329552  0.00724489  -0.00511674 -0.000548264   -0.0113687 1.00237       0       0 0
             109.901  -0.101119  -0.029093 -0.0281273  2.94077e-05 -0.000637704 -0.000776862  -0.0123666  -0.0114466 -0.00986358  -0.0030697 -0.00329331  0.00726787  -0.00501874 -0.000438649   -0.0113212 1.00237       0       0 8049
             109.901   0.031894 -0.0277665  0.0383242  0.00130977 0.000773711 0.000505816 0.00199035 0.00159814 0.00396962 -0.00310565 -0.00329908   0.0072488  -0.00518733 -0.000605564   -0.0114881 0.998062        0        0 0
             110.001 -0.0392056 -0.0140541  0.0183888  0.000305784 -0.000143697   0.00019588  -0.0113547 -0.00819159 -0.00282704 -0.00308548 -0.00330088    0.007259  -0.00504146 -0.000478463   -0.0114034 0.998065        0        0 8066
             110.001  0.0366938 -0.0309349  0.0454566  0.00107039  0.00041821 0.000228273 -0.00313145 -0.00314914 -0.00252985 -0.00310681 -0.00329823   0.0072512  -0.00514097 -0.000545376   -0.0114066 0.998032        0        0 0
             110.102   -0.101928   0.0181598 -0.00281328  -0.00025958 -0.000851258 -0.000968137  -0.014164 -0.0113414 -0.0122004 -0.00307391 -0.00331052  0.00726788  -0.00499848 -0.000431173   -0.0112928 0.998027        0        0 8042
             110.102  0.0361622 -0.0352969   0.030186  0.00160443  0.00120824 0.000133917   0.00624649   0.00881166 -0.000841068 -0.00310926 -0.00330149  0.00725946  -0.00524613 -0.000683996   -0.0114314 1.00264       0       0 0
             110.201 -0.0488155 -0.0177808 -0.0129355 0.000975343 0.000766065 -0.00139478 -0.00795764 -0.00344409  -0.0147845 -0.00309694 -0.00330309  0.00727279  -0.00509879 -0.000534813   -0.0112775 1.00264       0       0 7974
             110.201  0.0316237 -0.0288674  0.0463424  0.00118559 0.000415529 0.000311945 -0.00512133 -0.00794969 0.000925015 -0.00312256 -0.00330181  0.00725463  -0.00513097 -0.000489615   -0.0114694 1.00222       0       0 0
             110.301   -0.12489 -0.0200772 -0.0264442 -0.000341207  -0.00110807 -0.000271021  -0.0164051  -0.0144077 -0.00722885 -0.00308439 -0.00330115  0.00727622  -0.00497526 -0.000403847   -0.0113886 1.00222       0       0 7976
             110.301  0.0373265 -0.0434189  0.0522133  0.000972389 -1.34885e-05 -0.000232687 -0.00184098 -0.00429891 -0.00704053 -0.00313035 -0.00329832  0.00725312  -0.00515128 -0.000539857     -0.01139 0.998342        0        0 0
             110.402 -0.0712686 -0.0536248 -0.0239418  0.000405821 -0.000967668  -0.00116692 -0.00585495 -0.00880975  -0.0104321 -0.00309979 -0.00329612  0.00727891  -0.00511987 -0.000485488   -0.0113596 0.998342        0        0 7928
             110.402  0.0359144 -0.0237136  0.0345224  0.00151055 0.000958369 0.000824289 0.00589463 0.00797335 0.00994612 -0.00312704 -0.00330985  0.00726251  -0.00525616 -0.000695912   -0.0116086 0.999062        0        0 0
             110.501 -0.0484761  0.0023315 -0.0130733 0.000820158 0.000503202  0.00102595 -0.00774721 -0.00255571   0.0037484 -0.00310702 -0.00331483  0.00727927  -0.00509692 -0.000537341   -0.0115051 0.999063        0        0 8123
             110.501  0.0326256 -0.0365212  0.0402842  0.00127345 0.000675472 3.82008e-05 -0.00294517  -0.0013964 -0.00694993 -0.00313102 -0.00330385  0.00726324   -0.0051583 -0.000559227   -0.0113748 0.997942        0        0 0
             110.601  -0.094293 -0.0541199 -0.0195975  0.000298207 -0.000661125  -0.00136005 -0.0113599 -0.0120902 -0.0128638 -0.00310141 -0.00329669  0.00728214  -0.00506435 -0.000435679   -0.0112942 0.997946        0        0 8010
             110.601  0.0316221 -0.0303879   0.047671 0.000953824 0.000270566 0.000460345 -0.00391385  -0.0042949  0.00673322 -0.00313719 -0.00330734  0.00726226  -0.00514947 -0.000540893   -0.0115339 1.00253       0       0 0
             110.702  -0.0867264  -0.0584054 -0.00616252 0.000519617 -0.00130376 0.000696692 -0.00335744  -0.0151408  0.00185277 -0.00310074 -0.00330309  0.00728477  -0.00514818 -0.000396624   -0.0114989 1.00253       0       0 8183
             110.702  0.0345073 -0.0373081  0.0461657   0.00103953  0.000404839 -2.33404e-05  0.00181925  0.00208664 -0.00620741 -0.00313207 -0.00331035  0.00727023  -0.00520929 -0.000614364   -0.0113983 0.997711        0        0 0
             110.801 -0.0376008 -0.0389931  0.0304668  0.000455184 -0.000623025  -0.00137311 -0.00660541  -0.0101925  -0.0158984 -0.00311478 -0.00330751  0.00727729  -0.00512238 -0.000463076   -0.0113006 0.997711        0        0 7919
             110.801  0.0337525 -0.0257367  0.0436251  0.00099045 0.000545301 0.000743793 -0.000698578  0.000646594   0.00686836 -0.00313305 -0.00331486   0.0072741  -0.00518935 -0.000598161   -0.0115782 0.998023        0        0 0
             110.901 -0.0719325 -0.0485448 -0.0124171  0.000921726 -0.000242481   0.00130922 0.000121762 -0.00818172  0.00431088 -0.00310801 -0.00330879  0.00729263 -0.00519256 -0.00049971  -0.0115474 0.998024        0        0 8172
             110.901  0.0393477 -0.0435433  0.0433126   0.00121014  0.000502413 -0.000375463  0.00299227 -0.00128358  -0.0139731 -0.0031397 -0.0033099 0.00727617  -0.00522824 -0.000592876   -0.0113222 0.998509        0        0 0
             111.002 -0.0985987 -0.0427747 -0.0363706  0.000898906 -0.000593738  -0.00235801 -0.00432238 -0.00939944  -0.0191354 -0.00310808 -0.00330855  0.00730154  -0.00515429 -0.000472946   -0.0112415 0.998508        0        0 7941
             111.002  0.0324681 -0.0341502  0.0379758  0.00145627 0.000789813 0.000350159 0.00170166 0.00302582 0.00930343 -0.00314379 -0.00331478  0.00728003  -0.00522312 -0.000634741   -0.0115922 0.998585        0        0 0
             111.101 -0.0770971 -0.0529164 0.00161243  0.000624608 -0.000390116  0.000161658 -0.00918803 -0.00832292    0.001213 -0.00312061 -0.00330753  0.00729068  -0.00511279 -0.000469102    -0.011487 0.998584        0        0 7945
             111.101  0.0367029 -0.0359028  0.0433231  0.00107605 0.000549604 0.000104667  -0.00477831 -0.000141845  0.000498855 -0.00315245 -0.00331393  0.00727866  -0.00516395 -0.000577106   -0.0114774 0.997856        0        0 0
             111.201 -0.0926483 -0.0408482 -0.0224416  2.76132e-05 -0.000694837 -0.000660883   -0.011222  -0.0114673 -0.00725486 -0.00311804 -0.00331141  0.00729976  -0.00507619 -0.000435992   -0.0113959 0.997854        0        0 7889
             111.201  0.0340084 -0.0332034  0.0389816  0.00107237 0.000871691 0.000407194 0.000341539  0.00323593  0.00419685 -0.00315217 -0.00331782   0.0072821  -0.00521351 -0.000624077   -0.0115356 0.998302        0        0 0
             111.302 -0.0599843 -0.0931617 -0.0131992   0.00078941 -5.22056e-05  0.000533905 -0.00280265 -0.00939271 -6.0289e-06  -0.0031261 -0.00330194  0.00730168  -0.00518457 -0.000477215   -0.0115151 0.998307        0        0 7912
             111.302  0.0361352 -0.0352139  0.0437415   0.0010482 0.000575503 4.27076e-05 7.69176e-05 -0.00376986 -0.00530544 -0.00315339  -0.0033198  0.00728488  -0.00521466 -0.000554344   -0.0114479 0.998166        0        0 0
             111.401 -0.0882339 -0.0400932 -0.0268342  0.000301456 -0.000834913  -0.00114484 -0.00865816  -0.0143264  -0.0155504 -0.00311927 -0.00331519  0.00730936  -0.00511508 -0.000425654   -0.0113577 0.998164        0        0 7924
             111.401  0.0331042 -0.0283959  0.0339474  0.00143903  0.00102524 0.000549462 0.00386675 0.00313977 0.00258251 -0.00315066 -0.00332373  0.00729218  -0.00526207 -0.000645779    -0.011579 0.998405        0        0 0
             111.501  -0.101831 -0.0758254 -0.0448465 0.000980148 9.20995e-05 0.000205844 -0.00416179 -0.00837414 -0.00523834 -0.00311526 -0.00330739  0.00731815  -0.00515369 -0.000502773   -0.0114809 0.998409        0        0 7985
             111.501  0.0345022 -0.0319377  0.0352912   0.0016504 0.000900153 0.000313602  0.00323999  -0.0014531 -0.00410989 -0.00315464 -0.00332288  0.00729419  -0.00523858 -0.000599121   -0.0114932 1.0033      0      0 0
             111.602  -0.0963559  -0.0325886 -0.00383687   0.00107974 -0.000378842 -0.000645946 -0.00761296 -0.00954442 -0.00854306 -0.00312458 -0.00332018  0.00730647  -0.00514117 -0.000456753   -0.0114168 1.0033      0      0 8179
             111.602   0.032413 -0.0301297  0.0374612  0.00108098 0.000879602 0.000403207 -0.00808561  0.00159251   0.0027135 -0.00316012 -0.00332154   0.0072948  -0.00513425 -0.000602916   -0.0115563 1.00299       0       0 0
             111.701  -0.105441 -0.0491496 -0.0306365  0.000245745 -2.02755e-05  0.000268825 -0.00917183 -0.00684678  0.00102032 -0.00312496 -0.00331633  0.00731576  -0.00512752 -0.000475344   -0.0115197 1.00299       0       0 7974
             111.701   0.033783 -0.0390961  0.0491795  0.00101257 0.000256914 -6.7447e-05 -0.000495387  -0.00511604  -0.00259036 -0.00316636 -0.00332165  0.00729176  -0.00523037 -0.000509941   -0.0114743 1.00231       0       0 0
             111.801   -0.093126  -0.0169468 -0.00158731  0.000374674  -0.00135509 -0.000708651 -0.00602976  -0.0157422 -0.00553549 -0.00312924  -0.0033297  0.00731139    -0.005143 -0.000397602   -0.0114525 1.00231       0       0 8145
             111.801   0.032751 -0.0317826  0.0339492   0.0015505  0.00103585 0.000361594 0.00670413 0.00631345 0.00579608 -0.00316113 -0.00332953   0.0073021  -0.00529622 -0.000672861   -0.0115913 0.997891        0        0 0
             111.902 -0.0244135 -0.0839747 -0.0112969  0.00170731 0.000665906 0.000366761 0.000834247  -0.0031861 -0.00268649 -0.00314134 -0.00331446  0.00732193  -0.00524572 -0.000556037   -0.0115366 0.997897        0        0 7989
             111.902  0.0342857 -0.0303394   0.042085  0.00126515 0.000551963 0.000305147 -0.00390419 -0.00444563 -0.00328916 -0.00315939 -0.00332926  0.00730565  -0.00518388 -0.000547324   -0.0115285 0.99753       0       0 0
             112.001 -0.0597982 -0.0192028 0.00735664  3.09454e-05 -0.000791959 -0.000641417  -0.013025 -0.0129589 -0.0135059 -0.00313888 -0.00332865  0.00731645  -0.00506899 -0.000435173   -0.0114411 0.997532        0        0 8137
             112.001  0.0328177 -0.0295535  0.0414043  0.00112532 0.000648325 0.000488857 -0.000931849  0.000164379   -0.0015287 -0.00316297 -0.00332986  0.00730709  -0.00521373 -0.000600894   -0.0115877 1.002     0     0 0
             112.101  -0.102764 -0.0930949 -0.0470364  0.000621536 -0.000310968  0.000408444   -0.0053891  -0.00881067 -0.000706313 -0.00313951 -0.00330808  0.00733317   -0.0051711 -0.000478838   -0.0115778 1.00201       0       0 7856
             112.101  0.0388935 -0.0455813  0.0342098   0.00139564     0.001062 -0.000345099  0.00315111  0.00394465 -0.00890456 -0.00317896 -0.00332442  0.00730922  -0.00527037 -0.000645827   -0.0114748 1.00253       0       0 0
             112.202  -0.0343409  -0.0794048 -0.00353033  0.00142646 1.88919e-05 -0.00170677 3.68234e-05 -0.00745095  -0.0108075 -0.00315439 -0.00331619  0.00732473   -0.0052417 -0.000482577   -0.0114252 1.00253       0       0 8092
             112.202  0.0311522 -0.0191647   0.041223  0.00111958 0.000753162  0.00100819 -0.00313214 -0.00102056   0.0173923 -0.00317239 -0.00333541  0.00731158  -0.00519484 -0.000566752   -0.0117756 0.997617        0        0 0
             112.301  -0.085965 -0.0434033 -0.0322949  0.000418246 -0.000748771   0.00149119 -0.00759121  -0.0143197   0.0042066 -0.00314419 -0.00332767  0.00733501  -0.00514351 -0.000410738   -0.0116389 0.997616        0        0 7806
             112.301  0.0313167 -0.0383894  0.0362472   0.00138191  0.000915022 -2.51019e-05  0.0028072 0.00172412 -0.0124011 -0.00317488 -0.00333111  0.00731531  -0.00526942 -0.000614692   -0.0114327 0.998112        0        0 0
             112.401  -0.100055 -0.0284977 -0.0234756  0.000874018 -0.000401166  -0.00173606 -0.00452336  -0.0120084  -0.0194055 -0.00313727 -0.00333351  0.00733667  -0.00516833 -0.000455084   -0.0113891 0.998112        0        0 8052
             112.401  0.0316169 -0.0342201  0.0330545  0.00161798  0.00110238 0.000174565  0.00326447 0.000837446  0.00107142 -0.00317367 -0.00333524  0.00732029  -0.00526076 -0.000621827   -0.0116419 1.00258       0       0 0
             112.502 -0.0889082 -0.0509314 -0.0295865  0.000953092  4.87624e-05 -0.000795828 -0.00802198 -0.00983381  -0.0115217 -0.00313941 -0.00332541  0.00734165  -0.00513499 -0.000480507   -0.0115178 1.00258       0       0 7861
             112.502  0.0311336 -0.0315106  0.0369832  0.00119904 0.000921767 0.000356099 -0.00526326 -0.00222423 -0.00124995 -0.00317357  -0.0033327  0.00732196  -0.00516509 -0.000584233   -0.0116446 1.00232       0       0 0
             112.601 -0.0852583 -0.0439914 -0.0351495  0.000158155 -0.000216132  0.000210924  -0.0106976  -0.0109814 -0.00258481 -0.0031451 -0.0033277 0.00734574      -0.0051 -0.000466459   -0.0116186 1.00232       0       0 8098
             112.601  0.0343754 -0.0359963  0.0380684  0.00127723 0.000879073 4.77272e-05  0.00173226 -0.00112382 -0.00438954  -0.0031785 -0.00333362  0.00732413  -0.00524869 -0.000596692   -0.0115949 1.00282       0       0 0
             112.701  -0.119244 -0.0786183 -0.0391211   0.00125937 -0.000607144  -0.00070333 -0.000268269    -0.013093  -0.00646041 -0.00314143 -0.00332169  0.00735019  -0.00523387 -0.000426861   -0.0115472 1.00282       0       0 7910
             112.701  0.0326957 -0.0308877  0.0310966  0.00150096  0.00125541 0.000329204  0.0019208 0.00439603 0.00451731 -0.00318285 -0.00333763  0.00732995  -0.00525503 -0.000651863   -0.0116817 0.998154        0        0 0
             112.802 -0.0849371 -0.0797547 -0.0211513  0.000973058 -0.000101815  0.000257186 -0.00622083 -0.00944104  0.00119225 -0.00315837 -0.00332151  0.00734377  -0.00517445 -0.000453741   -0.0116309 0.998154        0        0 8126
             112.802  0.0352052 -0.0328982  0.0403086  0.00104528 0.000712349 0.000108727   -0.0056916    -0.002639 -0.000399092 -0.00319277 -0.00333568  0.00732559  -0.00517687 -0.000547916     -0.01161 0.998259        0        0 0
             112.901  -0.137854 -0.0257068 -0.0572843   0.00024387 -0.000942098  -0.00127249 -0.00794259  -0.0157344  -0.0138648 -0.00314408 -0.00333762  0.00735669   -0.0051431 -0.000387583   -0.0114606 0.998258        0        0 8098
             112.901  0.0339478 -0.0420362  0.0393458   0.00146896  0.000728423 -0.000145098   0.00555178 -0.000343581  -0.00178835 -0.00319187 -0.00333751  0.00732834  -0.00530555 -0.000589697   -0.0116088 1.00261       0       0 0
             113.001  -0.0529709   -0.114428 -0.00865671   0.00169652 -0.000406958 -0.000181409 0.00297667 -0.0100817 -0.0024114 -0.00316968 -0.00331562  0.00734528  -0.00527873 -0.000480195   -0.0116383 1.00262       0       0 8067
             113.001  0.0342946 -0.0328251  0.0365008  0.00127919 0.000946501 0.000220827 -0.00170217  0.00111062 0.000604202 -0.00319326 -0.00333948  0.00733215  -0.00521416 -0.000623498   -0.0116742 0.998023        0        0 0
             113.102 -0.0749952 -0.0169359 -0.0304713  0.000268744 -3.79319e-05 -3.13329e-05  -0.0104257 -0.00969314 -0.00539024  -0.0031642 -0.00334224  0.00735456   -0.0051049 -0.000482103   -0.0116243 0.998022        0        0 8147
             113.102  0.0333942 -0.0324506  0.0352925  0.00155057 0.000953033 0.000292143   0.00370021 -0.000940779   -0.0019257 -0.00319469 -0.00334166   0.0073351  -0.00527828 -0.000599224   -0.0116666 0.998561        0        0 0
             113.201 -0.0790775 -0.0793114 -0.0369732   0.00143131 -0.000189104  4.28129e-05  -0.0015441  -0.0113964 -0.00374844 -0.00316907 -0.00332678  0.00735906  -0.00523145 -0.000456996    -0.011643 0.998562        0        0 8130
             113.201 0.0330093  -0.03534 0.0334811  0.00145408   0.0011219 0.000131442 -0.00180714  0.00180622 -0.00296116 -0.00319938 -0.00334012  0.00733843 -0.00522455 -0.00062744  -0.0116518 0.998152        0        0 0
             113.301  -0.0970063  -0.0582297 -0.00922916   0.00110559 -0.000437421 -0.000785886 -0.00404568 -0.00988101  -0.0083519 -0.00317042   -0.003333  0.00735153   -0.0052123 -0.000450754   -0.0115627 0.998163        0        0 8217
             113.301   0.029907 -0.0309276    0.04667 0.000951754 0.000400829 0.000395579 -0.00598496 -0.00376316  0.00408414  -0.0032075 -0.00334155   0.0073348  -0.00518507 -0.000537011   -0.0117172 0.997899        0        0 0
             113.402 -0.0908196 -0.0731131 -0.0368709  0.000452785 -0.000897148   0.00041208 -0.0046179 -0.0120698 0.00228316 -0.00317497 -0.00333156  0.00736238  -0.00520421 -0.000423871   -0.0116811 0.997899        0        0 8060
             113.402   0.036882 -0.0391187  0.0369866    0.0014519  0.000884184 -5.82013e-05  0.00609788  0.00571423 -0.00292626 -0.00320881 -0.00334449  0.00734108  -0.00533223 -0.000652987    -0.011614 0.997727        0        0 0
             113.501  -0.0642459  -0.0618761 -9.1729e-05   0.00146923 -2.62154e-05 -0.000917696 0.000363865 -0.00723816 -0.00827438 -0.00318521  -0.0033368  0.00735201  -0.00526307 -0.000504655   -0.0115677 0.997734        0        0 8029
             113.501  0.0322375 -0.0226016  0.0389605  0.00108683 0.000793748 0.000759147 -0.00393962 -0.00064295  0.00941208  -0.0032127 -0.00334868  0.00734053    -0.005206 -0.000593394   -0.0117865 0.998101        0        0 0
             113.601   -0.0902081 -0.000406721    -0.026524  4.91515e-05 -0.000443036   0.00129631 -0.0108312 -0.0116587 0.00278665 -0.00317807 -0.00335461  0.00736374 -0.00512309 -0.00044747  -0.0117422 0.998106        0        0 8085
             113.601  0.0375936 -0.0440124  0.0464523   0.00129143  0.000373476 -0.000511445  0.00292042 -0.00444962  -0.0168648 -0.00321514 -0.00334372  0.00734182  -0.00529575 -0.000547379   -0.0114969 1.00264       0       0 0
             113.702    -0.1008 -0.0178973 -0.0142178 0.000987946 -0.00125158 -0.00284019 -0.00400775   -0.014775  -0.0251074  -0.0031771 -0.00334915   0.0073628  -0.00522556 -0.000396431   -0.0114034 1.00265       0       0 8044
             113.702  0.0369539 -0.0446957  0.0380792   0.00149739  0.000878766 -0.000336258 0.000926953  0.00430828  0.00151171 -0.00321377 -0.00334407  0.00734815  -0.00528574 -0.000641643   -0.0117372 0.998147        0        0 0
             113.801 -0.0696975 -0.0449758 -0.0296687  0.000567183  0.000175533 -0.000298573 -0.00930764 -0.00516153  0.00134395 -0.00318502 -0.00334282  0.00737063 -0.00515738 -0.00051042  -0.0117223 0.998155        0        0 8096
             113.801  0.0313059 -0.0342971  0.0400788   0.0012692 0.000725527 0.000200862 -0.00166675 -0.00105506  0.00584033 -0.00321456  -0.0033485  0.00734963  -0.00524791 -0.000570342    -0.011777 1.00259       0       0 0
             113.901  -0.0650675  -0.0399008 -0.00823675  0.000388311 -0.000135398  0.000124144  -0.0103631 -0.00734128 -0.00102675 -0.00319709 -0.00334552  0.00736562  -0.00516084 -0.000472721    -0.011691 1.00259       0       0 7982
             113.901  0.0307687 -0.0356823  0.0439682  0.00116878 0.000424729  6.0838e-05 -0.00161957 -0.00227279 -0.00174053 -0.00322506 -0.00334908  0.00734992  -0.00526674 -0.000543706   -0.0116811 1.00264       0       0 0
             114.002  -0.108966 -0.0633629 -0.0440877  0.000657075 -0.000773597 -0.000497655 -0.00545453  -0.0108309 -0.00563355 -0.00318311  -0.0033419  0.00738057   -0.0052209 -0.000431124   -0.0116499 1.00265       0       0 8184
             114.002  0.0296178 -0.0323846  0.0349661  0.00127064 0.000945081 0.000327287 0.00108108 0.00480422 0.00270971 -0.00322106 -0.00335373  0.00735743  -0.00529721 -0.000635686   -0.0117533 1.00183       0       0 0
             114.101 -0.0681121 -0.0472851 -0.0135083 0.000433042 9.83139e-05 0.000114278 -0.00891493 -0.00727913 -0.00280262 -0.00320757 -0.00334462  0.00736995  -0.00518184 -0.000490595    -0.011701 1.00183       0       0 7938
             114.101  0.0343564 -0.0345774  0.0463389  0.00107669 0.000408546 0.000172954 -0.00185933 -0.00537793  -0.0020867 -0.00323837 -0.00335059   0.0073517  -0.00526618 -0.000524069   -0.0117089 0.998116        0        0 0
             114.201  -0.110954 -0.0370475 -0.0554124  0.000759762 -0.000949833 -0.000510852 -0.00300959   -0.013758 -0.00758559 -0.00319727 -0.00335052  0.00738681  -0.00525435 -0.000406366   -0.0116507 0.998115        0        0 8044
             114.201  0.0353461 -0.0342834  0.0321197  0.00139218  0.00115227 0.000188317   0.00345157   0.00754284 -0.000272743 -0.00323642 -0.00335372  0.00736126  -0.00533224 -0.000680491   -0.0117417 0.99796       0       0 0
             114.302 -0.0681767 -0.0676901 -0.0113957  0.000962804  0.000499888 -0.000509813  -0.0041567 -0.00386215 -0.00761765 -0.00321579 -0.00334224  0.00737543  -0.00524388 -0.000523029   -0.0116536 0.997956        0        0 7887
             114.302 0.0314807 -0.027638 0.0399907  0.00120118 0.000664957 0.000515828 -0.00119844 -0.00322294  0.00311368 -0.00324598 -0.00335588  0.00735975  -0.00527537 -0.000540692   -0.0117876 1.00329       0       0 0
             114.401  -0.119799  -0.056304 -0.0523975  0.000868897 -0.000539402  0.000352185 -0.0037301 -0.0106386 -0.0023755 -0.00320799 -0.00334816  0.00738926  -0.00525585 -0.000423015   -0.0117258 1.00329       0       0 8003
             114.401  0.0359087 -0.0393372  0.0302097  0.00162055  0.00123751 -8.2683e-05  0.00428048  0.00740758 -0.00736705 -0.00325036 -0.00335524  0.00736519   -0.0053521 -0.000657211   -0.0116623 0.999008        0        0 0
             114.501 -0.0740247 -0.0984537 -0.0347792  0.00135533 0.000249786  -0.0013742 -0.00316945 -0.00684883  -0.0136525 -0.00321833 -0.00333703  0.00738854  -0.00527196 -0.000468644   -0.0115918 0.999013        0        0 7907
             114.501  0.0314545 -0.0258483  0.0426801  0.00106984 0.000625843 0.000741539 -0.00590455 -0.00398103  0.00890598  -0.0032499 -0.00335996  0.00736487   -0.0052298 -0.000514441   -0.0118727 0.999433        0        0 0
             114.602   -0.053743 -0.00328308   0.0346705 -0.000126106 -0.000802491   0.00140552 -0.0118542 -0.0143537 0.00649456 -0.00322975 -0.00336682  0.00736821  -0.00514756 -0.000396927   -0.0118442 0.999433        0        0 7913
             114.602  0.0339525 -0.0388089  0.0459114  0.000879639  0.000391839 -9.70721e-05 -0.00114077  -0.0029649 -0.00934114 -0.00325339 -0.00335789  0.00736556  -0.00528355 -0.000543832   -0.0116448 0.999643        0        0 0
             114.701  -0.128161 -0.0169593 -0.0727627  5.39459e-05 -0.000925107  -0.00183458 -0.00887381  -0.0127572  -0.0181467 -0.00320859 -0.00336243  0.00740497  -0.00518918 -0.000417281   -0.0115432 0.999641        0        0 7931
             114.701  0.0310119 -0.0377804  0.0429532  0.00127116 0.000464455 7.35793e-05   0.00464324 -0.000376257   0.00236537 -0.00325382 -0.00336121  0.00737028  -0.00535327 -0.000584003   -0.0117983 1.00025       0       0 0
             114.801 -0.0597682 -0.0703563 0.00137845   0.00087352 -0.000605714 -0.000213118 -0.00452023  -0.0079644  -0.0022456 -0.00322549 -0.00335019  0.00738711   -0.0052555 -0.000478108   -0.0117493 1.00026       0       0 7994
             114.801  0.0329158 -0.0264952  0.0399276  0.00102716 0.000715772 0.000531952 -0.00318563  0.00237222  0.00387002 -0.00325114 -0.00336437   0.0073759 -0.00526671 -0.00061243  -0.0118245 0.999367        0        0 0
             114.902 -0.0804806  0.0500678 -0.0104742 -0.000786164 -0.000279667 -0.000298625  -0.0200619 -0.00823048  -0.0088675 -0.00321888 -0.00338387  0.00739472  -0.00505829 -0.000459476   -0.0116648 0.999363        0        0 8104
             114.902  0.0341366 -0.0272698   0.031376  0.00149019  0.00122304 0.000660656 0.00530867 0.00550667 0.00135358 -0.00325034 -0.00336757  0.00738277  -0.00537614 -0.000638522   -0.0117929 1.00015       0       0 0
             115.001  -0.100286 -0.0682895 -0.0601331   0.00106708  0.000237279 -0.000230828 -0.00481056 -0.00719945 -0.00796676 -0.00321421 -0.00335308   0.0074122   -0.0052612 -0.000463473   -0.0116827 1.00016       0       0 8056
             115.001   0.034436 -0.0367709  0.0351239 0.00125344 0.00102122 7.9014e-05  -0.00306668 -0.000422903  -0.00525812 -0.00325346 -0.00336329  0.00738345   -0.0052793 -0.000559932   -0.0117157 1.00407       0       0 0
             115.101 -0.0638262 -0.0482215 0.00220417  0.000186437 -0.000343823 -0.000844881 -0.0104796 -0.0127027  -0.010582 -0.00322515 -0.00335886  0.00739705  -0.00518399 -0.000417967   -0.0116646 1.00407       0       0 8081
             115.101  0.0330649 -0.0272035  0.0383903  0.00115279 0.000840629 0.000547582 -3.03101e-05  -0.00272431    0.0043278 -0.00325231 -0.00336898  0.00738653 -0.00530856 -0.00054865  -0.0118501 1.00332       0       0 0
             115.202  -0.0866759  -0.0530929 -0.00419945  0.000750904 -0.000359736  0.000939179 -0.00421231  -0.0125981   0.0027538 -0.00322371  -0.0033617  0.00740251  -0.00525857 -0.000437083   -0.0118512 1.00333       0       0 8031
             115.202  0.0314245 -0.0333306  0.0459649  0.00110233 0.000368091 0.000137959 -0.000396684  -0.00589338  -0.00597644 -0.00325803 -0.00336819  0.00738756  -0.00530446 -0.000530934   -0.0117401 1.0033      0      0 0
             115.301  -0.136644  0.0172514 -0.0162741 -0.00046502 -0.00140674 -0.00128645 -0.0182062 -0.0153617 -0.0157259 -0.00320723 -0.00337886  0.00740944  -0.00509475 -0.000380045   -0.0116322 1.0033      0      0 7979
             115.301 0.0366695 -0.038586 0.0391173   0.00142038  0.000771487 -7.72671e-06  0.00266482  0.00434159 -0.00216984 -0.00325496 -0.00336838  0.00739373  -0.00535305 -0.000636605   -0.0118012 0.998407        0        0 0
             115.401 -0.0746602  -0.101215 -0.0345493  0.00135947 0.000251002 -0.00078087 -0.000902575  -0.00322307  -0.00500416 -0.00321798 -0.00334996  0.00742096  -0.00531632 -0.000528245   -0.0117469 0.998413        0        0 7911
             115.401   0.033988 -0.0396958  0.0220569   0.00132356   0.00178289 -7.77335e-05 -0.00183801   0.0107357  0.00088576  -0.0032478 -0.00336901  0.00740434  -0.00529826 -0.000709465   -0.0118194 0.997112        0        0 0
             115.502   -0.093086 -0.00995809  -0.0569125  0.000677254    0.0011311 -0.000582691 -0.00672653  -0.0058029 -0.00528045 -0.00322245 -0.00337803  0.00742758  -0.00523946 -0.000501238   -0.0117621 0.997114        0        0 8087
             115.502   0.030054 -0.0587567  0.0528008    0.0014855 -5.33637e-05  -0.00118003 0.00271058 -0.0187789 -0.0116141 -0.00326345 -0.00336516  0.00739308  -0.00536052 -0.000355506   -0.0116822 0.995553        0        0 0
             115.601 -0.0752789 -0.0801272 0.00967977  0.00118949 -0.00223769 -0.00247765 -0.00390105  -0.0210509  -0.0152718 -0.00323607 -0.00335823  0.00740894 -0.00528679 -0.00032099  -0.0116759 0.995551        0        0 7928
             115.601  0.0351358 -0.0284037  0.0402521  0.00141226 0.000723337 0.000446832 -0.00196383  0.00514604  0.00934634 -0.00326285 -0.00337605  0.00740124  -0.00530194 -0.000650206   -0.0119831 0.993898        0        0 0
             115.701  -0.0409155  -0.0627272 -0.00145372   0.00099424 -0.000177184  0.000896729  -0.0038492 -0.00878429  0.00169298  -0.0032393 -0.00336607  0.00741854  -0.00528427 -0.000482772   -0.0119131 0.993908        0        0 8176
             115.701  0.0394908 -0.0451169  0.0293623  0.00122717   0.0013715 -0.00042824 -0.00188539  0.00584557  -0.0129384  -0.0032602 -0.00337109  0.00740996  -0.00530775 -0.000669175   -0.0117285 0.993593        0        0 0
             115.802  -0.099403 -0.0478308 -0.0836941 0.000627225 0.000544526 -0.00206745 -0.00618363  -0.0075484  -0.0169572 -0.00321353 -0.00336984  0.00745016  -0.00525807 -0.000487689   -0.0116714 0.993591        0        0 7936
             115.802  0.0374615 -0.0895646  0.0536032   0.00158771 -0.000151252  -0.00291514 0.00493302 -0.0157256 -0.0257609 -0.00325755 -0.00335942  0.00740745  -0.00539945 -0.000402759   -0.0115602 0.998214        0        0 0
             115.901 -0.0568262  -0.128322  0.0209469 0.00192758 -0.0022417 -0.0047518 0.00319195 -0.0192142 -0.0176612 -0.00322779 -0.00335048  0.00742195  -0.00539656 -0.000342634   -0.0116443 0.998214        0        0 8107
             115.901  0.0396766 -0.0827739  0.0329677 0.00155441 0.00115073 -0.0025687  -0.0015919   0.0092699 0.000473706 -0.00324986 -0.00336429  0.00742018 -0.00533123 -0.00069805   -0.011871 0.993089        0        0 0
             116.001  -0.092876 -0.0468774 -0.0571465 0.000637564 0.000567771 -0.00332461  -0.0101152 -0.00453771 -0.00535893  -0.0032219 -0.00337318  0.00744566  -0.00523247 -0.000517346   -0.0117984 0.993086        0        0 7913
             116.001 0.0334624 -0.056822 0.0250493  0.00167286  0.00158233 -0.00103868 0.00175458 0.00416541  0.0159325 -0.00325853 -0.00337441  0.00742082  -0.00537677 -0.000636886   -0.0120653 0.998706        0        0 0
             116.102 -0.0339843 -0.0749077 0.00882846 0.000854745 0.000279282 4.83987e-05 -0.00913335  -0.0111228   0.0108861 -0.00324307 -0.00336832   0.0074281 -0.00525966 -0.00044449  -0.0120356 0.99871       0       0 8041
             116.102  0.0391561 -0.0438343   0.024393   0.00127542   0.00167341 -0.000285138 -0.00526404  0.00193693  0.00746535 -0.00326213 -0.00337866  0.00742414  -0.00530482 -0.000611895   -0.0119911 0.996744        0        0 0
             116.201  -0.144032 0.00364976 -0.0748058 -8.80356e-05 -2.39426e-05 -0.000696718 -0.0136449 -0.0164982  -0.007096 -0.00321315 -0.00339075   0.0074561   -0.0051915 -0.000373587   -0.0118472 0.996739        0        0 7848
             116.201  0.0317582 -0.0847098  0.0491627  0.00159402 0.000123809 -0.00258672 0.00523802  -0.016469   -0.02759 -0.00326737 -0.00336731  0.00741785  -0.00543217 -0.000392432   -0.0115887 0.998677        0        0 0
             116.301 -0.0623161  -0.121942 0.00596348  0.00162943 -0.00227453 -0.00476264 0.000557822  -0.0245905  -0.0245472 -0.00323671 -0.00335564  0.00743529  -0.00538681 -0.000301807   -0.0116486 0.998686        0        0 7916
             116.301  0.0363444 -0.0523186  0.0448735   0.00145806  0.000415136 -0.000792558 -0.000930954  -0.00228931   0.00930435 -0.00326154 -0.00337877  0.00742457  -0.00535689 -0.000583976   -0.0120741 0.99485       0       0 0
             116.402   -0.15093  0.0117178 -0.0473372 0.000403716 -0.00103229 -0.00105263  -0.0113337  -0.0122136 -0.00302338 -0.00321427 -0.00339496  0.00745254  -0.00523196 -0.000437315   -0.0119065 0.994858        0        0 7924
             116.402  0.0277397 -0.0500841  0.0432883   0.00104229  0.000404986 -0.000709783 -0.00500067 0.000272884 0.000126301  -0.0032658 -0.00337782  0.00742548  -0.00531572 -0.000609294    -0.011947 0.99981       0       0 0
             116.501  -0.151427 -0.0621736 -0.0503296 0.000372441 -0.00127601 -0.00176511 -0.00742521  -0.0128594 -0.00669637 -0.00321503 -0.00337506  0.00745643  -0.00530694 -0.000415034   -0.0118414 0.999818        0        0 7920
             116.501  0.0296783 -0.0624124   0.058582   0.00115168 -0.000551255  -0.00137704 0.000639154 -0.00781303 -0.00341868 -0.00326941 -0.00337732  0.00742312 -0.00540521 -0.00049557  -0.0118818 0.995068        0        0 0
             116.601  -0.131787  -0.041216 -0.0269759 0.000971856 -0.00183846 -0.00289936 -0.00219568  -0.0103683  -0.0122598 -0.00322315  -0.0033859   0.0074514  -0.00537017 -0.000450962   -0.0117732 0.995066        0        0 8032
             116.601  0.0302076 -0.0921583  0.0543319   0.00179212 -0.000230005  -0.00295245 0.00521817 0.00204229  -0.012817 -0.00327006 -0.00337205  0.00742697  -0.00546629 -0.000619471   -0.0117664 0.994521        0        0 0
             116.702  -0.0778006  -0.0749462 -0.00433458  0.00170881  -0.0013806 -0.00468163 -0.00120462  -0.0104277  -0.0170759 -0.00323577 -0.00337675   0.0074476  -0.00539823 -0.000471693   -0.0117406 0.99453       0       0 8068
             116.702  0.0356685 -0.0985742  0.0601855   0.00167608 -0.000500323  -0.00334504 -0.00195778 -0.00349004 -0.00557155 -0.00326884    -0.00337  0.00742817  -0.00538967 -0.000568697   -0.0118868 0.999323        0        0 0
             116.801  -0.159613 -0.0635785 -0.0482786 0.000970137 -0.00156066 -0.00375223 -0.00692254  -0.0101579 -0.00729797 -0.00320601 -0.00338088   0.0074661  -0.00533521 -0.000475203   -0.0119099 0.99933       0       0 8130
             116.801  0.0366691 -0.0957125   0.052542   0.00143771 -1.09398e-05   -0.0033521 -0.00254092  0.00306943 -0.00434247 -0.00326295 -0.00337229  0.00743581   -0.0053916 -0.000657034   -0.0119473 0.994896        0        0 0
             116.901  -0.111715 -0.0645486 -0.0187293  0.000681245 -0.000684494  -0.00417821 -0.00831411 -0.00351695 -0.00796458 -0.00322641 -0.00338045   0.0074584  -0.00534327 -0.000546373   -0.0118919 0.994902        0        0 7937
             116.901  0.0379181 -0.0789398  0.0280351  0.00161116  0.00148157 -0.00231888 0.000966269   0.0130942  0.00788138 -0.00326857 -0.00337921  0.00744486  -0.00545718 -0.000764295   -0.0120911 0.998538        0        0 0
             117.002   -0.0462212    -0.059565 -0.000390358  0.00125448  0.00109329 -0.00221003  -0.0038714 -0.00196756  0.00429787 -0.00324245 -0.00338598  0.00745766  -0.00541283 -0.000557798   -0.0120138 0.998536        0        0 8286
             117.002  0.0289158 -0.0243539  0.0191183  0.00132727   0.0019327 0.000687918 -0.00305503  0.00503737   0.0310344 -0.00326375 -0.00339859  0.00745211  -0.00541702 -0.000651605   -0.0123528 0.999291        0        0 0
             117.101  -0.0734163 -0.00697205  -0.0488131 9.24907e-05 0.000670556  0.00294799 -0.0131663 -0.0113286  0.0248638 -0.00323807 -0.00340184   0.0074741   -0.0052878 -0.000438763     -0.01226 0.999289        0        0 7858
             117.101  0.0388531 -0.0591298  0.0467169   0.0013889 0.000355721 -0.00123006 0.00122624 -0.0154286 -0.0205727 -0.00327371 -0.00338678  0.00744427  -0.00547129 -0.000400189   -0.0116859 0.997245        0        0 0
             117.201 -0.0654768  -0.117901 -0.0235219  0.00148077  -0.0017223 -0.00318112 0.000499483   -0.020478  -0.0195127 -0.00323898 -0.00337043  0.00746982  -0.00547177 -0.000343994   -0.0117339 0.99725       0       0 8092
             117.201 0.0439079 -0.031557 0.0437422  0.00124188 0.000545146 0.000283967 -0.0024726 0.00031067   0.017855 -0.00326775  -0.0033987  0.00745007 -0.00542362 -0.00061142  -0.0122066 0.996658        0        0 0
             117.302 -0.0856709 -0.0243732 -0.0262783  0.000377526 -0.000398174  0.000986373 -0.00858072 -0.00763338  0.00347441 -0.00322948 -0.00340005  0.00747506   -0.0053438 -0.000504006   -0.0120713 0.996659        0        0 7836
             117.302  0.0355996 -0.0458632  0.0420569   0.00123371  0.000587624 -0.000477828  0.000202738 -9.59571e-06   -0.0121192 -0.00326497 -0.00339468  0.00745438  -0.00545669 -0.000610981   -0.0118717 0.993184        0        0 0
             117.401 -0.0722719 -0.0708131 -0.0388612  0.000464777 -0.000379292  -0.00177325 -0.00868058 -0.00986907  -0.0158702 -0.00323178 -0.00338485  0.00748424   -0.0053619 -0.000488266   -0.0118467 0.993188        0        0 8100
             117.401  0.0329404 -0.0242056  0.0166083  0.00145234  0.00203427 0.000681995 0.00227756  0.0124333  0.0105151 -0.00325848 -0.00340367  0.00746844 -0.00549043  -0.0007737  -0.0121783 0.998116        0        0 0
             117.501  -0.107045 -0.0658053 -0.0583459 0.00129489 0.00129145 0.00127597 -0.000614581  -0.00532784   0.00594617 -0.00322713 -0.00338987  0.00749193  -0.00544637 -0.000516129   -0.0120951 0.998122        0        0 7855
             117.501  0.0387148 -0.0576731  0.0259852   0.00113502   0.00152113 -0.000935951 -0.00271944 -0.00344018  -0.0176738 -0.00327185 -0.00339052  0.00746581  -0.00542195 -0.000554969   -0.0117954 0.995779        0        0 0
             117.602 -0.0935417 -0.0602754 -0.0563693  0.000375231 -0.000204998  -0.00255075 -0.00833226  -0.0155641  -0.0139061 -0.00323526 -0.00339186  0.00749455  -0.00537797 -0.000388644   -0.0118199 0.99578       0       0 8166
             117.602  0.0424558 -0.0923907  0.0524708   0.00158946 -3.57957e-05  -0.00302393 0.00527446 -0.0151537 -0.0189773 -0.00327731 -0.00338505  0.00746091  -0.00555078 -0.000408706   -0.0117544 0.993523        0        0 0
             117.701  -0.102101  -0.115937 -0.0182758  0.00201405 -0.00239667 -0.00557991 0.00377684 -0.0213672 -0.0230918  -0.0032281 -0.00338077  0.00748869  -0.00554088 -0.000315196   -0.0117046 0.993527        0        0 7969
             117.701  0.044227 -0.097211 0.0634737    0.0015874 -0.000710393  -0.00332119 -0.00132274 -0.00722261 -0.00354209 -0.00326965  -0.0033864  0.00746437  -0.00547343 -0.000504251   -0.0119521 0.998413        0        0 0
             117.801 -0.0692121    -0.1178  0.0253432  0.00111092 -0.00200808 -0.00342691 -0.00593537  -0.0119858 -0.00215491 -0.00323954 -0.00338078  0.00747658  -0.00544022 -0.000448381   -0.0120072 0.998412        0        0 8098
             117.801  0.0368334 -0.0188109  0.0435496 0.00110173 0.00061363  0.0010009 -0.00598135  0.00911107   0.0368427 -0.00326733 -0.00341368  0.00747215  -0.00542524 -0.000717501   -0.0124987 0.993435        0        0 0
             117.902   -0.08978  0.0598499 -0.0191781 -0.00017868 0.000135575   0.0030787  -0.0123816 -0.00405214   0.0178332 -0.00322596 -0.00343605  0.00749515 -0.00532121 -0.00054568    -0.01229 0.993435        0        0 8175
             117.902  0.0355286 -0.0568656  0.0332578   0.00129726    0.0010293 -0.000924632 0.00354531 0.00439071 -0.0247449 -0.00326258 -0.00340138  0.00747945  -0.00553259 -0.000662606   -0.0117467 0.998229        0        0 0
             118.002 -0.0988451 -0.0786693 -0.0284034  0.00119396 0.000502768 -0.00331889  -0.0010263 -0.00610406  -0.0260954 -0.00323505 -0.00339349  0.00749818  -0.00549045 -0.000536205   -0.0117414 0.998231        0        0 8125
             118.002  0.0405035 -0.0935446  0.0551313   0.00161582 -0.000204695  -0.00306675 0.00414387 -0.0147013 -0.0232153 -0.00328034 -0.00339039  0.00747174  -0.00555521 -0.000444831   -0.0117778 0.994375        0        0 0
             118.101   -0.120286  -0.0702445 -0.00946334  0.00149418 -0.00195218 -0.00559644 -0.00223943  -0.0153467  -0.0252364 -0.00323655 -0.00339745  0.00749241  -0.00549068 -0.000399225   -0.0117396 0.994376        0        0 8182
             118.101  0.0378836 -0.0584829  0.0482688  0.00117734 0.000202897 -0.00118901 -0.00555567   0.0027278   0.0139383 -0.00328133 -0.00340247  0.00747547  -0.00544275 -0.000637889    -0.012237 0.995772        0        0 0
             118.202  -0.112367 -0.0488879 -0.0440544  0.000178402 -0.000660451 -0.000189013  -0.0114767 -0.00535669   0.0113887 -0.00324199 -0.00340528  0.00750464  -0.00539384 -0.000503742   -0.0122015 0.995782        0        0 8133
             118.202  0.0405358 -0.0484026  0.0391434   0.00136948  0.000744878 -0.000460109 0.000926473  0.00671806  0.00833809 -0.00328638 -0.00340824  0.00747953  -0.00554875 -0.000669541   -0.0121609 0.993962        0        0 0
             118.302 -0.0279814 -0.0613728  0.0128565 0.000999867 3.38899e-05 0.000235333 -0.00302653 -0.00487671  0.00914056  -0.0032654 -0.00340629  0.00749038  -0.00549342 -0.000531575   -0.0121595 0.993967        0        0 8214
             118.302  0.0402901 -0.0395261  0.0271004   0.00110953   0.00146847 -9.15097e-05 -0.00254572  0.00728146  0.00545754 -0.00328343 -0.00341287  0.00748673  -0.00549783 -0.000688234   -0.0121121 0.997732        0        0 0
             118.401 -0.0641111 -0.0397891  -0.038849  0.000373259  0.000697286 -2.47721e-05  -0.00798736  -0.00856698 -4.77462e-05 -0.00326147 -0.00341193  0.00750658  -0.00544028 -0.000497745   -0.0120733 0.99773       0       0 8108
             118.401  0.0348067 -0.0435593  0.0353796   0.00111001  0.000985958 -0.000325413 0.000413722 -0.00644564 -0.00333477  -0.0032916 -0.00341256  0.00748361  -0.00554495 -0.000534652   -0.0120308 0.998645        0        0 0
             118.502 -0.0716587 -0.0133663 -0.0226319  0.000675995 -0.000525319  -0.00113238 -0.00416863  -0.0152637  -0.0103013 -0.00325805 -0.00342198  0.00750614 -0.00548365 -0.00041015  -0.0119615 0.998642        0        0 8079
             118.502 0.0369965 -0.059596 0.0380197  0.00173359 0.000780059 -0.00129567  0.00704901 -0.00249838  -0.0122411 -0.00328855 -0.00341028  0.00748809  -0.00562798 -0.000580002   -0.0119365 0.995776        0        0 0
             118.602  -0.0417061     -0.0932 -0.00427773    0.0019538 -0.000373524  -0.00262872  0.0014481  -0.011203 -0.0133545 -0.00327167 -0.00339924  0.00750183 -0.00557516 -0.00045948  -0.0119109 0.995779        0        0 8100
             118.602  0.035823 -0.026748 0.0240061  0.00118647  0.00161186 0.000673399 -0.00758372  0.00851328   0.0174754 -0.00329068 -0.00341927  0.00749424  -0.00545344 -0.000710321   -0.0123017 0.993484        0        0 0
             118.701  -0.0391389 -0.00592149  -0.0196679 -0.000460909  0.000917496   0.00161134  -0.0171751 -0.00531006  0.00974062 -0.00326908 -0.00342546  0.00751026  -0.00533421 -0.000521044   -0.0121886 0.993481        0        0 7977
             118.701  0.0365948 -0.0471772  0.0425468  0.000767993  0.000566136 -0.000388907 -0.00327258 -0.00961898   -0.011879 -0.00329367 -0.00341472  0.00749057 -0.00551246 -0.00047589  -0.0119125 0.994165        0        0 0
             118.802 -0.0839705 -0.0620209 -0.0458529 0.000413771 -0.00124254 -0.00196505 -0.00407949   -0.017425  -0.0153548 -0.00325798 -0.00341317   0.0075213   -0.0055153 -0.000371433   -0.0118734 0.994164        0        0 8185
             118.802  0.0390409 -0.0306112   0.042835 0.000878439 0.000407064 0.000314638 0.000782668 -0.00113414  0.00924658  -0.0032921 -0.00342545  0.00749473  -0.00557095 -0.000587773   -0.0121875 0.998244        0        0 0
             118.902 -0.0306665  -0.074401  0.0150364  0.000544765 -0.000816893    0.0005225 -0.00274612  -0.0106005   0.0016077 -0.00327078 -0.00341189  0.00750706  -0.00551995 -0.000475434   -0.0121122 0.998241        0        0 7983
             118.902  0.0423512 -0.0412081  0.0253736     0.001317   0.00152814 -0.000153681  0.00395692  0.00876294 -0.00577302 -0.00328862 -0.00342338  0.00750503  -0.00560098 -0.000721686   -0.0120168 0.993576        0        0 0
             119.001  -0.042063  -0.010791 -0.0327556 0.000817239 0.000763102 -0.00149282 -0.00559281 -0.00779485  -0.0148809 -0.00326674 -0.00343039  0.00752599  -0.00548954 -0.000509151   -0.0119264 0.993572        0        0 8109
             119.001   0.040905 -0.0846796  0.0464914  0.00193463 0.000288731 -0.00263384 0.00710665  -0.013472 -0.0272355 -0.00329397 -0.00340954  0.00750082  -0.00565591 -0.000447821   -0.0117688 0.993825        0        0 0
             119.102 -0.0753878  -0.109397  0.0081658  0.00178541  -0.0019485 -0.00582229 -0.00313406  -0.0209884  -0.0317697 -0.00326343 -0.00339933  0.00751523  -0.00553632 -0.000343764   -0.0117167 0.993833        0        0 8042
             119.102 0.0428672 -0.105736 0.0665923   0.00153206 -0.000870731  -0.00364061 -0.00600063  -0.0123489  -0.0124817 -0.00329807 -0.00340095  0.00749759 -0.00549705 -0.00046377  -0.0119645 0.993284        0        0 0
             119.202 -0.0812979  -0.131937 0.00318697 0.000535867 -0.00279559 -0.00410434  -0.0100877  -0.0183387 -0.00538914 -0.00325986 -0.00339582  0.00752112  -0.00546169 -0.000375165   -0.0120575 0.99329       0       0 8108
             119.202  0.0417261 -0.0234993  0.0418777  0.00114245 0.000644997 0.000856877 -0.00335884   0.0114144   0.0386705  -0.0032909 -0.00343364  0.00751077  -0.00552938 -0.000755826   -0.0126161 0.992751        0        0 0
             119.301 -0.0599397 -0.0387793 -0.0203206 -0.000279665  0.000252933   0.00359576 -0.0157199 2.3969e-05  0.0264432 -0.00326716 -0.00342701  0.00753139  -0.00538676 -0.000592042   -0.0124627 0.992754        0        0 7936
             119.301  0.0338924 -0.0276046  0.0234421  0.00112159  0.00168673 0.000594292 -0.000836738    0.0115066  -0.00585257 -0.00329373 -0.00343211  0.00751834   -0.0055732 -0.000743883   -0.0120472 0.992317        0        0 0
             119.402  -0.063353 -0.0578922 -0.0483083  0.000701152   0.00117592 -0.000308915 -0.00457023  -0.0040673 -0.00883428 -0.00326712 -0.00342282  0.00754288 -0.00553002 -0.00054136   -0.012019 0.992313        0        0 8027
             119.402  0.0386865 -0.0461152  0.0408968   0.00138612  0.000646793 -0.000290381  0.00360222  -0.0103614 -0.00846259 -0.00330028 -0.00342842  0.00751472  -0.00563153 -0.000474024   -0.0120228 0.992836        0        0 0
             119.502  -0.109464 -0.0347274 -0.0196483 0.000681695 -0.00189039 -0.00230508 -0.00773242  -0.0239193  -0.0210536 -0.00325477 -0.00343019  0.00753623 -0.00548928 -0.00029968   -0.011874 0.992838        0        0 7908
             119.502  0.0419598 -0.0968425   0.063218    0.0014964 -0.000623526  -0.00330198 0.000697555  -0.0127427  -0.0320691 -0.00329896 -0.00341236  0.00751112 -0.00560072 -0.00045402  -0.0117339 0.993882        0        0 0
             119.601   -0.143775  -0.0358245 -0.00206701 0.000976172 -0.00286716 -0.00672233 -0.00605497  -0.0213023  -0.0336561 -0.00324533 -0.00342985   0.0075333  -0.00553639 -0.000338063    -0.011721 0.993889        0        0 7927
             119.601  0.0435678 -0.0740377  0.0591322   0.00123103 -0.000491677  -0.00201367 -0.00414064 -0.00280597    0.007466 -0.00329946 -0.00342055  0.00751518   -0.0055576 -0.000585726   -0.0122467 0.994779        0        0 0
             119.702  -0.130679 -0.0189263 -0.0317421 3.61642e-05 -0.00173255  -0.0021185  -0.0118043 -0.00875932 0.000686303 -0.00325109 -0.00343688  0.00754511 -0.00545494 -0.00047426  -0.0121532 0.994783        0        0 7914
             119.702 0.0349093  -0.05529 0.0420277  0.000938459  0.000389876 -0.000996237 -0.00342441  0.00879958  0.00962636 -0.00329828 -0.00342806   0.0075232  -0.00556198 -0.000710132   -0.0122676 0.999325        0        0 0
             119.802 -0.0626493 -0.0656718  -0.028722  3.41908e-05  9.26976e-05 -0.000126628  -0.00998864 -0.000946831   0.00896421 -0.00327419 -0.00342502  0.00754777  -0.00550835 -0.000570235    -0.012271 0.999337        0        0 7997
             119.802   0.036314 -0.0367996  0.0266238  0.00119741  0.00152109 5.95939e-05 0.00193342  0.0111537  0.0103265 -0.00330188 -0.00343695   0.0075313  -0.00565349 -0.000730439   -0.0122865 0.993048        0        0 0
             119.901 -0.0535221 -0.0044141  -0.047232 0.000346543 0.000997671 8.37657e-05  -0.0099676 -0.00264933  -0.0011707 -0.00327799 -0.00344489  0.00755524  -0.00549747 -0.000529466   -0.0121418 0.993046        0        0 8035
             119.901  0.0370855 -0.0439141  0.0436917     0.001166  0.000472769 -0.000161831 -0.000499078  -0.00888895  -0.00377526 -0.00330776 -0.00343454  0.00752633  -0.00561919 -0.000462166   -0.0121085 0.994328        0        0 0
             120.002  -0.101092 -0.0575119 -0.0334687  0.000712335  -0.00132673 -0.000684856 -0.00397108  -0.0177969 -0.00594259 -0.00326462 -0.00343115  0.00755476  -0.00557712 -0.000368219   -0.0120747 0.994331        0        0 8129
             120.002  0.0396415 -0.0413284  0.0292954   0.00159362   0.00117122 -5.51827e-05  0.00484429  0.00461694 0.000317585 -0.00330319 -0.00343852  0.00753648  -0.00568589 -0.000663143   -0.0121541 0.993474        0        0 0
             120.102 -0.0731404 -0.0512292 -0.0237112   0.00103738  0.000234884 -0.000658694 -0.00578534 -0.00676488 -0.00637902  -0.0032779 -0.00343269  0.00755404  -0.00556054 -0.000507673   -0.0120668 0.993478        0        0 8047
             120.102  0.0351732 -0.0343528   0.035167  0.00137067 0.000939154 0.000129531 -0.00227247 -0.00156449  0.00196558  -0.0033104 -0.00343927  0.00753592  -0.00560193 -0.000583685   -0.0121728 0.994272        0        0 0
             120.201 -0.0900992 0.00694968  -0.018436  7.45004e-05 -0.000709002 -0.000646993  -0.0156147  -0.0144053 -0.00745314 -0.00327768 -0.00344822  0.00755289   -0.0054551 -0.000400268   -0.0120496 0.994278        0        0 8077
             120.201  0.0371491 -0.0880281  0.0626224   0.00144994 -0.000616967  -0.00293623 -0.000581504   -0.0143703   -0.0322319 -0.00331749 -0.00342055  0.00752744  -0.00565462 -0.000414295   -0.0117319 0.993782        0        0 0
             120.302 -0.0976265 -0.0637562  0.0174373 0.000912914 -0.00278345 -0.00656011 -0.00548559  -0.0191571  -0.0346528 -0.00326892 -0.00343022  0.00754765  -0.00558228 -0.000331429   -0.0117052 0.993784        0        0 8030
             120.302  0.0438116 -0.0734922  0.0565099   0.00115129 -0.000257104    -0.001884 -0.00355876  0.00135043  0.00609514  -0.0033082 -0.00342985  0.00753665  -0.00560094 -0.000601891   -0.0122303 0.999381        0        0 0
             120.402 -0.0867593 -0.0440206 -0.0134363  0.000183175 -0.000771987  -0.00140169 -0.00977824 -0.00373881  0.00455669 -0.00327615  -0.0034398   0.0075588 -0.00553461 -0.00053075  -0.0122298 0.999386        0        0 7918
             120.402  0.0340221 -0.0457981  0.0469895   0.00125727  0.000274341 -0.000312774 0.00177719 0.00425251  0.0140969 -0.00331179 -0.00344254  0.00754043  -0.00567706 -0.000642462   -0.0123505 0.994557        0        0 0
             120.501    -0.11165 -0.00862097 -0.00611914  0.000481242 -0.000925778 -0.000161987  -0.00812123   -0.0107183 -0.000824935 -0.00327228 -0.00345263  0.00755857   -0.0055482 -0.000454125    -0.012183 0.99456       0       0 8121
             120.501  0.0353163 -0.0494679  0.0231946    0.0015975   0.00162605 -0.000647634  0.00342799   0.0129833 -0.00642905 -0.00331294 -0.00344214  0.00755065  -0.00569723 -0.000763818   -0.0121106 0.993913        0        0 0
             120.602 -0.0413093 -0.0558603 -0.0568134 0.000901906  0.00151014 -0.00150159 -0.00828049 -0.00119086  -0.0105034 -0.0032912 -0.0034381 0.00757753  -0.00556268 -0.000588644   -0.0120748 0.993916        0        0 7927
             120.602 0.0360581 -0.028521 0.0183518   0.0013067  0.00190253 0.000644957 -0.00353092  0.00177968   0.0120769 -0.00331461 -0.00344892  0.00755421   -0.0056179 -0.000634784   -0.0123653 0.999913        0        0 0
             120.702 -0.0166223 -0.0715316  0.0108235 0.000687885 0.000536425  0.00165343 -0.00588841  -0.0128955   0.0101998 -0.00330123 -0.00343569  0.00755916   -0.0055946 -0.000430452    -0.012333 0.99992       0       0 8139
             120.702  0.035543 -0.034484 0.0244887   0.0010819  0.00167449 0.000358459 -0.00180833 -0.00175944 -0.00387716 -0.00331483 -0.00344737  0.00755555  -0.00564343 -0.000574301   -0.0121513 0.997447        0        0 0
             120.801 -0.0932154 -0.0296333  -0.046816   0.00011891 -0.000101244 -0.000923622 -0.0114637  -0.016043 -0.0108051 -0.00327615 -0.00344792   0.0075807   -0.0055364 -0.000373012   -0.0120431 0.997443        0        0 7935
             120.801 0.0307236 -0.037218 0.0435818  0.00121813 0.000432363  0.00022014  0.00108552  -0.0120712 0.000982413 -0.00331406 -0.00344893  0.00755252  -0.00569322 -0.000436188   -0.0121936 0.998754        0        0 0
             120.902 -0.0572788   -0.07135  0.0189961 0.000759953 -0.00176059 4.89284e-05 -0.00427288  -0.0203127 0.000156648 -0.00328876 -0.00344056  0.00756306  -0.00562012 -0.000327943   -0.0121808 0.998757        0        0 8183
             120.902   0.037214 -0.0363811  0.0251927   0.00141483   0.00154593 -6.83915e-05 0.00124978  0.0102205 -0.0018658 -0.00331144  -0.0034527  0.00756273  -0.00568647 -0.000720167    -0.012153 0.997873        0        0 0
             121.002 -0.0969241 -0.0373979  -0.055264 0.000161749 0.000526258 -0.00152887  -0.0149239 -0.00949668  -0.0169548 -0.00328291 -0.00344743  0.00758734  -0.00549282 -0.000455774   -0.0120025 0.99787       0       0 7941
             121.002  0.0322603 -0.0507997   0.042137  0.00139165 0.000530229 -0.00064344 -0.000652943   -0.0108071   -0.0072716 -0.00332352 -0.00344712  0.00755681  -0.00567151 -0.000453744   -0.0121258 0.994309        0        0 0
             121.101 -0.0770256 -0.0606351 -0.0218368 0.000692611 -0.00160271 -0.00199698 -0.00660848  -0.0205704    -0.01555 -0.00329257 -0.00344388  0.00757883  -0.00559496 -0.000332428   -0.0120495 0.994305        0        0 8061
             121.101  0.0397493 -0.0303914  0.0354366  0.00158165  0.00100281 0.000406181 0.00207615 0.00415675 0.00654126 -0.00332379 -0.00345639  0.00756212  -0.00569817 -0.000653993   -0.0123322 0.993369        0        0 0
             121.202  -0.151683 -0.0498273 -0.0642602  0.000696044 -0.000639619  0.000411847 -0.00874633  -0.0119374 -0.00113516 -0.00327318 -0.00344632  0.00759449  -0.00556266 -0.000419211   -0.0122256 0.993373        0        0 7944
             121.202  0.0338946 -0.0456157  0.0270033   0.00140008   0.00127269 -0.000329396 -0.00204063  0.00336281 -0.00923709 -0.00332756 -0.00344866  0.00756684  -0.00564761 -0.000630858   -0.0121198 0.992618        0        0 0
             121.302  -0.114197 -0.0744438 -0.0275366  0.000693734 -0.000413496   -0.0015648 -0.00706607  -0.0132528 -0.00995035 -0.00328438 -0.00344265  0.00758903  -0.00560875 -0.000407357   -0.0120533 0.992626        0        0 7924
             121.302  0.0325373 -0.0286198   0.026144 0.000957293  0.00154242 0.000453891 -0.00443597  0.00266923   0.0110252 -0.00332658 -0.00345871  0.00757307  -0.00563543 -0.000620946   -0.0123212 0.998255        0        0 0
             121.401 -0.0747371 -0.0288937 -0.0339553 7.34234e-05 0.000256051 0.000624468 -0.00973742  -0.0112756  0.00304594 -0.00329562 -0.00345886   0.0075943  -0.00556163 -0.000427467   -0.0122112 0.998254        0        0 7924
             121.401  0.0361181 -0.0468076  0.0254881   0.00116925   0.00153648 -0.000387415  0.00219208 0.000834495 -0.00802388 -0.00332762 -0.00345528  0.00757628  -0.00571433 -0.000590894   -0.0120674 0.997238        0        0 0
             121.502 -0.00942675   -0.121116  0.00158623 0.000956014 0.000294922 -0.00142162 -0.00233634  -0.0122884  -0.0102256 -0.00331398 -0.00343456  0.00758667  -0.00567046 -0.000430246   -0.0120589 0.997237        0        0 7932
             121.502  0.0386228 -0.0288293  0.0264339  0.00115541  0.00156505 0.000578318  2.14566e-05 -6.78781e-05    0.0114272 -0.00332626 -0.00346505  0.00757956  -0.00568946 -0.000589142   -0.0123371 0.997469        0        0 0
             121.602  -0.0769105  -0.0140373 -0.00894341  0.000371598 -2.64364e-05  0.000945301 -0.00790985   -0.015985 0.000580381 -0.00329418 -0.00346697  0.00759309  -0.00557784 -0.000384198   -0.0122328 0.997465        0        0 8031
             121.602   0.036257 -0.0497775  0.0458946   0.00108926  0.000375758 -0.000581355 1.75231e-05  -0.0126182  -0.0161259 -0.00332869 -0.00345677  0.00757612  -0.00568201 -0.000438123    -0.012018 0.993554        0        0 0
             121.701  -0.0555158   -0.067874 0.000139972 0.000930123 -0.00140154 -0.00235471 -0.00164638  -0.0187526  -0.0202668 -0.00329564 -0.00345171  0.00759672  -0.0056715 -0.00036884  -0.0119761 0.993554        0        0 7998
             121.701  0.0357162 -0.0264351  0.0279293  0.00116268  0.00141875 0.000699938 0.000165406   0.0101041   0.0127917 -0.00331796 -0.00346682  0.00758948  -0.00568751 -0.000739686   -0.0124008 0.99913       0       0 0
             121.802 -0.0787437  -0.013639  0.0164632 0.000292332 0.000577437  0.00165727 -0.00891605 -0.00683938  0.00946269 -0.00328939 -0.00347035  0.00759477  -0.00557478 -0.000496262   -0.0123412 0.999135        0        0 8232
             121.802  0.0347586 -0.0448954  0.0488795  0.000934196  0.000170699 -0.000321283 -0.00170451  -0.0116499  -0.0118217  -0.0033258 -0.00346109  0.00758441  -0.00567094 -0.000447073   -0.0120652 0.994713        0        0 0
             121.902 -0.0867314 -0.0373969 0.00438379 -0.00014815 -0.00185891 -0.00208842   -0.01317 -0.0183253 -0.0159959 -0.00328827 -0.00346281  0.00760114  -0.00555074 -0.000341768   -0.0119917 0.99471       0       0 7971
             121.902  0.0378475 -0.0612044  0.0404118  0.00133266 0.000693742 -0.00129272  0.00271869  0.00728828 -0.00773586  -0.0033211 -0.00345967  0.00759132  -0.00575129 -0.000674395   -0.0120967 0.993588        0        0 0
             122.001  -0.102497 -0.0134567 -0.0188351  0.000873397 -0.000226658  -0.00284168 -0.00478744 -0.00841312  -0.0128257 -0.00328232 -0.00347404  0.00761095 -0.00564341  -0.0004703  -0.0120237 0.99359       0       0 8247
             122.001  0.0359808 -0.0569212  0.0353393   0.00152879  0.000927441 -0.000901806 0.00217625 0.00219904 0.00575813 -0.00332335 -0.00346291  0.00759453 -0.00573295 -0.00061767  -0.0122636 0.999272        0        0 0
             122.101  -0.113942 -0.0628534 -0.0454561  0.00141366 0.000157941 -0.00105313 -0.00104715 -0.00711919 -0.00160416 -0.00328229  -0.0034616  0.00762148   -0.0056992 -0.000503826   -0.0122027 0.999278        0        0 7947
             122.101  0.0373033 -0.0402136  0.0323395   0.00145334   0.00112374 -8.70193e-05  -0.0010526 0.000931614  0.00711184 -0.00332819 -0.00346914  0.00759733  -0.00569579 -0.000621182   -0.0123149 0.9944      0      0 0
             122.202  -0.0546266  -0.0305465 -0.00188002  0.000245912 -0.000253792 -0.000151563  -0.0127594  -0.0130774 -0.00434635 -0.00330621 -0.00346885  0.00760916  -0.00554235 -0.000441154   -0.0122092 0.994408        0        0 8226
             122.202  0.0359941 -0.0357302  0.0425738 0.000938977 0.000517731 0.000126227 -0.00524516  -0.0064938 -0.00145936 -0.00333322 -0.00346896  0.00759553   -0.0056381 -0.000533935   -0.0122461 0.994646        0        0 0
             122.301 -0.0708988 -0.0645826 -0.0165311  0.000272769  -0.00103257 -0.000458293 -0.00646703   -0.015054 -0.00836183 -0.00329888 -0.00346038  0.00761888  -0.00563224 -0.000409917   -0.0121656 0.994648        0        0 7890
             122.301  0.0361654 -0.0394332  0.0436384   0.0012183 0.000534964 3.49996e-05   0.00398061 -0.000654635  -0.00324285  -0.0033293 -0.00347087  0.00760069  -0.00576111 -0.000602512   -0.0122302 0.994193        0        0 0
             122.401  -0.116346 -0.0669056   -0.03059  0.000653891  -0.00097814 -0.000695628 -0.00659625  -0.0136346 -0.00678805 -0.00328993 -0.00346105  0.00762501  -0.00563608 -0.000404562   -0.0121597 0.994197        0        0 8128
             122.401  0.0393901 -0.0447624  0.0428923   0.00109383  0.000546145 -0.000269934 -0.00221968  0.00121822 -0.00236121 -0.00333584 -0.00346911  0.00760261  -0.00568893 -0.000608017   -0.0122159 0.997611        0        0 0
             122.502 -0.0720459 -0.0321796 0.00920429  0.000252478 -0.000972952  -0.00115457 -0.00882464  -0.0118749 -0.00637928 -0.00331005 -0.00347289  0.00761272  -0.00561093 -0.000436445   -0.0121353 0.997617        0        0 7900
             122.502 0.0329039 -0.033793 0.0278196  0.00128301  0.00140789 0.000376818 0.00173503 0.00800983   0.009903 -0.00333881 -0.00347531  0.00760793  -0.00574358 -0.000697565    -0.012346 0.994513        0        0 0
             122.601 -0.0821008 -0.0532829 -0.0310277 0.000494627 0.000811487 0.000317299  -0.0086856 -0.00500025 0.000209358 -0.00330917  -0.0034691  0.00762879  -0.00561052 -0.000526814   -0.0122318 0.99451       0       0 8141
             122.601  0.0337371 -0.0337708  0.0340778  0.00126425  0.00100816 0.000185733 0.000154278 -0.00399657 -0.00114946  -0.0033453 -0.00347709  0.00760835  -0.00572011 -0.000551891    -0.012213 0.993284        0        0 0
             122.701  -0.127565  -0.029798 -0.0589931   0.00073399 -0.000871754 -0.000824607 -0.00615618  -0.0192352  -0.0122883 -0.00329648 -0.00347699   0.0076401  -0.00564862 -0.000349677   -0.0121147 0.99328       0       0 7945
             122.701  0.0318464 -0.0510098  0.0484898   0.00118874  8.57522e-05 -0.000693529 -0.00141345  -0.0100918  -0.0110113 -0.00334481 -0.00347149  0.00760668  -0.00571047 -0.000482599   -0.0121312 0.997688        0        0 0
             122.802  -0.108104  -0.029676 0.00772357 -0.000547284  -0.00280822  -0.00233078 -0.0167227 -0.0246432 -0.0192496 -0.00329985 -0.00347408  0.00762403  -0.00550392 -0.000289207   -0.0120401 0.997686        0        0 8145
             122.802  0.0356232 -0.0673152  0.0592128   0.00115791 -0.000456841  -0.00159639 -0.000265113  -0.00656973   -0.0117029 -0.00334112 -0.00346602  0.00760881  -0.00571569 -0.000531908   -0.0121375 0.994407        0        0 0
             122.901  -0.107122 -0.0451199 0.00521492 0.000777064 -0.00167928 -0.00303728 -0.00386427  -0.0114258  -0.0142167 -0.00329707 -0.00347414  0.00763068  -0.00567767 -0.000454668   -0.0120978 0.99441       0       0 8146
             122.901  0.0391343 -0.0759289   0.023382 0.00167298  0.0016183 -0.0020503   0.0045161   0.0183261 -0.00683728 -0.00333693 -0.00346663  0.00762641  -0.00578506 -0.000842921   -0.0121928 0.993176        0        0 0
             123.001 -0.0481272   -0.12202 -0.0197763  0.00163951  0.00151048 -0.00344045 -0.00111387 0.000970513  -0.0116739 -0.00331653  -0.0034533  0.00764144  -0.00573743 -0.000603377   -0.0121088 0.993185        0        0 8087
             123.001  0.0351871 -0.0159311  0.0199641 0.00125727 0.00193072 0.00116519 -0.00441703   0.0036961    0.031561  -0.0033423 -0.00348818    0.007629  -0.00568046 -0.000646721   -0.0126687 0.991298        0        0 0
             123.102   -0.108284 -0.00724248  -0.0648004 9.62266e-05 0.000464989  0.00317556 -0.0124226 -0.0131375  0.0209149 -0.00329912 -0.00349069  0.00765795  -0.00557092 -0.000418004   -0.0125304 0.991295        0        0 8211
             123.102  0.0368607 -0.0538911  0.0339887   0.00175044   0.00094844 -0.000705317  0.00613443 -0.00928807  -0.0212621 -0.00334384 -0.00347779  0.00762707  -0.00581395 -0.000482769   -0.0119781 0.99347       0       0 0
             123.201 -0.0736781 -0.0919265  -0.016086  0.00123346 -0.00140444 -0.00353477 -0.0055218 -0.0210643 -0.0289493 -0.00330826 -0.00346455  0.00764571  -0.00567054 -0.000333957   -0.0119079 0.993476        0        0 8147
             123.201  0.0356679 -0.0499696   0.042997   0.00163108  0.000518807 -0.000549823 -0.00158424 -0.00545566  0.00257604 -0.00333933 -0.00348021  0.00762785  -0.00571325 -0.000542243    -0.012315 0.993466        0        0 0
             123.301  -0.0550613  -0.0365737 -0.00972467  0.000759423 -0.000850484 -0.000634636 -0.00937234   -0.013452 -0.00281734 -0.00331286 -0.00348234  0.00764665  -0.00561438 -0.000437356   -0.0122758 0.993471        0        0 8210
             123.301  0.0378922 -0.0408475  0.0234302   0.00116236   0.00170864 -9.41222e-05 -0.00588747   0.0105277  0.00211457 -0.00333725  -0.0034819  0.00763735  -0.00565846 -0.000749785   -0.0123394 0.993378        0        0 0
             123.402 -0.0657038 -0.0210334 -0.0514422  0.000159452   0.00127534 -0.000208805 -0.00964048 -0.00394223 -0.00319068  -0.0033117 -0.00348858  0.00766218  -0.00560884 -0.000552251   -0.0122829 0.99338       0       0 8102
             123.402  0.0352861 -0.0417631  0.0289431   0.00149658   0.00130216 -0.000190952  0.00553231 -0.00491988 -0.00294258 -0.00334361 -0.00348505  0.00763681  -0.0058043 -0.00055112  -0.0122852 0.998432        0        0 0
             123.501    -0.106301 -0.000124625   -0.0190776  0.000784995 -0.000668699  -0.00116782 -0.00844744   -0.017101  -0.0106966 -0.00330341 -0.00349548  0.00765375  -0.00563281 -0.000363491   -0.0121756 0.998441        0        0 8070
             123.501  0.0331043 -0.0872317  0.0447616  0.00172181 0.000376862 -0.00270245  0.00129225 -0.00786136  -0.0275993 -0.00334534 -0.00346929   0.0076341 -0.00576592 -0.00049492  -0.0119571 0.998658        0        0 0
             123.601 -0.0847014 -0.0858479 -0.0259191  0.00116204 -0.00127084  -0.0055387 -0.00731288  -0.0136614  -0.0271398 -0.00331211 -0.00346973  0.00765794  -0.00568054 -0.000396885   -0.0119543 0.998664        0        0 8061
             123.601  0.0366657 -0.0584358  0.0496741  0.00106682 0.000113281 -0.00117733 -0.00845509 -0.00344215   0.0110426 -0.00334838 -0.00347991   0.0076345  -0.00565731 -0.000538755   -0.0124495 0.994601        0        0 0
             123.702 -0.0871243 -0.0242554  0.0179245 -0.000817724   -0.0013928 -0.000945727 -0.0187214 -0.0127773 0.00411303 -0.00331903 -0.00348903  0.00764312   -0.0055099 -0.000418602   -0.0123614 0.994606        0        0 8003
             123.702 0.0345412 -0.046291  0.044949   0.00135033  0.000353647 -0.000391769 0.00401774 0.00178545 0.00870754 -0.00335443 -0.00348707   0.0076353  -0.00580124 -0.000615403   -0.0124194 0.993265        0        0 0
             123.801 -0.0707023 -0.0875706 -0.0352937   0.00106978 -0.000584972  4.81492e-05 -0.00317732 -0.00961798  0.00394303 -0.00331798 -0.00347416  0.00766572  -0.00571955 -0.000484354   -0.0123815 0.99327       0       0 8084
             123.801  0.0392683 -0.0463487 0.00751884   0.00187885   0.00257685 -0.000405316 0.00506085   0.020377 -0.0013968 -0.00334617 -0.00348863  0.00765371  -0.00582073 -0.000874556   -0.0123103 0.99231       0       0 0
             123.901  0.0101321 -0.0737379 -0.0290429  0.00174343  0.00261406 -0.00110107 -0.00170458   0.0020715 -0.00898703 -0.00334328 -0.00347802  0.00766543  -0.00574547 -0.000628597   -0.0122415 0.992307        0        0 7981
             123.901  0.0348774 -0.0262161  0.0227182  0.00123935  0.00177786 0.000779604 -0.00655226 -0.00586841   0.0112669 -0.00335269 -0.00349305  0.00764862  -0.00567749 -0.000531611   -0.0125048 0.993448        0        0 0
             124.002 -0.0686559 -0.0475602 -0.0469034  0.00016885 -0.00040989  0.00132255 -0.0109137 -0.0214103 0.00414663 -0.00332761 -0.00348582  0.00767178  -0.00562717 -0.000319848   -0.0124141 0.993448        0        0 8183
             124.002  0.0413361 -0.0552451  0.0370101   0.00165745  0.000829653 -0.000813269  0.00567516 -0.00981696  -0.0189573 -0.00336006 -0.00348548  0.00764582  -0.00584238 -0.000480211   -0.0121096 0.993091        0        0 0
             124.101 -0.0528335 -0.0766811 0.00562179  0.00153222 -0.00122718 -0.00329809 -0.00177676  -0.0179482  -0.0251436 -0.00333885  -0.0034784  0.00765609  -0.00575746 -0.000360342   -0.0120206 0.993095        0        0 7979
             124.101  0.0373608 -0.0749559  0.0320544  0.00147873  0.00118909 -0.00199141 -0.00358956  0.00253577  -0.0115297 -0.00336316  -0.0034792  0.00764873  -0.00573318 -0.000628951   -0.0121979 0.993772        0        0 0
             124.201  -0.0314586   -0.115133 -0.00992631 0.000771299 0.000425756 -0.00307487  -0.0086625 -0.00655389  -0.0104475 -0.00334775 -0.00346648  0.00766337  -0.00569311 -0.000501889   -0.0122096 0.993774        0        0 8133
             124.201 0.0342262 -0.016521 0.0196187 0.00130649 0.00193543  0.0011973 -0.00166504  0.00741398   0.0285491 -0.00336582 -0.00350084  0.00765467 -0.00576717 -0.00068586  -0.0127147 0.996975        0        0 0
             124.302 -0.0355699 -0.0342073 -0.0272707 0.000342749  0.00118016  0.00293181 -0.00953725 -0.00727843   0.0159235 -0.00334341 -0.00349537  0.00767383  -0.00564517 -0.000502936   -0.0125694 0.996971        0        0 8038
             124.302  0.0339539 -0.0274971  0.0328742  0.00123399  0.00107728 0.000640751 0.000772115 -0.00888248 -0.00883051 -0.00336561 -0.00349831  0.00765476 -0.00577799 -0.00049038  -0.0122434 0.993981        0        0 0
             124.401  -0.124488 -0.0588308  -0.047513  0.000586882  -0.00125479 -0.000795693 -0.00721468   -0.022473  -0.0156229 -0.00331862 -0.00348777  0.00768135  -0.00568931 -0.000309368   -0.0121946 0.993987        0        0 8046
             124.401  0.0328226 -0.0402104  0.0357243  0.00104804 0.000761227 -7.0247e-05 -0.00257758 -0.00393214  -0.0086393  -0.0033643 -0.00349493  0.00765597  -0.00574573 -0.000561271   -0.0122846 0.998759        0        0 0
             124.501  -0.108615 -0.0613814 -0.0200158  0.00021923 -0.00137315 -0.00127069 -0.00840986  -0.0177798  -0.0108738 -0.00331886 -0.00348736  0.00767769 -0.00567802 -0.00036931   -0.012227 0.99877       0       0 7897
             124.501  0.0358525 -0.0389447  0.0401319   0.00118797  0.000640219 -3.38853e-05 0.00131702 -0.0018302 0.00226164 -0.00336137 -0.00349687  0.00765938  -0.00579837 -0.000586212   -0.0123966 0.993686        0        0 0
             124.602   -0.123061 -0.00843263  -0.0391104 0.000572729 -0.00103645 -0.00050919 -0.00664169  -0.0146003 -0.00500009 -0.00331549 -0.00350653   0.0076859  -0.00569538 -0.000402847   -0.0123026 0.993697        0        0 7962
             124.602  0.0365052 -0.0829786   0.046545  0.00166079  0.00021246 -0.00246425  0.00450676 -0.00348917  -0.0263016  -0.0033637 -0.00348416  0.00765933  -0.00584715 -0.000561542   -0.0120234 0.993768        0        0 0
             124.701 -0.0921056 -0.0617416 -0.0105787 0.000968044 -0.00143245 -0.00556854 -0.0073253 -0.0132047 -0.0312437 -0.00332713 -0.00349076  0.00767957  -0.00570921 -0.000415825   -0.0119776 0.993769        0        0 7929
             124.701  0.0361427 -0.0577857  0.0496713  0.00115997 0.000113868 -0.00110748 -0.00539049 -0.00162351  0.00791938 -0.00336521 -0.00349429   0.0076611  -0.00572729 -0.000575961   -0.0124881 0.995141        0        0 0
             124.801   -0.10885 -0.0807146 -0.0208833  0.000644904 -0.000840283 -0.000356072 -0.00554097 -0.00853782  0.00653766 -0.00332604 -0.00348712  0.00768438  -0.00573996 -0.000478963   -0.0124869 0.995149        0        0 7932
             124.801  0.0366856 -0.0422392  0.0206594   0.00108934   0.00186463 -0.000111175 -0.00200851   0.0167223  0.00769913 -0.00336705 -0.00350008  0.00767241  -0.00578092 -0.000814553   -0.0125005 0.996958        0        0 0
             124.902 -0.0723895 -0.0325922 -0.0561052  9.60779e-05   0.00146276 -0.000125307 -0.00956903 -0.00300315 -0.00127498 -0.00334216 -0.00350162  0.00769709  -0.00567581 -0.000561796   -0.0123854 0.996947        0        0 8049
             124.902   0.037595 -0.0519673  0.0334572   0.00144949   0.00105508 -0.000699784  0.00598951   -0.008204 -0.00737787 -0.00337782  -0.0034982  0.00766854 -0.00587715 -0.00050791  -0.0123043 0.998521        0        0 0
             125.001 -0.0657564 -0.0522738 -0.0169954   0.00115226 -0.000762835  -0.00140296 -0.00418041  -0.0174632 -0.00628108   -0.003354 -0.00349684  0.00768597  -0.00576056 -0.000380648   -0.0123121 0.998529        0        0 8075
             125.001  0.0316593 -0.0290559   0.020519   0.0012813  0.00180453 0.000615197 -0.00352637  0.00638226   0.0144809 -0.00337992 -0.00350528  0.00767525 -0.00576484 -0.00069343  -0.0125822 0.99478       0       0 0
             125.101 -0.0799397 -0.0538962 -0.0499033 0.000489456 0.000888739  0.00130434 -0.00840692 -0.00731595  0.00705638 -0.00335237 -0.00349761  0.00769858  -0.00571254 -0.000489315   -0.0124911 0.994783        0        0 8050
             125.101  0.0364364 -0.0476745  0.0359195    0.0013454  0.000957725 -0.000507394  0.00122708 -0.00760347  -0.0124615 -0.00338933 -0.00350054  0.00767126  -0.00583682 -0.000498899   -0.0122345 0.997708        0        0 0
             125.202  -0.0894126  -0.0301241 -0.00628357  0.000758357 -0.000959752  -0.00247361 -0.00662428  -0.0182629  -0.0200768 -0.00335452 -0.00350631  0.00768629  -0.00573749 -0.000345013   -0.0121495 0.997703        0        0 8143
             125.202  0.0359191 -0.0727845  0.0323176  0.00180863  0.00101307 -0.00180901  0.0042721 0.00146209 -0.0130884 -0.00339023 -0.00349529  0.00767504  -0.00588073 -0.000610121   -0.0122411 0.998307        0        0 0
             125.301 -0.0373869  -0.076538 -0.0211853  0.00143948  0.00042627 -0.00320278 -0.00441775 -0.00503516  -0.0148904 -0.00337421 -0.00349424  0.00769279  -0.00577907 -0.000520281   -0.0122424 0.998314        0        0 8090
             125.301  0.0337887 -0.0369527  0.0406622  0.00111792 0.000635246  7.8686e-05 -0.00748631 -0.00429646   0.0165568 -0.00339662 -0.00350761  0.00767318   -0.0057321 -0.000537755   -0.0126523 0.999589        0        0 0
             125.401  -0.0738138 -0.00391877  -0.0125817 -0.000180541 -0.000979023  0.000683784 -0.0133606 -0.0151868 0.00480104 -0.00336585  -0.0035167  0.00769206 -0.00565168 -0.00039459  -0.0125069 0.999596        0        0 7981
             125.401  0.0381027 -0.0470811  0.0372086   0.00116324   0.00089336 -0.000450381  0.00104228  0.00201957 -0.00719479 -0.00339808 -0.00350518    0.007677  -0.00584135 -0.000625771   -0.0123492 0.99365       0       0 0
             125.502  -0.0938899  -0.0236858 -0.00522111  0.000669185 -0.000254907  -0.00173876 -0.00475805  -0.0119507  -0.0141417 -0.00335668 -0.00351258  0.00769378  -0.00576411 -0.000441087   -0.0122621 0.993646        0        0 8139
             125.502  0.0382917 -0.0693031   0.027621  0.00141718  0.00140906 -0.00171191 0.00279413 0.00469805  -0.014079 -0.00339526 -0.00349971  0.00768429  -0.00586559 -0.000667767   -0.0122632 0.994106        0        0 0
             125.601  -0.045805  -0.054788 -0.0352052  0.00105661 0.000663632 -0.00343447 -0.00447066 -0.00686416  -0.0166831 -0.00336976 -0.00350386  0.00770641 -0.00578339 -0.00050986  -0.0122306 0.994108        0        0 7946
             125.601  0.0366685 -0.0715265  0.0391765  0.00162369 0.000700976 -0.00182971  0.00229922 -0.00758829 -0.00193279 -0.00339602 -0.00350064  0.00768277    -0.005869 -0.000510275    -0.012423 0.994304        0        0 0
             125.701 -0.0337177 -0.0434022 0.00827093 0.000676989 -0.00104493 -0.00250622  -0.0121363  -0.0159475 -0.00508263 -0.00338082 -0.00350654  0.00769164  -0.00571038 -0.000379585   -0.0123787 0.994307        0        0 8083
             125.701   0.038818 -0.0757434  0.0273574 0.00143853 0.00143763 -0.0020992 -0.00476145  0.00934345 -0.00188614 -0.00339895 -0.00349785  0.00768674  -0.00580752 -0.000709875   -0.0124202 0.993879        0        0 0
             125.802 -0.0800252 0.00771638 -0.0269941 -0.000200455  0.000593474  -0.00395894  -0.0171417 -0.00630048  -0.0163742 -0.00336529 -0.00352249  0.00770438  -0.00563524 -0.000492635   -0.0122382 0.993871        0        0 7927
             125.802  0.0391056 -0.0463251  0.0225484   0.00108783   0.00168576 -0.000373716 -0.00231414  0.00280558   0.0165302 -0.00340118 -0.00350977  0.00768914  -0.00582695 -0.000621588   -0.0126702 0.993875        0        0 0
             125.901 -0.0562015 -0.0695367 -0.0249177 0.000634903 0.000574201 0.000957051 -0.00325516  -0.0120343   0.0112815 -0.00337969 -0.00350386  0.00770513  -0.00581612 -0.000460664    -0.012653 0.993879        0        0 8137
             125.901  0.0448654 -0.0560233   0.025786   0.00103561   0.00148346 -0.000885655 0.000444081 -0.00320669 -0.00674204 -0.00340998 -0.00350805  0.00768942   -0.0058639 -0.000583955   -0.0124163 0.992349        0        0 0
             126.001    -0.13322 -0.00988132   -0.053348 -3.80406e-06 -0.000645989   -0.0025441 -0.0111787 -0.0205617 -0.0198297 -0.00337008 -0.00351938  0.00771304  -0.00572071 -0.000347556   -0.0122724 0.992345        0        0 7928
             126.001  0.0288845 -0.0447018  0.0377397 0.000924908 0.000698626 -0.00040739  -0.0010595 -0.00849363  0.00263043 -0.00341948 -0.00351117  0.00768455  -0.00585246 -0.000519673   -0.0125674 0.999863        0        0 0
             126.102 -0.0925482 -0.0634875 -0.0130319  0.000455158  -0.00129684 -0.000743085 -0.00549754  -0.0180241 -0.00171963 -0.00338986 -0.00350279  0.00769962  -0.00581175 -0.000374348   -0.0124941 0.999875        0        0 8153
             126.102  0.0357747 -0.0391858  0.0254605  0.00104101  0.00151779 6.68338e-05 -0.000533181   0.00767973   0.00451953 -0.00342573 -0.00351163  0.00768858  -0.00587212 -0.000716848   -0.0125749 0.992605        0        0 0
             126.201 -0.0812382 -0.0651821 -0.0518801  0.000351823  0.000752873 -0.000236022  -0.00725528   -0.0063173 -0.000977759 -0.00339505 -0.00350368  0.00771331  -0.00578648 -0.000525245   -0.0124815 0.992605        0        0 7943
             126.201  0.0358923 -0.0425083   0.033588     0.001208   0.00115669 -0.000231573    0.0025144  -0.00326741 -0.000886077 -0.00343153  -0.0035128  0.00768633  -0.00590905 -0.000577415   -0.0124812 0.992288        0        0 0
             126.301 -0.0233849 -0.0594998  0.0218091   0.00104075 -0.000157092 -0.000903039 -0.00249221  -0.0127399 -0.00614999  -0.0034177 -0.00350683  0.00769046  -0.00584882 -0.000448252     -0.01243 0.992288        0        0 7974
             126.301  0.0372371 -0.0299546  0.0288497   0.0011306  0.00141327 0.000548628 -0.00204063  0.00337745  0.00952383 -0.00343395 -0.00351701  0.00768895  -0.00585044 -0.000660193   -0.0126349 0.99224       0       0 0
             126.402   -0.131409 -0.00617338  -0.0609717  0.00023256 0.000147329 0.000540839 -0.00901308  -0.0119982 -0.00223657 -0.00339034 -0.00352359  0.00771594  -0.00576099 -0.000452469    -0.012521 0.992239        0        0 7933
             126.402  0.0318022 -0.0443307  0.0319989   0.00176023   0.00108151 -0.000367159 0.00809073 -0.0039507 -0.0121901 -0.00344029 -0.00351414  0.00768696  -0.00598531 -0.000573432   -0.0123892 0.993664        0        0 0
             126.501 -0.0956421 -0.0931457 -0.0341957   0.00161196 -0.000691173  -0.00179307 -0.00176006  -0.0168541  -0.0172254 -0.00340657 -0.00349707  0.00770976  -0.00586216 -0.000401937   -0.0123591 0.993684        0        0 7890
             126.501  0.0396922 -0.0359229  0.0427385  0.00135699 0.000557952 0.000321503 -0.00444957 -0.00609016   0.0048377 -0.00344748 -0.00351566  0.00768577  -0.00582007 -0.000553435   -0.0126468 0.993355        0        0 0
             126.601  -0.0967007  -0.0207873 -0.00534657 -4.84011e-05  -0.00127087  0.000617936 -0.0144159 -0.0155745  0.0017139 -0.00340702 -0.00351924  0.00770469  -0.00569858 -0.000418784   -0.0126003 0.99336       0       0 8011
             126.601  0.0376654 -0.0454546  0.0270358   0.00102398     0.001521 -0.000503651 -0.00427547  0.00751083  -0.0104814 -0.00344543 -0.00351275  0.00769542  -0.00583232 -0.000727278   -0.0124394 0.993169        0        0 0
             126.702  -0.084069 -0.0505048 -0.0335462 0.000223393 0.000652299 -0.00193884  -0.0087374 -0.00706726    -0.01333 -0.00341103 -0.00351056  0.00771677  -0.00578371 -0.000501501   -0.0123777 0.993169        0        0 7955
             126.702  0.0354712 -0.0563639  0.0238249   0.00122347   0.00155454 -0.000730078    0.0024909   0.00087347 -0.000219195 -0.00344738 -0.00351133  0.00769896  -0.00592785 -0.000616516   -0.0125498 0.998433        0        0 0
             126.801 -0.0834972 -0.0273466 -0.0299165  0.000624529 -0.000176001  -0.00182666 -0.00631361  -0.0148429 -0.00774495 -0.00341362  -0.0035222  0.00771617   -0.0058218 -0.000393101   -0.0124378 0.998429        0        0 8155
             126.801  0.0403405 -0.0793635  0.0402837  0.00195542 0.000510531 -0.00257258  0.00826875 -0.00906129  -0.0145096 -0.00345168 -0.00350836  0.00769417  -0.00601418 -0.000480529   -0.0123488 0.999057        0        0 0
             126.901 -0.0152378  -0.128997 0.00380097   0.00241494 -0.000624232  -0.00405617 0.00217487 -0.0111942 -0.0148251 -0.00343763 -0.00349094  0.00770518  -0.00595954 -0.000450986   -0.0123755 0.999059        0        0 7945
             126.901   0.041335 -0.0206883  0.0236701 0.00120274 0.00162814  0.0010293 -0.0112556 0.00851831  0.0300979 -0.00345213 -0.00352492  0.00769967  -0.00577013 -0.000708397   -0.0129631 0.992538        0        0 0
             127.002 -0.0834252  0.0151446 -0.0180307 -0.000828855    0.0004763   0.00277664 -0.0196913 -0.0117813   0.014835 -0.00342004 -0.00353667  0.00771281  -0.00563994 -0.000474636   -0.0127959 0.992537        0        0 8296
             127.002  0.0467596 -0.0579017  0.0485801  0.00099178 0.000103061 -0.00107933 0.000708165  -0.0168205  -0.0267656 -0.00346209 -0.00351532   0.0076915  -0.00591239 -0.000423566   -0.0122453 0.993722        0        0 0
             127.101  -0.110883  -0.066068 -0.0401095 0.000721234 -0.00233494 -0.00383562 -0.00205791  -0.0240466  -0.0304284 -0.00340832 -0.00351289  0.00772556  -0.00586729 -0.000319981   -0.0122247 0.993725        0        0 7945
             127.101 0.0445152 -0.106292 0.0614972   0.00141732 -0.000707904  -0.00367312  0.00512113 -0.00924299  -0.0289968 -0.00345483 -0.00350156   0.0076939  -0.00596314 -0.000526647   -0.0122436 0.994091        0        0 0
             127.201   -0.112879   -0.066285 -0.00829731  0.00132014 -0.00213248 -0.00631262 -0.00173401  -0.0128142  -0.0276657 -0.00340353 -0.00351436  0.00772098  -0.00591155 -0.000458818   -0.0122571 0.994092        0        0 8203
             127.201  0.0393629 -0.0569817  0.0465693  0.00147739 0.000197672  -0.0010998 0.000568912   0.0047006    0.017161  -0.0034488 -0.00351953  0.00770423  -0.00593312 -0.000697812   -0.0128453 0.995536        0        0 0
             127.302  -0.100939 -0.0406478  -0.038836  0.000911052  -0.00075898 -0.000287155 -0.00614718 -0.00665588   0.0109213 -0.00340557 -0.00352451  0.00773378  -0.00584863 -0.000514572   -0.0127357 0.995546        0        0 7969
             127.302  0.0421252 -0.0476815  0.0375559   0.00129104  0.000760347 -0.000501513 -0.00288686   0.0072035  0.00826744 -0.00344841 -0.00352275  0.00771014  -0.00589167 -0.000708686   -0.0127002 0.994235        0        0 0
             127.401 -0.0569306 -0.0935715 -0.0119841  0.00111603 2.74046e-05 0.000180939 -0.00233864 -0.00430546  0.00890901 -0.00341779 -0.00351081  0.00772861  -0.00592108 -0.000553575   -0.0126827 0.994238        0        0 8105
             127.401  0.0406755 -0.0454798  0.0227363    0.0011681   0.00168204 -0.000353095 -0.00254056  0.00964841  0.00300434 -0.00344612  -0.0035257  0.00771821 -0.00591445 -0.00074227  -0.0126038 0.997249        0        0 0
             127.501 -0.0733138 -0.0347236 -0.0576126   0.00081394  0.000986973 -0.000777739 -0.00235039 -0.00568918 -0.00450912 -0.00342045 -0.00352886  0.00774205  -0.00589037 -0.000517669   -0.0125332 0.997248        0        0 7893
             127.501 0.0424177 -0.039426 0.0147147  0.00165909  0.00212601 3.93374e-05 0.00702251 0.00484951 0.00425504 -0.00345539 -0.00352937  0.00771944  -0.00601077 -0.000665743   -0.0126478 0.997777        0        0 0
             127.602 -0.0702085 -0.0524887 -0.0436194    0.0013149  0.000968306 -0.000109804 -0.00400149  -0.0122315 -0.00536428 -0.00342773 -0.00352395  0.00773836   -0.0058852 -0.000463525   -0.0125768 0.997779        0        0 8149
             127.602  0.0384565 -0.0495751    0.02184   0.00141404   0.00168845 -0.000672323 -0.00327775 -0.00566153  -0.0115327 -0.00346095 -0.00352474  0.00771788  -0.00589482 -0.000560168    -0.012495 0.992816        0        0 0
             127.701 -0.0987373 -0.0585351 -0.0336752  0.000360938 -0.000581855  -0.00229333 -0.0111441 -0.0213957 -0.0183181 -0.00342497 -0.00352022  0.00773692  -0.00579365 -0.000326953   -0.0124095 0.992815        0        0 7934
             127.701  0.0414943 -0.0704988  0.0524861   0.00138542 -0.000163167  -0.00165083 0.000491008  -0.0184689  -0.0114799 -0.00346897 -0.00351893  0.00770962  -0.00594312 -0.000380028   -0.0124984 0.999157        0        0 0
             127.801 -0.0987762  -0.059254 0.00306949 0.000356812 -0.00312993 -0.00356982 -0.0122594 -0.0264422 -0.0171628 -0.00342143 -0.00352362  0.00772962  -0.00580951 -0.000246778   -0.0124011 0.999153        0        0 8090
             127.801  0.0423278 -0.0960432  0.0579083  0.00142802 -0.00047364 -0.00310073 -0.00140719 -0.00258794  -0.0139035 -0.00346222 -0.00351388  0.00771312  -0.00595223 -0.000567563   -0.0124435 0.994064        0        0 0
             127.902   -0.14016 -0.0500002 -0.0288216 0.000653721 -0.00166094 -0.00447751 -0.00763997  -0.0099365  -0.0108877 -0.00341372 -0.00352895  0.00774002 -0.00586844 -0.00046055  -0.0124604 0.99407       0       0 8189
             127.902  0.0363968 -0.0691911  0.0467146  0.00143443  0.00011694 -0.00192052 0.000147685  0.00389105   0.0115421 -0.00346743 -0.00352507  0.00771658  -0.00596793 -0.000657203   -0.0127564 0.995263        0        0 0
             128.001  -0.125131 -0.0885378 -0.0291686   0.00104267 -0.000901894  -0.00189209 -0.00561389 -0.00779095   0.0026796 -0.00341875 -0.00351825   0.0077428  -0.00592173 -0.000494177   -0.0126647 0.995271        0        0 8080
             128.001  0.0369698 -0.0407287  0.0358421   0.00124116  0.000825621 -6.78681e-05 -0.00363788  0.00638271   0.0179245 -0.00346769 -0.00353434  0.00772273   -0.0059404 -0.000692998   -0.0128642 0.998346        0        0 0
             128.101  -0.111535 -0.0214269 -0.0305824  7.91543e-05 -0.000373922  0.000697168  -0.0105851 -0.00922141  0.00549979 -0.00342382 -0.00354151  0.00774512  -0.00582348 -0.000496801   -0.0127411 0.998347        0        0 8179
             128.101  0.0404969 -0.0529648  0.0322426   0.00150801   0.00102405 -0.000834946 0.00478174 0.00152796  -0.011115 -0.00347038 -0.00353341  0.00772551  -0.00602518 -0.000650529   -0.0125211 0.998389        0        0 0
             128.202  -0.091181 -0.0489323 -0.0119263  0.000971517 -0.000614017  -0.00251646 -0.00648208   -0.015622  -0.0193153 -0.00343242 -0.00353235  0.00774393  -0.00589687 -0.000422107   -0.0124402 0.998401        0        0 8178
             128.202  0.0428691 -0.0763328  0.0195218  0.0019132 0.00183158 -0.0019413 0.00313968 0.00688432 -0.0135402 -0.00347109 -0.00352553   0.0077349 -0.00602367 -0.00072588  -0.0125163 0.998257        0        0 0
             128.301  -0.0555913  -0.0392906 -0.00667738  0.00127682 0.000910652 -0.00418617  -0.0070197 -0.00694322  -0.0220769  -0.0034506 -0.00353657   0.0077424  -0.00590546 -0.000506146   -0.0123943 0.998259        0        0 8144
             128.301  0.0339749 -0.0516344   0.043492   0.00121477  0.000422756 -0.000745605 -0.00683946  -0.0130889  0.00954429 -0.00348025 -0.00353402  0.00772614  -0.00590426 -0.000437059   -0.0128108 0.994255        0        0 0
             128.401  -0.0894635 -0.00609383  0.00275577 -7.32483e-05  -0.00211201 -0.000251304 -0.0134934 -0.0249164 0.00616432 -0.00344214 -0.00354789  0.00774016 -0.00581463 -0.00028269  -0.0127471 0.994253        0        0 8147
             128.401  0.0371234 -0.0520845  0.0424287  0.00162245 0.000418137 -0.00063155  0.00420437 0.000282713  0.00168724 -0.00347823   -0.003536  0.00772853  -0.00604749 -0.000619744   -0.0126872 0.993412        0        0 0
             128.502  -0.131831 -0.0285019 -0.0237183  0.00106126 -0.00112802  -0.0015975 -0.00636078  -0.0122157 -0.00849015 -0.00342554 -0.00354503  0.00775302 -0.00592128 -0.00043129  -0.0125478 0.993421        0        0 8099
             128.502  0.0352398 -0.0894144  0.0550538     0.001758 -0.000258119  -0.00295254 0.000721029 -0.00489133  -0.0229427 -0.00347724 -0.00352632  0.00772832  -0.00602004 -0.000543849   -0.0123568 0.994891        0        0 0
             128.601  -0.106777 -0.0713586 -0.0279766  0.00118325 -0.00137583 -0.00488357  -0.0073729 -0.00948013  -0.0194451 -0.00343229 -0.00352949  0.00775585  -0.00592736 -0.000463424   -0.0124217 0.994895        0        0 8095
             128.601  0.0365928 -0.0684786  0.0453024  0.00131473 0.000245734 -0.00158995 -0.00621604  0.00342009  0.00917387  -0.0034757 -0.00353183  0.00773305   -0.0059377 -0.000644187   -0.0127981 1.00001       0       0 0
             128.701 -0.0774096 -0.0120004 0.00408616  0.000307243 -0.000788542  -0.00201483 -0.00890068  -0.0091029 -0.00328453 -0.00344111 -0.00355073  0.00774934  -0.00589325 -0.000500551   -0.0126596 1.00002       0       0 8033
             128.701  0.0332721 -0.0508104  0.0283548   0.00138876   0.00133323 -0.000618954 0.00173798 0.00874529 0.00827714 -0.00347338 -0.00354062  0.00774232  -0.00603261 -0.000740849   -0.0128117 0.999323        0        0 0
             128.802 -0.00695518  -0.0797418  -0.0545747   0.00115369   0.00151569 -0.000225456 -0.00256022  0.00160206  0.00291615  -0.0034587 -0.00353185  0.00777365  -0.00598592 -0.000636997   -0.0127606 0.999324        0        0 8125
             128.802  0.0388438 -0.0445304  0.0358986   0.00166383  0.000841059 -0.000253046  0.00375165 -0.00574296  0.00290926 -0.00347449 -0.00354405  0.00774456  -0.00606422 -0.000548583   -0.0127592 0.997234        0        0 0
             128.901 -0.0443213 -0.0258385 -0.0112076  0.000738597 -0.000658956 -0.000390662  -0.0114109  -0.0132933 -0.00241401 -0.00345141 -0.00354859  0.00776188  -0.00589761 -0.000429698   -0.0126951 0.99724       0       0 8004
             128.901   0.038303 -0.0391631  0.0215804   0.00128616   0.00174097 -0.000100265 -0.00636996  0.00903528 0.000254206 -0.00347367 -0.00354537  0.00775238   -0.0059639 -0.000725075   -0.0127299 0.9993      0      0 0
             129.001 -0.0233866 -0.0317868 -0.0129182  0.000278306   0.00150092 -0.000475326 -0.0105215 -0.0011259 -0.0038904 -0.00345376 -0.00354874  0.00776627 -0.00589897 -0.00058496  -0.0126668 0.999299        0        0 8130
             129.001  0.0374628 -0.0367741  0.0233693  0.00104657  0.00167043 0.000112999 -0.00165128 -0.00010697  0.00256668 -0.00347301 -0.00354878  0.00775471  -0.00601361 -0.000604847   -0.0127516 0.998303        0        0 0
             129.102 -0.0180519  -0.043593 -0.0247229  0.000208386  0.000793085 -0.000505742 -0.00974596 -0.00831378 -0.00674605  -0.0034601 -0.00354537  0.00777204  -0.00592915 -0.000498399   -0.0126381 0.9983      0      0 8126
             129.102  0.0366315 -0.0326257  0.0458207  0.00117403 0.000347676 0.000370665 0.00180702 -0.0137581 0.00293865 -0.00347835  -0.0035511  0.00774935  -0.00607714 -0.000434926   -0.0127656 0.994173        0        0 0
             129.201  -0.092023 -0.0473308 0.00413583 0.000718975 -0.00186156 0.000202502  -0.0033269  -0.0218409 -0.00241247 -0.00344164 -0.00354598  0.00776348  -0.00597426 -0.000319534   -0.0127113 0.994173        0        0 8115
             129.201  0.0365189 -0.0433741  0.0252026   0.00147758   0.00141717 -7.78512e-05  0.00400316   0.0121355 -0.00610634 -0.00347663 -0.00354835  0.00775819  -0.00606895 -0.000769642   -0.0126615 0.994403        0        0 0
             129.301 -0.00364002  -0.0419113  -0.0174218  0.00125861  0.00173138 -0.00142087 -0.00381267  0.00224052  -0.0144857 -0.00346589 -0.00354791  0.00777443  -0.00599945 -0.000659977   -0.0125631 0.994401        0        0 8058
             129.301  0.0357586 -0.0236844  0.0369112  0.00146019 0.000814279 0.000785859 -0.000781054  -0.00751087   0.00952334 -0.00348007 -0.00355512  0.00775664  -0.00603462 -0.000539226   -0.0128807 1.0001      0      0 0
             129.402  -0.0492773  -0.0566564 -0.00577859   0.00101397 -0.000380863   0.00114747 -0.00602171 -0.00995101  0.00299512 -0.00345496 -0.00354339  0.00777223   -0.0059732 -0.000464749    -0.012799 1.0001      0      0 8169
             129.402  0.0395775 -0.0461486  0.0353218   0.00146199   0.00088453 -0.000426553 -0.0013684 0.00213668 -0.0142937 -0.00348124 -0.00354681  0.00775962  -0.00603426 -0.000631084    -0.012568 0.997952        0        0 0
             129.501 -0.0455873 -0.0907666 -0.0271235  0.00159688 0.000548958 -0.00214444  0.00205968 -0.00325321  -0.0175622  -0.0034569 -0.00353407   0.0077811  -0.0060773 -0.00054596  -0.0125298 0.997952        0        0 7906
             129.501  0.0361404 -0.0336375  0.0336173  0.00158368  0.00100993 0.000378242   0.0021105 0.000835498   0.0101876 -0.00348226 -0.00355344  0.00776187  -0.00606992 -0.000608142    -0.012895 0.997256        0        0 0
             129.601  -0.033548 -0.0155514  0.0157296 0.000724619  0.00019192   0.0009467 -0.00993868 -0.00858137  0.00500452 -0.00346458 -0.00355934  0.00776969  -0.00592046 -0.000509432   -0.0128316 0.997251        0        0 7942
             129.601  0.0410435 -0.0469576  0.0277821   0.00133575   0.00133426 -0.000480414 -0.00374035  0.00319422  -0.0108415 -0.00348647 -0.00354969  0.00776631  -0.00600525 -0.000669011   -0.0126216 0.997188        0        0 0
             129.702 -0.00722323  -0.0832508  -0.0239061 0.000341193  0.00124426 -0.00195568  -0.0108599 0.000671212  -0.0160352 -0.00347163 -0.00353834  0.00778654  -0.00590712 -0.000614355   -0.0125654 0.997186        0        0 7856
             129.702  0.0397374 -0.0318428  0.0270441 0.00155582 0.00131703 0.00044573  0.00366966 0.000342078   0.0103403 -0.00348659 -0.00355805  0.00777033   -0.0060881 -0.000615735   -0.0129133 0.996962        0        0 0
             129.802 -0.0048428 -0.0454939  0.0012465  0.00116213 0.000873148  0.00118166 -0.00526557 -0.00516007  0.00639572 -0.00347642  -0.0035526  0.00777873  -0.00599548 -0.000554671   -0.0128753 0.996961        0        0 7912
             129.802 0.0453435 -0.051736 0.0371617  0.00160981 0.000681238 -0.00061304 -7.51508e-05     -0.00739   -0.0131699 -0.00349277 -0.00355067  0.00776718  -0.00606474 -0.000531663   -0.0126165 0.992531        0        0 0
             129.901 -0.0156253 -0.0484595 0.00362648  0.000749405 -0.000305233  -0.00240623 -0.00963873 -0.00932676  -0.0178087  -0.0034726 -0.00355102  0.00778151  -0.00593099 -0.000498517   -0.0125546 0.99253       0       0 7909
             129.901  0.0346732 -0.0375415  0.0471414  0.00143441 0.000130624 3.69639e-05 -0.00167565 -0.00613763  0.00865211 -0.00348816  -0.0035568  0.00776768  -0.00603069 -0.000545471   -0.0129047 0.997829        0        0 0
             130.002 -0.0438792  -0.081646 -0.0116357   0.00114481 -0.000476773   0.00131376 -0.00451304 -0.00525901    0.013593 -0.00346221 -0.00354368  0.00778954  -0.00601437 -0.000545092   -0.0129719 0.997829        0        0 8048
             130.002   0.039978 -0.0445625  0.0267652   0.00127521    0.0013796 -0.000213959 -0.00371786   0.0125177 -0.00282315 -0.00348609 -0.00355498  0.00777797  -0.00602274 -0.000784691    -0.012752 0.99218       0       0 0
             130.102  0.0488112 -0.0369596  0.0235786 -0.000167036   0.00183098  -0.00104034  -0.0146116  0.00549325 -0.00859696 -0.00348029 -0.00356008  0.00778563  -0.00587011 -0.000685534   -0.0126912 0.992177        0        0 8022
             130.102  0.0373619 -0.0301056  0.0406876   0.0014567 0.000478618 0.000328077  0.00483691 -0.00904071  0.00594158 -0.00347921 -0.00356637  0.00777954   -0.0061192 -0.000496914   -0.0128821 0.998012        0        0 0
             130.201 -0.0368796 -0.0603264 0.00776339   0.00116802 -0.000677897  0.000914301 -0.0046596 -0.0112385 0.00441392 -0.00346382 -0.00355501  0.00778906  -0.00600734 -0.000469794   -0.0128852 0.998011        0        0 8071
             130.201  0.0418422 -0.0451814  0.0364615   0.00144278  0.000705771 -0.000267083 -0.00212169  0.00321942 -0.00882037 -0.00348666 -0.00355978  0.00778042  -0.00603977 -0.000665119   -0.0127087 0.993623        0        0 0
             130.302 0.00464321 -0.0975785 -0.0100471 0.000959161  0.00102976 -0.00107603 -0.00566081  0.00335567 -0.00950204 -0.00347296 -0.00354429   0.0077989   -0.0060071 -0.000666468   -0.0127134 0.993623        0        0 8147
             130.302  0.0443805 -0.0386588  0.0432519    0.001617  0.00037169 1.34902e-05  0.00268717 -0.00449492  0.00259748 -0.00348685 -0.00356481  0.00778158  -0.00610878 -0.000569579   -0.0128727 0.997594        0        0 0
             130.402  -0.039336 -0.0487254   0.011448   0.00110861 -0.000546308 -1.85863e-05  -0.00611697  -0.00846175 -0.000455617 -0.00344718 -0.00356161  0.00779943  -0.00598858 -0.000512188   -0.0128238 0.997595        0        0 8010
             130.402  0.0437221 -0.0495135  0.0533505   0.00143458 -0.000252598 -0.000625102 -0.00248512 -0.00608207 -0.00707821 -0.00347326 -0.00356171  0.00778615  -0.00603622 -0.000552024   -0.0127357 0.997061        0        0 0
             130.501 -0.0642685 -0.0272526  -0.003575  0.000335863 -0.000813733  -0.00208628  -0.0131098 -0.00397909  -0.0135358 -0.00344663 -0.00356779  0.00780415  -0.00592102 -0.000554533   -0.0126352 0.997058        0        0 8065
             130.501  0.0383637 -0.0536818  0.0256345   0.00152803   0.00131587 -0.000929628 -0.000153563    0.0158889  -0.00131429 -0.00347639 -0.00356172  0.00779553 -0.00609059 -0.00082172  -0.0127965 0.99429       0       0 0
             130.602  0.0543209  -0.105788 -0.0168664  0.00140307  0.00258772 -0.00100054 -0.00179513   0.0120792 -0.00187781 -0.00347657 -0.00354663  0.00781427  -0.00607422 -0.000785939   -0.0128256 0.994292        0        0 7882
             130.602   0.042529 -0.0331374   0.022091  0.00143932  0.00167657 0.000344073 -0.00041114  0.00258369   0.0107126 -0.00347427 -0.00357041   0.0078015  -0.00608314 -0.000662386   -0.0129914 0.992315        0        0 0
             130.702  0.0264225 -0.0537857 0.00738858 0.000852218 0.000877147 0.000406808 -0.00590727 -0.00779404 -0.00141571 -0.00347093 -0.00356364  0.00780948    -0.006004 -0.000539619   -0.0128612 0.992312        0        0 8033
             130.702  0.0434315 -0.0554022   0.043564    0.0014394  0.000345956 -0.000996049 0.00110242 -0.0134271 -0.0166442 -0.00347728 -0.00356371   0.0077977 -0.00609571 -0.00046922  -0.0126585 0.998099        0        0 0
             130.801 -0.0209181  -0.104837 0.00203187   0.00135122 -0.000892312   -0.0024836 -0.00170606  -0.0124319  -0.0171923 -0.00345969 -0.00354779   0.0078134  -0.00607417 -0.000470161   -0.0126766 0.998099        0        0 7795
             130.801   0.040809 -0.0277405  0.0272494  0.00153128  0.00134215 0.000603027 -0.000117516   0.00832567    0.0151613 -0.00347617 -0.00357393  0.00780611  -0.00608417 -0.000745371   -0.0131045 0.997637        0        0 0
             130.902 -0.0267911 -0.0586521 -0.0167128 0.000849968  0.00140619  0.00151784 -0.00685132 0.000583148  0.00746433 -0.00345755 -0.00356413  0.00782218 -0.00599305 -0.00064031  -0.0130019 0.997635        0        0 8062
             130.902 0.0448201 -0.051879 0.0268531   0.00152181   0.00134339 -0.000838148  0.000921842 -0.000481222   -0.0181636 -0.00348051 -0.00356652  0.00780825  -0.00609588 -0.000634465   -0.0126589 0.992939        0        0 0
             131.002 -0.0274578 -0.0955985 -0.0184581  0.00092124 0.000407354 -0.00296969 -0.00792943 -0.00874711  -0.0206814 -0.00346796 -0.00355057  0.00782222  -0.00599756 -0.000523642   -0.0126119 0.992937        0        0 7889
             131.002  0.0338743 -0.0170816  0.0233213 0.00140719 0.00153692 0.00126934 -0.00216038   0.0016474   0.0255545 -0.00348591 -0.00357837  0.00780925   -0.0060604 -0.000665096   -0.0132232 0.998963        0        0 0
             131.101  -0.0285431  -0.0522888 -0.00377736 0.000450626 0.000642947  0.00286621  -0.0109991 -0.00657205   0.0174768 -0.00346261  -0.0035691  0.00782128  -0.00595838 -0.000529627   -0.0131078 0.998958        0        0 8018
             131.101  0.044547 -0.059066 0.0514839  0.00134949 -0.00014966 -0.00124664 -0.000343451   -0.0148341   -0.0259325 -0.00348722 -0.00356696  0.00780327  -0.00610199 -0.000431291   -0.0125293 0.993243        0        0 0
             131.202  -0.0507393  -0.0585688 -0.00346507 0.000761355  -0.0014837 -0.00442429 -0.00702573  -0.0128568  -0.0311523 -0.00345561 -0.00356687  0.00782363   -0.0060118 -0.000457104   -0.0124774 0.99324       0       0 8007
             131.202  0.0378052 -0.0689999  0.0482731   0.00172987 -2.03339e-06  -0.00165566   0.00367566 -0.000779816  -0.00536271 -0.00348205 -0.00356604  0.00780754 -0.00614865  -0.0006234  -0.0128201 0.99528       0       0 0
             131.302 -0.0178845 -0.0914621  0.0151357   0.00122474 -0.000249575  -0.00252802 -0.00633649 -0.00261907  -0.0107586 -0.00346289 -0.00355927  0.00782253  -0.00602619 -0.000620108   -0.0127891 0.995277        0        0 7965
             131.302  0.0425585 -0.0276525  0.0223802  0.00140003  0.00161282 0.000495023 -0.00449922   0.0143001   0.0171947 -0.00347947 -0.00358097  0.00782088  -0.00604033 -0.000844881   -0.0131582 0.99704       0       0 0
             131.401  -0.0389628 -0.00329427  -0.0330216 -9.02048e-05   0.00219523   0.00151603 -0.0158427  0.0064603 0.00688681 -0.00345367 -0.00358717  0.00784263 -0.00588986 -0.00072068  -0.0130465 0.997037        0        0 7925
             131.401  0.0420852 -0.0485684  0.0213483   0.00141531   0.00159817 -0.000550163   0.00165289 -0.000559059   -0.0155418 -0.00348067 -0.00357435  0.00782492  -0.00612284 -0.000638648   -0.0127476 0.994439        0        0 0
             131.502  -0.0042519   -0.114668 -0.00995436 0.000750046 0.000754194 -0.00212295 -0.00850598 -0.00844218  -0.0166331 -0.00346228 -0.00355393  0.00783909  -0.00601798 -0.000531745   -0.0127287 0.994438        0        0 7863
             131.502  0.0418139 -0.0320096  0.0290479  0.00140403  0.00128461 0.000345685 -0.000579009  -0.00387746    0.0101939 -0.00347633 -0.00358233  0.00782681  -0.00611088 -0.000596673   -0.0130848 0.995619        0        0 0
             131.602  -0.020092 -0.0571161 0.00192094  0.00072038 0.000380354  0.00116044 -0.00769223 -0.00761677  0.00991033 -0.00346302 -0.00357472  0.00783637  -0.00600856 -0.000533183   -0.0130518 0.995617        0        0 7947
             131.602  0.0430754 -0.0523776  0.0282545   0.00141883   0.00122868 -0.000776752 3.82215e-05 0.000653327   -0.011342 -0.00348184 -0.00357669  0.00782826 -0.00611016 -0.00064696  -0.0127687 0.996504        0        0 0
             131.701 -0.0186144  -0.106599 -0.0203554  0.00110925 0.000682935  -0.0021824 -0.00470121  -0.0045446  -0.0121454 -0.00346633 -0.00356091  0.00784417  -0.00607553 -0.000570018   -0.0127553 0.996504        0        0 7940
             131.701  0.0412482 -0.0270531   0.046481  0.00141215 0.000228453 0.000513665 -0.000436946   -0.0100503     0.017503 -0.00348638 -0.00358809  0.00782251  -0.00612046 -0.000506199   -0.0131479 0.99309       0       0 0
             131.802 -0.0245352 -0.0178171  0.0471844  0.000889915 -0.000963678   0.00137334 -0.00523278  -0.0117043  0.00804508 -0.00347085 -0.00359077  0.00782253  -0.00603545 -0.000496372   -0.0130457 0.993087        0        0 8040
             131.802  0.0436695 -0.0563944  0.0548673   0.00131089 -0.000285725  -0.00101447 -0.000927412  -0.00509647     -0.01805 -0.00349155 -0.00357822  0.00782033  -0.00609786 -0.000589274   -0.0126974 0.993194        0        0 0
             131.902 -0.0386793 -0.0594968 0.00876141 0.000491157  -0.0010477 -0.00306155 -0.00980696 -0.00774885  -0.0235125 -0.00345687 -0.00357749  0.00784137  -0.00599879 -0.000564077   -0.0126717 0.993193        0        0 7969
             131.902  0.0468079 -0.0999216   0.064175   0.00150909 -0.000885881  -0.00346202  0.00177194 -0.00701904  -0.0279218 -0.00348409 -0.00356634  0.00782364  -0.00615302 -0.000583122   -0.0126131 0.993976        0        0 0
             132.001 -0.0704422  -0.052014  0.0247594  0.00111721 -0.00164918 -0.00645168 -0.00455331 -0.00628291  -0.0318105 -0.00344292 -0.00358067  0.00784079  -0.00607468 -0.000560796   -0.0125693 0.993975        0        0 8150
             132.001  0.037869 -0.051778  0.028832   0.00136356   0.00119092 -0.000748585 -0.00139014   0.0181052    0.019007 -0.00347392 -0.00358296  0.00784038  -0.00610854 -0.000887048   -0.0132438 0.998966        0        0 0
             132.102 -0.0237236 -0.0171798  -0.028607 4.01199e-06  0.00204581 0.000547316 -0.015198 0.0089759 0.0139529 -0.00346368 -0.00359082  0.00785772  -0.00594366 -0.000772715   -0.0131569 0.998959        0        0 8005
             132.102  0.0426224 -0.0553698  0.0448394  0.00137974 0.000249486 -0.00093553   0.0010717  -0.0101829 0.000198284 -0.00348754 -0.00358053  0.00783364  -0.00616116 -0.000531531   -0.0129727 0.997929        0        0 0
             132.202  -0.0352247  -0.0541878 -0.00176304  0.000679799 -0.000768974  -0.00141624 -0.00856165 -0.00789538 -0.00354009   -0.003464 -0.00358299  0.00785129  -0.00604068 -0.000539369   -0.0129266 0.997927        0        0 8143
             132.202  0.0394114 -0.0365826  0.0451338   0.00134315  0.000214234 -5.31949e-05  -0.0010364 0.000930745   0.0108836 -0.00348646  -0.0035904   0.0078366  -0.00613559 -0.000662168   -0.0131171 0.998164        0        0 0
             132.301 -0.0434965 -0.0457351 -0.0285577 0.000461424 2.16324e-05 0.000139525   -0.0106717 -0.000921382   0.00159427 -0.00346498 -0.00358502  0.00785969  -0.00601914 -0.000629273   -0.0130187 0.998161        0        0 7883
             132.301 0.0421987 -0.059439 0.0532504   0.00145641 -0.000212331  -0.00111439 0.000730664 -0.00393962  -0.0119663  -0.0034929 -0.00358183  0.00783329  -0.00617034 -0.000600359    -0.012837 0.99271       0       0 0
             132.402 -0.0567384 -0.0766673  0.0189547   0.00130136 -0.000531343   -0.0021837 -0.00164047 -0.00410762  -0.0124033  -0.0034626 -0.00357658  0.00784569  -0.0061414 -0.00061577  -0.0128663 0.992709        0        0 8125
             132.402  0.0394228 -0.0279161  0.0249947  0.00144092  0.00152114 0.000481707 -0.000278759    0.0146724    0.0153542 -0.00349045 -0.00359331  0.00784448  -0.00615169 -0.000869839   -0.0132361 0.992857        0        0 0
             132.502   -0.0076802   -0.0123559 -0.000829511 0.000590408  0.00206669    0.001369 -0.0091696 0.00523019 0.00582953 -0.00348336 -0.00359555  0.00785345  -0.00602577 -0.000741437   -0.0131304 0.992854        0        0 7834
             132.502  0.0406364 -0.0508774  0.0221597   0.00147068   0.00158057 -0.000573082  0.000995645 -0.000148452   -0.0153076 -0.00349962 -0.00358406  0.00784592  -0.00616303 -0.000677006   -0.0128495 0.998844        0        0 0
             132.601 -0.0123545  -0.110095  -0.025051  0.00115551  0.00131279 -0.00201931 -0.00403102 -0.00179863   -0.015685 -0.00348809 -0.00356624  0.00786222  -0.00612164 -0.000631711   -0.0128408 0.998843        0        0 8091
             132.601 0.0378914 -0.028513 0.0209733  0.00169793  0.00172258 0.000477099 0.00266364  0.0015509  0.0115182 -0.00350372 -0.00359428  0.00784756  -0.00619834 -0.000681159   -0.0132011 0.99401       0       0 0
             132.702 -0.0340201 -0.0808315 -0.0148639  0.00121664 0.000872023 0.000979046 -0.00641444 -0.00714662   0.0056946 -0.00347852 -0.00357694  0.00786194   -0.0060881 -0.000553888   -0.0131034 0.994007        0        0 7890
             132.702  0.0406093 -0.0455302  0.0361942   0.00145367  0.000765146 -0.000313163 -0.00350477 -0.00860073 -0.00831074 -0.00350253 -0.00358814  0.00784557  -0.00612386 -0.000543604   -0.0129146 0.998767        0        0 0
             132.802   0.010864 -0.0831374  0.0334573 -5.87757e-05 -0.000461433  -0.00148091  -0.0173651  -0.0107624 -0.00981026 -0.00349187 -0.00357667  0.00784943  -0.00595226 -0.000515215   -0.0128872 0.998763        0        0 8055
             132.802  0.0443251 -0.0323794  0.0240597  0.00155296  0.00153149 0.000308397 0.000795679   0.0093693  0.00959383  -0.0034993 -0.00359657  0.00785323  -0.00618084 -0.000778832   -0.0131418 0.99287       0       0 0
             132.901  -0.030398 -0.0567233 -0.0430608  0.00155055  0.00208264 0.000571562 -4.32812e-05   0.00577293   0.00281645  -0.0034715 -0.00359083  0.00787914    -0.006169 -0.000729385   -0.0130708 0.992868        0        0 8085
             132.901  0.0405304 -0.0460237  0.0318904   0.00163466   0.00104867 -0.000458793  0.00143884 -0.00506203 -0.00819753 -0.00349585  -0.0035941  0.00785461  -0.00618824 -0.000597595   -0.0129236 0.996764        0        0 0
             133.001 -0.0337024  -0.098648  -0.029927  0.00127596 0.000239608 -0.00181793 -0.00433561 -0.00882847  -0.0163961 -0.00347751 -0.00357586  0.00787531  -0.00611775 -0.000558989   -0.0128598 0.996761        0        0 8049
             133.001  0.0396057 -0.0339857  0.0430982  0.00155076 0.000425213 0.000220572 -0.000778018  -0.00777228   0.00615096 -0.00350098 -0.00359781  0.00785179    -0.006156 -0.000581915   -0.0131606 0.992531        0        0 0
             133.102 -0.0347727 -0.0466479 -0.0160204 0.000843265  -0.0004069 0.000526557  -0.0079148 -0.00781799 5.96361e-05 -0.00348321 -0.00359339  0.00787196  -0.00606696 -0.000564554    -0.013097 0.992528        0        0 8136
             133.102  0.0398203 -0.0522791  0.0497782   0.00132978 -6.36441e-05 -0.000803756 -0.00261305 -0.00493655  -0.0143661 -0.00350677 -0.00359183   0.0078509  -0.00613849 -0.000611306   -0.0129028 0.996144        0        0 0
             133.201 -0.0448112 -0.0744187 0.00557479  0.000292921 -0.000881644  -0.00202266 -0.0120517 -0.0071418 -0.0124598 -0.00348024 -0.00358448  0.00786815   -0.0060295 -0.000565686   -0.0129129 0.996145        0        0 8068
             133.201  0.0386789 -0.0294346  0.0463132   0.0014462 0.000224981 0.000502589 0.00129474  0.0023675  0.0149664 -0.00350574 -0.00360173  0.00785538   -0.0061969 -0.000698839   -0.0132774 0.993177        0        0 0
             133.301  -0.022331 -0.0156417  0.0173321  0.000625075 -6.26011e-05   0.00113348 -0.00950803 -0.00140881  0.00692913 -0.00349076 -0.00360645  0.00786729  -0.00605601 -0.000636798   -0.0131491 0.993174        0        0 8061
             133.301   0.040735 -0.0476658  0.0288415   0.00148936   0.00119518 -0.000598435 -0.000255043    0.0116201   -0.0123751 -0.00350937 -0.00359675  0.00786398  -0.00618205 -0.000813292   -0.0128903 0.997351        0        0 0
             133.402  0.0282605 -0.0950835 0.00318186 0.000939339  0.00153872 -0.00180671 -0.00663077  0.00338585  -0.0104133  -0.0035074 -0.00358261  0.00787325  -0.00610304 -0.000717049   -0.0129206 0.997351        0        0 8203
             133.402  0.0423689 -0.0281979  0.0318673  0.00159951  0.00107892 0.000560105  0.00175209 -0.00197617   0.0156652  -0.0035126 -0.00360584  0.00786391  -0.00620403 -0.000648807    -0.013269 0.997087        0        0 0
             133.501 -0.0290577 -0.0216512  0.0093005  0.00100868 0.000326521  0.00130846 -0.00659029 -0.00794706  0.00630952 -0.00348808 -0.00360696  0.00787314 -0.00609507 -0.00057512  -0.0131706 0.997082        0        0 8089
             133.501  0.0381848 -0.0431046  0.0281668   0.00141374   0.00123657 -0.000270821 -0.00248494  0.00160303   -0.011272 -0.00350827 -0.00360008  0.00786741  -0.00615229 -0.000706355   -0.0129362 0.994024        0        0 0
             133.601  0.00727762  -0.0585584 -0.00193162  0.00072673 0.000907786 -0.00153402 -0.00766283 -0.00359214  -0.0148792 -0.00349787 -0.00359319  0.00787798  -0.00609008 -0.000638692   -0.0129155 0.994023        0        0 8033
             133.601   0.041162 -0.0271366  0.0318954  0.00139504  0.00110539 0.000572405 0.000319906  -0.0023602   0.0080632 -0.00350861 -0.00360497  0.00786711  -0.00618947 -0.000658786   -0.0132217 0.993009        0        0 0
             133.702  -0.0370021  -0.0365644 -0.00831786  0.00073678 0.000450758  0.00104384 -0.00749034 -0.00579763  0.00308358 -0.00348942 -0.00360098  0.00788131  -0.00608585 -0.000596373   -0.0131672 0.993007        0        0 7990
             133.702  0.0378676 -0.0449055  0.0467052   0.00140534  0.000133272 -0.000372377 0.000330206 -0.00976044  -0.0123302 -0.00351393 -0.00359886  0.00786352  -0.00619084 -0.000553197   -0.0129593 0.993414        0        0 0
             133.801 -0.0686076  -0.063201 -0.0143389 0.000534421  -0.0010808 -0.00181819 -0.0106099 -0.0106801 -0.0147337 -0.00348483 -0.00359268  0.00788434   -0.0060574 -0.000523339   -0.0129259 0.993412        0        0 8000
             133.801  0.0380739 -0.0380245  0.0430193   0.00147936  0.000358996 -5.67214e-05 -8.66593e-05   0.00321168   0.00434768 -0.00351707  -0.0036029  0.00786636  -0.00619072 -0.000716439   -0.0131796 0.993387        0        0 0
             133.901   0.0201377 -0.00564541   0.0355862  0.000314477  0.000508255 -0.000310231  -0.0132322  0.00267771 -0.00245573 -0.00351207 -0.00361331  0.00787153 -0.00601177 -0.00071365  -0.0130853 0.993379        0        0 7952
             133.901  0.0399461 -0.0393151   0.045039   0.00132828  0.000298576 -0.000123301  -0.00152164 -0.000236935 -0.000337667 -0.00351881 -0.00360394  0.00786839  -0.00616831 -0.000677619   -0.0131135 0.993912        0        0 0
             134.002 -0.0342777 -0.0196606  0.0027701  0.000187164 -0.000215001 -0.000646143   -0.013169 -0.00406667 -0.00550547 -0.00349125  -0.0036098  0.00788481  -0.00602073 -0.000621545   -0.0130578 0.99391       0       0 7998
             134.002  0.0367253 -0.0378114  0.0516765   0.00106719 -0.000162058   4.2306e-05 -0.00297182 -0.00445443  0.00199336 -0.00351406 -0.00360533   0.0078691  -0.00615627 -0.000624647   -0.0131584 0.994865        0        0 0
             134.101 0.00200993  -0.116396  0.0321065  0.000944381 -0.000664883  8.06727e-05 -0.000841472  -0.00582974  2.81443e-05 -0.00349466 -0.00358254  0.00788112   -0.0061857 -0.000613397   -0.0131444 0.994866        0        0 7962
             134.101  0.0424557 -0.0493212  0.0533901   0.00123225 -0.000221782  -0.00066376  0.00257624 -0.00175111 -0.00804146 -0.00350709 -0.00360428  0.00787441   -0.0062245 -0.000671202   -0.0130342 0.993395        0        0 0
             134.201 -0.0318562 -0.0751565  0.0143368   0.00124534 -0.000584732  -0.00163847 -0.000471555  -0.00375646   -0.0102461 -0.00348018 -0.00359544  0.00789056  -0.00619149 -0.000642858   -0.0130141 0.993395        0        0 8054
             134.201  0.0412953 -0.0298879  0.0235395 0.00142037 0.00158504 0.00046794 0.000970664   0.0166455   0.0116696 -0.00350119 -0.00361086  0.00788822  -0.00620395 -0.000917332   -0.0133068 0.993561        0        0 0
             134.302 0.00389767 -0.0274776 -0.0130961 0.000839258  0.00237134 0.000682947 -0.00695365  0.00897889 0.000893602 -0.00348702 -0.00361339  0.00790393   -0.0061091 -0.000796137   -0.0131695 0.993558        0        0 8032
             134.302   0.039298 -0.0406802  0.0259131  0.00137141  0.00142976 -0.00015924 -0.000457966 -0.000969778  -0.00809289 -0.00349952 -0.00360961  0.00789113  -0.00619673 -0.000669896   -0.0130482 0.993573        0        0 0
             134.401  -0.022567 -0.0581499 -0.0181562  0.00106664 0.000857124 -0.00146251  -0.0036068 -0.00469671   -0.013784 -0.00348602 -0.00360327  0.00790453 -0.00615768 -0.00060901   -0.012976 0.993571        0        0 8041
             134.401   0.038853 -0.0292863  0.0261348  0.00128039  0.00143657 0.000519843 -0.00112303 0.000489654  0.00783718  -0.0035051 -0.00361357  0.00789044  -0.00618544 -0.000684152   -0.0132652 0.993417        0        0 0
             134.501  -0.042027 -0.0361052 -0.0199922 0.000503678  0.00053496 0.000538796  -0.00872412  -0.00822546 -0.000519649 -0.00347593 -0.00361278  0.00791014  -0.00609248 -0.000570042   -0.0131559 0.993413        0        0 7906
             134.501   0.040721 -0.0469747  0.0245699   0.00133642   0.00148332 -0.000507067 0.000493532 0.000762208  -0.0120424 -0.00350141 -0.00361006  0.00789605   -0.0062156 -0.000697009   -0.0130005 0.996705        0        0 0
             134.602 0.000111918  -0.0552072   0.0126126  0.00115942  0.00103047 -0.00164819 -0.00187012 -0.00483822  -0.0116331 -0.00349164 -0.00360725  0.00790072  -0.00618263 -0.000624374   -0.0130158 0.996706        0        0 7980
             134.602  0.0390277 -0.0311662  0.0395341  0.00150644 0.000650843 0.000380767  0.00256316 -0.00936717   0.0106725 -0.00350465 -0.00361611  0.00789196  -0.00623647 -0.000569616   -0.0133149 0.992821        0        0 0
             134.701 -0.0445676 -0.0553057 -0.0102384    0.0010853 -0.000582404  0.000666944 -0.00528145  -0.0123871  0.00176385 -0.00347928  -0.0036078  0.00791027  -0.00614293 -0.000533273   -0.0132082 0.992819        0        0 7833
             134.701  0.0407872 -0.0448695  0.0251167   0.00158854   0.00145652 -0.000344573 -0.000302163   0.00728364  -0.00958092 -0.00350416 -0.00361145  0.00789949  -0.00620821 -0.000799538   -0.0130553 0.992606        0        0 0
             134.801  -0.0114564  -0.0787207 -0.00179906  0.00129252  0.00161724 -0.00127314 -0.00362866  0.00210159 -0.00898986 -0.00349086 -0.00360087  0.00790943  -0.00617338 -0.000717168   -0.0130671 0.992607        0        0 7857
             134.801   0.03724   -0.0262 0.0261525  0.00149771  0.00144489 0.000693981 -0.000814413 -0.000306447    0.0124863 -0.00350688 -0.00361878  0.00790034   -0.0062031 -0.000691174   -0.0133543 0.99307       0       0 0
             134.902 -0.000462396   -0.0175605  -0.00512948 0.000408137 0.000836254  0.00120041  -0.0125834 -0.00487891  0.00455001 -0.00349561 -0.00362106  0.00791307  -0.00605101 -0.000618498    -0.013255 0.993067        0        0 7889
             134.902  0.0415428 -0.0504042  0.0246978   0.00147316    0.0014636 -0.000607896 -0.000675848    0.0010018   -0.0152051 -0.00350838 -0.00361138  0.00790366  -0.00621291 -0.000700605   -0.0129884 0.997392        0        0 0
             135.001 -0.0269705  -0.058549 -0.0335291 0.000679826    0.001011 -0.00192875 -0.00875296  -0.0033972  -0.0128099 -0.00348389 -0.00361001  0.00792543  -0.00611141 -0.000623884   -0.0130136 0.997391        0        0 7922
             135.001  0.0356019 -0.0334713  0.0398341   0.0012004 0.000539845 0.000184379 -0.00223555 -0.00919697  0.00975991 -0.00350479  -0.0036196  0.00790159    -0.006192 -0.000556054   -0.0133154 0.998311        0        0 0
             135.101 -0.0393442 -0.0588843 0.00263035   0.00016668 -0.000638712   0.00117345 -0.0117523 -0.0116394 0.00901322  -0.0034803 -0.00361152  0.00791637  -0.00606513 -0.000534442   -0.0133147 0.99831       0       0 7981
             135.101  0.0435302 -0.0536543  0.0505229   0.00125916 -7.76569e-05 -0.000891291 0.000556634 -0.00676136  -0.0135741 -0.00350641 -0.00361407  0.00790105  -0.00622848 -0.000607698   -0.0130092 0.99273       0       0 0
             135.202   -0.0580973   -0.0290275 -0.000999672   0.00117522 -0.000747014  -0.00194022 -0.00111707 -0.00660882  -0.0102765 -0.00347518  -0.0036223  0.00791934  -0.00621431 -0.000600487   -0.0130466 0.992731        0        0 8153
             135.202  0.0409525 -0.0890465  0.0615376   0.00183208 -0.000702223  -0.00288553  0.00616267 -0.00686882  -0.0206281 -0.00350705 -0.00360359  0.00789921   -0.0063172 -0.000608578   -0.0129078 0.994257        0        0 0
             135.301  -0.0867708   -0.048724 -0.00176203 0.000999013 -0.00175757 -0.00589123  -0.0110439 -0.00912946  -0.0283155  -0.0034702 -0.00361482  0.00792033  -0.00609996 -0.000568771   -0.0127983 0.994255        0        0 8031
             135.301  0.0391186 -0.0687518  0.0490993  0.00161055 3.25082e-06 -0.00167333 -0.00375014  0.00499878  0.00947905 -0.00350881 -0.00361045  0.00790442  -0.00619203 -0.000767114   -0.0133051 0.995101        0        0 0
             135.401 -0.0133339 -0.0712901 0.00650582  0.000484958  0.000172999 -0.000857248  -0.012523 0.00300666 0.00958037 -0.00349129 -0.00361046  0.00792015  -0.00608844 -0.000735161   -0.0133083 0.995101        0        0 8009
             135.401  0.0395029 -0.0361353  0.0225269  0.00165537  0.00166412 8.45845e-05 -4.60242e-05    0.0160371    0.0179106 -0.00350679 -0.00362354  0.00791535 -0.00624785 -0.00091121  -0.0134179 0.996474        0        0 0
             135.502  0.00900846 -0.00940741  0.00644428 0.000363852   0.0018583 0.000542996 -0.0145292 0.00272858 0.00318073 -0.00350118 -0.00363155  0.00792135 -0.00605543 -0.00073208  -0.0132442 0.99647       0       0 8227
             135.502  0.0368867 -0.0403235  0.0433103   0.00137372  0.000372805 -0.000221776 -0.00230273  -0.0129572  -0.0048929 -0.00351188 -0.00362278   0.0079091  -0.00621996 -0.000529327    -0.013135 0.997787        0        0 0
             135.601   -0.0107581    -0.079847 -0.000209305  0.000914219 -0.000812563 -0.000579724 -0.00501153   -0.011959  -0.0054442 -0.00349718 -0.00361022  0.00792524  -0.00618739 -0.000545081   -0.0131541 0.997786        0        0 7924
             135.601  0.0406548 -0.0364047  0.0281634 0.00131565 0.00130304 0.00012625 -0.000952841   0.00852509   0.00201166 -0.00351107 -0.00362493  0.00791672  -0.00623579 -0.000818838   -0.0132526 0.992885        0        0 0
             135.701 -0.0155013 -0.0294066 0.00161325  0.000726993   0.00103963 -0.000451427 -0.00592111 -0.00267399  -0.0076597 -0.00349564 -0.00362714  0.00792737   -0.0061737 -0.000668879   -0.0131291 0.992882        0        0 8035
             135.701  0.0390201 -0.0329097   0.023377  0.00142031  0.00162122 0.000255082   0.00194746   0.00251936 -0.000247735 -0.00351262 -0.00362717  0.00792049  -0.00627695 -0.000742908   -0.0132282 0.993421        0        0 0
             135.802 -0.0282078 -0.0159925  -0.028995  0.000861113   0.00134988 -0.000547223 -0.00674538 -0.00224548 -0.00872856 -0.00349383 -0.00363027  0.00793842  -0.00616422 -0.000673408   -0.0131026 0.993418        0        0 7830
             135.802  0.0400205 -0.0376005  0.0225181  0.00133827  0.00161043 8.60259e-06  -0.00138134 -0.000298961  -0.00272654  -0.0035155 -0.00362412  0.00792193  -0.00623671 -0.000707187   -0.0131837 0.99836       0       0 0
             135.901 -0.0117202 -0.0895868 0.00166907   0.00138086  0.000958908 -0.000666545 0.000630229 -0.00572132  -0.0054727 -0.00350438 -0.00360917   0.0079301  -0.00627372 -0.000619551   -0.0131318 0.998362        0        0 7959
             135.901  0.0387499 -0.0283263  0.0196782   0.0015765  0.00177108 0.000484786 0.00297384 0.00203954 0.00710156  -0.0035197 -0.00362958  0.00792453  -0.00629716 -0.000726789    -0.013299 0.994266        0        0 0
             136.001 -0.0311132 -0.0660354 -0.0313349  0.00128511  0.00115689 0.000199214 -0.00432872 -0.00471968 -0.00213574 -0.00350319 -0.00361711  0.00794069  -0.00620852 -0.000624226   -0.0131846 0.994261        0        0 7861
             136.001 0.0433782 -0.049621 0.0457403   0.00130568  0.000253963 -0.000579031 -0.00363265  -0.0142333  -0.0101713 -0.00352825 -0.00362222  0.00791556 -0.00621687 -0.00050887   -0.013076 0.997423        0        0 0
             136.102 -0.0596396 -0.0537852 -0.0153638 0.000422023 -0.00161887 -0.00189278 -0.00946929  -0.0176456  -0.0135988 -0.00350059 -0.00362135  0.00793496 -0.00614036 -0.00046014  -0.0130529 0.997423        0        0 8139
             136.102   0.036782 -0.0335786  0.0483365  0.00175743 0.000111003 0.000246137 0.00558638 -0.0020685 0.00947415 -0.00352992 -0.00363001  0.00791489  -0.00633512 -0.000676313   -0.0133626 0.994069        0        0 0
             136.201 -0.0820909 -0.0747092 -0.0256634   0.00164089 -0.000651331  0.000465705  -0.00147871  -0.00710335 -0.000252199 -0.00349199  -0.0036157  0.00794095  -0.00623766 -0.000604128   -0.0132559 0.994073        0        0 7907
             136.201 0.0420369 -0.050127 0.0110496   0.00174863   0.00230025 -0.000665702 -0.0016075  0.0208515 -0.0130635 -0.00352875 -0.00362333  0.00792984  -0.00623497 -0.000983895   -0.0130828 0.99228       0       0 0
             136.301 -0.0295026 -0.0918275 -0.0405181  0.00124825  0.00274227 -0.00221021 -0.00517273  0.00475523  -0.0178286 -0.00350427 -0.00361016  0.00795067  -0.00620933 -0.000771205    -0.013033 0.992272        0        0 8033
             136.301  0.0374083 -0.0259536  0.0317911  0.00163799  0.00113188 0.000607842 0.000677197  -0.0113823       0.013  -0.0035277 -0.00363286  0.00792683  -0.00627705 -0.000567576   -0.0134472 0.992424        0        0 0
             136.402 -0.0326299 -0.0125094  0.0109845  0.000646433 -0.000388296   0.00148309  -0.011169  -0.014097 0.00827244 -0.00350198 -0.00363715  0.00793887  -0.00611228 -0.000511032   -0.0133704 0.99242       0       0 8073
             136.402  0.0414949 -0.0511938  0.0235626  0.00159908  0.00153042 -0.00072378 -0.00126748  0.00607038  -0.0162362  -0.0035237 -0.00362514  0.00793534  -0.00624922 -0.000784753   -0.0130386 0.993487        0        0 0
             136.501 -0.00748231   -0.118511  -0.0170189   0.0010607  0.00122899 -0.00257936 -0.00749945 -0.00197029   -0.016775 -0.00351032 -0.00360524  0.00794902  -0.00620189 -0.000671764     -0.01302 0.99349       0       0 7919
             136.501  0.0383844 -0.0289984  0.0403709  0.00158519 0.000636792 0.000606749 -0.000493852  -0.00900125    0.0183045 -0.00352596 -0.00363586  0.00793034  -0.00628142 -0.000585794   -0.0134886 0.993798        0        0 0
             136.601 -0.0370024 -0.0416594 -0.0143436   0.00082786 -0.000630185   0.00178894 -0.00812054   -0.011267   0.0120901  -0.0034983 -0.00363295  0.00794981   -0.0061667 -0.000547163   -0.0134196 0.993798        0        0 7934
             136.601 0.0409923 -0.067516 0.0483828  0.00165382 0.000125473 -0.00170518 0.000907308 -0.00398053  -0.0259351 -0.00352278 -0.00362477   0.0079297  -0.00629167 -0.000652299    -0.012907 0.993265        0        0 0
             136.702 -0.0167319  -0.151586 0.00795564  0.000959347 -0.000702291  -0.00433135 -0.00887647 -0.00897202  -0.0270999 -0.00350845 -0.00359675  0.00794267  -0.00618407 -0.000600089   -0.0129178 0.993263        0        0 7959
             136.702 0.0367473  -0.01506 0.0253058 0.00147456 0.00150258 0.00131924 -0.00280621   0.0126438    0.033167 -0.00352341  -0.0036428  0.00793765  -0.00624512 -0.000891314   -0.0137303 0.993545        0        0 0
             136.801  -0.0260422 0.000429515   0.0104786 -8.35862e-06   0.00153088   0.00379712  -0.0155851 0.000619325   0.0217611 -0.00350473 -0.00364585  0.00794438  -0.00606208 -0.000733733   -0.0135969 0.993542        0        0 8022
             136.801 0.0357492 -0.036314 0.0328543  0.00142696 0.000998732 0.000125836  0.00109631 -0.00531139  -0.0181194 -0.00352533 -0.00363493    0.007937  -0.00628813 -0.000662707   -0.0130598 0.992695        0        0 0
             136.901  -0.0210869  -0.0619113 -0.00449208 0.000809432 5.76949e-05 -0.00163206 -0.00748949 -0.00890671  -0.0175328 -0.00351379 -0.00362543  0.00794929  -0.00618312 -0.000600628   -0.0130492 0.992693        0        0 7895
             136.901    0.03923 -0.0376061  0.0446475  0.00120658  0.00027066 1.07371e-06  -0.00272369  -0.00758389 -0.000190876 -0.00353312 -0.00363412  0.00793345  -0.00624179 -0.000625231   -0.0132821 0.993158        0        0 0
             137.002 -0.0374408  -0.035994  0.0404621   0.00088647 -0.000532349 -0.000230094  -0.00360617  -0.00682795 -3.92528e-05 -0.00350939 -0.00363677  0.00793783  -0.00623883 -0.000620525   -0.0132576 0.993158        0        0 8183
             137.002  0.0424213 -0.0371196  0.0424498   0.00129612  0.000440931 -5.71208e-05 0.000743954  0.00210323  0.00154909 -0.00353412 -0.00363688  0.00793743   -0.0062963 -0.000746377   -0.0132786 0.992688        0        0 0
             137.101 -0.0670889 -0.0200324  -0.028356  0.000500518  4.72069e-05 -0.000692396 -0.00949025 -0.00215891 -0.00515235 -0.00350002 -0.00364296  0.00796223  -0.00615867 -0.000680564   -0.0131947 0.992687        0        0 7952
             137.101  0.0373494 -0.0456331  0.0479603   0.00143279  0.000112009 -0.000432478  0.00126132 -0.00261091 -0.00232813  -0.0035338 -0.00363606  0.00793754  -0.00630237 -0.000687034   -0.0132323 0.993426        0        0 0
             137.201  -0.0454304  -0.0389729 -0.00575327  0.000824117 -0.000428745 -0.000828152 -0.00726243 -0.00471341 -0.00469521 -0.00351417 -0.00363818   0.0079541  -0.00619269 -0.000658594   -0.0132356 0.993425        0        0 8188
             137.201  0.0368095 -0.0399176  0.0467093   0.00141312  0.000195331 -0.000125207 -0.000627429  0.000525884   0.00288925 -0.00354021 -0.00363875  0.00793724  -0.00627992 -0.000737152   -0.0133375 0.993941        0        0 0
             137.302  -0.0168272  -0.0730327 -0.00397461  0.000699623  1.52221e-05 -6.71199e-05 -0.00811572  -0.0022166  -0.0021922 -0.00352442  -0.0036282  0.00795502  -0.00618483 -0.000701868    -0.013302 0.993939        0        0 8017
             137.302  0.0448813 -0.0447059  0.0465984   0.00145041  0.000273576 -0.000381878  0.000549751 -0.000178382  -0.00557695 -0.00354409 -0.00363812  0.00793878  -0.00629704 -0.000736216   -0.0132546 0.996715        0        0 0
             137.401  -0.0422454  -0.0278759 -0.00173884  0.000552938 -0.000115963  -0.00107107  -0.0100497 -0.00387364 -0.00909128 -0.00351259 -0.00364264  0.00795962  -0.00615801 -0.000681274   -0.0132141 0.996712        0        0 8150
             137.401  0.0355293 -0.0423032  0.0425437   0.00159946  0.000410113 -0.000225966  0.00192568 0.000592765  0.00014221 -0.00353719  -0.0036396  0.00794543 -0.00631644 -0.00074887  -0.0133379 0.993549        0        0 0
             137.501 -0.0772513 -0.0219961 -0.0365249  0.000815443 -0.000177408 -0.000863649  -0.0091052 -0.00430105 -0.00673119 -0.00349954 -0.00364607  0.00797464  -0.00617423 -0.000661383   -0.0132269 0.99355       0       0 7926
             137.501  0.0393438 -0.0521112  0.0433493   0.00174259  0.000341292 -0.000745974   0.00128067 -0.000359895  -0.00550123 -0.00353685 -0.00363738  0.00794885  -0.00631455 -0.000726984   -0.0132433 0.993709        0        0 0
             137.602 0.00178345 -0.0695584  0.0284117   0.00100383 -5.82898e-05  -0.00165257 -0.00899518  -0.0021318 -0.00734918 -0.00351715 -0.00363372  0.00795941  -0.00618935 -0.000691119   -0.0132029 0.993705        0        0 8110
             137.602  0.0386182 -0.0324745  0.0495014  0.00139701 0.000112058 0.000266372 -0.00427703 -0.00143812   0.0127733 -0.00352893 -0.00364659  0.00795265  -0.00624604 -0.000704433   -0.0134743 0.993837        0        0 0
             137.701  -0.0756606  -0.0017505 -0.00213011 -0.000286171 -0.000741889  0.000320997  -0.0192115 -0.00663138  0.00109709 -0.00350109  -0.0036552  0.00796815  -0.00605003 -0.000625877   -0.0133226 0.993835        0        0 7908
             137.701  0.0337301 -0.0475734  0.0238131   0.00135567   0.00146269 -0.000430743  -0.0012372   0.0141255 -0.00743511 -0.00353406 -0.00364228  0.00796032  -0.00629239 -0.000910506   -0.0132067 0.993777        0        0 0
             137.801   0.0013205  -0.0729837 0.000780252 0.000511074  0.00182845 -0.00165462 -0.00871386  0.00362585  -0.0129303  -0.0035229 -0.00363544  0.00797143  -0.00618833 -0.000781505   -0.0131604 0.993776        0        0 8101
             137.801  0.0388046 -0.0298782   0.031484  0.00148833     0.00112 0.000384693 0.00331333 -0.0044388 0.00953597 -0.00353582 -0.00365109  0.00796132  -0.00634088 -0.000679631    -0.013462 0.996784        0        0 0
             137.902 -0.0527737 -0.0725261 -0.0313094  0.00139015 0.000164501 0.000849231 -0.00131326  -0.0103127  0.00183609 -0.00351033 -0.00363514  0.00798219  -0.00627897 -0.000602502   -0.0133893 0.996782        0        0 8122
             137.902  0.0390026 -0.0536008  0.0221056 0.00156135 0.00161511 -0.0008061 -3.59007e-05   0.00495428   -0.0165337 -0.00353849 -0.00364096  0.00796529 -0.00629557 -0.00081495  -0.0131397 0.992853        0        0 0
             138.001  -0.038553  -0.069269 -0.0172619 0.000786482  0.00113529 -0.00278876 -0.00848687 -0.00425222  -0.0220865 -0.00352268 -0.00363446  0.00797795  -0.00619424 -0.000680766   -0.0130761 0.992852        0        0 8063
             138.001  0.0339863 -0.0307046  0.0154074  0.00133863  0.00195341 0.000381216 -0.00190791   0.0029726   0.0114864 -0.00354547  -0.0036485  0.00796749   -0.0062738 -0.000784008    -0.013528 0.998018        0        0 0
             138.101 -0.00918881 -0.00230929  -0.0129938  0.00069164  0.00154992 0.000775433 -0.00708099 -0.00290727   0.0046338 -0.00352768 -0.00365912  0.00798119  -0.00620299 -0.000690807   -0.0133958 0.998015        0        0 8122
             138.101  0.0436333 -0.0475821  0.0401886   0.00122184  0.000524015 -0.000538791 -0.000882808   -0.0137382  -0.00919636  -0.0035458 -0.00364474  0.00796371 -0.00629094 -0.00055462  -0.0132092 0.994289        0        0 0
             138.202  -0.0287422  -0.0940962 -0.00361783  0.00058876 -0.00105793 -0.00170589 -0.00791006  -0.0144498  -0.0097638    -0.00352 -0.00363198   0.0079809  -0.00621342 -0.000542481   -0.0131905 0.994289        0        0 8072
             138.202  0.0422343 -0.0292708  0.0284674  0.00151972  0.00132434 0.000413394 0.00236605  0.0079607  0.0129928 -0.00354069  -0.0036543   0.0079711  -0.00634091 -0.000846333    -0.013496 0.99252       0       0 0
             138.301 -0.0363211 -0.0538772 -0.0263207  0.00118665  0.00125222 0.000930633  -0.00383852 -0.000379509   0.00478387 -0.00351271 -0.00364686  0.00799197 -0.00625104 -0.00073769  -0.0134006 0.992517        0        0 8030
             138.301 0.0463264 -0.050482 0.0267877   0.00142141    0.0013402 -0.000683355 -0.00119734 0.000128522  -0.0128391 -0.00353928 -0.00364776  0.00797486  -0.00628709 -0.000753957   -0.0131624 0.993324        0        0 0
             138.401  0.0240583 -0.0862563  0.0148512 0.000956056 0.000696857 -0.00211493 -0.00514475 -0.00710066  -0.0165581 -0.00353484 -0.00363615  0.00798078  -0.00625151 -0.000663759    -0.013151 0.993324        0        0 8123
             138.401  0.0401481 -0.0255956  0.0314951  0.00162278  0.00114064 0.000654279  0.00289768 -0.00332608   0.0137525 -0.00353964 -0.00365734  0.00797549  -0.00634904 -0.000715503   -0.0135588 0.993001        0        0 0
             138.502 -0.0468372 0.00471924 -0.0132322  0.00101303 0.000190368  0.00138354 -0.00698168 -0.00907758  0.00512458 -0.0035172 -0.0036659 0.00799062   -0.0062101 -0.000619745   -0.0134492 0.992996        0        0 8197
             138.502  0.0378399 -0.0504056  0.0204326   0.00143191   0.00174557 -0.000680946 -0.00325161  0.00732731  -0.0178653 -0.00354283 -0.00364801  0.00798017  -0.00626717 -0.000845933   -0.0131387 0.998309        0        0 0
             138.601  0.0456565  -0.065288 0.00576706 0.000455083   0.0016409  -0.0026159  -0.0111124 -0.00058936  -0.0195565  -0.0035421 -0.00364399  0.00798928  -0.00617752 -0.000738553   -0.0131037 0.998309        0        0 8120
             138.601  0.0373248 -0.0234887  0.0400749  0.00149996 0.000624916  0.00077351 0.00199896 -0.0116174  0.0179412 -0.00354061 -0.00365983  0.00797791  -0.00634272 -0.000593427   -0.0136078 0.993331        0        0 0
             138.701 -0.0850651 -0.0324098 0.00562616 0.000674455 -0.00109413  0.00188259 -0.00959035  -0.0153445   0.0114725 -0.00350494 -0.00365762  0.00798966  -0.00618613 -0.000523297   -0.0135066 0.993329        0        0 7981
             138.701  0.0429586 -0.0546721  0.0280305   0.00146367   0.00122475 -0.000967279 -0.00179131  0.00891253  -0.0202762 -0.00354393 -0.00365046  0.00798299  -0.00629441 -0.000856979   -0.0130764 0.996016        0        0 0
             138.802 -0.0317255 -0.0404204 -0.0373051 0.000713245  0.00118643 -0.00319832   -0.0082136 -4.90347e-05   -0.0217616 -0.00352133  -0.0036559  0.00800623  -0.00621219 -0.000741427   -0.0130632 0.996016        0        0 8029
             138.802  0.0432632 -0.0955064  0.0493076   0.00190173 -5.91544e-05  -0.00323515 0.00596346 -0.0137444  -0.022004  -0.0035468 -0.00363958  0.00797801  -0.00640576 -0.000570026   -0.0130601 0.998332        0        0 0
             138.901 -0.00498848   -0.134431   0.0467857  0.00199589  -0.0012607 -0.00532891 -0.00107127  -0.0122914  -0.0218153 -0.00352992 -0.00362747  0.00798086  -0.00634419 -0.000599635   -0.0130856 0.998329        0        0 7936
             138.901  0.0434805 -0.0441349  0.0254837    0.0012648   0.00145716 -0.000405109 -0.00921699    0.011553   0.0218642 -0.00354305  -0.0036567  0.00798837   -0.0062211 -0.000917393   -0.0136732 0.993429        0        0 0
             139.001  -0.056149  0.0130549 -0.0401878 -0.000431542   0.00139208    0.0010974   -0.0170972 -0.000386602    0.0143249 -0.00351423 -0.00367396  0.00801129 -0.00610198 -0.00074451  -0.0135855 0.993429        0        0 8047
             139.001  0.0407771 -0.0562623  0.0214989   0.00132764   0.00166735 -0.000965766  0.00284598  0.00139338 -0.00740091 -0.00354544 -0.00365281  0.00799133  -0.00637477 -0.000779127    -0.013291 0.998215        0        0 0
             139.102  0.0164355 -0.0930571 -0.0103377  0.00129728   0.0010833 -0.00209696 -0.000737177   -0.0064723   -0.0121812 -0.00354351 -0.00364072  0.00800184   -0.0063395 -0.000681674   -0.0132343 0.998215        0        0 7904
             139.102  0.0395657 -0.0259568  0.0395462  0.00137082 0.000671905 0.000553508 0.000871073  -0.0110907   0.0169489 -0.00355137 -0.00366309  0.00798566  -0.00635184 -0.000624306   -0.0136284 0.993101        0        0 0
             139.201 -0.0742905 -0.0315343 -0.0209215    0.0010151 -0.000741466   0.00163103 -0.00418529  -0.0123345  0.00978907 -0.00351792 -0.00366161  0.00800764 -0.00628004 -0.00058024  -0.0135341 0.9931      0      0 8061
             139.201  0.0396548 -0.0703852  0.0478763  0.00164551 7.63377e-05 -0.00183084 0.00245219 -0.0045485 -0.0281839 -0.00355393 -0.00364884  0.00798558  -0.00637524 -0.000696383   -0.0130204 0.993031        0        0 0
             139.301  -0.111411 -0.0897127 -0.0340101   0.00174094 -0.000770745  -0.00475251 -0.000151422  -0.00702769   -0.0297597 -0.00350955  -0.0036438  0.00801227  -0.00636938 -0.000646975   -0.0130081 0.993035        0        0 7942
             139.301 0.0429972  -0.10382  0.059175  0.00186831 -0.00063111 -0.00367071   0.0012725 -0.00691597  -0.0183415 -0.00355958 -0.00363957  0.00798206  -0.00638862 -0.000666603   -0.0131629 0.994231        0        0 0
             139.402 -0.0544609 -0.0932213  0.0101214 0.00163185 -0.0014272 -0.0050849 -0.00245264 -0.00753323    -0.01469 -0.00352775 -0.00364329  0.00800011  -0.00633095 -0.000663335   -0.0132155 0.99423       0       0 8133
             139.402  0.0403569 -0.0746881  0.0529832   0.00152301 -0.000181064  -0.00204861 -0.00373988  0.00226834   0.0120221 -0.00355755  -0.0036498  0.00798662  -0.00630791 -0.000803409   -0.0135773 0.998858        0        0 0
             139.501  -0.0217226  -0.0623464 -0.00092876  0.000511304 -0.000289162  -0.00159605   -0.0118575 -0.000628805   0.00511645 -0.00353257 -0.00365375  0.00800961  -0.00622329 -0.000768213   -0.0134925 0.998855        0        0 7936
             139.501  0.0393469 -0.0313859  0.0236737  0.00132835  0.00150856 0.000301127 -0.00255738   0.0153969   0.0219314 -0.00355078 -0.00366504    0.008002  -0.00634107 -0.000986402   -0.0137181 0.993654        0        0 0
             139.601 -0.0255585 0.00162527  -0.036655 0.000141451  0.00180888  0.00178473 -0.0121266 0.00351852  0.0152948 -0.00353262 -0.00367664  0.00802365  -0.00620908 -0.000809641   -0.0136273 0.993651        0        0 8036
             139.601  0.0420611 -0.0517875  0.0216025   0.00143734   0.00156986 -0.000805478  0.00270255 0.000326264  -0.0129747 -0.00355474 -0.00366008  0.00800473  -0.00641181 -0.000775328   -0.0132443 0.992806        0        0 0
             139.702 -0.0076221 -0.0550857 -0.0180571 0.000562526 0.000579784 -0.00302434  -0.0108211 -0.00958419   -0.023397 -0.00353911 -0.00365774  0.00801925 -0.00623856 -0.00064882  -0.0131192 0.992802        0        0 7941
             139.702  0.0423034 -0.0935508   0.059901   0.00143094 -0.000608852  -0.00315201 -0.000345057   -0.0224428   -0.0246473 -0.00355632 -0.00364624  0.00799384   -0.0063816 -0.000485667   -0.0131024 0.99932       0       0 0
             139.801  -0.112542 -0.0422241 0.00582545 0.000887267 -0.00276269  -0.0055125 -0.00685472  -0.0196931  -0.0245052 -0.00350834 -0.00366317  0.00801402  -0.00631176 -0.000491019   -0.0131187 0.999318        0        0 7912
             139.801  0.0471555 -0.0679818  0.0547699   0.00167032 -0.000277447  -0.00170346 0.00208265 0.00154444 0.00915745 -0.00355781 -0.00365654  0.00799872  -0.00642743 -0.000788294   -0.0135734 0.996242        0        0 0
             139.901  -0.041454 -0.0329533 0.00868545  0.00111891 -0.00055268 -0.00179591  -0.00599878  -0.00148582 -0.000692002 -0.00353571 -0.00366735  0.00801323  -0.00632118 -0.000747584   -0.0134522 0.996235        0        0 7903
             139.901  0.0389005 -0.0696463  0.0269157  0.00169347  0.00131743 -0.00178658 -0.000869066    0.0152358  -0.00148824 -0.00356028 -0.00365603   0.0080077  -0.00639281 -0.000976752   -0.0134416 0.994648        0        0 0
             140.002  0.0260433 -0.0736135 -0.0115337 0.000707429  0.00198538 -0.00147963 -0.0109223 0.00590481 0.00172687 -0.00355483 -0.00365541  0.00802326  -0.00626776 -0.000868456   -0.0134955 0.994648        0        0 7938
             140.002  0.0352419 -0.0265771  0.0399441  0.00147356 0.000561884 0.000654643 -0.000837755  -0.00933676     0.022147 -0.00355897 -0.00367172  0.00800636  -0.00639481 -0.000668444   -0.0137709 0.993677        0        0 0
             140.101 -0.0493276 -0.0184509 0.00899427  0.000796429 -0.000672543    0.0020003 -0.00809869  -0.0110713   0.0127912 -0.00352501 -0.00367474  0.00802181 -0.00630514 -0.00062793  -0.0136405 0.993677        0        0 7935
             140.101  0.0397947 -0.0514841  0.0529501    0.0011504 -0.000194631  -0.00071947 -0.00449248 -0.00659502  -0.0169044 -0.00355333 -0.00366379  0.00800773  -0.00635765 -0.000696948   -0.0132388 0.992837        0        0 0
             140.201 -0.0179994 -0.0850945   0.024089  0.000616916 -0.000691723  -0.00211256 -0.00603768  -0.0045892  -0.0125056 -0.00353383  -0.0036546  0.00802075  -0.00634734 -0.000711601   -0.0132891 0.992837        0        0 8068
             140.201    0.04306 -0.0297023  0.0265582  0.00128073  0.00146978 0.000423436 0.00115647  0.0174127    0.01513  -0.0035518 -0.00367363  0.00802039 -0.00643481 -0.00100857  -0.0136612 0.991597        0        0 0
             140.302 -0.0610905  0.0047112 -0.0350368 0.000375298  0.00195111  0.00114344 -0.0101737 0.00578536 0.00790991 -0.00352143  -0.0036853   0.0080429  -0.00627516 -0.000853292   -0.0135654 0.991593        0        0 8180
             140.302  0.0398559 -0.0540472   0.043363    0.0015849  0.000379789 -0.000887745 0.00428447 -0.0109636   -0.01336 -0.00355528  -0.0036671  0.00801728  -0.00647565 -0.000643449   -0.0132764 0.994161        0        0 0
             140.401 -0.0290422 -0.0414131  0.0248132   0.00159999 -0.000629262  -0.00250292 -0.00040032  -0.0090765   -0.017299 -0.00353021 -0.00367283  0.00802633  -0.00641714 -0.000655956   -0.0132447 0.994159        0        0 8015
             140.401  0.0343917 -0.0403622  0.0324186   0.00150012  0.000991105 -0.000123612 -0.00197938  0.00596314  0.00837743 -0.00354932 -0.00367358   0.0080242  -0.00639409 -0.000861486   -0.0135928 0.994368        0        0 0
             140.501  0.0208649 -0.0384489 0.00369185 0.000378071  0.00094243 0.000205545   -0.0126906 -0.000925189   0.00132185 -0.00354671 -0.00367365  0.00803483   -0.0062655 -0.000777739   -0.0135237 0.994363        0        0 8141
             140.501  0.0424897 -0.0435693  0.0507101   0.00133928  2.34277e-05 -0.000315371 -0.00124828  -0.0113458  -0.0032505 -0.00355461 -0.00367287   0.0080194  -0.00641828 -0.000643165    -0.013461 0.997317        0        0 0
             140.602 -0.0345944 -0.0297249 -0.0283651  0.000733735  -0.00059793 -0.000769664 -0.00681051 -0.00631127 -0.00592266 -0.00352947 -0.00367734  0.00804719  -0.00633885 -0.000710643   -0.0134236 0.997313        0        0 8109
             140.602 0.0410625 -0.041391 0.0425069   0.00154233  0.000434515 -0.000252658   0.00216636     0.002949 -0.000448552 -0.00355314 -0.00367434  0.00802448  -0.00645906 -0.000842772   -0.0134974 0.994064        0        0 0
             140.701  -0.0271287 -0.00656646   0.0174271  0.000722468  0.000219197 -0.000935465   -0.0098065 -0.000698957  -0.00651795 -0.00353602 -0.00368367  0.00803275  -0.00630602 -0.000778883   -0.0134021 0.994058        0        0 8074
             140.701  0.0352376 -0.0431068  0.0428262  0.00138221 0.000380911 -0.00030783  -0.00249218 -6.72837e-06  0.000203107 -0.00355613 -0.00367274  0.00802454  -0.00640604 -0.000794964   -0.0134934 0.994294        0        0 0
             140.801 -0.0404854 -0.0865682 -0.0181713  0.000573938 -0.000105284 -0.000773088 -0.00892771 -0.00378761 -0.00325739 -0.00353156 -0.00366079  0.00804695  -0.00632487 -0.000736791    -0.013437 0.994295        0        0 7854
             140.801  0.0386082 -0.0441561  0.0487198   0.00132194   5.8616e-05 -0.000453373 -2.44468e-05  -0.00297403  0.000223424 -0.00355706 -0.00367527   0.0080253  -0.0064383 -0.00075728  -0.0134824 0.997955        0        0 0
             140.902 0.0023097 -0.103058 0.0154869  0.000697558 -0.000572041 -0.000122424 -0.00795976 -0.00564752  0.00439818 -0.00354195 -0.00365663  0.00803907  -0.00634543 -0.000718633   -0.0135502 0.997955        0        0 8004
             140.902  0.0476226 -0.0447158   0.027811   0.00144801   0.00138264 -0.000317472 0.000181191   0.0146497  0.00193288 -0.00355503 -0.00367598  0.00803548 -0.00644786 -0.00099255  -0.0135143 0.992644        0        0 0
             141.001 -0.0165788  -0.061328 -0.0170921 0.000888036  0.00172566 -0.00106373 -0.00616695  0.00398481 -0.00917125 -0.00353992 -0.00367055  0.00804928  -0.00637161 -0.000849067   -0.0133956 0.992639        0        0 7846
             141.001  0.0380218 -0.0258335  0.0265611  0.00128022  0.00141326 0.000615279  -0.00118396 -4.95679e-06   0.00875415 -0.00355797 -0.00368286  0.00803506 -0.00643224 -0.00080294  -0.0136374 0.99312       0       0 0
             141.101 -0.00502519  -0.0690181  -0.0239997 0.000811021 0.000882659  0.00133773 -0.00492776 -0.00598349  0.00468903 -0.00354575 -0.00366734  0.00805406  -0.00638176 -0.000724827   -0.0136065 0.993119        0        0 8047
             141.101   0.033461 -0.0300961  0.0342474  0.00133817 0.000928371 0.000438446  0.00137299 -0.00591634 -0.00506609 -0.00355819 -0.00368023  0.00803519  -0.00646225 -0.000731037   -0.0134725 0.99349       0       0 0
             141.202 -0.0441053  -0.103482 -0.0318252   0.00127705  0.000133649 -0.000388318 -0.00129124 -0.00777949 -0.00893288 -0.00353475 -0.00365771  0.00805855  -0.00645197 -0.000698014   -0.0134104 0.993487        0        0 8033
             141.202  0.0377545 -0.0468046  0.0463846   0.00134348  0.000246069 -0.000624358 -0.000324415  -0.00706761   -0.0113648 -0.00356113 -0.00367603   0.0080333  -0.00645923 -0.000717937   -0.0133758 0.993159        0        0 0
             141.301 -0.0569231 -0.0763768 0.00865129  0.000755652 -0.000723542  -0.00207214 -0.00741872 -0.00770205  -0.0131506 -0.00353734 -0.00366621   0.0080444  -0.00637637 -0.000677087   -0.0133412 0.993156        0        0 8014
             141.301  0.0392633 -0.0292012  0.0312214 0.00146497 0.00113373 0.00043092 0.000185963   0.0104128   0.0132147 -0.00356676 -0.00368267  0.00803752  -0.00647003 -0.000927043   -0.0136968 0.997122        0        0 0
             141.401 -0.0947344 -0.0580813 -0.0688858 0.000681508  0.00126778  0.00121715 -0.00919328  0.00204349  0.00896786 -0.00352338 -0.00367427  0.00807243  -0.00635034 -0.000813302   -0.0136477 0.997118        0        0 7974
             141.401  0.0400498 -0.0575142  0.0370771  0.00163556 0.000719538 -0.00104966  0.00211473 -0.00477072  -0.0158005 -0.00356767 -0.00367483  0.00803785 -0.00650232 -0.00073952  -0.0133105 0.993431        0        0 0
             141.502 0.0182493 -0.115447 0.0349696   0.00111941 -0.000214289  -0.00274688 -0.00587922  -0.0092297  -0.0178323 -0.00355794 -0.00365711  0.00804179  -0.00639615 -0.000688107   -0.0133172 0.993429        0        0 8068
             141.502 0.0411314 -0.025585 0.0196531  0.00156747  0.00187096 0.000694165 -0.00156589   0.0110176   0.0192615 -0.00356384 -0.00368702  0.00804712  -0.00644105 -0.000959048   -0.0138205 0.993521        0        0 0
             141.601  -0.0501511 0.000760971  -0.0547072 0.000172793  0.00172567  0.00188478  -0.0151105 -0.00142961  0.00873764 -0.00353259 -0.00369488  0.00807479  -0.00626409 -0.000790805   -0.0137097 0.993518        0        0 7933
             141.601  0.0435862 -0.0627019  0.0344565 0.00136548 0.00092952 -0.0014913 -0.00128635  -0.0101671  -0.0278677  -0.0035637 -0.00367485  0.00804572  -0.00645704 -0.000686858   -0.0132132 0.997746        0        0 0
             141.701 -0.0534514  -0.128903 -0.0344825  0.000904081 -0.000215346  -0.00365481 -0.00522676  -0.0114922  -0.0232624 -0.00353692 -0.00365255  0.00806891  -0.00641254 -0.000658707   -0.0132825 0.997746        0        0 7963
             141.701   0.039468 -0.0162358  0.0192811 0.00143204 0.00189572 0.00121404 0.000847096  0.00855065   0.0288542 -0.00356533 -0.00369051  0.00805191  -0.00647705 -0.000935337   -0.0139874 0.994394        0        0 0
             141.802 -0.0431554   0.003366 -0.0185178 0.000503719  0.00167141  0.00326577   -0.0107742 -0.000768357    0.0207536 -0.00353736 -0.00369699  0.00806751   -0.0063309 -0.000791816   -0.0138492 0.994388        0        0 8036
             141.802  0.0450105 -0.0589299  0.0284204  0.00130368  0.00127253 -0.00113771  -0.0021109 -0.00524534  -0.0269008 -0.00356609  -0.0036767  0.00805231 -0.00645668 -0.00074259  -0.0132016 0.992648        0        0 0
             141.902 -0.00531694   -0.099547  -0.0202569 0.000812581 0.000342758 -0.00377708 -0.00578685 -0.00802916  -0.0238618 -0.00355775 -0.00366409  0.00806829  -0.00641639 -0.000693492   -0.0132253 0.992648        0        0 7938
             141.902  0.0358838 -0.0164911   0.030895 0.00135443 0.00118531 0.00111092  0.000834535 -0.000635659    0.0296311 -0.00357052 -0.00369266  0.00805186 -0.00649095 -0.00079692  -0.0139488 0.998473        0        0 0
             142.001 -0.0008871  0.0249578   0.011544  0.00036843 0.000378972  0.00307948  -0.0111922 -0.00786256   0.0200241 -0.00355279  -0.0037075  0.00806223  -0.00632271 -0.000712962   -0.0138336 0.998468        0        0 8117
             142.001  0.0400441 -0.0680346  0.0561001   0.00125699 -0.000438415  -0.00175856 -0.00142858  -0.0166969  -0.0330806 -0.00356669 -0.00367714   0.0080476 -0.00646682 -0.00060083  -0.0131125 0.997999        0        0 0
             142.102  -0.0190212   -0.126302 -0.00634873  0.00107932 -0.00166567 -0.00483069 -0.00252136  -0.0124171  -0.0324609 -0.00354815 -0.00365946  0.00806945  -0.00646422 -0.000659156   -0.0131673 0.997998        0        0 8002
             142.102  0.0407476 -0.0475727  0.0468232  0.00160002 0.000165578 -0.00049834 0.00337105 0.00399101  0.0134791 -0.00356642 -0.00368603  0.00805249  -0.00653023 -0.000884462   -0.0137907 0.994173        0        0 0
             142.202 -0.0599608  -0.024653 -0.0175125  0.00131463 0.000441634 0.000499387 -0.00353671  0.00293279  0.00714244 -0.00353696 -0.00369257  0.00807534 -0.00644122 -0.00086477  -0.0137306 0.994174        0        0 8207
             142.202  0.0353914 -0.0397425  0.0176772   0.00135749   0.00186402 -8.71514e-05  -0.0038581   0.0162466 0.000713218 -0.00356675 -0.00368753   0.0080642 -0.00643933 -0.00105152  -0.0136437 0.999509        0        0 0
             142.301  -0.052393 -0.0431492 -0.0635426  0.000617037   0.00224777 -0.000394925 -0.00725419  0.00412103  -0.0046328 -0.00354413 -0.00368535  0.00809109    -0.006394 -0.000875847   -0.0135647 0.999507        0        0 7943
             142.301  0.0377053 -0.0413643  0.0185247   0.00143642   0.00186449 -0.000195439    0.0024179 -0.000722409  -0.00235062 -0.00357374 -0.00368665  0.00806434 -0.00652256 -0.00082272  -0.0135949 0.993326        0        0 0
             142.402   0.017033 -0.0578061  0.0117886  0.000808447    0.0009766 -0.000505654 -0.00760809 -0.00792835 -0.00203938 -0.00356939 -0.00368192  0.00806822  -0.00639778 -0.000715423   -0.0135755 0.993324        0        0 8254
             142.402  0.0367374 -0.0334446  0.0461418  0.00137096 0.000232217 0.000221394 -0.000610231   -0.0158976   0.00604264 -0.00357631 -0.00369041    0.008057  -0.00648784 -0.000612292   -0.0136846 0.994174        0        0 0
             142.502 -0.0961175 -0.0498692 -0.0458883  0.00107466 -0.00151813 4.27924e-05  -0.00361542   -0.0156337 -0.000372189 -0.00354517 -0.00368542  0.00808385   -0.0064483 -0.000596096    -0.013588 0.994172        0        0 7961
             142.502  0.0313783 -0.0419166  0.0453323  0.000837253  4.45501e-05 -0.000286414  -0.00709631 -0.000880761  -0.00424987 -0.00358528 -0.00368761  0.00805454 -0.00640183 -0.00080692  -0.0135354 0.993256        0        0 0
             142.601 -0.0740826 -0.0400584 -0.0102614 -0.000323579 -0.000652683  -0.00113582  -0.0121962 -0.00526306 -0.00965713 -0.00354824 -0.00368932  0.00807574 -0.00634577 -0.00074698  -0.0135093 0.993257        0        0 8185
             142.601  0.0338863 -0.0386078  0.0271307  0.00132559  0.00133519 3.44826e-06 0.00430879 0.00981377 0.00243413 -0.00358217 -0.00369106  0.00806387  -0.00656457 -0.000958497   -0.0136725 0.997945        0        0 0
             142.702 -0.0271252  -0.124151 -0.0380591   0.00146997   0.00154505 -0.000322188  0.00130966  0.00208737 -0.00534432  -0.0035621 -0.00366363  0.00808828 -0.00652392 -0.00085103  -0.0136116 0.997944        0        0 7972
             142.702  0.0368791 -0.0392253  0.0170876    0.0015298   0.00194112 -1.39177e-05  0.00229935  0.00567165 -0.00191433 -0.00358252 -0.00369115  0.00807053  -0.00652808 -0.000906817   -0.0136563 0.994208        0        0 0
             142.802  -0.021183 -0.0764122 -0.0326688  0.000737676     0.001446 -0.000326295 -0.00879874 -0.00491183 -0.00510296 -0.00357181 -0.00367769   0.0080876   -0.0063882 -0.000764201   -0.0136234 0.994204        0        0 8160
             142.802  0.0430943 -0.0371975  0.0283163   0.00133479   0.00130744 -2.07582e-06 -0.00165533 -0.00705916 -0.00150807 -0.00359281 -0.00369107  0.00806782  -0.00647861 -0.000743819   -0.0136706 0.992709        0        0 0
             142.901 -0.0591301 -0.0180792 -0.0046091  0.000346338 -0.000169539 -0.000455202  -0.0108752  -0.0131399 -0.00428329 -0.00356046 -0.00369746  0.00808149 -0.00635986   -0.000633  -0.0136058 0.992706        0        0 8127
             142.901   0.032549 -0.0369054  0.0251367 0.00146823 0.00142946 7.3765e-05 0.00146925 0.00204964 0.00106282 -0.00358922 -0.00369241  0.00807203  -0.00652558 -0.000844806   -0.0136778 0.999206        0        0 0
             143.002 -0.0459219 -0.0282823 -0.0108404  0.000691035  0.000415255 -0.000371814 -0.00933111 -0.00858011 -0.00327897  -0.0035653 -0.00369556  0.00808541  -0.00638782 -0.000689609   -0.0136061 0.999205        0        0 8071
             143.002  0.0379113 -0.0393423  0.0206142   0.00140228   0.00172584 -6.07101e-05 -0.00164711  0.00387628 3.87601e-05 -0.00359157 -0.00369246  0.00807547  -0.00649133 -0.000864833   -0.0136509 0.994663        0        0 0
             143.102 -0.0201247 -0.0479525 -0.0211729 0.000526074  0.00118028  -0.0006897 -0.00961469 -0.00467078 -0.00546882 -0.00357087 -0.00369048  0.00809186  -0.00638492 -0.000749969   -0.0135856 0.994662        0        0 8128
             143.102 0.0409139  -0.02934 0.0244809  0.00130165  0.00150999 0.000399741 -0.000558354  -0.00214392   0.00647218 -0.00359048 -0.00369733   0.0080771   -0.0065022 -0.000790911   -0.0137466 0.995313        0        0 0
             143.201 0.00607971 -0.0715338 0.00383523 0.000594932 0.000564266 0.000815431 -0.00788265 -0.00994332  0.00312544 -0.00357891 -0.00368319  0.00808521  -0.00640431 -0.000699739   -0.0137336 0.995313        0        0 8027
             143.201  0.0423268 -0.0433223  0.0257284   0.00138993   0.00140195 -0.000305127  0.00107506 -0.00189039 -0.00906435 -0.00359013  -0.0036927  0.00807824  -0.00652183 -0.000810956   -0.0135661 0.998566        0        0 0
             143.302 -0.0568816 -0.0466494 -0.0318487 0.000820882 0.000543578 -0.00139417 -0.00628068 -0.00859508  -0.0130322 -0.00355754 -0.00369175  0.00809965  -0.00642837 -0.000712436    -0.013539 0.998565        0        0 8060
             143.302  0.0392495 -0.0374892  0.0408739  0.00135796  0.00053246 -5.2341e-05 0.000113958 -0.00970834  0.00164647 -0.00358854 -0.00369525   0.0080762  -0.00651134 -0.000709378   -0.0137382 0.995155        0        0 0
             143.402 -0.0376179 -0.0997023 -0.0148251   0.00113837 -0.000600438  0.000102084 -0.00316306  -0.0109054 0.000147919 -0.00357122 -0.00367352  0.00809385  -0.00648203 -0.000674022   -0.0137195 0.995154        0        0 8078
             143.402  0.0416011 -0.0479544  0.0246361   0.00124691   0.00151379 -0.000531134 -0.00283721   0.0111452 -0.00713736 -0.00359522 -0.00369015  0.00808145  -0.00648182 -0.000975555    -0.013619 0.997628        0        0 0
             143.501 -0.0415975 -0.0321815 -0.0183563 0.000971549  0.00136345 -0.00169511  -0.00229851 -0.000354885   -0.0114789 -0.00357655 -0.00369567  0.00809581  -0.00649071 -0.000808986   -0.0135441 0.99763       0       0 8090
             143.501  0.0368179 -0.0356245  0.0211674  0.0013751 0.00165469 0.00011873 0.00240258 0.00169913 0.00820688 -0.00360191 -0.00369514  0.00808299  -0.00655213 -0.000845279   -0.0138123 0.994036        0        0 0
             143.602 -0.0104186  -0.033591 -0.0121693 0.000663761 0.000966474 0.000244653 -0.00821604 -0.00580816  0.00204289 -0.00358938 -0.00369702  0.00809485  -0.00640615 -0.000740448   -0.0137213 0.994033        0        0 8184
             143.602  0.0401114 -0.0404636  0.0373084   0.00142707  0.000727651 -0.000154462 0.000634844 -0.00880662 -0.00207552 -0.00360586 -0.00369528  0.00807884  -0.00652568 -0.000706897   -0.0136644 0.998965        0        0 0
             143.702  -0.104765 -0.0214182 -0.0244805  0.000924211 -0.000829715  -0.00116868 -0.00602286  -0.0144973  -0.0102628 -0.00356549 -0.00370098  0.00809773  -0.00644309 -0.000626256   -0.0135677 0.998966        0        0 8104
             143.702  0.0456176 -0.0928718  0.0535237   0.00177264 -0.000260317  -0.00310174  0.00319965 -0.00976865  -0.0315496 -0.00361386 -0.00367835   0.0080726  -0.00657464 -0.000706455   -0.0132793 0.999014        0        0 0
             143.801 -0.0790548 -0.0744581 -0.0254065   0.0011239 -0.00144369 -0.00602712 -0.0079191 -0.0113858 -0.0306542 -0.00357177 -0.00368427  0.00809983    -0.006434 -0.000681657   -0.0133209 0.999009        0        0 8026
             143.801   0.045858 -0.0606415  0.0471763  0.00118849 0.000100635 -0.00129534 -0.00703469 0.000397995   0.0114393 -0.00361148 -0.00368942  0.00807645 -0.00643798 -0.00085225  -0.0138934 1.00063       0       0 0
             143.902 -0.0303799 -0.0131104  0.0146794  8.62406e-05  0.000274004 -0.000267087 -0.0113071 0.00170631 0.00934117 -0.00359202 -0.00370386  0.00808688  -0.00638495 -0.000864848    -0.013877 1.00062       0       0 7963
             143.902   0.039348 -0.0368379   0.022801  0.00121544  0.00157538 5.10644e-05 0.000274296   0.0130028   0.0118016 -0.00361384 -0.00369687  0.00808445 -0.00654176 -0.00102246  -0.0139098 0.994899        0        0 0
             144.002 -0.000710687    -0.025568   -0.0144509 0.000402755   0.0017496 0.000830577 -0.0090602  0.0020503 0.00721159  -0.0035982 -0.00370043  0.00810004   -0.0064183 -0.000866832   -0.0138462 0.994897        0        0 8059
             144.002 0.0456968 -0.044989 0.0254952   0.00138857   0.00145447 -0.000483549   0.0024354 -0.00152512  -0.0067658 -0.00361349 -0.00369474  0.00808702  -0.00657407 -0.000824881   -0.0136551 0.992976        0        0 0
             144.101 -0.000653231    -0.100747    0.0105121  0.00076144 0.000655844 -0.00107612 -0.00780544 -0.00721944 -0.00593712 -0.00360322 -0.00367676  0.00809178  -0.00644434 -0.000742406   -0.0136672 0.992976        0        0 7950
             144.101 0.0398754 -0.037105  0.042149   0.00132103  0.000428541 -2.72625e-05 -0.000768191   -0.0101696   0.00569772 -0.00361651 -0.00369789  0.00808151  -0.00653065 -0.000708143   -0.0138237 0.997133        0        0 0
             144.202 -0.0775901 -0.0670357 0.00940422  0.000787634 -0.000877149  0.000686373 -0.0062666 -0.0119537 0.00720055 -0.00358548 -0.00368935  0.00809168 -0.00646215 -0.00067846  -0.0138548 0.997134        0        0 8024
             144.202  0.0420863 -0.0463352  0.0254924   0.00138036   0.00141567 -0.000413298 -0.000279364   0.00998843  -0.00521402 -0.00362295 -0.00369619  0.00808677  -0.00654111 -0.000983618   -0.0136838 0.99728       0       0 0
             144.302 -0.00374641  -0.0927079  -0.0382978 0.00112788 0.00192631 -0.0013729 -0.00320999  0.00515142  -0.0102675 -0.00360747 -0.00368192   0.0081099  -0.00651069 -0.000923706   -0.0136239 0.997279        0        0 7977
             144.302  0.0427985 -0.0287968  0.0176641   0.0014272  0.00196482 0.000538688 0.000699553  0.00483463   0.0106443 -0.00362262 -0.00370326  0.00809172  -0.00655423 -0.000925654   -0.0139069 0.992735        0        0 0
             144.401  0.0227323 -0.0934174 -0.0198858  0.0011004 0.00189104 0.00157935 -0.00387641 -0.00100559   0.0109292 -0.00361163 -0.00368305  0.00810838  -0.00649983 -0.000846981   -0.0139033 0.992736        0        0 8065
             144.401  0.0406883 -0.0515815  0.0446846   0.00136719  0.000303185 -0.000752655 3.74012e-05  -0.0172032  -0.0142549 -0.00361849 -0.00369647  0.00808718  -0.00654988 -0.000634695   -0.0135582 0.993478        0        0 0
             144.502  -0.0906094  -0.0637606 -0.00995883 0.000705262 -0.00188434 -0.00285939 -0.00783654  -0.0202759  -0.0203483 -0.00357763 -0.00369326  0.00810727  -0.00645458 -0.000573612    -0.013484 0.993476        0        0 8041
             144.502  0.0442535 -0.0946143  0.0577208  0.00170575 -0.00049296 -0.00325506  0.00273111 -0.00806347  -0.0243038 -0.00362052 -0.00368383  0.00808555  -0.00659961 -0.000751959   -0.0134297 0.998574        0        0 0
             144.602  -0.059914 -0.0957158  0.0103056  0.00175585 -0.00124003 -0.00548976 -0.000511587  -0.00620166   -0.0231671 -0.00358999 -0.00368442  0.00810177    -0.006572 -0.000759444   -0.0134614 0.998573        0        0 8046
             144.602  0.0419131 -0.0797449  0.0270531  0.00169408  0.00134992 -0.00233155 -0.00175874   0.0167323  0.00468715 -0.00362138 -0.00368996  0.00809681 -0.00655001 -0.00107471  -0.0138401 0.994633        0        0 0
             144.701  0.0113997  -0.089524 -0.0584863 0.000957983   0.0024234 -0.00236406  -0.0085145   0.0117438 -0.00074964 -0.00361685  -0.0036874   0.0081246 -0.00647111 -0.00100015  -0.0137818 0.994633        0        0 7946
             144.701 0.0380359  -0.02887 0.0405616  0.00142214  0.00063436 0.000463701 -0.00157448 -0.00736092   0.0258088 -0.00362671 -0.00370789  0.00809209  -0.00655456 -0.000750793   -0.0141418 0.997841        0        0 0
             144.802 -0.0992031  -0.025107 -0.0131745    0.0008279 -0.000714068   0.00277717 -0.00600072  -0.0131875   0.0221796 -0.00358577 -0.00370937  0.00811109    -0.006489 -0.000667165   -0.0140994 0.997841        0        0 7970
             144.802  0.0421136 -0.0557185  0.0417401   0.00137997  0.000547351 -0.000989301 -0.000533018 -9.69615e-05   -0.0193779 -0.00363053  -0.0036992  0.00809358 -0.00656705 -0.00085782  -0.0135301 0.993702        0        0 0
             144.902 -0.0177467 -0.0629804 -0.0189772 0.000702184 0.000185568 -0.00348497 -0.00791306 -0.00387684  -0.0258981 -0.00360655 -0.00369706  0.00811739  -0.00647816 -0.000811364   -0.0134456 0.993698        0        0 7873
             144.902    0.04288 -0.0716737   0.024783  0.00158011  0.00147156 -0.00190166  0.00175995  0.00887822 -0.00866555 -0.00362526 -0.00369529  0.00810341  -0.00660633 -0.000987984   -0.0136793 0.993733        0        0 0
             145.001   0.024478  -0.165647 -0.0160467  0.00191234  0.00195076 -0.00226876  0.00321044  0.00477724 -0.00389472 -0.00362275 -0.00366539  0.00811885  -0.00664501 -0.000922445   -0.0137501 0.993736        0        0 7946
             145.001  0.0462557 -0.0254061  0.0169078   0.0016235  0.00202518 0.000647515 0.001163 0.004823 0.023225 -0.00362983 -0.00371114  0.00810818  -0.00659916 -0.000925972   -0.0141165 0.997205        0        0 0
             145.101 0.00258339 -0.0611062 -0.0183463 0.000604143  0.00133499  0.00247464  -0.0122072 -0.00579389   0.0186315 -0.00361008 -0.00370028  0.00812289  -0.00642646 -0.000775096    -0.014061 0.997198        0        0 7962
             145.101  0.0461066 -0.0502579  0.0465177   0.00135614  0.000202186 -0.000690001 -0.00296393  -0.0174573  -0.0146243 -0.00362477 -0.00370386  0.00810168  -0.00655122 -0.000625791   -0.0136054 0.99365       0       0 0
             145.202 -0.0713803 -0.0991943 -0.0101881 0.000734453  -0.0016976 -0.00219881 -0.00684366  -0.0175929  -0.0150588 -0.00359141 -0.00368952  0.00812022  -0.00650283 -0.000610628   -0.0136109 0.99365       0       0 8013
             145.202  0.0374749 -0.0270748  0.0441039  0.00132562 0.000343607 0.000528502 -0.000468032   0.00191983    0.0112649 -0.00362575  -0.0037133  0.00810292  -0.00657762 -0.000883695   -0.0139681 0.997337        0        0 0
             145.301 -0.0434186 -0.0484667  0.0153164  0.000493493 -0.000209034   0.00127304 -0.00920868 -0.00408454   0.0060707 -0.00360062 -0.00370694  0.00811381  -0.00646327 -0.000799822   -0.0139164 0.997336        0        0 8162
             145.301  0.0442043 -0.0533029  0.0376993   0.00131817  0.000715213 -0.000804769 -0.000365844   0.00312654    -0.016498  -0.0036286 -0.00370561  0.00810664  -0.00658333 -0.000905014   -0.0136081 0.99262       0       0 0
             145.401 -0.00563094   -0.071755  0.00815754 0.000768265 0.000637443 -0.00249708   -0.0060783 -0.000982199   -0.0187306 -0.00361277 -0.00370049  0.00811928   -0.0065122 -0.000853219   -0.0135938 0.992618        0        0 8046
             145.401 0.0347319 -0.019662 0.0423445  0.00131933  0.00045309 0.000900462  0.00088855 -0.00415915   0.0186561 -0.00362605 -0.00371819  0.00810813  -0.00659683 -0.000815745    -0.014103 0.999652        0        0 0
             145.502 -0.0831187 -0.0075388 -0.0274803  0.000166595 -0.000376521   0.00188417  -0.0134589 -0.00763787  0.00814412 -0.00359385 -0.00372019    0.008131   -0.0064057 -0.000758785   -0.0139565 0.999645        0        0 8200
             145.502  0.0429688 -0.0542321  0.0427975   0.00140624   0.00038811 -0.000937661  0.000253231 -0.000327491   -0.0229222 -0.00363426 -0.00370536  0.00810837  -0.00659685 -0.000871182   -0.0135312 0.99819       0       0 0
             145.601 -0.0327509 -0.0905483  -0.028786  0.00121088 0.000263367 -0.00316709  -0.00275369 -0.000486626   -0.0213288 -0.00360665 -0.00369505  0.00813464   -0.0065709 -0.000854967   -0.0135431 0.99819       0       0 8054
             145.601  0.0353916 -0.0260717  0.0197808  0.00133185  0.00180228 0.000595603 -0.00126553   0.0134553   0.0197031 -0.00362807 -0.00371653  0.00811902 -0.00658051 -0.00104898  -0.0141016 0.997126        0        0 0
             145.701  -0.026483  0.0264754 -0.0285924 -8.82885e-05   0.00158125   0.00108261  -0.0160011 -0.00016743  0.00501184 -0.00360694 -0.00373193  0.00813473   -0.0063817 -0.000842842   -0.0139132 0.997122        0        0 8167
             145.701  0.0372281 -0.0554477  0.0523497   0.00133526 -0.000142536 -0.000916501 0.00066961 -0.0185638 -0.0166876 -0.00362848 -0.00370584  0.00810822  -0.00661526 -0.000605731   -0.0136171 0.993966        0        0 0
             145.802 -0.0242764  -0.101172  0.0136934  0.00130181 -0.00176084 -0.00278319 -0.0010916 -0.0156163 -0.0185386 -0.00360025 -0.00369429  0.00812679  -0.00660861 -0.000643123   -0.0136054 0.993963        0        0 7886
             145.802  0.0386049 -0.0285244  0.0460299   0.0012565  0.00025794 0.000374843 -0.00160016  0.00311524   0.0144306 -0.00361978 -0.00371809  0.00811652  -0.00659095 -0.000900753   -0.0140551 0.991969        0        0 0
             145.901 -0.0247686 -0.0675103  0.0178384 0.000823153 6.57568e-05  0.00153784 -0.00418608 -0.00228876   0.0096573 -0.00360331 -0.00370419  0.00812556  -0.00655056 -0.000822123     -0.01401 0.991969        0        0 8032
             145.901  0.0430968 -0.0398393  0.0223679   0.00140561   0.00159354 -0.000124786  0.00177471   0.0136052 -0.00882011 -0.00362451 -0.00371327  0.00812429 -0.00662887 -0.00104088  -0.0137564 0.996851        0        0 0
             146.001 -0.0134861 -0.0413611 -0.0242648  0.00052214  0.00186285 -0.00155641 -0.0106325 0.00291814 -0.0154548 -0.00360948 -0.00371206  0.00814019  -0.00648093 -0.000899844   -0.0136608 0.996849        0        0 7849
             146.001  0.0369214 -0.0251717  0.0432258  0.00119302 0.000485874 0.000743354 -0.00190329  -0.0122504  0.00890818 -0.00362644  -0.0037178   0.0081181  -0.00659388 -0.000703607   -0.0139937 0.99451       0       0 0
             146.102 -0.0156575 -0.0427376  0.0230419  0.000681344 -0.000958882  0.000978316 -0.00532987  -0.0129226  0.00308678 -0.00361183 -0.00371262  0.00812549 -0.00653933 -0.00067082  -0.0138894 0.994509        0        0 8000
             146.102   0.045858 -0.0501441  0.0239902   0.00139322   0.00154957 -0.000664387 0.00179964  0.0109896 -0.0150276 -0.00363088 -0.00371029  0.00812542  -0.00663732 -0.000996706   -0.0136405 0.992874        0        0 0
             146.201 -0.0241466 -0.0802584 -0.0404339  0.00107283  0.00177078 -0.00267865 -0.00486534  0.00283973  -0.0184683 -0.00360437 -0.00370112  0.00814909  -0.00657102 -0.000885046   -0.0135886 0.992873        0        0 7920
             146.201 0.0366105 -0.025271 0.0183516  0.00144356  0.00187587 0.000656134 -0.00013335  0.00284297   0.0179742 -0.00362414 -0.00371958     0.00813  -0.0066252 -0.00089294  -0.0140842 0.998083        0        0 0
             146.301  0.0223762 -0.0794463 0.00532016 0.000844538  0.00111701   0.0017857 -0.00652917 -0.00703278   0.0112491  -0.0036138 -0.00370417  0.00813851  -0.00652727 -0.000764771   -0.0140158 0.998081        0        0 8015
             146.301  0.0441657 -0.0584367  0.0211051  0.00143304  0.00167165 -0.00129081 -0.000100619  -0.00147668   -0.0224274 -0.00362067 -0.00371096  0.00813342  -0.00661417 -0.000841493   -0.0135531 0.997133        0        0 0
             146.402 -0.0322807 -0.0577497 -0.0185413  0.00092634 0.000816578 -0.00406602 -0.00607373 -0.00848494   -0.029396 -0.00359995 -0.00371088  0.00814627  -0.00654481 -0.000749091   -0.0134953 0.997131        0        0 8062
             146.402  0.0453363 -0.0967423  0.0594662   0.00161106 -0.000612545  -0.00328846 0.00239746 -0.0238845  -0.021786 -0.00362571 -0.00369871  0.00812094  -0.00666151 -0.000552978      -0.0136 0.993877        0        0 0
             146.501 -0.0372052  -0.119986  0.0139805  0.00129798 -0.00254391 -0.00479433 -0.00374669  -0.0198468  -0.0181805 -0.00359929 -0.00369108  0.00813736  -0.00659053 -0.000601823   -0.0136675 0.993873        0        0 7986
             146.501  0.0383507 -0.0416041  0.0534173   0.00126999 -0.000180853 -0.000243264 -0.00350748  0.00046125    0.022618 -0.00362284 -0.00371686   0.0081248  -0.00657998 -0.000880763    -0.014222 0.994512        0        0 0
             146.601 -0.0670672 -0.0046858  0.0033946 -0.000133847  -0.00037075   0.00132171   -0.0156564 -0.000816095    0.0150129 -0.00358999 -0.00372755  0.00814267  -0.00642144 -0.000848078   -0.0141048 0.994511        0        0 8002
             146.601  0.0484549 -0.0529699  0.0288214    0.0013662   0.00126858 -0.000891428  0.00050407   0.0141359 -0.00796018 -0.00362695 -0.00371226  0.00813455  -0.0066444 -0.00105983  -0.0137902 0.998262        0        0 0
             146.702 -0.0208491  -0.081515 -0.0143768  0.00091757  0.00177037 -0.00155377 -0.00514442  0.00601252 -0.00473666 -0.00360635 -0.00370435  0.00815075   -0.0065771 -0.000933028   -0.0138135 0.998262        0        0 8041
             146.702  0.0411087 -0.0276954  0.0412861  0.00128923 0.000531246 0.000394033 0.000127383 -0.00744278   0.0167272  -0.0036269 -0.00372214  0.00813265  -0.00664053 -0.000760904   -0.0141063 0.993046        0        0 0
             146.801   -0.0719984   -0.0268115 -0.000578115  0.000448617 -0.000820891   0.00159688  -0.010125 -0.0117662  0.0137786 -0.00359033 -0.00372378   0.0081478 -0.00650856 -0.00068766  -0.0140625 0.993045        0        0 8025
             146.801  0.0437963 -0.0532917  0.0260798   0.00122835   0.00138873 -0.000850786 -0.00222842  0.00964618  -0.0134129 -0.00362674 -0.00371528  0.00813941  -0.00661921 -0.000985471   -0.0136912 0.992981        0        0 0
             146.901 -0.0350548 -0.0824111  -0.034378 0.000728494    0.001261 -0.00251864    -0.005315 -0.000555499   -0.0168746 -0.00360486 -0.00370751  0.00816029  -0.00658072 -0.000844809   -0.0136737 0.992981        0        0 7943
             146.901  0.0391524 -0.0255169  0.0394697  0.00137487 0.000702766 0.000628401  0.00297228 -0.00747099   0.0178649  -0.0036292 -0.00372655  0.00813628  -0.00668258 -0.000762169   -0.0141462 0.99432       0       0 0
             147.002   -0.045046  0.00831064 -0.00485045 0.000612567 -0.00027613  0.00172806 -0.00900379 -0.00953286  0.00838207 -0.00360298 -0.00373624   0.0081517 -0.00651498  -0.0007349  -0.0140469 0.994317        0        0 8079
             147.002 0.0448408 -0.055048 0.0481808   0.00120383  7.26958e-05 -0.000961319 -0.00270503 -0.00638514  -0.0210208 -0.00363197 -0.00371574  0.00813457  -0.00660856 -0.000787688   -0.0136455 0.995591        0        0 0
             147.101 -0.0623396 -0.0605687 -0.0165009  0.000546053 -0.000822286   -0.0029528 -0.00686246 -0.00842236  -0.0211222 -0.00360216 -0.00371379  0.00815662  -0.00655792 -0.000747416   -0.0136423 0.995592        0        0 7875
             147.101  0.0434025 -0.0884083  0.0565751   0.00171717 -0.000433359  -0.00292005  0.00652835 -0.00578459  -0.0208025 -0.00363638 -0.00370534  0.00813293  -0.00673984 -0.000795312   -0.0136462 0.999859        0        0 0
             147.201 -0.0399563 -0.0925963  0.0265378  0.00175732 -0.00071283 -0.00435877 -0.00102073 -0.00182746   -0.014038 -0.00360873 -0.00370438  0.00814733  -0.00665933 -0.000819283   -0.0136981 0.999857        0        0 8104
             147.201 0.0431727 -0.074544 0.0317205 0.00145365  0.0010234 -0.0020969 -0.00469362   0.0136857  0.00555611 -0.00363522 -0.00371028  0.00814577 -0.00660523 -0.00103507  -0.0139655 0.998297        0        0 0
             147.302 0.00371198 -0.0763028  -0.033997 0.000415451  0.00156369 -0.00209519 -0.0115554 0.00684694   0.002331 -0.00361611 -0.00371174  0.00817078  -0.00653047 -0.000926648   -0.0139066 0.998296        0        0 8062
             147.302  0.0433335 -0.0280675   0.020458  0.00133328  0.00180425 0.000457662 -0.000270933   0.00806601    0.0265314 -0.00362889 -0.00372784  0.00815318 -0.00667417 -0.00094833   -0.014236 0.996902        0        0 0
             147.401 -0.0260849 -0.0269555  -0.048032 0.000522846  0.00178712  0.00266355 -0.00932368 6.19223e-05   0.0235262 -0.00361136 -0.00372797  0.00817449  -0.00654762 -0.000853117   -0.0141901 0.996901        0        0 8131
             147.401   0.040475 -0.0402425  0.0215699   0.00142665    0.0017091 -4.86145e-05  0.00109677 -0.00127711 -0.00612177   -0.003633 -0.00372387  0.00815188  -0.00668959 -0.000843566   -0.0137835 0.992508        0        0 0
             147.501 -0.00866992  -0.0596757  -0.0156342 0.000846707 0.000938689 -0.00145738 -0.00631381 -0.00785062   -0.015628 -0.00361771 -0.00371841  0.00816585   -0.0065901 -0.000763437   -0.0136848 0.992506        0        0 7938
             147.501  0.0390051 -0.0331579  0.0383426  0.00125099 0.000668911 0.000148443 -0.00124264  -0.0114617  0.00122257 -0.00363332 -0.00372729  0.00814829  -0.00665353 -0.000721391   -0.0139142 0.993072        0        0 0
             147.602  -0.0364383  -0.0414268 -0.00043735  0.000323386 -0.000426403    0.0001171  -0.0104788  -0.0108603 -0.00300287 -0.00361702 -0.00372293  0.00816005  -0.00653037 -0.000716516   -0.0138781 0.993071        0        0 8283
             147.602  0.0430604 -0.0443844  0.0450086   0.00124577  0.000290926 -0.000385728   -2.59e-05  -0.0045499 -0.00859312 -0.00364256  -0.0037222   0.0081454  -0.00667156 -0.000810401   -0.0138005 0.993549        0        0 0
             147.701  -0.0350102   -0.099666 -0.00530894 0.000785561 -0.00068631 -0.00153645 -0.00577139 -0.00905765  -0.0130813  -0.0036166 -0.00370532  0.00816567  -0.00661489 -0.000739478   -0.0137353 0.99355       0       0 7996
             147.701  0.0399522 -0.0250282  0.0235017  0.00132194  0.00160407 0.000658336 -6.02983e-05    0.0124915    0.0105041 -0.00364002 -0.00373001  0.00815654 -0.00668156 -0.00103556  -0.0140554 0.998389        0        0 0
             147.801 -0.0135679 -0.0159016 -0.0278147 0.000434865  0.00211708  0.00111713 -0.0101816 0.00675914 0.00548336  -0.0036209 -0.00373407  0.00817621  -0.00654228 -0.000937064    -0.013963 0.998386        0        0 8145
             147.801  0.0458746 -0.0502788  0.0210113   0.00133035   0.00169783 -0.000676182 0.000242718  0.00190656  -0.0140751 -0.00364038 -0.00372307  0.00816031  -0.00668737 -0.000879469    -0.013695 0.998174        0        0 0
             147.902 -0.0514467  -0.101929 -0.0498321  0.00111288 0.000680658  -0.0023558 -0.00296673 -0.00900076  -0.0148946 -0.00360732 -0.00370814  0.00818598 -0.00666154 -0.00072368  -0.0136797 0.998174        0        0 8139
             147.902  0.0399861 -0.0269645  0.0330227  0.00147982  0.00105702 0.000565262  0.00167079 -0.00629732   0.0170625 -0.00363689 -0.00373274  0.00815915   -0.0067131 -0.000771738   -0.0141161 0.993106        0        0 0
             148.001 -0.00410519   -0.071149   0.0266171  0.000903506 -2.74616e-05   0.00159381 -0.00653155  -0.0107218   0.0104842 -0.00361772 -0.00372016  0.00816495  -0.00659601 -0.000721443    -0.014044 0.993104        0        0 8059
             148.001  0.0396159 -0.0308142  0.0247097  0.00126772  0.00148923 0.000332631 -0.00310737  0.00524756 -0.00354842 -0.00363132 -0.00373323  0.00816574 -0.00663897 -0.00093952  -0.0138501 0.994434        0        0 0
             148.101 -0.0416371 -0.0444566 -0.0388233  0.000707577   0.00132364 -0.000723659 -0.00558879 -0.00185421  -0.0124973 -0.00361274 -0.00372843  0.00818667    -0.006607 -0.000842825   -0.0137637 0.994432        0        0 8124
             148.101  0.0387208 -0.0380563  0.0433575   0.00135197  0.000405903 -7.24463e-05  0.00247589  -0.0121196 -0.00548167 -0.00363905 -0.00373073  0.00815997  -0.00671361 -0.000716001   -0.0138591 0.994842        0        0 0
             148.202  -0.022412 -0.0608892  0.0297036  0.000794948 -0.000985181 -0.000836824 -0.00667614  -0.0137031  -0.0103828 -0.00361582 -0.00372496   0.0081692  -0.00659317 -0.000685087   -0.0138121 0.994839        0        0 8006
             148.202  0.0401003 -0.0353972  0.0307917  0.00124015  0.00113388 7.34734e-05  -0.00238572   0.00805525 -0.000714635 -0.00363553 -0.00373327  0.00816898 -0.00664732 -0.00098218  -0.0139433 0.997787        0        0 0
             148.301 -0.0402805 -0.0688329 -0.0300198  0.00064891  0.00115466 0.000174467 -0.00643358 0.000757823 0.000521572 -0.00361268 -0.00372311  0.00819103  -0.00660134 -0.000868287   -0.0139497 0.997788        0        0 7960
             148.301  0.0419538 -0.0480277  0.0435229   0.00136127  0.000376554 -0.000527802  0.00235056 -0.00796461  -0.0070164 -0.00363968 -0.00373013  0.00816709  -0.00671713 -0.000762317   -0.0138454 0.997908        0        0 0
             148.401 -0.0365898  -0.108387 0.00660153    0.0010981 -0.000638541  -0.00129371 -0.00398716 -0.00890317  -0.0067789 -0.00361669 -0.00371216   0.0081805  -0.00664301 -0.000737245   -0.0138329 0.997907        0        0 8046
             148.401  0.0383644 -0.0346191  0.0436795  0.00135785 0.000388342 0.000121986 -0.000997255   0.00126155   0.00873363 -0.00364076  -0.0037363  0.00816851  -0.00667413 -0.000882253   -0.0140437 0.994328        0        0 0
             148.502 -0.000873228   -0.0495217    0.0128082 0.000733122 0.000202099 0.000609601 -0.00721827 -0.00111776   0.0061493  -0.0036295 -0.00373331  0.00817982  -0.00658908 -0.000848869   -0.0140029 0.994327        0        0 8057
             148.502  0.0436795 -0.0448112  0.0364726  0.00141793 0.000825647 -0.00041824 0.000424835  0.00512871 -0.00521614 -0.00364375 -0.00373491  0.00817222  -0.00669213 -0.000937707   -0.0138462 0.999293        0        0 0
             148.601 -0.0326871 -0.0287454 -0.0193963 0.000364385  0.00061274 -0.00145499  -0.0120242 -0.00196278  -0.0106335 -0.00362082 -0.00374071  0.00819076  -0.00652589 -0.000845609   -0.0137942 0.999289        0        0 8045
             148.601  0.0347392 -0.0349162  0.0396737  0.00134058 0.000559759 0.000124315 -0.000439303  -0.00374676   0.00688654 -0.00364275 -0.00373922  0.00817158  -0.00668033 -0.000830178   -0.0140335 0.995837        0        0 0
             148.701 -0.0226357 -0.0435497   0.034544 0.000868194  -0.0001542 0.000542403 -0.00549621 -0.00721439  0.00165623 -0.00363015 -0.00373515  0.00817276  -0.00661612 -0.000783131   -0.0140095 0.995837        0        0 8079
             148.701  0.0434693 -0.0512135  0.0381177   0.00139598  0.000733224 -0.000700239 7.62997e-05  0.00102576  -0.0120331 -0.00365131 -0.00373269  0.00817168  -0.00669286 -0.000900175   -0.0138217 0.99415       0       0 0
             148.802 -0.0402006 -0.0372797 -0.0238459 0.000590709 0.000260549 -0.00229229 -0.00930578 -0.00501659  -0.0171726 -0.00362812 -0.00373681  0.00819206  -0.00658648 -0.000810736   -0.0137703 0.994147        0        0 8143
             148.802  0.0431998 -0.0869031  0.0558541   0.00160745 -0.000366014  -0.00280156 0.00258205 -0.0127186 -0.0225268 -0.00365543 -0.00372107  0.00816622  -0.00675184 -0.000718209   -0.0136971 0.995191        0        0 0
             148.901 -0.0344541  -0.124033  0.0137567  0.00159922 -0.00105347 -0.00407445 -0.00113637 -0.00691845  -0.0136711 -0.00363902   -0.003709  0.00817822  -0.00671593 -0.000783507   -0.0138047 0.995187        0        0 7968
             148.901   0.038842 -0.0150697  0.0360856  0.00124551 0.000903078   0.0011209 -0.00432578  0.00926285   0.0328858 -0.00366229 -0.00374461  0.00817111 -0.0066549 -0.0010074  -0.014439 0.993607        0        0 0
             149.001  -0.0359581 -0.00732882   -0.014585 7.52548e-05  0.00101518  0.00378897 -0.0128832 0.00208046  0.0263079 -0.00363016  -0.0037488  0.00819252  -0.00654378 -0.000896249   -0.0143416 0.993603        0        0 8035
             149.001 0.0405241 -0.043896 0.0461111   0.00134184  0.000240384 -0.000389226  0.00183455 -0.00675733  -0.0195261 -0.00365518 -0.00373691  0.00817277  -0.00674747 -0.000786886   -0.0137121 0.993417        0        0 0
             149.102   -0.0142348    -0.107682 -0.000393517  0.00130941 -0.00038424 -0.00221009 -0.000833958  -0.00595197   -0.0182093 -0.00363577 -0.00371716  0.00818988  -0.00671563 -0.000797345   -0.0137366 0.993417        0        0 7922
             149.102  0.0393442 -0.0266519  0.0487693  0.00135638 0.000114776 0.000536294  4.5261e-05 -0.00225376   0.0103179  -0.0036531 -0.00374351  0.00817396  -0.00671592 -0.000853732   -0.0141264 0.992453        0        0 0
             149.201  -0.0429345  -0.0285871 -0.00220111  0.000294445 -0.000285333   0.00134432  -0.0123764 -0.00354344  0.00799922 -0.00363077 -0.00374172  0.00819095  -0.00654856 -0.000833572   -0.0140982 0.992452        0        0 8055
             149.201  0.0436716 -0.0522007  0.0306927   0.00126509   0.00111328 -0.000793544 -0.00183519  0.00977793    -0.01562 -0.00365857 -0.00373417  0.00818035 -0.00669469 -0.00102182  -0.0137734 0.997357        0        0 0
             149.301  0.0271494 -0.0800466 -0.0127834 0.000832951  0.00190452 -0.00245328 -0.00471373  0.00773891  -0.0167373 -0.00365782 -0.00372536  0.00819411  -0.00666577 -0.000988933   -0.0137656 0.997357        0        0 7867
             149.301  0.0371915 -0.0216107   0.022575  0.00147743  0.00168441 0.000862543 0.00345423 0.00471936  0.0197911 -0.00366116  -0.0037447   0.0081826  -0.00676619 -0.000950291   -0.0142648 0.993239        0        0 0
             149.402   0.0128443  -0.0599097 -0.00549124 0.000886969  0.00133413  0.00245003 -0.00745937 -0.00293004    0.015577 -0.00365811 -0.00373257  0.00819286  -0.00662244 -0.000836852   -0.0142095 0.993238        0        0 8071
             149.402  0.0414422 -0.0510552  0.0221688   0.00145021   0.00163173 -0.000721249 -0.00111646 6.62989e-05  -0.0191016 -0.00366733  -0.0037354  0.00818392  -0.00670983 -0.000880787   -0.0137319 0.993342        0        0 0
             149.501 -0.0137024 -0.0790792 -0.0268748 0.000485665 0.000906156 -0.00334827  -0.0110949 -0.00582332  -0.0265622 -0.00364897 -0.00372736  0.00820161 -0.00658183 -0.00079115  -0.0136446 0.993337        0        0 7940
             149.501  0.036892 -0.040225 0.0328779   0.00119936  0.000970763 -0.000208844 -0.00247875  -0.0070257  0.00375083 -0.00366552 -0.00374047  0.00818215  -0.00668922 -0.000781402   -0.0140582 0.99408       0       0 0
             149.601  -0.0590423  -0.0541285 -0.00532096  0.000760281 -0.000238974 -3.20324e-05 -0.0046683 -0.0115088 0.00100363 -0.00364185 -0.00373538  0.00819253  -0.00666265 -0.000708458   -0.0140276 0.994079        0        0 8029
             149.601  0.0422984 -0.0415492  0.0311164    0.0013538   0.00111506 -0.000209735 0.00156127 0.00222397 -0.0010463 -0.00367443  -0.0037396  0.00818078   -0.0067453 -0.000904204   -0.0139985 0.991871        0        0 0
             149.702 -0.0271289 -0.0767558 -0.0362307  0.000696848  0.000632273 -0.000987074 -0.00751358 -0.00456425 -0.00867906  -0.0036516 -0.00372984  0.00820654   -0.0066265 -0.000816396   -0.0138965 0.991869        0        0 8010
             149.702  0.0378017 -0.0345054  0.0254099 0.00127747 0.00145177 0.00018188 -0.000851616   0.00291378   0.00398316 -0.00367252 -0.00374365  0.00818659  -0.00671063 -0.000925032   -0.0140689 0.996428        0        0 0
             149.801 -0.00957735  -0.0241615   0.0127416 0.000599909  0.00106386 0.000390323 -0.00737526  -0.0040354  0.00213391 -0.00365696 -0.00374782  0.00819228 -0.00662373 -0.00083047  -0.0140425 0.996427        0        0 7976
             149.801  0.0386616 -0.0426092  0.0293777   0.00132727   0.00124248 -0.000270438 0.000978965 -0.00271177 -0.00511716 -0.00367252 -0.00374205  0.00818692  -0.00673828 -0.000853587   -0.0139428 0.993208        0        0 0
             149.901 -0.0373174 -0.0537092 -0.0386305 0.000945444 0.000673399 -0.00139919 -0.0047398 -0.0050685 -0.0112289  -0.0036546 -0.00373933  0.00820991  -0.00666859 -0.000807337   -0.0138602 0.993206        0        0 7915
             149.901   0.033801 -0.0279652  0.0146081 0.00164709  0.0020773 0.00053167 0.00313893 0.00838162 0.00986702 -0.00367753 -0.00374793  0.00819262   -0.0067699 -0.000996191   -0.0141481 0.994935        0        0 0
             150.002 -0.00399411  -0.0534828  -0.0288037 0.000997675  0.00212245  0.00108756 -0.00794493  0.00152726  0.00546075 -0.00366667 -0.00374031   0.0082071  -0.00662524 -0.000896013    -0.014101 0.994936        0        0 7900
             150.002  0.0408988 -0.0469809  0.0224213   0.00138776   0.00161535 -0.000518729 -0.00327588 -0.00385077  -0.0118107 -0.00368124 -0.00374238  0.00819053  -0.00668908 -0.000829889   -0.0138626 0.998312        0        0 0
             150.101 -0.0580726 -0.0403786 -0.0370323 0.000363886 0.000502349 -0.00223298  -0.0113092 -0.00996939  -0.0181913 -0.00365556 -0.00374383  0.00820844  -0.00658488 -0.000734257   -0.0137952 0.998311        0        0 7932
             150.101  0.0430768 -0.0913684  0.0511173   0.00197288 -7.19643e-05  -0.00297218 0.00753827 -0.0171043  -0.026219 -0.00368857 -0.00372794  0.00817988  -0.00684339 -0.000651612   -0.0136849 0.99486       0       0 0
             150.201 -0.0428152  -0.104755   0.013608  0.00180208 -0.00163788 -0.00510388 -0.00335502  -0.0154409  -0.0233109 -0.00366282 -0.00372287  0.00819262  -0.00670915 -0.000672906   -0.0137419 0.994856        0        0 8017
             150.201  0.0400803 -0.0811548  0.0312208 0.00154812 0.00110114 -0.0023604 -0.00686958  0.00918664 0.000396734 -0.00368935 -0.00373065  0.00818701  -0.0066558 -0.00101107  -0.0140657 0.994542        0        0 0
             150.302 -0.0399417 -0.0382011 -0.0168517 0.000165251  0.00108355 -0.00280773   -0.0142947 -5.29737e-05  -0.00390419 -0.00366861 -0.00374247  0.00820134  -0.00655536 -0.000891223   -0.0139902 0.99454       0       0 8092
             150.302  0.0410544 -0.0861916   0.054447   0.00174268 -0.000318708  -0.00274896  0.00431431  -0.0154181 -0.00288975 -0.00369498 -0.00372709  0.00817835  -0.00681057 -0.000695302   -0.0140036 0.999058        0        0 0
             150.401 -0.0424511 -0.0861874  0.0245083  0.00175522 -0.00139355 -0.00315786 -0.00111949  -0.0104864 -0.00344297 -0.00367736 -0.00372705  0.00818633  -0.00675335 -0.000746001   -0.0139905 0.999053        0        0 8074
             150.401  0.0366203 -0.0225301  0.0209488  0.00148985  0.00171787 0.000808295 -0.0041321  0.0176348   0.031826 -0.00370249 -0.00374778  0.00818762 -0.00670205 -0.00113075  -0.0144732 0.998732        0        0 0
             150.501 -0.0749371 0.00484821 -0.0579622 -0.000236074   0.00200277   0.00280954 -0.0191331 0.00472184  0.0202443 -0.00367696  -0.0037568  0.00821075  -0.00650369 -0.000938645   -0.0143166 0.99873       0       0 8161
             150.501  0.0395725 -0.0506925  0.0498365   0.00140195  3.24752e-05 -0.000753127 8.08231e-05  -0.0164775  -0.0183192 -0.00371457 -0.00373886  0.00817564  -0.00676909 -0.000669018   -0.0137864 0.994117        0        0 0
             150.602 -0.0799474 -0.0810865 -0.0193069  0.00118682 -0.00154015 -0.00263577 -0.00278655  -0.0146019  -0.0189007 -0.00367907 -0.00373005  0.00819902  -0.00672745 -0.000684462   -0.0137971 0.994116        0        0 8046
             150.602  0.0374018 -0.0312096  0.0422667  0.00162538 0.000489235 0.000417797 0.00179184 0.00387431  0.0139758  -0.0037169 -0.00374625  0.00817917  -0.00678102 -0.000946189   -0.0142474 0.994778        0        0 0
             150.701  -0.061808 -0.0587196 0.00876222  0.000942959 -0.000297148  0.000990461 -0.00739024 -0.00711159  0.00390474 -0.00369266 -0.00373683  0.00818938  -0.00666074 -0.000801067   -0.0141333 0.994787        0        0 8165
             150.701  0.0391726 -0.0465563  0.0448953   0.00145135  0.000294318 -0.000468692 -0.00188631 -0.00193466   -0.011952  -0.0037253 -0.00374083  0.00817768  -0.00673477 -0.000881828   -0.0139151 0.999228        0        0 0
             150.801 -0.0421261 -0.0676733 -0.0156041  0.000954612 -0.000162322   -0.0016232  -0.0050575 -0.00472257  -0.0132386 -0.00369305 -0.00373524  0.00820216  -0.00669334 -0.000840649   -0.0139061 0.999229        0        0 7919
             150.801  0.0330471 -0.0393129  0.0432617   0.00133039  0.000364523 -0.000156196 -0.000652994 -0.000391981   0.00276597 -0.00371743  -0.0037446  0.00818302  -0.00674828 -0.000908035   -0.0141249 0.9991      0      0 0
             150.902  -0.025909  -0.098433 0.00296397   0.00103356 -5.58199e-05 -0.000135847 -0.00381971 -0.00374986 -0.00043789 -0.00370354 -0.00372525  0.00819694  -0.00672445 -0.000853108   -0.0140762 0.999102        0        0 8024
             150.902  0.0413596 -0.0396986  0.0206639    0.0015124   0.00175824 -8.19263e-05   0.00135172    0.0133175 -0.000134471 -0.00372514 -0.00374429  0.00819128 -0.00678784 -0.00108944  -0.0140782 0.993332        0        0 0
             151.001 -0.0411485 -0.0519162 -0.0590097   0.00122918   0.00228042 -0.000932578 -0.00352375  0.00679475   -0.007758 -0.00369927 -0.00374158  0.00821828  -0.00672758 -0.000977574    -0.013961 0.993328        0        0 7864
             151.001  0.0399644 -0.0350842  0.0224931  0.00129507  0.00171407 0.000150797 -0.00236188 0.000305058  0.00411716 -0.00372579 -0.00374712  0.00819176  -0.00674039 -0.000901183   -0.0141236 0.993067        0        0 0
             151.101 -0.0134741 -0.0830078  -0.018849  0.00081473 0.000730632 0.000269955 -0.00562652 -0.00902736  0.00250777 -0.00370385 -0.00373314  0.00820809  -0.00670579 -0.000774919   -0.0141072 0.993065        0        0 8005
             151.101  0.0406787 -0.0540466  0.0468476   0.00134504  0.000184806 -0.000887672 0.000788582  -0.0150345 -0.00998209 -0.00372161 -0.00374263  0.00818665  -0.00679021 -0.000701561   -0.0139339 0.997772        0        0 0
             151.202  -0.108888 -0.0540048   -0.05786 0.000834631 -0.00155774 -0.00256334 -0.00578796    -0.01626  -0.0171061 -0.00367369 -0.00374387  0.00822268  -0.00669301 -0.000679213   -0.0138566 0.99777       0       0 7848
             151.202 0.0400529  -0.09457 0.0559397   0.00158398 -0.000508928  -0.00319076   0.0022925 -0.00700231  -0.0240917 -0.00372184 -0.00373077  0.00818589  -0.00680687 -0.000822315   -0.0137606 0.99441       0       0 0
             151.301  -0.0575239   -0.060268 -0.00937806 0.000688168 -0.00134463 -0.00535406 -0.00949664 -0.00789615  -0.0245171 -0.00369097  -0.0037419  0.00820894   -0.0066609 -0.000810942   -0.0137856 0.994412        0        0 8037
             151.301  0.0362727 -0.0595289  0.0447579 0.00153274  0.0002583 -0.0012241 0.000412137  0.00397798   0.0108008 -0.00372121 -0.00374246  0.00819142  -0.00678791 -0.000980023   -0.0142686 0.994869        0        0 0
             151.401  -0.0641968  -0.0718338 -0.00720462   0.00111697   0.00016384 -0.000352101  -0.00439539 -0.000166271   0.00719757 -0.00369128 -0.00373829  0.00820942  -0.00672918 -0.000907339   -0.0142256 0.994872        0        0 7968
             151.401   0.037881 -0.0400546  0.0252727   0.00142929   0.00152662 -0.000106906 -0.00149361   0.0123445  0.00893878 -0.00372425  -0.0037486  0.00819893 -0.00676453 -0.00108646  -0.0142483 0.992124        0        0 0
             151.502 -0.0848914 -0.0449864 -0.0498137 0.000768454  0.00164968  0.00033637 -0.00729515  0.00186481  0.00394175 -0.00368616 -0.00374747  0.00822427   -0.0066975 -0.000928197   -0.0141645 0.992122        0        0 8087
             151.502  0.0358755 -0.0449022  0.0364752   0.00137058  0.000811557 -0.000350685   5.081e-05 -0.00763668  -0.0034176 -0.00372517 -0.00374746  0.00819642  -0.00679627 -0.000815789   -0.0140628 0.997694        0        0 0
             151.601 -0.0209951 -0.0255051  0.0216203  0.000491326 -0.000280761  -0.00131515   -0.010622 -0.00935501 -0.00830909 -0.00370882 -0.00375541   0.0082027  -0.00665594 -0.000776087   -0.0139761 0.99769       0       0 8039
             151.601  0.0342847 -0.0376787  0.0248504   0.00131829   0.00145723 -2.01557e-05 -0.00174226  0.00850825  0.00574939 -0.00372655 -0.00375163   0.0082017 -0.00677551 -0.00102142  -0.0141685 0.998556        0        0 0
             151.701 -0.00184476  -0.0968738  0.00818645 0.000793739  0.00142813 0.000295387  -0.0059926 3.39064e-05  0.00391684 -0.00371486 -0.00373393  0.00820891  -0.00672333 -0.000913611   -0.0141648 0.998557        0        0 8026
             151.701 0.0416748 -0.039918  0.020599   0.00152374   0.00170848 -7.56382e-05   0.0026472  0.00238311 7.83395e-05 -0.00372893 -0.00375249  0.00820492  -0.00683392 -0.000949967   -0.0141098 0.99412       0       0 0
             151.802 -0.0458583 -0.0210499 -0.0169184  0.000849533  0.000925868 -0.000773228 -0.00686337 -0.00793699 -0.00743912 -0.00370309  -0.0037597  0.00821756  -0.00668805 -0.000825434   -0.0140122 0.994113        0        0 8081
             151.802  0.0344947 -0.0388775  0.0435436   0.00138259  0.000368118 -0.000122515 -0.000433085   -0.0144508 -0.000357796 -0.00372912 -0.00375394  0.00819798  -0.00677586 -0.000747931   -0.0141096 0.999342        0        0 0
             151.901 0.00451934 -0.0641406  0.0195655   0.00049074 -0.000985163 -6.94465e-05  -0.0103967  -0.0139726 -0.00215024 -0.00371521 -0.00374646  0.00821028  -0.00665165 -0.000759469   -0.0141117 0.999339        0        0 7924
             151.901   0.041813 -0.0457074   0.029312 0.00137101 0.00127852 -0.0003985 -0.00120178  0.00962285  -0.0060899 -0.00372695 -0.00375254   0.0082072 -0.00677363 -0.00107969  -0.0140561 0.992575        0        0 0
             152.001   -0.04242 -0.0326195 0.00653041  0.00092096  0.00142223 -0.00108015 -0.00450031  0.00198779 -0.00689695 -0.00370434 -0.00375821  0.00821632  -0.00673214 -0.000961108   -0.0140197 0.992573        0        0 8064
             152.001  0.0342728 -0.0313459    0.02939  0.00139878  0.00122109 0.000426714  0.00128075 -0.00100298  0.00926213 -0.00372927 -0.00375863  0.00820889  -0.00680842 -0.000929509   -0.0142416 0.994882        0        0 0
             152.102  -0.030962 -0.0368897 0.00272004 0.000734911 0.000385381 0.000647755 -0.00794046 -0.00730493  0.00364582 -0.00370814 -0.00375811  0.00821975  -0.00669265 -0.000828775    -0.014143 0.994877        0        0 7895
             152.102  0.0392279 -0.0497362   0.048161   0.00128543  0.000117979 -0.000678774 -0.00164172  -0.0107345  -0.0107892 -0.00373082 -0.00375397  0.00820507  -0.00678002 -0.000791269    -0.013944 0.997099        0        0 0
             152.201 -0.0485619 -0.0343943  0.0300436 0.000674707 -0.00108167 -0.00196715 -0.00723956  -0.0107435    -0.01117 -0.00370477 -0.00375948  0.00821158   -0.0067054 -0.000786853   -0.0139443 0.997099        0        0 8104
             152.201  0.0361028 -0.0650313  0.0578827   0.00147817 -0.000470785  -0.00158884  0.00177282 -0.00559942 -0.00714774 -0.00373213 -0.00374974  0.00820258  -0.00682902 -0.000865241   -0.0139993 0.999802        0        0 0
             152.301  0.0219413 -0.0928096  0.0272614  0.000824078 -0.000898618  -0.00250498 -0.00816498 -0.00402614  -0.0100062 -0.00372824  -0.0037414  0.00821347  -0.00669801 -0.000889132   -0.0139948 0.999798        0        0 7952
             152.301  0.0380972 -0.0268889  0.0444542  0.00133688 0.000336757 0.000553458 -0.00153697  0.00636969   0.0173921 -0.00373342 -0.00376285   0.0082079 -0.00677605 -0.00102995   -0.014368 0.997752        0        0 0
             152.402 -0.0714125 -0.0213458  -0.015785 0.000173088  0.00017426  0.00154603  -0.0129444 -0.00138863  0.00702746 -0.00369985 -0.00376502  0.00823005  -0.00662668 -0.000925272   -0.0142533 0.997751        0        0 8245
             152.402  0.0417298 -0.0570311  0.0298492  0.00132496  0.00118681 -0.00113794 -0.000226595   0.00790553   -0.0224359 -0.00373644 -0.00375348   0.0082153 -0.00680352 -0.00106304  -0.0138471 0.993368        0        0 0
             152.501  0.0172575 -0.0597748 0.00358903 0.000830215  0.00131879 -0.00345233 -0.00458218  0.00124408  -0.0250008  -0.0037216 -0.00375361  0.00822852  -0.00673338 -0.000961135   -0.0138122 0.993367        0        0 7959
             152.501  0.0347655 -0.0596465  0.0465937   0.00143629  0.000260482 -0.000999167 0.00311544 -0.0104592  0.0015063 -0.00372754 -0.00375396  0.00821453  -0.00683407 -0.000807261   -0.0141752 0.995234        0        0 0
             152.601 4.28313e-06   -0.113602   0.0250148  0.000918104 -0.000957776 -0.000749464 -0.00762532   -0.011459  0.00246925 -0.00371827 -0.00373651  0.00822249  -0.00673039 -0.000787598   -0.0141734 0.995231        0        0 8194
             152.601  0.0395084 -0.0328737  0.0256442  0.00137104  0.00152849 0.000199006 -0.00304022    0.014264   0.0110843 -0.00373107 -0.00376278  0.00822231 -0.00678252 -0.00113744   -0.014289 0.992317        0        0 0
             152.702 -0.00278042  -0.0031406 -0.00103369 7.10159e-05  0.00164117 0.000159073  -0.0140748  0.00272253 0.000564068 -0.00371437 -0.00377386  0.00823353  -0.00661873 -0.000962834    -0.014127 0.992313        0        0 8143
             152.702  0.0368728 -0.0330349  0.0228931  0.00136621  0.00158721 0.000242224 0.000908114  0.00132211   0.0014832 -0.00372719  -0.0037642  0.00822579 -0.00682341 -0.00094873   -0.014139 0.994953        0        0 0
             152.801 -0.00736898  -0.0563914 -0.00883115  0.000813225   0.00101379 -0.000121528 -0.00695928 -0.00523692 -0.00244054 -0.00371405 -0.00375737  0.00823635  -0.00672984 -0.000868141   -0.0140922 0.994951        0        0 8154
             152.801 0.0411495 -0.041353 0.0430738   0.00151818  0.000468181 -0.000188415  0.00164356  -0.0114587 -0.00304908 -0.00372992 -0.00376243  0.00821948  -0.00684388 -0.000791111   -0.0140827 0.997212        0        0 0
             152.901 -0.0148914  -0.084885 0.00365267   0.00130508 -0.000802894  -0.00101213 -0.00265566  -0.0120112 -0.00918056 -0.00371316 -0.00374929  0.00823271  -0.00677706 -0.000778031   -0.0140274 0.99721       0       0 8118
             152.901  0.0390617 -0.0394292  0.0248781  0.00130922  0.00151533 4.58598e-05 -0.00352963   0.0122352  0.00199573 -0.00373045 -0.00376409  0.00822588  -0.0067596 -0.00110951  -0.0141796 0.997416        0        0 0
             153.002  0.0349801 -0.0784429  0.0166322 0.000318923  0.00185702 0.000206582   -0.0102112   0.00254629 -0.000200592 -0.00373127 -0.00375254  0.00823025  -0.00667638 -0.000985235   -0.0141747 0.997417        0        0 8096
             153.002  0.0412242 -0.0455836  0.0230882   0.00138948   0.00162081 -0.000361505   0.00258671 -0.000300072  -0.00627433 -0.00373324   -0.003763   0.0082282  -0.0068458 -0.00094767  -0.0140892 0.992752        0        0 0
             153.101 -0.0285771 -0.0441651 -0.0276861   0.0010026  0.00109555 -0.00124181 -0.00479754 -0.00509827    -0.01053 -0.00371012 -0.00376427  0.00824634  -0.00674978 -0.000876468   -0.0140346 0.99275       0       0 8124
             153.101  0.0370491 -0.0323958  0.0154333   0.0014304  0.00203534 0.000223583 -0.000112626   0.00356942   0.00490219 -0.00373141 -0.00376814  0.00823233 -0.00681025 -0.00100095  -0.0142464 0.993979        0        0 0
             153.201 -0.0300426 -0.0765147 -0.0251942 0.000323636  0.00129329 0.000413693  -0.0128901 -0.00610974  0.00143367 -0.00371444 -0.00375379  0.00824568   -0.0066458 -0.000851087   -0.0141876 0.993977        0        0 7976
             153.201  0.0442009 -0.0463324  0.0345828   0.00156668  0.000829376 -0.000503827  0.00179759  -0.0117368 -0.00840587 -0.00373857  -0.0037636  0.00822627  -0.00684108 -0.000784824   -0.0140502 0.993279        0        0 0
             153.302 -0.0475271 -0.0394208 0.00375629   0.00075402 -0.000563949  -0.00170161 -0.0102631 -0.0117426 -0.0122697 -0.00371317 -0.00376668   0.0082364 -0.00669215 -0.00075967  -0.0140296 0.993278        0        0 7955
             153.302  0.0365074 -0.0374715  0.0180082  0.00159369  0.00183431 6.50663e-05 -0.00138046   0.0107461  0.00658939 -0.00374046 -0.00376716  0.00823178 -0.00680996 -0.00107092   -0.014288 0.993623        0        0 0
             153.401 -0.000853983   -0.0476077   -0.0247406 0.000556178  0.00189222  3.1134e-05   -0.0118776   0.00142908 -5.99751e-05 -0.00372851 -0.00376465  0.00824757  -0.00666967 -0.000951199   -0.0142039 0.993622        0        0 7999
             153.401   0.041296 -0.0338734  0.0258541   0.0013668  0.00140678 0.000217171 -0.00217938 -0.00415826  0.00210943 -0.00374226 -0.00376923  0.00823114  -0.00679822 -0.000882014   -0.0142325 0.994234        0        0 0
             153.501   -0.040308  -0.0506647 0.000433833 0.000662784 0.000339632 0.000432915 -0.00742451  -0.0118458  0.00122704 -0.00372351 -0.00376329  0.00823777  -0.00672971 -0.000791524   -0.0142567 0.994234        0        0 8052
             153.501  0.0421196 -0.0468407  0.0484987   0.00123672  4.64573e-05 -0.000529636 -0.000603246   -0.0154813  -0.00924128 -0.00375032 -0.00376447  0.00822214  -0.00682212 -0.000752616    -0.014112 0.998986        0        0 0
             153.602 -0.0564267 -0.0575026  0.0189304 0.000503682 -0.00166831 -0.00179211 -0.00875194  -0.0170653  -0.0142091 -0.00372409 -0.00376132  0.00823176  -0.00671841 -0.000734641   -0.0140527 0.998985        0        0 8140
             153.602  0.0376228 -0.0305154  0.0368395   0.0012076 0.000801781 0.000328792 -0.00130751  0.00616693   0.0086142 -0.00375475 -0.00376985  0.00822593 -0.00681423 -0.00105782  -0.0143661 0.994793        0        0 0
             153.701 -0.0328115 -0.0409002 -0.0127433 0.000616238 0.000969156  0.00117985 -0.00690152  0.00323389  0.00789198 -0.00373531 -0.00376696    0.008244 -0.00674176  -0.0009802  -0.0143525 0.994791        0        0 8095
             153.701  0.0433846 -0.0509477  0.0202635    0.0015831   0.00170076 -0.000649306  0.0037151  0.0104026 -0.0123069 -0.00376001 -0.00376377  0.00823328 -0.00688739  -0.0010852   -0.014074 0.994036        0        0 0
             153.801 -0.0180741 -0.0732493 -0.0309426  0.00115897  0.00141774 -0.00227812 -0.00523884 -0.00205287  -0.0160691 -0.00373751 -0.00375834   0.0082523  -0.00677541 -0.000915279   -0.0140149 0.994034        0        0 8094
             153.801  0.0364825 -0.0270138  0.0335553  0.00141317 0.000947843 0.000554745 -0.00164908 -0.00771547   0.0149934 -0.00375529  -0.0037734  0.00823134   -0.0068162 -0.000846511   -0.0144414 0.998916        0        0 0
             153.902 -0.0404004 -0.0769186 0.00645098  0.000794909 -0.000168706   0.00189179 -0.00683776  -0.0100829    0.013986 -0.00373396 -0.00375787   0.0082408  -0.00674166 -0.000809089   -0.0144294 0.998916        0        0 8128
             153.902  0.0456099 -0.0624697  0.0525357   0.00127288 -0.000191161  -0.00138477 -0.00127533  -0.0101583  -0.0207623 -0.00376185 -0.00376257  0.00822587  -0.00681831 -0.000818473   -0.0139501 0.994559        0        0 0
             154.002  -0.127616 -0.0250441 -0.0396207 0.000258579 -0.00135496 -0.00397192 -0.0117373 -0.0104158 -0.0257507 -0.0037068 -0.0037745 0.00825693  -0.00669019 -0.000802587    -0.013895 0.994556        0        0 8048
             154.002  0.0310208 -0.0599523  0.0451538   0.00115188 -4.80438e-05  -0.00125447  -0.00192952 -0.000459471 -0.000632573  -0.0037584 -0.00376312  0.00822937  -0.00682264 -0.000954824   -0.0142405 0.997195        0        0 0
             154.101 -0.00480968   -0.102188  0.00747369 0.000781783 0.000236943 -0.00113034  -0.00411297   0.00188537 -2.97867e-06  -0.0037437 -0.00374942  0.00824476  -0.00679875 -0.000990143   -0.0142664 0.997194        0        0 7940
             154.101  0.0405833 -0.0334513  0.0227404  0.00143386  0.00156167 0.000224665 0.00284378  0.0127321  0.0114153 -0.00375845 -0.00377166  0.00823981 -0.00688329  -0.0011405  -0.0144208 0.999264        0        0 0
             154.202  0.0013203 -0.0332613 -0.0215896 0.000707149  0.00205407 0.000810807 -0.00913424  0.00545024   0.0051552 -0.00374518  -0.0037715  0.00825546 -0.00672895 -0.00103237  -0.0143411 0.999262        0        0 8045
             154.202  0.0430846 -0.0453443  0.0226621  0.00149535  0.00154923 -0.00036859  0.000112563 -0.000147218   -0.0073636 -0.00375859 -0.00376744   0.0082412  -0.00685519 -0.000962346   -0.0141681 0.999359        0        0 0
             154.302 -0.0380755  -0.102589 -0.0335698  0.00146762  0.00110981 -0.00141134 -0.00011286 -0.00339575  -0.0108603 -0.00373847  -0.0037504  0.00825916  -0.00685792 -0.000898041   -0.0141251 0.999358        0        0 7881
             154.302  0.0451117 -0.0338541  0.0206096  0.00154249  0.00169085 0.000156907 0.000908749  0.00179637  0.00628913 -0.00376551 -0.00377269  0.00824159  -0.00686308 -0.000977981   -0.0143589 0.998237        0        0 0
             154.401 -0.00579164  -0.0859238  -0.0172535  0.00136073  0.00113405 0.000283831 -0.00234245 -0.00490977 0.000774513 -0.00375191 -0.00375747  0.00825528  -0.00682807 -0.000883113   -0.0142852 0.998235        0        0 7962
             154.401  0.0453936 -0.0509213  0.0263441   0.00145172   0.00129487 -0.000711276 -0.00122239 -0.00349095  -0.0101223 -0.00376858 -0.00376885  0.00824111  -0.00684037 -0.000908768   -0.0141341 0.998809        0        0 0
             154.502 -0.0754296 -0.0974933 -0.0547069  0.000827683 -0.000236159  -0.00208423 -0.00659068  -0.0145742  -0.0143113 -0.00372583  -0.0037554  0.00827159  -0.00677499 -0.000753438   -0.0140873 0.998807        0        0 7970
             154.502  0.0445984 -0.0417658  0.0365906   0.00121872  0.000567355 -0.000168046 -0.00203501 -0.00767642  0.00602455 -0.00376485 -0.00377329  0.00824201  -0.00682863 -0.000861492   -0.0143659 0.996978        0        0 0
             154.602 -0.0738587 -0.0535821 -0.0126537  0.000522391 -0.000571291  0.000160145 -0.00769957 -0.00981578  0.00272001 -0.00372607 -0.00376906  0.00825878  -0.00675975 -0.000820258   -0.0143241 0.996981        0        0 8047
             154.602   0.044247 -0.0461042  0.0233285    0.0015205   0.00150264 -0.000303586  0.00194787  0.00689647 -0.00234906 -0.00376452 -0.00377145  0.00824706 -0.00688961 -0.00105818   -0.014253 0.994307        0        0 0
             154.701 -0.0246122 -0.0614935 -0.0447124 0.000951792  0.00143343 -0.00124989  -0.00660406 -0.000230162  -0.00972238 -0.00374508 -0.00376686  0.00826834  -0.00677951 -0.000941961   -0.0141511 0.994304        0        0 7934
             154.701  0.0402512 -0.0310422  0.0206795  0.00162812  0.00169343 0.000222025  0.0014441 0.00153316  0.0064029 -0.00376621  -0.0037767  0.00824709  -0.00688345 -0.000974311   -0.0143717 0.998584        0        0 0
             154.802  -0.0479403 -0.00340246  -0.0273029 0.000535854 0.000733062 9.80189e-05   -0.0130442  -0.00929044 -0.000622881 -0.00373909 -0.00378614   0.0082647 -0.00668834 -0.00082725  -0.0142641 0.998581        0        0 8132
             154.802  0.0352359 -0.0402635  0.0401065   0.0014256 0.000563537 -0.00020757 -0.00275307  -0.0119124 -0.00395201 -0.00376594 -0.00377412  0.00824294 -0.00683144 -0.00080254  -0.0142183 1.00058       0       0 0
             154.902 -0.0624803 -0.0443142  0.0075585 0.000291674 -0.00149605 -0.00136414 -0.0120932 -0.0199055 -0.0120614  -0.0037293 -0.00377635  0.00825864  -0.00669024 -0.000714597   -0.0141051 1.00058       0       0 7966
             154.902  0.0378062 -0.0346691  0.0236749  0.00137414  0.00156787 0.000128193 -0.000437694   0.00877379   0.00390139 -0.00376178 -0.00377954   0.0082534 -0.00684476 -0.00111036  -0.0143231 0.995551        0        0 0
             155.001 -0.0227166 -0.0775849 -0.0401585  0.00125554  0.00163532 0.000188949 -0.00223062  0.00208187 -0.00175361 -0.00375009 -0.00376545  0.00827343  -0.00685176 -0.000994905   -0.0142768 0.995552        0        0 7936
             155.001  0.0454052 -0.0501359  0.0174704    0.0016883   0.00188122 -0.000508578  0.00276793  0.00401546 -0.00934548 -0.00377218 -0.00377432  0.00825477 -0.00691688 -0.00102954  -0.0141711 0.99382       0       0 0
             155.102  0.0157725 -0.0395745 -0.0127715 0.000739548  0.00132817 -0.00206476  -0.0102567 -0.00350609  -0.0166707 -0.00376644 -0.00377918  0.00826308  -0.00673388 -0.000883481   -0.0140668 0.993816        0        0 7946
             155.102  0.0351879 -0.0182632  0.0243899  0.00151278  0.00145941 0.000813943  -0.0010415 -0.00314257   0.0146596 -0.00377274 -0.00378589  0.00825107 -0.00685304 -0.00089121  -0.0144968 1.00041       0       0 0
             155.202  -0.078918 -0.0529214 -0.0507225  0.00098802 0.000240045  0.00196074 -0.00692977  -0.0153677   0.0113785 -0.00374287 -0.00377214  0.00827395  -0.00679651 -0.000783656   -0.0144463 1.00041       0       0 8053
             155.202   0.040284 -0.0585624 0.00661136  0.00174508  0.00254297 -0.00104173 0.000758858  0.00757463  -0.0218183 -0.00378146 -0.00377038  0.00825543 -0.00690336  -0.0011056  -0.0139894 0.998223        0        0 0
             155.301 0.00763636 -0.0483855  0.0155079 0.000617683  0.00181534 -0.00382668  -0.0104312 -0.00358863   -0.027296 -0.0037773 -0.0037773 0.00825487  -0.00671427 -0.000932691   -0.0139101 0.998222        0        0 8048
             155.301  0.0302562 -0.0462285  0.0246136 0.00160052 0.00155132 -0.0005191  0.00126961 -0.00709918  0.00854238 -0.00378458   -0.003778  0.00825204  -0.00686816 -0.000887713   -0.0144015 0.999871        0        0 0
             155.402 -0.0310464 0.00437304  -0.014474  0.000543249  0.000215806 -0.000721386   -0.0143363   -0.0104083 -0.000823137 -0.00376244 -0.00379372  0.00826673  -0.00670431 -0.000789583   -0.0142884 0.999865        0        0 8097
             155.402  0.0430789 -0.0894235  0.0508994   0.00191465 -0.000106115   -0.0025998 0.00086763 -0.0142567 -0.0176367 -0.00378636  -0.0037633  0.00824563 -0.00692161  -0.0007476  -0.0140585 0.99932       0       0 0
             155.502 -0.0188482  -0.115682  0.0414467  0.00124958 -0.00148806 -0.00407867 -0.00674927  -0.0143992   -0.015627 -0.00376274 -0.00375812  0.00825079  -0.0068201 -0.00076565  -0.0141029 0.999318        0        0 8158
             155.502  0.0312747 -0.0139007  0.0415415   0.0014507 0.000600444  0.00101629 -0.00399704  0.00273376   0.0304336 -0.00377899 -0.00379118  0.00825076 -0.00684009 -0.00100051  -0.0147331 0.999766        0        0 0
             155.601   -0.018185 -0.00187587    0.023683 0.000184816 0.000291996   0.0031515  -0.0141718 -0.00392057   0.0190553 -0.00376769 -0.00379179  0.00825832   -0.0066767 -0.000938222   -0.0145887 0.999766        0        0 7991
             155.601  0.0422168 -0.0590285  0.0255669  0.00131705  0.00145732 -0.00102161 -0.00198869  0.00730852  -0.0266629 -0.00378732 -0.00377323   0.0082577 -0.00684879 -0.00109506  -0.0139594 0.998474        0        0 0
             155.702 -0.0385664 -0.0273961 -0.0166305 0.000330973  0.00139583 -0.00376394  -0.0111934 0.000889504  -0.0290978 -0.00376882 -0.00378501  0.00827191  -0.00676595 -0.000976198   -0.0139382 0.998473        0        0 8227
             155.702  0.0356158 -0.0569049   0.042103  0.00153786 0.000404073 -0.00138323  0.00337062  -0.0106069 -0.00282558 -0.00379262 -0.00377523    0.008253  -0.00696312 -0.000830778   -0.0142997 0.997594        0        0 0
             155.802 -0.0237717 -0.0727041 -0.0247153   0.00153741 -0.000487813  -0.00194644 -0.00050972 -0.00856404 -0.00501096 -0.00377077 -0.00376918  0.00827542  -0.00689507 -0.000835933   -0.0142521 0.997592        0        0 7961
             155.802  0.0378527 -0.0366135  0.0375226   0.0014757 0.000761637 0.000299028 -0.00118328  0.00249224   0.0152283 -0.00379075 -0.00378086  0.00825524 -0.00687918 -0.00099222  -0.0145292 1.00037       0       0 0
             155.901 -0.0200303 -0.0561411   0.020994 0.000543549  0.00016243  0.00149795   -0.011061 -0.00518166   0.0136846  -0.0037708 -0.00377709   0.0082642  -0.00677413 -0.000919444    -0.014498 1.00037       0       0 8064
             155.901  0.0407958 -0.0453929  0.0280741   0.00152559   0.00137203 -0.000581763 -0.000508465   0.00607649  -0.00849491 -0.00379057 -0.00378056   0.0082619 -0.00691664 -0.00107706  -0.0141916 1.00002       0       0 0
             156.002 -0.0961137 -0.0588367 -0.0567289 0.000842862 0.000884355 -0.00212566 -0.00802335 -0.00248604  -0.0146857 -0.00375662 -0.00377415  0.00828564  -0.00680173 -0.000905652   -0.0141192 1.00002       0       0 7886
             156.002  0.0368336 -0.0579375    0.01793   0.0017238  0.00185346 -0.00107532  0.00188981  0.00606728 -0.00333167 -0.00379973  -0.0037742  0.00826151 -0.00693473  -0.0010369  -0.0142748 0.995562        0        0 0
             156.102 0.00979459 -0.0802602 -0.0112988 0.000796075  0.00135479 -0.00148629  -0.0103131 -0.00565543   -0.005063 -0.00378784 -0.00376904  0.00827347  -0.00678987 -0.000906266   -0.0142807 0.995565        0        0 8005
             156.102  0.0385773 -0.0281659  0.0208898  0.00136946  0.00182904 0.000456666 -0.00330867 -0.00186873   0.0127056 -0.00379723 -0.00378599  0.00826301  -0.00687608 -0.000960791   -0.0145232 0.993625        0        0 0
             156.201 -0.0722192 -0.0460913 -0.0278758 0.000413108 0.000349105  0.00084007  -0.0096452  -0.0148651 0.000726995 -0.00376672 -0.00377956  0.00827826 -0.00677065 -0.00078642  -0.0143816 0.993623        0        0 7841
             156.201  0.0373014 -0.0437445  0.0378894   0.00130655  0.000803034 -0.000197343 0.000581897  -0.0111496  -0.0106552 -0.00380228 -0.00378025  0.00825692 -0.00690893  -0.0008496  -0.0142238 0.994436        0        0 0
             156.302 -0.00578394  -0.0727942   0.0180885  0.000787726 -0.000401557  -0.00161578 -0.0068596 -0.0110002 -0.0159378 -0.00378551 -0.00377222  0.00826728  -0.00684485 -0.000823229   -0.0141476 0.994433        0        0 8020
             156.302  0.0380074 -0.0285684  0.0359208  0.00144568 0.000926703 0.000448808 0.000551105   0.0023705  0.00658998 -0.00379987 -0.00378631  0.00826148 -0.00693822 -0.00100816   -0.014456 0.993622        0        0 0
             156.402 -0.0541622 -0.0836611 -0.0287528  0.00138669 0.000651917 0.000868116 -0.000579768  -0.00227103   0.00543938 -0.00377164 -0.00376856  0.00828272  -0.00691909 -0.000915136   -0.0144051 0.99362       0       0 7935
             156.402  0.0418349 -0.0532837  0.0373307  0.00132395 0.000773935 -0.00100315 -0.00136081 -0.00115733  -0.0151978 -0.00380285 -0.00377846  0.00826125  -0.00690711 -0.000942029     -0.01412 0.998074        0        0 0
             156.501  -0.0210386  -0.0777856 -0.00177998  0.000508306 -0.000125633   -0.0030005 -0.00994872 -0.00908043  -0.0184076  -0.0037833 -0.00377212   0.0082753  -0.00680112 -0.000861378   -0.0140783 0.99807       0       0 8020
             156.501 0.0340009 -0.024377 0.0312883  0.00148585  0.00116654 0.000821077 0.00138128 0.00322397  0.0229591 -0.00380131 -0.00378921  0.00826455 -0.00694466 -0.00103357  -0.0146459 0.994764        0        0 0
             156.602  -0.0256724  -0.0140644 0.000242156 0.000632331 0.000946334  0.00236591  -0.00895225 -0.000388136    0.0143653 -0.00378315 -0.00379412  0.00827543  -0.00679581 -0.000949925   -0.0145487 0.99476       0       0 8098
             156.602  0.0437922 -0.0541726  0.0415834  0.00150619 0.000490788  -0.0010258 0.00085274 -0.0056699 -0.0227959 -0.00380545 -0.00378116  0.00826213  -0.00693541 -0.000887151   -0.0140366 0.99857       0       0 0
             156.702 -0.0103371   -0.11391  0.0011566  0.00137233 1.47219e-05 -0.00282148 -0.00291425 -0.00649319  -0.0200378 -0.00378991 -0.00376006   0.0082764  -0.00691059 -0.000898816   -0.0141028 0.99857       0       0 8007
             156.702  0.0394236 -0.0286124  0.0417868  0.00130906 0.000606858 0.000621567 -0.00331253 -0.00159963   0.0177792 -0.00380611 -0.00378772  0.00826322  -0.00689298 -0.000970684   -0.0146205 0.99298       0       0 0
             156.801  -0.028481 -0.0431689  0.0230295 3.15016e-05 9.63139e-05  0.00222386  -0.0124778 -0.00428573   0.0146479 -0.00378567 -0.00378532  0.00827192  -0.00674135 -0.000925897   -0.0145656 0.992978        0        0 8049
             156.801  0.0389761 -0.0428154  0.0366117  0.00131582 0.000870237 -0.00032085 0.00214465 0.00291471 -0.0131896 -0.00380761 -0.00378534  0.00826751 -0.00694119 -0.00103017  -0.0141804 0.992858        0        0 0
             156.901 -0.0307371 -0.0898711 -0.0104029  0.00103792 0.000602403 -0.00151416 -0.00538145 -0.00160688  -0.0113182 -0.00378665 -0.00376907  0.00828459 -0.00688637 -0.00093611  -0.0141909 0.992857        0        0 8011
             156.901 0.0392037 -0.028829 0.0313252  0.00155526  0.00115128 0.000539755 0.000844626  0.00282941  0.00918239 -0.00380947  -0.0037886  0.00827104 -0.00696142 -0.00100419  -0.0144709 0.998303        0        0 0
             157.002 -0.0154697 -0.0410951  0.0101182 0.000963931 0.000507389 0.000672736 -0.00629625 -0.00587826  0.00294212 -0.00378809 -0.00378773  0.00827893   -0.0068529 -0.000880099   -0.0143697 0.998298        0        0 8073
             157.002  0.0401599 -0.0461728  0.0428149    0.0015242  0.000457509 -0.000494402 0.000202249 -0.00684624 -0.00986219  -0.003806 -0.0037859  0.0082684 -0.00694193 -0.00087378  -0.0141929 0.993701        0        0 0
             157.101 -0.0504289 -0.0939548 0.00585487   0.00109796 -0.000701837  -0.00161309 -0.00592655  -0.0112477 -0.00994716 -0.00377867 -0.00377092  0.00828075  -0.00686745 -0.000827675   -0.0142052 0.993701        0        0 7919
             157.101  0.0404624 -0.0328993  0.0342274  0.00150137 0.000980468 0.000429086 -0.00167056  0.00554814   0.0122555 -0.00380866 -0.00379045  0.00827143 -0.00691656 -0.00106416  -0.0145092 0.993302        0        0 0
             157.201  -0.0784363 -0.00185321  -0.0155733 0.000125662 0.000439788 0.000760588  -0.0143014 -0.00422617  0.00181758 -0.00377007 -0.00380332  0.00829036  -0.00673566 -0.000906133   -0.0143963 0.993297        0        0 8131
             157.201  0.0343543 -0.0462302  0.0369026   0.00166228  0.000758955 -0.000675486  0.00327547 -0.00199697  -0.0140327 -0.00380671 -0.00378851  0.00827335  -0.00697873 -0.000949319   -0.0141776 0.995209        0        0 0
             157.302 -0.0583556  -0.070969  -0.039686   0.0015135 0.000369916 -0.00214633 -0.00242365 -0.00579993  -0.0173808  -0.0037826 -0.00377804  0.00829849  -0.00690997 -0.000912397   -0.0141591 0.995207        0        0 7951
             157.302  0.0356234 -0.0350972  0.0432487  0.00134313 0.000462723 0.000360299  -0.0040233 -0.00578705   0.0101265 -0.00381299 -0.00378944  0.00827173  -0.00688218 -0.000924752   -0.0145376 0.999134        0        0 0
             157.401  -0.0609001  -0.0266371 -0.00361204 -7.16272e-05 -0.000843345   0.00122533 -0.0149208 -0.0111518 0.00722167 -0.00378452  -0.0037939   0.0082899  -0.00673667 -0.000843439   -0.0144896 0.999137        0        0 8164
             157.401  0.0324112 -0.0446651  0.0247171   0.00151187   0.00147569 -0.000447673 0.00198477  0.0102296 -0.0113044 -0.00381537 -0.00378777  0.00828055 -0.00696819  -0.0011413  -0.0142334 0.994581        0        0 0
             157.501  -0.064502 -0.0442356 -0.0575832  0.00134569   0.0017813 -0.00210883 -0.00257436  0.00496501  -0.0162151 -0.00378979 -0.00378664  0.00830616 -0.00691278 -0.00101375  -0.0141414 0.994581        0        0 8028
             157.501   0.038719 -0.0772906    0.01781  0.00203336  0.00185293 -0.00206074 0.00521099 0.00473553 -0.0156694 -0.00382336 -0.00377561  0.00828167 -0.00702149 -0.00102364  -0.0141491 0.994319        0        0 0
             157.602  0.0325333  -0.136281 0.00888826  0.00199218   0.0012758 -0.00339979 -0.00175132 -0.00571611  -0.0115016  -0.0038186 -0.00375896  0.00828595 -0.00696063 -0.00090273  -0.0142004 0.994323        0        0 8171
             157.602 0.0355494 -0.020331  0.017667 0.00139127 0.00207201 0.00079127 -0.00766725  0.00153174   0.0267481 -0.00381987 -0.00379638  0.00828307  -0.0068625 -0.00100064  -0.0147255 0.997534        0        0 0
             157.701 -0.0239503 0.00657452 -0.0188507  3.3783e-05 0.000988065   0.0025669  -0.0138481 -0.00970067   0.0181818 -0.00379768 -0.00380576  0.00829701  -0.00673724 -0.000851697    -0.014622 0.997531        0        0 8096
             157.701  0.0413574 -0.0541711  0.0271548   0.00122391   0.00132087 -0.000766063 -0.00052029 -0.00685338  -0.0183643 -0.00381895 -0.00378601  0.00828206  -0.00692557 -0.000897998   -0.0141179 0.993873        0        0 0
             157.801 0.00898535 -0.0424351   0.016789 0.000130012 0.000243214 -0.00299033 -0.0125528 -0.0109137 -0.0239892 -0.00380471 -0.00379174  0.00828921  -0.00679707 -0.000843683   -0.0140797 0.993871        0        0 8208
             157.801  0.0359306 -0.0520821  0.0280252   0.00166347   0.00128735 -0.000839147   0.00509259  -0.00134559 -0.000478506  -0.0038137 -0.00378796  0.00828552   -0.0070345 -0.000975601   -0.0144027 0.995316        0        0 0
             157.902 -0.0600428 -0.0718705 -0.0490987  0.00151569 0.000525267 -0.00123158 -0.00260112 -0.00697595 -0.00630763  -0.0037879 -0.00377862  0.00831073  -0.00692125 -0.000870438   -0.0143458 0.995314        0        0 8147
             157.902  0.0324371 -0.0427616  0.0504743   0.00124655 -1.50832e-05 -0.000231082 -0.00517734  -0.0131098  0.00283652 -0.00381774 -0.00378813  0.00827852 -0.00688193 -0.00080032  -0.0144712 0.997757        0        0 0
             158.001 -0.0389606 -0.0658409  0.0252084  9.52425e-05  -0.00152208 -0.000328882  -0.0134721  -0.0144659 -0.00185934 -0.00378911 -0.00378188  0.00829086  -0.00678893 -0.000789589   -0.0143929 0.997756        0        0 8129
             158.001  0.0404191 -0.0422543   0.025959   0.00134481   0.00144486 -0.000201063 -0.000830742    0.0126404  -0.00101962 -0.00381583  -0.0037891  0.00829038 -0.00695716 -0.00116273  -0.0144026 0.998343        0        0 0
             158.101  -0.043286 -0.0668086 -0.0492431  0.000789799   0.00192779 -0.000583449 -0.00550013   0.0068539 -0.00248662 -0.00378581 -0.00378447  0.00831675 -0.00688677 -0.00104283   -0.014355 0.998341        0        0 8132
             158.101  0.0373758 -0.0363366  0.0230823   0.00143665   0.00168948 -7.09018e-05 0.00237793 0.00352481 0.00320838  -0.0038119 -0.00379402  0.00829331 -0.00698953 -0.00100841  -0.0144322 0.993375        0        0 0
             158.202 -0.0753237 -0.0169734 -0.0306108 0.000431824 0.000699847 -0.00103304  -0.0125856 -0.00901504 -0.00967459 -0.00377921 -0.00379979  0.00830862   -0.0067993 -0.000842652   -0.0142642 0.993371        0        0 8014
             158.202  0.0339386 -0.0481672  0.0189984   0.00165087   0.00186566 -0.000476448  0.00104892  0.00160792 -0.00373144 -0.00381496 -0.00378905  0.00829252  -0.00698618 -0.000998726   -0.0143456 0.999575        0        0 0
             158.301 -0.0837599 -0.0631631 -0.0699495   0.0013422  0.00119459 -0.00147827  -0.0022781 -0.00600267 -0.00980056 -0.00378098 -0.00378507  0.00832155  -0.00692434 -0.000897514   -0.0142824 0.999575        0        0 7991
             158.301  0.0363857 -0.0307225  0.0275148   0.0018419  0.00128993 0.000444036  0.00400814 -0.00647373  0.00773167 -0.00381996 -0.00379529  0.00828997   -0.0070029 -0.000906242   -0.0145222 0.99767       0       0 0
             158.401 -0.0394696 -0.0385045  0.0104638  0.000794696 -0.000126187  0.000452894  -0.0123475  -0.0130811 -0.00152905 -0.00379359 -0.00379385  0.00829968  -0.00680667 -0.000798624   -0.0144169 0.997675        0        0 8037
             158.401    0.03685 -0.0340494  0.0423896  0.00114141 0.000474543 6.63083e-05 -0.00880915 -0.00790046 -0.00570329 -0.00381854 -0.00379517  0.00828928  -0.00685424 -0.000877293   -0.0143589 0.99797       0       0 0
             158.502 -0.0831386  -0.031154 -0.0326814  0.000248811 -0.000485497 -0.000499891 -0.00890469 -0.00933803 -0.00681734 -0.00378212 -0.00379646  0.00831339  -0.00684516 -0.000843301   -0.0143452 0.997971        0        0 8007
             158.502  0.0367492 -0.0333519   0.036747  0.00146239 0.000807802 4.49679e-05   0.00477545    0.0025395 -0.000998701 -0.00382145 -0.00379507  0.00829081 -0.00702994 -0.00101807  -0.0144243 0.998695        0        0 0
             158.601 -0.0674657 -0.0446548 -0.0238293  0.000824085  0.000174655 -0.000224404 -0.00812364 -0.00443441  -0.0030082 -0.00378937 -0.00379181  0.00831126  -0.00686178 -0.000909269   -0.0143899 0.998701        0        0 8095
             158.601  0.0350969 -0.0385618  0.0419716  0.00115988 0.000510815 0.000147868 -0.00441476 -0.00209617  0.00101205 -0.00382272 -0.00379364  0.00828992  -0.00691088 -0.000953375   -0.0144448 0.99782       0       0 0
             158.701  -0.039899 -0.0490234 0.00227055  0.000570188 -8.80581e-05  -2.0854e-06  -0.00509973  -0.00475419 -0.000788434 -0.00379654 -0.00379361  0.00830537  -0.00689608 -0.000918939   -0.0144102 0.99782       0       0 8112
             158.701  0.0355636 -0.0306303  0.0411814   0.0013058 0.000576701 0.000310166  0.00330357 0.000948953   0.0025936 -0.00382121 -0.00379925  0.00829271 -0.00700717 -0.00100466  -0.0144556 0.998235        0        0 0
             158.802  -0.102115  0.0165037 -0.0512792  0.000776185 -4.90133e-05 -0.000573587 -0.00720582 -0.00482569 -0.00894163 -0.00377856 -0.00381504   0.0083241  -0.00686544 -0.000914199   -0.0142996 0.998233        0        0 8156
             158.802  0.0322921 -0.0267493  0.0280127  0.00171922  0.00123499 0.000865364 0.00310109 0.00672656 0.00655358 -0.00382257 -0.00380048  0.00829837 -0.00700792  -0.0010861  -0.0145133 1.00253       0       0 0
             158.901 -0.0118352 -0.0495312 0.00184117  0.00113573  0.00115347 0.000451316 -0.00590367 0.000793347 -0.00311336 -0.00380396 -0.00379532  0.00831015  -0.00688668 -0.000994031   -0.0143987 1.00253       0       0 8080
             158.901  0.0372041 -0.0353675  0.0412504   0.00133894  0.000537573 -7.10775e-06  -0.0033077 -0.00519289 -0.00682443 -0.00381967 -0.00379986  0.00829743 -0.00692085 -0.00091994  -0.0143471 1.00314       0       0 0
             159.001  -0.102771 -0.0155655 -0.0503281  0.000319916 -0.000320962  -0.00130281   -0.011607 -0.00881481    -0.01388 -0.00377925 -0.00380512  0.00832655   -0.0068107 -0.000873228   -0.0142566 1.00314       0       0 8132
             159.001  0.0317824 -0.0332918  0.0258946   0.0015243   0.0013719 0.000512176 0.00181377 0.00631602  0.0051701 -0.00382355 -0.00379868  0.00830176 -0.00699251 -0.00109329  -0.0145186 0.998725        0        0 0
             159.102 -0.0490351 -0.0410371 -0.0466354 0.000801559  0.00144834   0.0001079 -0.00765848   0.0031748 -0.00361788 -0.00379905 -0.00379896  0.00832771 -0.00686962 -0.00103349  -0.0144009 0.998725        0        0 8042
             159.102  0.0313604 -0.0332011  0.0409954  0.00144658 0.000614237 0.000168715 -2.94994e-06  -0.00593258  -0.00262395 -0.00382469 -0.00380122   0.0082995  -0.00697192 -0.000921852   -0.0144138 1.00262       0       0 0
             159.201  -0.0830607  -0.0197854 -0.00901552  0.000622011  -0.00041897 -0.000840105 -0.00977521 -0.00847844  -0.0105417 -0.00379164 -0.00380673  0.00831583  -0.00683906 -0.000852265   -0.0143003 1.00262       0       0 8053
             159.201 0.0316698 -0.034057 0.0392068  0.00141022 0.000637296 0.000256542 -0.000987888  0.000832517   0.00100005 -0.00382922 -0.00380168  0.00830011  -0.00695834 -0.000991036   -0.0144589 1.00327       0       0 0
             159.301 -0.0265588 -0.0474393 -0.0140354  0.000624363  0.000208679 -0.000429488 -0.00872427 -0.00374335  -0.0072853 -0.00380634 -0.00380077  0.00832034  -0.00685884 -0.000944203    -0.014346 1.00327       0       0 7969
             159.301  0.0326895 -0.0244147  0.0450049  0.00121914 0.000357606 0.000610594 -0.00162028 -0.00304546  0.00386154 -0.00382555 -0.00380775  0.00830123  -0.00695132 -0.000961388   -0.0144985 0.998843        0        0 0
             159.402  -0.0403481  -0.0645511 -0.00902312  0.000696577 -7.79836e-05   0.00085636  -0.0059728 -0.00399673  0.00159895 -0.00379981 -0.00379545  0.00832008  -0.00688824 -0.000942435   -0.0144913 0.998843        0        0 8006
             159.402  0.0413253 -0.0444741  0.0410079   0.00125229   0.00056083 -0.000245419 0.000301492  0.00180619  -0.0105418 -0.00382646 -0.00380177  0.00830388 -0.00697174 -0.00103052  -0.0143228 0.998115        0        0 0
             159.501 -0.0565243 -0.0256178 -0.0330532 0.000593958 6.70095e-05 -0.00217018 -0.00756824 -0.00436794  -0.0206108  -0.0038091 -0.00380626   0.0083223  -0.00688509 -0.000935735   -0.0142038 0.998113        0        0 7896
             159.501 0.0372484 -0.037259 0.0430033   0.00151531  0.000472632 -5.42233e-06  0.00311666 -0.00159521   0.0029017 -0.00383963 -0.00380207  0.00829761 -0.00702828 -0.00098479  -0.0145271 0.998552        0        0 0
             159.601 -0.0533593  -0.110804 -0.0151167   0.00140047 -9.22186e-05  0.000369112 -0.00197744 -0.00502321  0.00543274 -0.00381436  -0.0037781  0.00831681  -0.00695107 -0.000928684   -0.0145365 0.998554        0        0 8025
             159.601  0.0371345 -0.0442943  0.0392948   0.00137574  0.000650226 -0.000233394  -0.00236236   0.00188549 -0.000361133 -0.00384402 -0.00379976   0.0082991 -0.00693945 -0.00103308  -0.0144548 1.00245       0       0 0
             159.702 -0.0639545 -0.0298547 -0.0283463 4.47788e-05 5.36026e-05 -0.00117056 -0.0148422 -0.0046458 -0.0102322 -0.00381344  -0.0038068  0.00832354   -0.0067839 -0.000935649   -0.0143348 1.00244       0       0 8035
             159.702  0.0335355 -0.0266383  0.0396456  0.00151453 0.000674237 0.000541932  0.00201043 0.000196354  0.00823776 -0.00384508 -0.00380675  0.00830159 -0.00700961 -0.00101296  -0.0145878 0.998304        0        0 0
             159.801 -0.0690001 -0.0468735 -0.0288998  0.00117109 0.000255331  0.00101702  -0.0038642 -0.00286423  0.00344066 -0.00381239 -0.00380119  0.00832533  -0.00692036 -0.000946031   -0.0145378 0.998302        0        0 8030
             159.801   0.038277 -0.0407526  0.0460027    0.0012493  0.000289809 -0.000173133 -0.00308474 -0.00301334 -0.00961027 -0.00384716 -0.00380325  0.00830107  -0.00693125 -0.000957354   -0.0143577 1.00199       0       0 0
             159.901 -0.0593041 -0.0566684 -0.0309143   0.00027259 -0.000441156  -0.00146752  -0.0109234 -0.00730897  -0.0144108 -0.00381919  -0.0037983  0.00832638   -0.0068336 -0.000908505   -0.0142999 1.00198       0       0 8011
             159.901  0.0346283 -0.0313976  0.0424616  0.00143579 0.000508226 0.000355441 0.00255373 0.00149796 0.00569539 -0.00385004 -0.00380567  0.00830249 -0.00701109 -0.00103883  -0.0145751 1.00263       0       0 0
             160.002 0.00501686 -0.0811498  0.0161781  0.00115709 0.000316637  0.00093291 -0.00306735 -0.00180919  0.00556461 -0.00383519 -0.00379056  0.00831467  -0.00692824 -0.000985506   -0.0145679 1.00263       0       0 8105
             160.002   0.036354 -0.0279381  0.0421424  0.00123953 0.000498424 0.000509202  -0.00199923 -5.41525e-05  0.000953913 -0.00384541 -0.00380774  0.00830629 -0.00693733 -0.00101321  -0.0145027 0.997891        0        0 0
             160.101 -0.0315547 -0.0226971 -0.0115817  6.48646e-06 -2.20617e-05  7.53674e-05  -0.0143652 -0.00449254   -0.003907 -0.00382961 -0.00380998  0.00832407  -0.00678879 -0.000947891    -0.014435 0.997892        0        0 7974
             160.101  0.0353409 -0.0342211  0.0447246  0.00115061 0.000320352 0.000151015 -0.00114597  -0.0020578 -0.00318681 -0.00385143 -0.00380569  0.00830577  -0.00696847 -0.000989164   -0.0144441 0.997563        0        0 0
             160.201 -0.0575349  -0.104334 -0.0175314  0.00108494 9.32398e-05 1.29292e-06 -0.000870462   -0.0010074  -0.00031274 -0.00382998 -0.00378399  0.00832529  -0.00696786 -0.000981477   -0.0144857 0.997564        0        0 8032
             160.201  0.0366096 -0.0327454  0.0382478   0.0012585 0.000728579 0.000232639 0.00122017  0.0050856 0.00220004 -0.00386068   -0.003807  0.00830722  -0.0069882 -0.00107501  -0.0145182 0.997378        0        0 0
             160.302 -0.0427885 -0.0420824 -0.0150986  0.000144395  0.000288145 -0.000144793  -0.0136066 -0.00289594 -0.00429908 -0.00383817 -0.00380567  0.00832503  -0.00679908 -0.000957059   -0.0144484 0.997375        0        0 8033
             160.302  0.0348155 -0.0336117  0.0449127  0.00125557 0.000338733 0.000283374 -0.000546745  -0.00343224  0.000440044 -0.00386322 -0.00380762  0.00830567 -0.00697375  -0.0009596  -0.0145123 0.997812        0        0 0
             160.401  -0.0420921  -0.0245263 0.000507501  0.000458063 -0.000194562  0.000229843 -0.00847227 -0.00480665 -0.00146756 -0.00383702 -0.00381208  0.00832222  -0.00685523 -0.000938084   -0.0144997 0.99781       0       0 8021
             160.401 0.0330079   -0.0317 0.0444364   0.0011754 0.000397644 0.000310035 -0.000365971  0.000688702 -0.000675347 -0.00386166 -0.00380942   0.0083079 -0.00696554 -0.00102122  -0.0145101 0.997375        0        0 0
             160.501  -0.0760975  -0.0166363 -0.00164903 -6.00273e-06 -0.000404878 -0.000356639  -0.0130779 -0.00829455 -0.00878794  -0.0038268 -0.00381517   0.0083248  -0.00679105 -0.000903633   -0.0144111 0.99737       0       0 8090
             160.501  0.0340272 -0.0346292  0.0433048  0.00113162 0.000432842 0.000202602 -0.000178229 -0.000599035  -0.00273339 -0.00386283 -0.00380862  0.00831017 -0.00696698 -0.00102027  -0.0144941 0.998352        0        0 0
             160.602 -0.0368952 -0.0674174 0.00434843  0.000983734  0.000301558 -0.000138968  -0.00151728 -0.000733216  -0.00428443 -0.00384051 -0.00379941  0.00832531   -0.0069586 -0.000997174   -0.0144711 0.998353        0        0 8087
             160.602  0.0383515 -0.0319623  0.0427092  0.00125315 0.000479766 0.000229835   0.00175282  0.000380007 -0.000230192 -0.00386483 -0.00381057  0.00831296 -0.00699858 -0.00102121  -0.0145258 1.00254       0       0 0
             160.701 -0.0513494  0.0175698 0.00988252  0.000135082  1.07351e-05 -0.000631344  -0.0136049 -0.00309231 -0.00844086 -0.00383567 -0.00382734  0.00832418  -0.00679273 -0.000954861   -0.0144005 1.00254       0       0 8182
             160.701  0.0323755 -0.0309012  0.0428131  0.00137155 0.000494019 0.000448383  0.00053746 0.000437854  0.00324844 -0.00386299 -0.00381099  0.00831347 -0.00698761 -0.00101195  -0.0145615 1.00279       0       0 0
             160.801 -0.0390717 -0.0549837 -0.0186191 0.000799531 0.000103401 0.000221288  -0.00702222  -0.00233438 -0.000411827 -0.00384012 -0.00380498   0.0083355  -0.00688744 -0.000969352   -0.0145109 1.00279       0       0 7962
             160.801  0.0354591 -0.0339258  0.0465626  0.00121891 0.000270502  0.00013835 -0.00214655 -0.00134329 -0.00111187 -0.00386434 -0.00381159  0.00831437  -0.00695116 -0.000992376   -0.0145003 1.00231       0       0 0
             160.902 -0.0217216 -0.0350112 0.00443624  0.000265159 -0.000169358 -0.000345561  -0.0106146 -0.00419959 -0.00513259 -0.00384623  -0.0038113  0.00833012  -0.00682561 -0.000965349   -0.0144728 1.00231       0       0 8250
             160.902   0.035648 -0.0340621  0.0458922  0.00129897 0.000243225 0.000140417   0.00139233 -0.000844238   0.00018801 -0.00386491 -0.00381079  0.00831673 -0.00698714 -0.00101765  -0.0145451 1.00329       0       0 0
             161.001 -0.0577607 -0.0929543 -0.0181634  0.000800244 -0.000299851 -6.92315e-05 -0.00556512 -0.00539753   -0.003912  -0.0038387 -0.00379269  0.00833835  -0.00689763 -0.000953295   -0.0145126 1.0033      0      0 7903
             161.001  0.0332053 -0.0312213  0.0414195   0.0012467 0.000573748 0.000301584 -0.000370555   0.00238283 -0.000102254 -0.00386857  -0.0038124  0.00831895 -0.00696084 -0.00106921  -0.0145631 1.00299       0       0 0
             161.101  -0.0518102  -0.0573602 -0.00192797 0.000186525 0.000228569  0.00016839  -0.0124015 -0.00282346 -0.00284084 -0.00384468 -0.00380479   0.0083341  -0.00681165 -0.000978949   -0.0145263 1.00299       0       0 8060
             161.101  0.0364105 -0.0370751  0.0422384  0.00105722 0.000510286  5.8688e-05  -0.00216933 -0.000846522  -0.00402894 -0.00387339  -0.0038109  0.00831976 -0.00694782 -0.00101608  -0.0145085 1.00237       0       0 0
             161.202  -0.0315182  -0.0661577 -0.00577001 -7.02435e-05 -1.69041e-07 -0.000821307  -0.0127994 -0.00364341 -0.00796045 -0.00385311 -0.00380251  0.00833545  -0.00680607 -0.000963954   -0.0144299 1.00236       0       0 7866
             161.202   0.035245 -0.0278914  0.0425729   0.0012487 0.000488016 0.000559856  0.00276833 0.000142041  0.00722295 -0.00387487 -0.00381382  0.00831981 -0.00701081 -0.00102322   -0.014637 0.998367        0        0 0
             161.301  -0.068066 -0.0681984 -0.0134409   0.00104807 -0.000111596  0.000566077 -0.0030018 -0.0049774 0.00142828 -0.00384534 -0.00380253  0.00833873  -0.00693882 -0.000944947   -0.0145542 0.998365        0        0 7989
             161.301  0.0383523 -0.0371208  0.0397285  0.00120362 0.000608164 4.52296e-05 -0.00136499  0.00173134 -0.00436352 -0.00388013 -0.00381259  0.00832143 -0.00695811 -0.00104809  -0.0144733 0.998681        0        0 0
             161.401 -0.0547794 -0.0920848 -0.0179432 0.000289022 4.74217e-05 -0.00072166  -0.0109999 -0.00431278 -0.00742949 -0.00385061 -0.00379704  0.00834135  -0.00683954 -0.000956704    -0.014456 0.998679        0        0 7894
             161.401  0.0357624 -0.0271343  0.0401938  0.00120072 0.000698943   0.0004927 -0.000162408   0.00116173   0.00591141 -0.00388018 -0.00381735  0.00832251 -0.00697776  -0.0010415  -0.0146373 0.998125        0        0 0
             161.502 -0.0197632 -0.0452384 0.00515948 0.000147849 8.70424e-05 0.000348884  -0.0119024 -0.00591303 -0.00356255 -0.00386619 -0.00381144  0.00833336  -0.00680805 -0.000948603   -0.0145384 0.998121        0        0 8090
             161.502  0.0360665 -0.0392958  0.0490828  0.00110563 0.000135986 1.84919e-05 -0.000677452  -0.00612386  -0.00704082 -0.00388424 -0.00381275  0.00831917  -0.00695899 -0.000952809   -0.0144894 0.998195        0        0 0
             161.601  -0.0487946   -0.056083 -0.00140227  0.000282629 -0.000785597   -0.0010242  -0.0089271 -0.00914722  -0.0130519 -0.00385306 -0.00380912  0.00833883  -0.00685122 -0.000909608   -0.0144175 0.998195        0        0 8025
             161.601  0.0331501 -0.0251536  0.0416233  0.00125643 0.000581012 0.000671772 0.00222624 0.00320515 0.00534866 -0.00388029 -0.00381836  0.00832472 -0.00699742 -0.00108589  -0.0146701 0.998503        0        0 0
             161.701  -0.0585785  -0.0692552 -0.00378944 0.000129751 0.000368722 0.000813617   -0.0137863 -0.000795527  0.000414214 -0.00385469 -0.00380414  0.00834051 -0.00678977 -0.00100626  -0.0145865 0.9985      0      0 8031
             161.701  0.0390688 -0.0386753   0.039684   0.00105558  0.000667844 -0.000127977 -0.00293634  0.00137021 -0.00983223 -0.00388646 -0.00381363   0.0083264  -0.0069339 -0.00104697  -0.0144434 0.998307        0        0 0
             161.802 -0.0777015  -0.079328 -0.0272724 -0.000307695 -2.85095e-05  -0.00128502   -0.015645 -0.00546531  -0.0100276 -0.00385645 -0.00380184  0.00834781   -0.0067726 -0.000940621   -0.0144199 0.998307        0        0 8184
             161.802  0.035874 -0.022291 0.0370064    0.001286 0.000870633 0.000808341 0.00306157 0.00195736  0.0128926  -0.0038935 -0.00381886  0.00832703 -0.00701711 -0.00105434   -0.014733 0.997608        0        0 0
             161.901 -0.0677739 -0.0804768 -0.0305205 0.000585497 0.000395071  0.00169965 -0.00861113   -0.003054   0.0105599 -0.00386024 -0.00380271   0.0083499  -0.00685587 -0.000975851    -0.014702 0.997605        0        0 8031
             161.901  0.0345367 -0.0315468  0.0335226 0.00167543 0.00100347 0.00045134  0.00412529   0.0022054 -0.00313574 -0.00389376 -0.00381822  0.00832911 -0.00702334 -0.00105914   -0.014511 1.0023      0      0 0
             162.001 -0.0812999 -0.0638655 -0.0187914   0.00108833 -0.000115662 -0.000794894 -0.00779172 -0.00927412  -0.0124277  -0.0038519 -0.00380902  0.00834726  -0.00687875 -0.000898051   -0.0144112 1.00231       0       0 8167
             162.001  0.0329575 -0.0308323  0.0442374  0.00115718 0.000412798 0.000350722  -0.00687113   -0.0052421 -0.000740997 -0.00388915  -0.0038195   0.0083268  -0.00688636 -0.000966179   -0.0145713 1.0019      0      0 0
             162.102 -0.0742413 -0.0136309 -0.0234946 -0.000241055 -0.000327739  8.72448e-06  -0.0146944 -0.00688202 -0.00558801 -0.00385886 -0.00382516  0.00834848  -0.00676395 -0.000938915   -0.0145338 1.00189       0       0 7955
             162.102  0.0359469 -0.0388047  0.0400458  0.00122374  0.00062777 2.28974e-06  0.00181131   0.0012267 -0.00571443 -0.00389493 -0.00381595  0.00832788 -0.00698955 -0.00106142  -0.0145312 0.998374        0        0 0
             162.201 -0.0698094  -0.055065 -0.0143961   0.00049985 -7.99107e-07 -0.000573232 -0.00769033 -0.00629651 -0.00790375 -0.0038552 -0.0038117 0.00835027  -0.00685866 -0.000955234    -0.014509 0.998375        0        0 8150
             162.201  0.0338034 -0.0316363  0.0370096  0.00133589 0.000749514 0.000415947  0.00192006 0.000151952  0.00290764 -0.00388907 -0.00381867  0.00833356 -0.00698492 -0.00105428  -0.0146566 0.998315        0        0 0
             162.301 -0.0879795 -0.0333333 -0.0403169 8.75355e-05 1.48276e-05 0.000417084   -0.0146932  -0.00555098 -0.000595941 -0.00386043 -0.00381768  0.00835626  -0.00677452 -0.000946089   -0.0145931 0.998316        0        0 7978
             162.301  0.0350484 -0.0447565  0.0466297   0.00143267   0.00022708 -0.000491525 0.000910056 -0.00464684  -0.0105399 -0.00390034 -0.00381323  0.00832812  -0.00698698 -0.000973589   -0.0144551 0.9989      0      0 0
             162.402  -0.0867309  -0.0647518 -0.00518815  0.000629869 -0.000681028  -0.00172208  -0.0102189 -0.00734674  -0.0110024 -0.00387055 -0.00380601  0.00834162  -0.00684431 -0.000923108   -0.0144328 0.998899        0        0 8189
             162.402  0.0347184 -0.0283561  0.0379517  0.00108875 0.000766623 0.000623291 -0.00502848  0.00526281   0.0136016 -0.00391058 -0.00381703  0.00832752 -0.00690817 -0.00110699  -0.0147708 0.99803       0       0 0
             162.501 -0.0861158 -0.0318787 -0.0579258 -0.000549935  7.17446e-05    0.0012252  -0.0178887 -0.00493657  0.00723607 -0.00386701 -0.00381915  0.00836127  -0.00673238 -0.000957464   -0.0146666 0.998028        0        0 7991
             162.501  0.0394772 -0.0461539   0.024713   0.00141501   0.00148457 -0.000549772 0.00413625 0.00792119 -0.0122259 -0.00390847 -0.00381363  0.00833431 -0.00703295 -0.00114609  -0.0143965 0.997666        0        0 0
             162.601 -0.0116719  -0.110471 -0.0170335  0.00146763  0.00145395 -0.00195642 0.000161797 0.000736117  -0.0146933 -0.00388887 -0.00379262  0.00834999 -0.00697564 -0.00104561  -0.0143873 0.997667        0        0 8231
             162.601 0.0376649 -0.020027 0.0321017 0.00148632 0.00103787 0.00102342  0.00147055 -0.00354596   0.0177683 -0.00390462 -0.00382138  0.00833416  -0.00698075 -0.000994382   -0.0148334 1.00251       0       0 0
             162.702  -0.084937 -0.0315768 -0.0378282  0.000222506 -6.12095e-05    0.0023322 -0.0142278  -0.010584  0.0105666 -0.00387247 -0.00381858  0.00835661  -0.00677302 -0.000898205   -0.0147613 1.00251       0       0 8121
             162.702  0.0361929 -0.0437642  0.0362454   0.00141076   0.00083434 -0.000482092 -0.000900504  -0.00230157   -0.0200869 -0.00391209 -0.00381436  0.00833265 -0.00695675 -0.00102467   -0.014338 0.998139        0        0 0
             162.801 -0.00691608  -0.0845172  -0.0115756 0.000393807  0.00055667 -0.00243251  -0.0120628 -0.00179293  -0.0208929 -0.00390029 -0.00380128  0.00834987 -0.00680589 -0.00101181  -0.0143204 0.998133        0        0 8204
             162.801  0.0346016 -0.0137582  0.0427884 0.00117175 0.00054621 0.00134432  -0.0022654 -0.00257995   0.0206863 -0.00391375 -0.00382324  0.00833229 -0.00692713 -0.00100689  -0.0148918 0.998104        0        0 0
             162.901 -0.0590135 -0.0565365 -0.0233046 -3.81327e-05 -0.000345323   0.00278083  -0.0139956 -0.00730246   0.0148568 -0.00388568 -0.00381108   0.0083538  -0.00678463 -0.000929665   -0.0147931 0.998102        0        0 8159
             162.901  0.0337006 -0.0270018  0.0389215  0.00137602 0.000702127 0.000627296  0.00223485  0.00251541 -0.00877981 -0.00391623 -0.00382005  0.00833355 -0.00700247 -0.00107337  -0.0144652 1.00346       0       0 0
             163.002 -0.0319445 -0.0855611 -0.0130701  0.000725155  0.000606987 -0.000946108 -0.00774461 0.000551747  -0.0139884  -0.0038961 -0.00380307  0.00835115 -0.00685613 -0.00103875  -0.0143922 1.00345       0       0 8158
             163.002  0.0332715 -0.0255154  0.0376293  0.00109141 0.000747729 0.000632223 -0.00293598 0.000997704  0.00129462 -0.00391716 -0.00382177  0.00833484 -0.00691241 -0.00105297  -0.0146006 0.998902        0        0 0
             163.101 -0.0717032 -0.0473609 -0.0381562  0.000343395 -2.61208e-05   0.00015321 -0.00845143 -0.00709296 -0.00460605 -0.00387709 -0.00381639  0.00836252  -0.00685294 -0.000939425    -0.014543 0.998901        0        0 8160
             163.101  0.0340903 -0.0327231   0.050812  0.00117331 1.04931e-05 0.000116973  0.00135914 -0.00775131 -0.00495323 -0.00391139 -0.00382056  0.00833369  -0.00698376 -0.000944162    -0.014537 0.999927        0        0 0
             163.201  -0.101519 -0.0900368 -0.0384341  0.000772358 -0.000923009 -0.000819129 -0.00462916 -0.00893661  -0.0111273 -0.00386857 -0.00380214  0.00836373  -0.00689169 -0.000918169    -0.014479 0.999925        0        0 7991
             163.201  0.0359859 -0.0338147  0.0283249  0.00172884  0.00125423 0.000259225   0.0058167   0.0128178 0.000530635 -0.00391463 -0.00381948  0.00834174 -0.00702627 -0.00122837  -0.0146377 0.999045        0        0 0
             163.302 -0.0959784 -0.0642212 -0.0637883   0.00169893     0.001583 -0.000183739 -0.000615914   0.00446615  -0.00660694 -0.00387498 -0.00380988  0.00837222 -0.00695409 -0.00110403   -0.014553 0.999047        0        0 8014
             163.302  0.0336851 -0.0285175  0.0389943  0.00141369 0.000675459 0.000536484 -0.00297018 -0.00464375   0.0011921 -0.00391607 -0.00382139  0.00833934  -0.00691759 -0.000998057   -0.0146599 1.00346       0       0 0
             163.401  -0.0601611  -0.0679232 -0.00673961 5.77186e-05 -0.00047011 0.000396142  -0.0150788 -0.00997473 -0.00200028 -0.00389068 -0.00380975  0.00835447  -0.00675935 -0.000898072   -0.0146065 1.00347       0       0 8024
             163.401  0.0410793 -0.0393322  0.0416442   0.00115182  0.000513267 -0.000227611  -0.00292683 -0.000649417  -0.00866995 -0.00392407  -0.0038184  0.00833866 -0.00692083 -0.00103552  -0.0145128 1.00239       0       0 0
             163.501 -0.0692958 -0.0186434  -0.030949  5.46798e-05 -0.000177618   -0.0015367  -0.0125204 -0.00578101  -0.0128419 -0.00388801 -0.00382702  0.00836354  -0.00679335 -0.000957057   -0.0144438 1.00239       0       0 7993
             163.501 0.0369516 -0.038376 0.0404142  0.00157324 0.000610354 7.15913e-08  0.00501047 0.000721297   0.0039911 -0.00392285 -0.00381938  0.00834031 -0.00703125 -0.00105789  -0.0146752 0.998628        0        0 0
             163.602    -0.028952   -0.0912042 -0.000206566  0.000656739 -5.07714e-06  3.63326e-05  -0.0111541 -0.00464251  0.00135118 -0.00389213 -0.00380647  0.00835738  -0.00681952 -0.000981284   -0.0146425 0.998622        0        0 8024
             163.602  0.0324593 -0.0282913  0.0445016   0.0013589 0.000408706 0.000393927 -0.00293239 -0.00129271  0.00478506 -0.00391217   -0.003826  0.00834291 -0.00692352 -0.00103418  -0.0146876 0.997857        0        0 0
             163.701  -0.0631904  -0.0531753 -0.00757015  0.000517468 -6.94821e-05  0.000673292 -0.00980161 -0.00432248  0.00291796 -0.00387955 -0.00381797   0.0083615  -0.00683593 -0.000987735   -0.0146775 0.997858        0        0 8057
             163.701  0.0379214 -0.0444015  0.0432228    0.0011415  0.000489972 -0.000348299 -0.00282702 0.000890033 -0.00845564 -0.00391257 -0.00382058    0.008345 -0.00692994 -0.00107002  -0.0145196 0.998788        0        0 0
             163.801 -0.0442029   -0.05263 0.00712374 0.000349161 0.000108005 -0.00165854 -0.00793858 -0.00347112  -0.0142143 -0.00388817 -0.00381916  0.00835713 -0.00685184 -0.00100852  -0.0144604 0.998786        0        0 8074
             163.801  0.0333594 -0.0252239  0.0408371  0.00123383 0.000615952 0.000709827   0.0024763 0.000361787      0.0109 -0.00391348 -0.00382706  0.00834618 -0.0069871 -0.0010691 -0.0148049 1.00356       0       0 0
             163.902 -0.0688787  -0.041963 -0.0291091 0.000594164 9.25461e-05  0.00169238 -0.00782922 -0.00512366  0.00873859 -0.00388518 -0.00382249  0.00836841 -0.00685904 -0.00098191   -0.014781 1.00356       0       0 8173
             163.902  0.0356491 -0.0443526  0.0433648   0.00140071  0.000500538 -0.000322981   0.0013231 -0.00139856  -0.0135648 -0.00391924 -0.00382141  0.00834497 -0.00698456 -0.00104516  -0.0144728 0.999733        0        0 0
             164.001   -0.030818  -0.0511957 -0.00385031 0.000578778 4.96574e-05 -0.00204632 -0.00977617 -0.00397423  -0.0174213 -0.00390144 -0.00382211  0.00836231 -0.00684256  -0.0010068  -0.0144211 0.999728        0        0 8129
             164.001  0.0301476 -0.0201249  0.0389218  0.00120094 0.000702681 0.000813246 -0.00236268   0.0017769   0.0139739 -0.00392156  -0.0038312   0.0083484 -0.00693669 -0.00109174  -0.0148531 0.998884        0        0 0
             164.101 -0.0618031 -0.0502837 -0.0211146 -0.000236935  0.000206872   0.00172748  -0.0165041 -0.00416747  0.00824485 -0.00389295 -0.00382266  0.00836735 -0.00674586 -0.00101124  -0.0147934 0.998885        0        0 8031
             164.101  0.0377659 -0.0463967  0.0526812  0.000927286 -4.82835e-05 -0.000338401 -0.00306546 -0.00736155  -0.0141847   -0.003925 -0.00382337  0.00834353  -0.00692871 -0.000980791    -0.014483 0.998168        0        0 0
             164.202  -0.0770406 -0.00638992  0.00556136 -0.000922997  -0.00131589  -0.00234292 -0.0203132 -0.0107661 -0.0209133 -0.00388115 -0.00383978  0.00836197  -0.0066978 -0.00092162  -0.0144121 0.998166        0        0 8110
             164.202   0.029516 -0.0282503  0.0324525 0.000900667  0.00116321 0.000405904 7.83822e-05   0.0118701  0.00868312 -0.00391711 -0.00383063  0.00835294 -0.00697287 -0.00123818  -0.0148185 0.998084        0        0 0
             164.301 -0.0642346 -0.0575016 -0.0624086 0.000272871  0.00118844 0.000447828 -0.00728023  0.00146507  0.00110021 -0.00387953  -0.0038206   0.0083869 -0.00686419 -0.00107424  -0.0147172 0.998082        0        0 7944
             164.301  0.0387602 -0.0470728  0.0468222   0.00113057  0.000322624 -0.000335523  0.00299383 -0.00828155 -0.00594399 -0.00391231 -0.00382349  0.00835174  -0.00700254 -0.000956921   -0.0146192 0.998032        0        0 0
             164.401 -0.0772799 -0.0635287 0.00194868 0.000221899 -0.00154329 -0.00151192 -0.0108861 -0.0165116 -0.0119307 -0.00387406 -0.00382127  0.00836923  -0.00684647 -0.000828467    -0.014545 0.998028        0        0 7979
             164.401  0.0300888 -0.0257162   0.052479  0.00084493 6.10025e-05 0.000327715 -0.00451782 -0.00127893  0.00739682 -0.00390984 -0.00383279  0.00835263 -0.00692707 -0.00104652  -0.0148099 1.00283       0       0 0
             164.502 -0.0978558 -0.0176408 -0.0431262 -0.000222024 -0.000933881  8.55251e-05   -0.011776 -0.00746595 -0.00361557 -0.00386782 -0.00383405  0.00838403  -0.00680395 -0.000936698   -0.0146688 1.00283       0       0 7850
             164.502  0.0347952 -0.0377439  0.0274579  0.00158623  0.00122279 0.000363924   0.00792778    0.0116897 -0.000907301 -0.00391204 -0.00382595  0.00836097  -0.0070721 -0.00121045  -0.0147048 1.00409       0       0 0
             164.601  -0.082214 -0.0632904 -0.0374322   0.00103594  0.000529479 -0.000818947 -0.00491905 -0.00436011  -0.0127402 -0.00387019 -0.00382337  0.00838555  -0.00691504 -0.000995797   -0.0145485 1.0041      0      0 7978
             164.601  0.0260034 -0.0187395   0.036353   0.0017758 0.000896686 0.000742624  0.00358168 -0.00223001  0.00414385 -0.00390547 -0.00383702  0.00836158 -0.00702362 -0.00103774  -0.0147798 1.00468       0       0 0
             164.701  -0.076195 -0.0602104 -0.0214219  0.000649545 -0.000415711  0.000154187  -0.0148799  -0.0119415 -0.00756333 -0.00387182 -0.00382201  0.00838248  -0.00677847 -0.000886046   -0.0146338 1.00468       0       0 7909
             164.701  0.0294119 -0.0401678  0.0580211  0.000515502 -0.000144762 -0.000110121  -0.0164847 -0.00978804  -0.0104756  -0.0039062 -0.00382865  0.00835675   -0.0067549 -0.000928614   -0.0145932 1.00328       0       0 0
             164.802   -0.155972 -0.00105771 -0.00453586 -0.00160523 -0.00187656  -0.0016625 -0.0210331 -0.0158702 -0.0165191 -0.00384488 -0.00384366  0.00837902  -0.00668648 -0.000837005   -0.0145144 1.00329       0       0 8152
             164.802  0.0301851 -0.0269265  0.0369604 0.000670189 0.000991089 0.000556532 0.00440105 0.00980039 0.00744815 -0.00390686 -0.00383286  0.00836521 -0.00703131 -0.00120398  -0.0148439 1.00345       0       0 0
             164.902 -0.0889775 -0.0141897 -0.0225182 -0.000583995  0.000614443  -8.7009e-05  -0.0129551 -0.00180594 -0.00520682 -0.00386794 -0.00383824  0.00838778 -0.00678776 -0.00102268  -0.0146703 1.00345       0       0 8006
             164.902  0.0288452 -0.0378259  0.0360357  0.00117132  0.00104602 4.75162e-05  0.00642049 0.000536435 -0.00381207 -0.00390622 -0.00382944  0.00836881 -0.00705178 -0.00106811  -0.0146884 0.999     0     0 0
             165.001  -0.117417 -0.0295027 -0.0128056  0.000442424 -0.000305424  -0.00116819 -0.0102675  -0.011725 -0.0119911 -0.00386168 -0.00383286  0.00838453  -0.00685617 -0.000885321   -0.0145743 0.998996        0        0 8028
             165.001  0.0282426 -0.0287802  0.0409881  0.00127236 0.000639003 0.000414301 -0.000814548  -0.00359426   0.00482886 -0.00390942 -0.00383229  0.00836703 -0.00698249 -0.00101196  -0.0148052 0.998492        0        0 0
             165.102   -0.150472 0.000410531  -0.0467775 -0.000611403  -0.00114025  -0.00124329 -0.0207491 -0.0145133 -0.0139446 -0.00384644 -0.00384582  0.00839887 -0.00667546 -0.00083882  -0.0145442 0.998485        0        0 8084
             165.102  0.0304435 -0.0350318  0.0329307  0.00136397 0.000943542 0.000272305   0.00138385   0.00392593 -0.000156911 -0.00390631  -0.0038323  0.00837282 -0.00697622 -0.00110826  -0.0147329 0.998988        0        0 0
             165.202  -0.143994  -0.013994 -0.0325974 -0.000200833 -0.000266899   -0.0017467  -0.0170954 -0.00890309  -0.0183782 -0.00384675 -0.00384239  0.00839746  -0.00676416 -0.000920798   -0.0145024 0.998991        0        0 8060
             165.202  0.0342877 -0.0432085  0.0404876   0.00131918  0.000721531 -0.000408158 -0.00113426 -0.00208233 -0.00625145 -0.00390487 -0.00383171  0.00837373 -0.00698098 -0.00103315  -0.0146688 0.998726        0        0 0
             165.301  -0.123768 -0.0585085 -0.0259989 -6.94249e-05 -0.000913715   -0.0023566 -0.0150384 -0.0135723 -0.0188695 -0.00385368 -0.00382836  0.00839577  -0.00677603 -0.000860866   -0.0145107 0.998725        0        0 8063
             165.301  0.0349957 -0.0321086  0.0467355  0.00103692 0.000336131 0.000256375 -0.00255151 -0.00455157  0.00423281 -0.00390564 -0.00383574  0.00837214 -0.00693835 -0.00100068  -0.0148268 0.998946        0        0 0
             165.402  -0.139484  -0.022736 -0.0164568 -0.000403077 -0.000995833 -0.000130335  -0.0155941  -0.0112927 -0.00338305 -0.00385019 -0.00383984  0.00839403  -0.00676753 -0.000901633   -0.0147142 0.998943        0        0 8067
             165.402  0.0312612 -0.0367005   0.032023  0.00144312  0.00118268 0.000107004  0.00412097  0.00750033 -0.00189898 -0.00390649 -0.00383369  0.00837815 -0.00703461  -0.0011737  -0.0147332 0.998931        0        0 0
             165.502  -0.0871291  -0.0459089 -0.00533708 5.60729e-05 0.000507887 -0.00105667 -0.0159156 -0.0033982 -0.0114003 -0.00386773 -0.00383326  0.00839279  -0.00677653 -0.000968055    -0.014575 0.998934        0        0 8073
             165.502  0.0273396 -0.0287906  0.0397305  0.00124795  0.00073839 0.000509764 -0.00211916 -0.00255835  0.00571545 -0.00390488 -0.00383761  0.00837818  -0.00696004 -0.000992794   -0.0148094 1.00313       0       0 0
             165.601  -0.108927 -0.0318526 -0.0332721  9.90251e-05 -0.000527241  0.000230259  -0.0134464  -0.0112258 -0.00220188 -0.00385829 -0.00383673  0.00840236  -0.00681447 -0.000871131   -0.0146982 1.00313       0       0 7923
             165.601  0.0315141 -0.0390398  0.0324816   0.00163052   0.00115164 -0.000142165    0.003546  0.00374851 -0.00648433 -0.00390481 -0.00383337  0.00838085 -0.00704534 -0.00108966  -0.0146377 0.998807        0        0 0
             165.702 -0.0976999  0.0247653 -0.0302094 -0.000219633 -3.14107e-05  -0.00228745  -0.0194984 -0.00906224  -0.0228126 -0.00386822 -0.00385713  0.00839989   -0.0067081 -0.000897289   -0.0144525 0.998818        0        0 8270
             165.702  0.0373956 -0.0417577  0.0356724   0.00159711   0.00104062 -9.21484e-05  0.000580746 -0.000971832  0.000116395 -0.00391232 -0.00383367  0.00837857 -0.00698386 -0.00102213  -0.0147684 0.998809        0        0 0
             165.802  -0.117631  -0.087244 -0.0453729  0.000244713 -0.000651226 -0.000738488  -0.0150167  -0.0145784 -0.00712632  -0.0038601 -0.00381943  0.00840591   -0.0067995 -0.000827443   -0.0146951 0.998826        0        0 7900
             165.802  0.0336628 -0.0395603  0.0293869   0.00102817   0.00140143 -1.75353e-05 -0.00741839  0.00345833 -0.00126104 -0.00391024 -0.00383421  0.00838144 -0.00689588 -0.00108802  -0.0147738 0.997676        0        0 0
             165.901 -0.0767141 -0.0328907 -0.0317266 -0.000507119  0.000249075 -0.000487973   -0.014379 -0.00981746 -0.00639026 -0.00387486  -0.0038379   0.0084039  -0.00678043 -0.000903054   -0.0147028 0.997682        0        0 8160
             165.901  0.0301917 -0.0318913  0.0369351  0.00122473 0.000922874 0.000280726    0.004517 -0.00537701  0.00188325 -0.00390973 -0.00383666  0.00838166  -0.00703448 -0.000975897   -0.0148151 0.998278        0        0 0
             166.002  -0.0787499  -0.0445367 -0.00884327  0.000611896 -0.000334196  -0.00033428 -0.00798462     -0.0116 -0.00723419 -0.00388135 -0.00383301  0.00839502  -0.00688667 -0.000871776   -0.0146786 0.998275        0        0 8089
             166.002  0.0319282 -0.0292323  0.0388955  0.00144618  0.00073526 0.000437607  0.00133795 -0.00195467  0.00110427 -0.00391782 -0.00383692  0.00837948  -0.0070103 -0.00101482  -0.0147923 0.99881       0       0 0
             166.102 -0.0557726  -0.100881 -0.0117371  0.000903026 -0.000434704  0.000126751 -0.00663593 -0.00979288 -0.00211228 -0.00389023 -0.00381638  0.00839671   -0.0069134 -0.000880474   -0.0147359 0.998809        0        0 8047
             166.102 0.0356792 -0.039897 0.0391415   0.00130642  0.000757391 -0.000188332 -0.00216226   0.0015026 -0.00562164 -0.00392067 -0.00383583  0.00838006 -0.00696758 -0.00104377  -0.0146854 0.998366        0        0 0
             166.201  -0.130604 -0.0566874 -0.0598495  0.000136328 -0.000612993  -0.00193608 -0.0135308 -0.0120316 -0.0161457 -0.00388009 -0.00382985  0.00840559 -0.00681497 -0.00085888  -0.0145413 0.998361        0        0 7881
             166.201  0.0321081 -0.0346149  0.0354172  0.00133919 0.000794448 0.000305534 0.000226231 0.000315589  0.00751962  -0.0039273 -0.00383766  0.00837801 -0.00699534 -0.00104251  -0.0148656 0.999056        0        0 0
             166.302 -0.0454499  -0.057927 -0.0117581 0.000128961 -0.00065924 3.05996e-05  -0.0116521  -0.0110103 -0.00209005 -0.00389733 -0.00382939  0.00839664  -0.00684119 -0.000897232   -0.0147668 0.999057        0        0 8036
             166.302  0.0362754 -0.0373437  0.0408647  0.00122303 0.000641704  0.00015287 -0.000819044  -0.00103054 -0.000916591 -0.00392188 -0.00383827  0.00837994 -0.00697241 -0.00103207  -0.0147802 0.999305        0        0 0
             166.402 -0.0873667   -0.04951 -0.0258425  0.000185797  -0.00059377 -0.000574591  -0.0115005   -0.012133 -0.00968295 -0.00387946 -0.00383542  0.00840387  -0.00683942 -0.000878158   -0.0146875 0.999305        0        0 7873
             166.402  0.0346935 -0.0317783  0.0359952  0.00141941 0.000875964 0.000213549  0.00242684  0.00150569 -0.00123618 -0.00391886 -0.00384015  0.00838392 -0.00702485  -0.0010712  -0.0148009 1.00312       0       0 0
             166.501 -0.0970911 -0.0290285 -0.0462871   0.00033155  2.51678e-05 -0.000386378  -0.0126874 -0.00785855  -0.0083544 -0.00387778 -0.00384097  0.00841167  -0.00681786 -0.000928856    -0.014707 1.00312       0       0 8041
             166.501  0.0360429 -0.0322041  0.0354688  0.00143848  0.00090013 0.000233265 -0.000215587 -0.000542989  -0.00160498 -0.00392151 -0.00383877  0.00838512 -0.00698657 -0.00104404  -0.0147994 0.998788        0        0 0
             166.602  -0.0588164  -0.0271208 -0.00750302  5.09894e-05 -1.40082e-05 -0.000573695  -0.0150605 -0.00726895 -0.00880149 -0.00389463 -0.00384204  0.00839996 -0.00677998 -0.00093271   -0.014682 0.998791        0        0 8020
             166.602  0.0337261 -0.0312107  0.0382034  0.00118408 0.000738556 0.000361176 -0.00249296 -0.00110882  0.00131387 -0.00392501 -0.00383938  0.00838514 -0.00694929 -0.00102704  -0.0148206 0.998749        0        0 0
             166.702  -0.0340866   -0.098568 0.000539747 0.000314101 4.97561e-05 0.000292566  -0.0100862 -0.00508448  0.00108684 -0.00390931 -0.00381869  0.00839606  -0.00686433 -0.000952346   -0.0147986 0.998749        0        0 8066
             166.702  0.0394229 -0.0363924  0.0447261  0.00129677 0.000326999 4.57054e-05  0.00154201 -0.00311413  -0.0014767 -0.00393329 -0.00383802  0.00838174  -0.00701476 -0.000987899   -0.0147607 0.998464        0        0 0
             166.801 -0.0593439 -0.0531537 -0.0145879  0.000594375 -0.000468397 -0.000867225 -0.00832158 -0.00653866 -0.00819613 -0.00390202  -0.0038358  0.00840205  -0.00687758 -0.000937678   -0.0146795 0.998462        0        0 8009
             166.801  0.0340479 -0.0316964  0.0490905  0.00128653 6.27336e-05 0.000334463 -0.000240277  -0.00242899   0.00492305 -0.00393246 -0.00384188  0.00838146 -0.00698343 -0.00100468  -0.0148594 0.999305        0        0 0
             166.902  -0.0436634  -0.0769426 -0.00253414  0.000199916 -0.000506933  0.000352425   -0.0127737  -0.00550151 -0.000776206 -0.00391153 -0.00382913  0.00839845  -0.00682131 -0.000977515   -0.0148135 0.9993      0      0 8127
             166.902  0.0378979 -0.0324065  0.0422263  0.00127516 0.000487313 0.000211667 -0.000644876   0.00396796  -0.00235511 -0.00393857 -0.00384247  0.00838388  -0.0069799 -0.00111456  -0.0147896 0.99862       0       0 0
             167.002 -0.0390895  -0.057498  0.0193034  0.000499299   0.00020483 -0.000809599 -0.00843506 -0.00322774  -0.0145602 -0.00391252 -0.00383543   0.0083941 -0.0068744 -0.0010122 -0.0146838 0.998617        0        0 8107
             167.002  0.0340642 -0.0269914  0.0473745  0.00138665 0.000241244 0.000535906  0.00221056 -0.00385976 0.000273937  -0.0039361 -0.00384414  0.00838506 -0.00701345 -0.00101204  -0.0148865 1.00284       0       0 0
             167.101 -0.0655978 -0.0581015 -0.0194373  0.000731696 -0.000455054   0.00013191 -0.00852572 -0.00625863 -0.00479648 -0.00390913 -0.00383408   0.0084037  -0.00688203 -0.000967162   -0.0147933 1.00284       0       0 8013
             167.101  0.0373333 -0.0382969  0.0499212   0.00123199  7.45651e-05 -2.82287e-05 -0.00281162 -0.00136189 -0.00661788 -0.00393914 -0.00384015  0.00838343 -0.00695725 -0.00104457  -0.0147672 0.998037        0        0 0
             167.202 -0.0833146 -0.0510374  0.0069577  0.000276912 -0.000606152  -0.00105842 -0.00975521 -0.00516198 -0.00925331 -0.00390308 -0.00383539  0.00839725   -0.0068606 -0.000971472   -0.0147091 0.998034        0        0 8133
             167.202  0.0364391 -0.0295358  0.0409722  0.00141854 0.000543963 0.000440893 0.00307817 0.00563634 0.00664793 -0.00393945 -0.00384579  0.00838674 -0.00701329 -0.00111733  -0.0149071 0.99858       0       0 0
             167.302 -0.0328199 -0.0183358 -0.0104444 0.000367767 0.000608206 2.28371e-05  -0.0133699  0.00237578 -0.00365557  -0.0039205 -0.00385213   0.0084025 -0.00680287 -0.00106763  -0.0147793 0.998578        0        0 7976
             167.302  0.0338996 -0.0334217   0.046955  0.00136757  0.00020729 0.000210548 -0.00148349 -0.00249051 -0.00149023 -0.00394154 -0.00384572  0.00838411 -0.00696749 -0.00100984   -0.014809 1.00333       0       0 0
             167.401 0.00181948 -0.0427681  0.0329527  0.000194684 -0.000170724 -0.000169639  -0.0133077 -0.00320696 -0.00416689 -0.00393088 -0.00384431  0.00838891 -0.00679114 -0.00100534  -0.0147997 1.00333       0       0 8176
             167.401  0.0372135 -0.0339743  0.0504186  0.00118202 3.76616e-05 0.000194415  -0.00167541  -0.00184114 -0.000152047 -0.00394251 -0.00384601  0.00838323 -0.00694707 -0.00102827  -0.0148541 1.00306       0       0 0
             167.502 -0.0226414 -0.0670201 0.00916182  9.28728e-05 -0.000302974 -0.000382666  -0.0127426 -0.00363119 -0.00830128 -0.00392945 -0.00383533  0.00839688 -0.00680736 -0.00101304  -0.0147676 1.00306       0       0 8026
             167.502  0.0350002 -0.0300214  0.0449287  0.00124084 0.000327951 0.000367145  0.000756422   0.00170979 -8.45237e-05 -0.00394858 -0.00384583  0.00838524  -0.0069851 -0.00109228   -0.014879 0.998234        0        0 0
             167.602 -0.00510767  -0.0609997   0.0311737 -0.000165372 -2.87796e-05 -2.18316e-05  -0.0158088 -0.00298818 -0.00630202 -0.00392984 -0.00383934  0.00839504 -0.00675644 -0.00100322  -0.0148003 0.998232        0        0 8206
             167.602 0.0353311 -0.032395 0.0381696  0.00136363 0.000738898 0.000158701  0.00198739  0.00417675 -0.00436653 -0.00394347 -0.00384711  0.00839265 -0.00699369 -0.00110403  -0.0148248 1.00284       0       0 0
             167.701  -0.0625557  -0.0617227 -0.00111673  0.000379294   0.00044019 -0.000415923  -0.0121423 -0.00278667 -0.00623075 -0.00392442 -0.00383759  0.00840223 -0.00681607 -0.00101759  -0.0147842 1.00284       0       0 8168
             167.701  0.0370004 -0.0341895  0.0450719  0.00122083 0.000346331 0.000185881 -0.00201249 -0.00481787 0.000459648 -0.00395642 -0.00384552  0.00838736 -0.00694928 -0.00100206  -0.0148749 0.998004        0        0 0
             167.802 -0.0387075 -0.0936155 0.00968356  -0.00029588 -0.000529583  6.51866e-05  -0.0172745  -0.0062303 4.16476e-06 -0.00394001 -0.00382876  0.00839736 -0.00674563   -0.000956  -0.0148549 0.998002        0        0 8199
             167.802  0.0372499 -0.0331393  0.0398501  0.00125713 0.000618694 0.000237678 0.000657895  0.00479147  0.00183702 -0.00396545  -0.0038466  0.00838744 -0.00698089 -0.00111328   -0.014877 0.997872        0        0 0
             167.902   -0.017884  -0.0726332 -0.00612184 0.000341518 0.000261044 -0.00015349  -0.0114562 -0.00287002 -0.00290571 -0.00394358 -0.00383598  0.00840444 -0.00683419 -0.00101364  -0.0148176 0.99787       0       0 8140
             167.902   0.038909 -0.0340918   0.041535  0.00134215 0.000569001 0.000209745  0.000409483 -0.000596606   0.00112509 -0.00396217  -0.0038475  0.00838898 -0.00699004 -0.00105151  -0.0148713 0.998356        0        0 0
             168.001 0.0398194 -0.110185 0.0425747  0.000395503 -1.59827e-05 -9.05121e-05  -0.0110294  -0.0064786 -0.00332632 -0.00396187  -0.0038248  0.00838992   -0.0068266 -0.000993874   -0.0148343 0.998353        0        0 8104
             168.001  0.0350928 -0.0293605  0.0427467  0.00131927 0.000521734 0.000434624 1.20042e-05 -0.00126756  0.00248375 -0.00396075 -0.00384986  0.00838977 -0.00696671 -0.00106353  -0.0149115 1.00303       0       0 0
             168.102   -0.021706  -0.0509462 -0.00536939 0.000387155 0.000172154 0.000219675  -0.0108737 -0.00359203 -0.00424492 -0.00394254 -0.00384327  0.00840681 -0.00682508 -0.00102966  -0.0148458 1.00302       0       0 8241
             168.102  0.0360051 -0.0353214   0.040384  0.00136378 0.000593557 0.000162785 0.000312673 3.53511e-06 -0.00480407 -0.00396145 -0.00384727  0.00839203 -0.0069745 -0.0010854 -0.0148367 0.998405        0        0 0
             168.202  -0.0563445  -0.0712943 -0.00575601  0.000262906 -0.000130458  -0.00101708  -0.0123043 -0.00655637  -0.0141439 -0.00392972 -0.00383804  0.00840862 -0.00680791 -0.00096741  -0.0147125 0.998404        0        0 8015
             168.202 0.0377739 -0.031294 0.0452877  0.00129221 0.000376607 0.000371811 -0.000215339  -0.00253241   0.00116905 -0.00396045 -0.00384972  0.00839209 -0.00696559 -0.00103289  -0.0149216 0.998277        0        0 0
             168.301 -0.0118263 -0.0210937  0.0405245 -0.000138806 -0.000512732 -5.89637e-05   -0.017324  -0.0076547 -0.00444565 -0.00394509 -0.00385171  0.00839527  -0.00674305 -0.000965776   -0.0148215 0.998276        0        0 8033
             168.301   0.035867 -0.0357113  0.0399036  0.00142794 0.000640893 0.000200487 0.000599472   0.0028273 -0.00174842 -0.00395873 -0.00384855  0.00839564 -0.00698506 -0.00111075  -0.0148572 1.00336       0       0 0
             168.402 0.0291418 -0.142458 0.0273046 0.000415406  0.00036137 0.000123202  -0.0123057 -0.00123794 0.000413194 -0.00395582 -0.00381359  0.00840167 -0.00683564 -0.00104876  -0.0148768 1.00336       0       0 7988
             168.402  0.0397926 -0.0284878  0.0361879  0.00143514 0.000852483  0.00044512 -0.000122331   0.00325682   0.00401192 -0.00395843 -0.00385297  0.00839898  -0.0069719 -0.00110586  -0.0149181 0.998943        0        0 0
             168.502 -0.0517145 -0.0891566 -0.0224477 0.000688425 0.000394469 0.000429503 -0.00881863 -0.00383812 0.000224244 -0.00393146 -0.00383398   0.0084185 -0.00686093 -0.00101318  -0.0148926 0.998937        0        0 7982
             168.502  0.0384953 -0.0384817  0.0410656   0.00127708  0.000527994 -4.38445e-05 -0.00197714 -0.00325297 -0.00399473 -0.00396061 -0.00384977  0.00839798 -0.00694935 -0.00103179  -0.0148335 1.00272       0       0 0
             168.601 -0.0146258 -0.0749507  0.0194893 -0.000161708 -0.000652873 -0.000713603  -0.0155159  -0.0124238 -0.00741068 -0.00394521 -0.00383884  0.00840605  -0.00675161 -0.000942628   -0.0148178 1.00271       0       0 8027
             168.601 0.0350215 -0.028738 0.0496778  0.00113609 9.64521e-05 0.000403491 -0.000327926   -0.0058378   0.00479487 -0.00395979 -0.00385331  0.00839727 -0.00695146 -0.00103752  -0.0149856 0.998054        0        0 0
             168.702 -0.00550414  -0.0505552   0.0369434  0.000261634 -0.000383852  0.000784089  -0.0108362 -0.00389244  0.00216211 -0.00394437 -0.00384455  0.00840347 -0.00683926 -0.00104156  -0.0149673 0.998053        0        0 8055
             168.702  0.0383995 -0.0377991  0.0449006    0.0012704  0.000405184 -2.16986e-05 0.000471577  0.00394728 -0.00672011  -0.0039568 -0.00385071  0.00840124 -0.00697609 -0.00114249  -0.0148551 1.00255       0       0 0
             168.802  -0.0547399  -0.0426137 -0.00980573  6.54886e-05   0.00011403 -0.000917585  -0.0137949 -0.00123938 -0.00961108 -0.00392615 -0.00385195  0.00841979 -0.00678338 -0.00104829  -0.0148043 1.00255       0       0 8114
             168.802  0.0331362 -0.0256495  0.0355146  0.00155949 0.000910405 0.000499289  0.0036198 0.00546353  0.0059492 -0.00395435 -0.00385528  0.00840521  -0.0070179 -0.00114578  -0.0150169 1.00358       0       0 0
             168.901 -0.0086258 -0.0795252  0.0193142 0.000860629 0.000682873 0.000854755 -0.00849593 -0.00176075  0.00345464 -0.00393861 -0.00384083  0.00841286 -0.00684832 -0.00105242  -0.0149834 1.00358       0       0 8097
             168.901 0.0374302 -0.043787 0.0438705   0.00136885  0.000385674 -0.000166663  -0.0022469 -0.00514704 -0.00763894 -0.00395321  -0.0038521    0.008405 -0.00692982 -0.00101223  -0.0148282 1.00309       0       0 0
             169.001 -0.0352682 -0.0499116 0.00448517 -0.000227204 -0.000419648  -0.00130429  -0.0186095 -0.00605168  -0.0119126 -0.00393008 -0.00385324  0.00841799 -0.00673495 -0.00098676  -0.0147819 1.00309       0       0 8136
             169.001   0.036672 -0.0328165  0.0529248   0.00119222 -0.000119827  0.000155244  -0.0018629 -0.00437972  0.00420042 -0.00395351 -0.00385663  0.00840233 -0.00695819 -0.00101838  -0.0150025 0.998023        0        0 0
             169.102 -0.0759894  -0.109932 -0.0119437  0.000473573 -0.000876851  0.000409608 -0.00843167 -0.00739954  0.00235768 -0.00391961  -0.0038313   0.0084223   -0.0068565 -0.000983218   -0.0149796 0.998024        0        0 8150
             169.102  0.0401807 -0.0463479   0.033708    0.0016918  0.000965478 -0.000136099  0.00532033  0.00960077 -0.00382233 -0.00395888 -0.00385039  0.00840718 -0.00703574 -0.00122573  -0.0148915 0.997818        0        0 0
             169.201 -0.00179278  -0.0591688 -0.00804713 0.000344334 0.000913984 -0.00124812  -0.0159027 0.000154892  -0.0113544  -0.0039475 -0.00384807  0.00842218 -0.00677573 -0.00110971  -0.0147913 0.997808        0        0 8120
             169.201  0.0354042 -0.0184312   0.039215  0.00144369  0.00069472 0.000692289 -0.00265841 -0.00278581   0.0095919 -0.00395855 -0.00386085  0.00840822 -0.00694782 -0.00107459  -0.0150782 1.00184       0       0 0
             169.301 -0.0061079  -0.099866  0.0172602 0.000762162 0.000117605  0.00138873 -0.00889154 -0.00447994  0.00660684 -0.00394774 -0.00383313  0.00841579 -0.00687274 -0.00101283  -0.0150491 1.00184       0       0 7989
             169.301  0.0361167 -0.0215513  0.0371871  0.00095899 0.000838656 0.000900136 -0.0065344  0.0026468 0.00131626 -0.0039581 -0.0038564 0.00841039 -0.00689545 -0.00110516  -0.0149805 0.997038        0        0 0
             169.402 -0.00393117   -0.067286  0.00217245 0.000258908 0.000519544 0.000715211 -0.00646831 -0.00279155 -0.00175804 -0.00394513 -0.00384505  0.00842403 -0.00689986 -0.00104429  -0.0149483 0.997038        0        0 8005
             169.402  0.0369959 -0.0371457  0.0404066    0.0013355  0.000589453 -2.22807e-05  0.00578284 -0.00252302 -0.00835021 -0.00395808 -0.00385662  0.00841177 -0.00704955 -0.00105225  -0.0148634 0.997367        0        0 0
             169.501 -0.0518195 -0.0690701 -0.0087788  0.000837482 -0.000368489  -0.00133621 -0.00635589 -0.00770779  -0.0139972 -0.00393168 -0.00384861  0.00842883  -0.00687735 -0.000958624    -0.014791 0.997366        0        0 7905
             169.501  0.0338151 -0.0287775  0.0410859  0.00135011 0.000552922 0.000474081 -0.000457131  0.000603247   0.00566953 -0.00395983 -0.00386061  0.00841263  -0.0069521 -0.00107955  -0.0150605 1.00206       0       0 0
             169.601  -0.0441178  -0.0618384 -0.00807784 4.62958e-05 8.28495e-07 0.000642582  -0.0159406  -0.0054187 0.000630811 -0.00393503 -0.00385071  0.00842918 -0.00676469 -0.00101137  -0.0150007 1.00206       0       0 8013
             169.601   0.037157 -0.0385924  0.0357073   0.00136387   0.00083778 -0.000145461 -0.000705736   0.00220354  -0.00802049 -0.00395933  -0.0038578  0.00841626 -0.00696944 -0.00112394  -0.0148784 0.99775       0       0 0
             169.702 -0.0409686 -0.0952483 -0.0366977 0.000422766 0.000427006 -0.00146276 -0.00964102 -0.00372604  -0.0133832 -0.0039378 -0.0038376 0.00844008 -0.00683767 -0.00104574  -0.0148101 0.997748        0        0 7884
             169.702  0.0341371 -0.0185209  0.0338328  0.00146452  0.00103248 0.000954228  0.00258958 0.000985194   0.0122153 -0.00396146 -0.00386562  0.00841741 -0.0069777 -0.0011149 -0.0151322 1.00308       0       0 0
             169.801 -0.0310536 -0.0104054 0.00960941 0.000217711 0.000432199  0.00148745  -0.0157208 -0.00513892  0.00491616 -0.00394006 -0.00386788  0.00842711  -0.0067588 -0.00102331  -0.0150356 1.00308       0       0 8047
             169.801 0.0371757 -0.044148 0.0373909   0.00135288  0.000784928 -0.000380155 -0.00276266 -0.00217458  -0.0155744 -0.00395986 -0.00385791  0.00841907 -0.00694037 -0.00106947  -0.0147527 0.99831       0       0 0
             169.901  -0.0276784  -0.0300628 -0.00239848 -0.000639849 -0.000235545  -0.00270984    -0.02209 -0.00827164  -0.0224595 -0.00394322 -0.00385592   0.0084314  -0.00669684 -0.000969795   -0.0146556 0.998305        0        0 8000
             169.901  0.0344541 -0.0337403  0.0356411  0.00115757 0.000887638 0.000157085 -0.00161792  0.00172421  0.00845458 -0.00395927 -0.00386368  0.00842069 -0.00694218 -0.00110145  -0.0150429 0.997927        0        0 0
             170.002  -0.0465418   -0.034495 0.000157294 -3.28195e-05  0.000354544  0.000681272  -0.0138162 -0.00437274  0.00609423 -0.00392838 -0.00386264  0.00843532 -0.00680108 -0.00102696  -0.0150138 0.997927        0        0 8142
             170.002  0.0374391 -0.0417124  0.0400105  0.00133131 0.000585162 -0.00023862  0.00150894 -0.00274408 -0.00231394 -0.00395499 -0.00386245  0.00842254 -0.00699341 -0.00105595  -0.0149063 1.00292       0       0 0
             170.101 -0.0424366 -0.0768603 -0.0191641  0.000721314 -0.000261008 -0.000849438 -0.00646676 -0.00774225 -0.00902259  -0.0039328 -0.00385336  0.00843968  -0.00687132 -0.000992721   -0.0148482 1.00292       0       0 8021
             170.101  0.034141 -0.025909 0.0399914  0.00125386  0.00057222 0.000532602 -0.000222623 -5.04836e-05   0.00607434 -0.00395503 -0.00386866  0.00842239 -0.00695025 -0.00110391   -0.015055 0.997622        0        0 0
             170.201  -0.015061 -0.0876137 0.00662203 0.000764743 0.000288814  0.00101974 -0.00592627 -0.00292326   0.0037453 -0.00394287 -0.00384861  0.00843356 -0.00689731 -0.00106652  -0.0150325 0.997622        0        0 8128
             170.201  0.0353632 -0.0265704  0.0351252  0.00142437  0.00089629 0.000583916   0.00174231    0.0027897 -0.000988946 -0.00395627 -0.00386851  0.00842549 -0.00698604 -0.00114293  -0.0149706 1.00241       0       0 0
             170.302 -0.0337198 -0.0488751  0.0105829  1.07574e-05  0.000208595 -0.000247922  -0.0165588  -0.0056607 -0.00773911 -0.00394782 -0.00385612  0.00843042 -0.00675795 -0.00103003  -0.0148562 1.00241       0       0 8086
             170.302  0.0340486 -0.0319424  0.0524274   0.00126597 -9.07791e-05  0.000232745 -0.00184707 -0.00971116 -0.00259002 -0.00397042 -0.00386441  0.00841672  -0.00693895 -0.000987269   -0.0149201 0.997878        0        0 0
             170.401 -0.0868933 -0.0427999 -0.0121869  0.000109918  -0.00112156 -0.000778094  -0.0137907 -0.00881438 -0.00864259 -0.00394315 -0.00386088  0.00843397  -0.00677962 -0.000982644   -0.0148164 0.997875        0        0 8052
             170.401  0.0320138 -0.0336928  0.0401864  0.00118495 0.000604791 0.000321829 -0.00174805  0.00712227  0.00318526 -0.00397731 -0.00386402  0.00841892 -0.00694118 -0.00120735  -0.0149786 1.00279       0       0 0
             170.501 -0.0493404 -0.0248912 0.00381377 -7.25564e-05  0.000642491 -0.000200928  -0.0141024  0.00242311 -0.00531801 -0.00395923 -0.00386481  0.00842925 -0.00679877 -0.00112002  -0.0148901 1.00278       0       0 8062
             170.501  0.0330346 -0.0287345  0.0429918  0.00126321 0.000492238 0.000198604   0.00130365 -0.000100117 -0.000852446 -0.00398445 -0.00386879  0.00841747 -0.00698648 -0.00109804  -0.0149451 0.998359        0        0 0
             170.602 -0.0253021 -0.0165263  0.0054423  9.91371e-05  0.000186879 -0.000579203  -0.0140831 -0.00252217 -0.00936475 -0.00396254  -0.0038689  0.00842953  -0.0067834 -0.00107544  -0.0148641 0.998357        0        0 7894
             170.602  0.0370793 -0.0371013  0.0447061  0.00121367  0.00032951 0.000260575  -0.00135643  -0.00207767 -0.000250207 -0.00398239 -0.00386455  0.00841692  -0.0069431 -0.00108773  -0.0149794 1.00301       0       0 0
             170.701 -0.0245802 -0.0545839 0.00165448  -0.00014496 -0.000119607 -0.000292109  -0.0140841 -0.00423575 -0.00822074 -0.00396047 -0.00386206  0.00843388  -0.0067669 -0.00107149  -0.0148918 1.00301       0       0 8142
             170.701  0.0300647 -0.0226714  0.0403038  0.00136932 0.000577181 0.000669027   0.003545 0.00148513 0.00197316 -0.00397617 -0.00387165  0.00842263 -0.00700269 -0.00115233  -0.0150303 0.998409        0        0 0
             170.801 -0.0382097 -0.0665017 -0.0214949 0.000510662 0.000369119 0.000626884  -0.0110317 -0.00197987 -0.00137672 -0.00395769 -0.00385273  0.00844213 -0.00683238 -0.00109311  -0.0149764 0.998408        0        0 7982
             170.801  0.0374041 -0.0404593  0.0538026   0.00112492 -0.000147075 -0.000126113 -0.00365456 -0.00783973 -0.00938422 -0.00398145 -0.00386221   0.0084195 -0.00692046 -0.00102893  -0.0148731 0.99792       0       0 0
             170.902  0.0071443 -0.0543701  0.0632148  1.58329e-05 -0.000926669  -0.00109737  -0.0125287 -0.00666378 -0.00847987 -0.00397083 -0.00385751  0.00841879 -0.00682008 -0.00103722  -0.0148625 0.997919        0        0 8242
             170.902  0.0338088 -0.0181447  0.0415401  0.00114235  0.00066049 0.000910592 0.00012315 0.00813226  0.0130435  -0.0039744 -0.00387321  0.00842623 -0.00697146 -0.00122111  -0.0151338 0.997374        0        0 0
             171.001 -0.0224017 -0.0453103 -0.0141625 0.000308237  0.00111799  0.00138841 -0.00978381  0.00568406  0.00563458 -0.00395882 -0.00386383  0.00844486  -0.0068462 -0.00117922  -0.0150353 0.997373        0        0 7987
             171.001  0.0383667 -0.0442357  0.0448643   0.00134686  0.000332734 -0.000276428  0.00247331 -0.00293057  -0.0123701 -0.00397982 -0.00386543  0.00842554 -0.00699859 -0.00108064  -0.0148068 1.00254       0       0 0
             171.101  0.0119187 -0.0969489   0.036905  0.000745122 -0.000433971  -0.00151699 -0.00827494 -0.00680075  -0.0114926 -0.00397014 -0.00385149  0.00842951 -0.00688071 -0.00103056   -0.014838 1.00254       0       0 8107
             171.101  0.0352451 -0.0230522  0.0394145  0.00139708 0.000732489 0.000739107 -0.000614585   0.00394306    0.0130994 -0.00397675 -0.00387333  0.00842897 -0.00697497  -0.0011751  -0.0151763 1.00175       0       0 0
             171.202 -0.0545501 -0.0228024 -0.0164587 0.000745333 0.000439381 0.000790573 -0.00670155 -0.00266542 -0.00159029  -0.0039513 -0.00386967  0.00844597 -0.00687079 -0.00109418  -0.0150163 1.00175       0       0 7965
             171.202 0.0351257 -0.040548 0.0368814   0.00127173  0.000798027 -0.000129644 -0.000902264  0.000391789   -0.0113246 -0.00397696 -0.00386559  0.00843037 -0.00694512 -0.00114202  -0.0148913 1.00212       0       0 0
             171.301  0.0107525 -0.0720252  0.0142047  0.000476713  0.000452338 -0.000981591 -0.00832936 -0.00441679  -0.0112905 -0.00397167 -0.00385549  0.00843947 -0.00686268 -0.00109526  -0.0149205 1.00212       0       0 7996
             171.301  0.0346824 -0.0254652   0.033464  0.00142671  0.00101315 0.000642066  0.00272738 0.000572783  0.00642431 -0.00397712 -0.00387403  0.00843413 -0.00699349 -0.00115905  -0.0151426 0.997872        0        0 0
             171.401 -0.0618998 -0.0353875 -0.0217631 0.000582229   0.0002269 0.000601116 -0.00979002 -0.00648898 -0.00172416 -0.00395461 -0.00386614  0.00845061 -0.00684066 -0.00104417  -0.0150303 0.997869        0        0 7855
             171.401  0.0327475 -0.0398761  0.0452436   0.00137795  0.000348942 -8.74251e-05 -0.000712003  -0.00599243  -0.00899557  -0.0039824 -0.00386691  0.00843076 -0.00695424 -0.00106021  -0.0149371 1.00224       0       0 0
             171.502  0.0108241 -0.0810518  0.0360634  0.000300055 -0.000456532  -0.00116895   -0.013166  -0.0069966 -0.00939496 -0.00397565 -0.00385244  0.00843485 -0.00681626 -0.00103986  -0.0149058 1.00224       0       0 8016
             171.502  0.0323643 -0.0222856  0.0385028  0.00157866  0.00070717 0.000880417 0.00149412 0.00448833  0.0129532  -0.0039788 -0.00387553  0.00843493 -0.00699134 -0.00118425  -0.0151888 1.0022      0      0 0
             171.601 -0.0492803 -0.0355916  0.0133967 0.000898427 0.000552045   0.0015566  -0.00782249 -0.000383346   0.00779461 -0.00396567 -0.00387058  0.00844065 -0.00685798 -0.00112705  -0.0151228 1.0022      0      0 7884
             171.601   0.036818 -0.0417102  0.0488292   0.00125925  0.000148342 -0.000225911 -0.00359764 -0.00466342  -0.0114129 -0.00399214 -0.00386869  0.00842993 -0.00691268 -0.00108281  -0.0148781 0.997764        0        0 0
             171.701 0.00583743  -0.147293  0.0341017  0.000766778 -0.000145448  -0.00123327 -0.00611899 -0.00244623   -0.011264 -0.00398452 -0.00383807  0.00843449 -0.00689551  -0.0011101  -0.0149242 0.997764        0        0 7978
             171.701  0.0359808 -0.0247062  0.0509028  0.00123635 9.40535e-05 0.000697957 -9.17382e-05 -0.000557276    0.0100314 -0.00399295 -0.00387744  0.00842965 -0.00695708 -0.00113644  -0.0151921 1.00202       0       0 0
             171.802  -0.0499323 -0.00775985   0.0266588  0.000218814 -0.000675066  0.000882687  -0.0106861  -0.0070372 -0.00154584 -0.00397409 -0.00387794  0.00843624 -0.00681407  -0.0010551  -0.0150801 1.00201       0       0 8080
             171.802  0.0364784 -0.0454088  0.0457587   0.00132423  0.000277471 -0.000423744 0.00122297 0.00159599  -0.015351 -0.00399703 -0.00386936  0.00843123 -0.00696722 -0.00117018  -0.0149034 1.00284       0       0 0
             171.902 0.00342839  -0.123867 0.00574407  0.00120069 0.000224607 -0.00116628 -0.00194913 0.000407693 -0.00705818 -0.0039835 -0.0038462 0.00844753 -0.00694507 -0.00113352  -0.0149782 1.00284       0       0 13358
             171.902  0.0320337 -0.0257896  0.0409339  0.00134839 0.000595093 0.000702923 0.000177891  0.00345592   0.0128067 -0.00399156 -0.00387795  0.00843683 -0.00696022 -0.00117463  -0.0152281 0.998444        0        0 0
             172.001 -0.00157689  -0.0588496  0.00862516 0.00023422 0.00062761 0.00154719 -0.0133871 0.00138438  0.0075684 -0.00397198 -0.00386674  0.00845143 -0.00678946 -0.00113878  -0.0151688 0.99844       0       0 7985
             172.001  0.0368147 -0.0312408  0.0428681  0.00130762 0.000455391 0.000425011 -0.000718696   -0.0010286   -0.0046223 -0.00398426 -0.00387687   0.0084407 -0.00695397 -0.00111148  -0.0150039 0.998435        0        0 0
             172.101 -0.0356131 -0.0598078 0.00531251   0.00118763  0.000109334 -0.000134133 -0.00120804 -0.00362664 -0.00576366 -0.00396792 -0.00386735  0.00845118 -0.00694618 -0.00108841  -0.0149892 0.998435        0        0 7988
             172.101 0.0343982  -0.03433 0.0409086  0.00130042 0.000614176 0.000208282 -1.76611e-05   0.00116901  -0.00227217 -0.00398889 -0.00387558  0.00844029 -0.00695892 -0.00115864  -0.0150351 1.00263       0       0 0
             172.202 -0.00167617  -0.0890962 -0.00226405 0.000747936 0.000695266 0.000101541 -0.00663714   0.0011212 -0.00108323 -0.00398073 -0.00385631   0.0084535 -0.00687083 -0.00115051  -0.0150584 1.00263       0       0 7960
             172.202  0.0359537 -0.0362306  0.0439628  0.00133518  0.00044752 0.000110048  0.000570595   -0.0018672 -0.000862878 -0.00399287 -0.00387385  0.00843906 -0.00695993 -0.00111622  -0.0150595 0.997658        0        0 0
             172.301 -0.00724023  -0.0478724   0.0310164  0.000634616  5.52976e-05 -0.000143015 -0.00748231 -0.00352064 -0.00204753 -0.00398092  -0.0038694  0.00844409 -0.00685836 -0.00108471    -0.01504 0.997658        0        0 8030
             172.301 0.0326659  -0.02989 0.0401396  0.00125408 0.000641338 0.000428238 -0.000414114   0.00164899   0.00406407 -0.0039923 -0.0038766  0.0084415 -0.00694783 -0.00115581  -0.0151203 0.997618        0        0 0
             172.401  0.0079715 -0.0262551  0.0308442  7.52066e-05  0.000392639 -0.000126904  -0.0138517 -0.00163456 -0.00601831 -0.00398909  -0.0038758  0.00844457 -0.00677687 -0.00110713  -0.0149907 0.997615        0        0 8053
             172.401  0.0328465 -0.0291811  0.0423859  0.00128229 0.000535132 0.000534243   0.00019481 -0.000927261   0.00121484  -0.0039967 -0.00387791    0.008441 -0.00695957 -0.00111879   -0.015086 0.997681        0        0 0
             172.502  -0.0106834  -0.0763889 -0.00304628 0.000997885 0.000438964 0.000472402 -0.00378796 0.000533682 -0.00128817 -0.00397716 -0.00386497  0.00845966 -0.00691515 -0.00112151  -0.0150668 0.99768       0       0 8061
             172.502  0.0369996 -0.0382152  0.0423409  0.00129262 0.000528134  2.3706e-05 -0.000234642   0.00107799  -0.00611322 -0.00399181 -0.00387725  0.00844559 -0.00695837 -0.00113436  -0.0150009 0.99783       0       0 0
             172.701 -0.0169073 -0.0451023  0.0170544  8.03985e-05 -0.000702776  -0.00152079 -0.00743704  -0.0076963 -0.00883517 -0.00397734  -0.0038742  0.00845554 -0.00686218 -0.00102559  -0.0149765 0.997829        0        0 16004
             172.701  0.0318449 -0.0219572  0.0511067  0.00144044 0.000101382 0.000834599  0.00193239 -0.00342622  0.00610968 -0.00399199 -0.00388345  0.00844494 -0.00696621 -0.00108853  -0.0151726 1.00268       0       0 0
             172.802 -0.0190502  -0.100411  0.0228244   0.00099012 -0.000397509   0.00112713 -0.00660186 -0.00135198   0.0089443 -0.00399041 -0.00387818  0.00844541 -0.00690314  -0.0010568  -0.0150989 1.00268       0       0 3286
             172.802  0.0329265 -0.0285129  0.0450382  0.00127786 0.000329379  0.00047456 -0.00384891  0.00528485  0.00251227 -0.00398942 -0.00388094  0.00844576 -0.00693806 -0.00113416   -0.015011 1.00262       0       0 0
             172.902 -0.0693604 -0.0221357 0.00356758 -0.000815199  -0.00110237 -2.95235e-05  -0.0210584   -0.014615 -0.00654682 -0.00396636 -0.00387717  0.00845712 -0.00690689 -0.00109339  -0.0149968 1.00262       0       0 8092
             172.902  0.0328675 -0.0356643  0.0374312  0.00122532 0.000767364 0.000159191 -0.000469638   0.00339091  -0.00477437 -0.00399301 -0.00387786  0.00844767 -0.00694423 -0.00113194  -0.0150015 0.997533        0        0 0
             173.001   -0.020253  -0.0596017 -0.00823315  0.000545108  0.000783986 -0.000868867  -0.00671548 -3.88194e-05     -0.01265 -0.00398355  -0.0038674  0.00845998 -0.00684983 -0.00110424  -0.0149244 0.997531        0        0 8006
             173.001  0.0322555 -0.0222691   0.042551  0.00123634 0.000559137 0.000798854  0.00162127 -0.00306845  0.00538779 -0.00400014   -0.003883  0.00844445 -0.00696333   -0.001061  -0.0151268 1.00194       0       0 0
             173.102  -0.0312184  -0.0780932 -0.00424617 0.000912108 3.52099e-05  0.00137677 -0.00516617 -0.00372948  0.00496325 -0.00398258 -0.00386528  0.00846076 -0.00690086 -0.00102602  -0.0151154 1.00194       0       0 8181
             173.102  0.0327094 -0.0238102  0.0360698  0.00137571 0.000954679 0.000728642 4.63442e-05   0.0051556    -0.00211 -0.00399937  -0.0038825  0.00844926 -0.00696457 -0.00114997  -0.0150179 1.0015      0      0 0
             173.202  0.0223807 -0.0337181  0.0203523  0.000607809   0.00113261 -9.98047e-05 -0.00896033  0.00340837 -0.00727799 -0.00400015  -0.0038771  0.00845372 -0.00685249 -0.00110527  -0.0149322 1.00149       0       0 7999
             173.202  0.0321539 -0.0270668  0.0403334  0.00126196 0.000739442 0.000544602  -0.00115805  -0.00104095 -0.000434205 -0.00400432  -0.0038817  0.00844741  -0.0069486 -0.00105067  -0.0150202 1.00209       0       0 0
             173.301  -0.0226469  -0.0479732 -0.00320026 0.000507043 0.000256733 7.31546e-05 -0.00821944 -0.00498355 -0.00348336 -0.00398419 -0.00387376  0.00846177 -0.00685524 -0.00101545  -0.0149811 1.00209       0       0 8051
             173.301  0.0368998 -0.0377329  0.0381015  0.00140106 0.000804943 7.09624e-05   0.00199812 -6.19564e-05  -0.00352045 -0.00400077 -0.00387971  0.00844959  -0.0069832 -0.00108358  -0.0149795 1.00189       0       0 0
             173.402 0.0407665 -0.115811 0.0337857  0.000521417  0.000257007 -0.000522196 -0.00986682 -0.00567137 -0.00694686 -0.00399575 -0.00385483   0.0084562 -0.00683396 -0.00102218  -0.0149634 1.00189       0       0 7942
             173.402   0.031807 -0.0272497   0.035546  0.00131331 0.000874332 0.000475031 -0.000509448  0.000156372   0.00386073 -0.00399131 -0.00388507  0.00845608 -0.0069436 -0.0010949 -0.0151016 1.00223       0       0 0
             173.502 -0.0529266 -0.0576639 -0.0161964  0.000431361 -8.31999e-05   0.00030545  -0.0102824 -0.00921149 -0.00344424 -0.00396813 -0.00387235  0.00847254  -0.00683577 -0.000962129   -0.0150293 1.00223       0       0 7958
             173.502 0.0343656 -0.032262 0.0431159 0.00114035 0.00046284 0.00022572 -0.00223951 -0.00447037 -0.00425903 -0.00399299 -0.00388239  0.00845491 -0.00693429 -0.00103085  -0.0150174 1.00293       0       0 0
             173.601 -0.0211725 -0.0349181 0.00103593  0.000291982 -0.000246691 -0.000288869 -0.00934588 -0.00630953 -0.00575908 -0.00398024 -0.00387975   0.0084677  -0.00684465 -0.000991855   -0.0149917 1.00293       0       0 7985
             173.601  0.0329059 -0.0246066  0.0432577   0.0012276 0.000547214 0.000445022 0.00128246 0.00100737 0.00218639 -0.00399452 -0.00388625   0.0084554 -0.00697763 -0.00108991  -0.0150938 1.00294       0       0 0
             173.702 -0.0121902  -0.061948  0.0193968 0.000808528 0.000322993 0.000706481 -0.00549831 -0.00152469  0.00270719 -0.00398089 -0.00387305  0.00846433 -0.00689418 -0.00104669  -0.0150918 1.00294       0       0 8008
             173.702 0.0377612 -0.038774 0.0430163 0.000870286 0.000503139 0.000158754 -0.00477261 7.77492e-05 -0.00324798 -0.00399539 -0.00387979  0.00845734 -0.00690179 -0.00107203  -0.0150139 0.998044        0        0 0
             173.802 -0.0495592 -0.0130525 0.00375656 -0.000333455 -0.000256647 -0.000843005  -0.0116946  -0.0056403 -0.00983177 -0.00397432 -0.00388868  0.00846928   -0.0068078 -0.000989665    -0.014923 0.998041        0        0 8024
             173.802  0.0334687 -0.0257667  0.0376981  0.00107858 0.000809394 0.000417965 0.00420632 0.00398145 0.00373574 -0.00399655 -0.00389057  0.00845969 -0.00700779 -0.00111875  -0.0150973 0.998277        0        0 0
             173.901 0.00667315 -0.0719066  0.0105265 0.000983105 0.000468765 0.000627448 -0.00296776 -0.00360717  0.00172845 -0.00398703 -0.00387254  0.00846922 -0.00692972 -0.00102748  -0.0150875 0.998277        0        0 8064
             173.901  0.0380479 -0.0376462  0.0397593  0.00116635  0.00061237 5.42562e-05 -0.000790439  -0.00234249  -0.00446782 -0.00399616 -0.00388313  0.00846041 -0.00695465 -0.00104697  -0.0150061 0.998181        0        0 0
             174.002 -0.0711682 -0.0180768 -0.0199909  0.000457187  6.35784e-05 -0.000714971 -0.00718428 -0.00493677 -0.00807247 -0.00396057 -0.00388888  0.00847975 -0.00686831 -0.00100674  -0.0149704 0.99818       0       0 8178
             174.002  0.0292603 -0.0284382  0.0369615   0.0015144 0.000844351 0.000308418 0.00469277 0.00175791 0.00261075  -0.0039891 -0.00388989  0.00846293 -0.00701953 -0.00110226  -0.0151093 1.00274       0       0 0
             174.102 0.00364234  -0.064296 0.00748916  0.00134538 0.000638346 0.000288369 -0.00359059 -0.00232438 -0.00064255  -0.0039828 -0.00387349  0.00847232 -0.00692449 -0.00105272  -0.0150717 1.00274       0       0 8044
             174.102  0.0416939 -0.0401477  0.0431511  0.00126763 0.000379728 7.79735e-05 -0.00428973  -0.0050221 -0.00286053 -0.00399509 -0.00388047  0.00846128 -0.00691358 -0.00102304  -0.0150425 1.00252       0       0 0
             174.201 -0.0530687  0.0310608  0.0245218 -0.000464198 -0.000769415 -0.000936439  -0.0180141  -0.0099038 -0.00966282 -0.00396482 -0.00390225  0.00847004  -0.00673506 -0.000945558   -0.0149403 1.00252       0       0 8066
             174.201  0.0333256 -0.0295131   0.031537  0.00162852  0.00113924 0.000256415 0.00520115 0.00738345 0.00245067 -0.00398642 -0.00389067  0.00846904  -0.0070342 -0.00117207  -0.0150971 1.00335       0       0 0
             174.302  0.031537 -0.104727 0.0156234    0.0013603   0.00128463 -1.76264e-05  -0.0051764  0.00123367 -0.00295138 -0.00398857 -0.00386355  0.00847511 -0.00691969 -0.00108238  -0.0150399 1.00335       0       0 8061
             174.302  0.0357816 -0.0265037  0.0540402 0.000953845 4.55176e-05 0.000295338 -0.00887399  -0.0113896 0.000406873 -0.00399344 -0.00388628  0.00846262  -0.00686473 -0.000923124   -0.0150826 1.0021      0      0 0
             174.402   -0.104982   -0.042519 -0.00890543 -1.53892e-06  -0.00146988  0.000482015 -0.00944146  -0.0133894  0.00115236 -0.00396225 -0.00388059  0.00847879  -0.00683283 -0.000890929   -0.0151009 1.0021      0      0 7949
             174.402  0.0351667 -0.0461347  0.0460152  0.00106579 0.000353867 -0.00038523  0.00212919  0.00374322 -0.00816103 -0.00399961 -0.00388233   0.0084633  -0.0069797 -0.00112045  -0.0149792 0.998229        0        0 0
             174.501  -0.048909 -0.0432743 -0.0221474  0.000642048 -0.000109387  -0.00192579 -0.00360608 -0.00381449  -0.0164033 -0.00396891  -0.0038843  0.00848846 -0.00690998 -0.00101452  -0.0148774 0.998228        0        0 7895
             174.501 0.0378571 -0.035327 0.0291959  0.00196075  0.00123195 0.000286259  0.0113199  0.0084456 0.00696021 -0.00399219 -0.00389198  0.00847347 -0.00709744 -0.00117881  -0.0151806 0.998502        0        0 0
             174.602 -0.0739295 -0.0928076 -0.0279563  0.00197508 0.000624612 0.000396874 -0.00227029 -0.00529728  0.00236828 -0.00396369 -0.00387208  0.00849104  -0.00695922 -0.000994907   -0.0151149 0.998504        0        0 7983
             174.602  0.0364231 -0.0331691  0.0427166  0.00132455 0.000579389 6.27044e-05   -0.0094498  -0.00600358 -0.000752947  -0.0039971 -0.00388822  0.00846965  -0.00686215 -0.000998129   -0.0150733 1.00252       0       0 0
             174.702  -0.093507 -0.0161212 -0.0199198 -1.29072e-05  -0.00119398  -0.00101588 -0.0139994 -0.0166687 -0.0105354 -0.00396511  -0.0038902  0.00848818  -0.00677947 -0.000852418   -0.0149387 1.00253       0       0 7856
             174.702  0.0345102 -0.0361314  0.0424078  0.00118474 0.000530671 0.000224435 -0.000859851  -0.00091422   0.00268085  -0.0039994 -0.00388882  0.00847032 -0.00694621 -0.00106459  -0.0151095 1.00311       0       0 0
             174.801 -0.0577571 -0.0292844 -0.0101581  0.000677051 -0.000353578 -0.000408693 -0.00491735 -0.00703456  -0.0048684 -0.00396925 -0.00389352  0.00849016 -0.00690705 -0.00096807  -0.0150157 1.00311       0       0 7970
             174.801  0.0330415 -0.0297423  0.0428355  0.00115362 0.000570584 0.000461934 0.000245371 0.000684198  0.00274504 -0.00399461 -0.00389533  0.00847453 -0.00697126 -0.00107486  -0.0151139 0.998161        0        0 0
             174.901 -0.0795331  -0.100526 -0.0529613   0.00100615 -0.000329566  0.000228094 -0.00167651 -0.00842657  -0.0035035 -0.00395868 -0.00387319  0.00850506  -0.00695263 -0.000934108   -0.0150581 0.99816       0       0 7877
             174.901  0.0353381 -0.0466941  0.0406625    0.0011712  0.000637539 -0.000314166 -5.45429e-05   0.00119071  -0.00948727  -0.0039913 -0.00388972  0.00847686 -0.00696875 -0.00106937  -0.0149782 1.00206       0       0 0
             175.002  -0.118683 -0.0279626 -0.0277889  0.000644744 -0.000804816  -0.00167113 -0.00424983  -0.0124169   -0.015106 -0.00394684 -0.00389507  0.00849887  -0.00690683 -0.000908159   -0.0149202 1.00207       0       0 8169
             175.002  0.0360151 -0.0361941  0.0248868  0.00196515  0.00148318 0.000151531 0.00907507 0.00561894 0.00361186 -0.00398959 -0.00389721  0.00848388 -0.00707711 -0.00115437  -0.0151661 1.00293       0       0 0
             175.101 -0.0958159 -0.0386145 -0.0277073   0.00115869  0.000432575 -0.000940398 -0.00939988 -0.00846352  -0.0100507  -0.0039599 -0.00389078  0.00849895  -0.00684527 -0.000945259   -0.0149879 1.00294       0       0 7957
             175.101  0.0349478 -0.0268518  0.0331417  0.00143796  0.00106469 0.000589286 -0.00623203 -0.00350261  0.00390307 -0.00399845   -0.003896  0.00848066 -0.00688248 -0.00102216  -0.0151701 0.998044        0        0 0
             175.201 -0.0538418 -0.0722214 0.00289402  2.20474e-05 -0.000395037   0.00065877 -0.0164656 -0.0136558 0.00133768 -0.00397497  -0.0038796  0.00848877  -0.00678112 -0.000875567   -0.0151269 0.998043        0        0 8092
             175.201  0.0370962 -0.0404608  0.0423531   0.00104185  0.000603241 -0.000104441 -0.00507768 -0.00442316 -0.00695396 -0.00400049 -0.00389169  0.00847721 -0.00692461  -0.0010029   -0.015016 1.00262       0       0 0
             175.302  -0.0642941  -0.0496535 -0.00866476  0.000138226 -0.000728822  -0.00117596 -0.00913093   -0.011574 -0.00891168 -0.00397434 -0.00388794  0.00849246  -0.00685064 -0.000897367   -0.0149773 1.00262       0       0 8142
             175.302  0.0337716 -0.0262434  0.0454736  0.00107567 0.000399544  0.00064105  0.00141587 -0.00140823   0.0106159 -0.00400142 -0.00389932  0.00847659 -0.00698232 -0.00103822  -0.0152338 1.00329       0       0 0
             175.401 -0.0753953 -0.0462122 -0.0293601  0.000686558 -0.000249137   0.00145601 -0.00455814 -0.00570387  0.00834381  -0.0039701 -0.00389255  0.00850023  -0.00691621 -0.000965895   -0.0152209 1.00329       0       0 8012
             175.401  0.0368393 -0.0490801  0.0441043  0.00133598 0.000503035 -0.00060522   0.002324 0.00168264 -0.0142418 -0.00400211 -0.00389213  0.00847826 -0.00700631 -0.00107176  -0.0149249 0.998704        0        0 0
             175.501  -0.127312 -0.0511059 -0.0325525 0.000810028  -0.0006412 -0.00240553 -0.00536126  -0.0109687  -0.0199627 -0.0039569  -0.003889 0.00850022  -0.00689822 -0.000909423   -0.0148813 0.998705        0        0 8006
             175.501  0.0364823 -0.0365988  0.0376113   0.00152662  0.000819332 -1.27716e-05 0.00263232 0.00217212 0.00518612 -0.00400386 -0.00389707  0.00847936 -0.00699656 -0.00109388  -0.0152102 1.00302       0       0 0
             175.602 -0.0624632 -0.0478806 0.00227903  0.00119091 6.42786e-05 0.000267052 -0.00399283 -0.00696838 0.000754127 -0.00397084 -0.00389275  0.00849447 -0.00691761 -0.00097576  -0.0151725 1.00303       0       0 7895
             175.602  0.0368854 -0.0350351  0.0374756  0.00120711  0.00078167 0.000265586  -0.00406558 -0.000659357  0.000493595 -0.00399946 -0.00389663  0.00848413 -0.00691542 -0.00106706  -0.0151687 0.998588        0        0 0
             175.701 -0.0538519 -0.0552256 -0.0101811 -8.06673e-05  -0.00033747  0.000352658  -0.0134705   -0.009834 0.000607776 -0.00396901 -0.00388959  0.00850181  -0.00680649 -0.000915529   -0.0151575 0.998588        0        0 8070
             175.701  0.0359053 -0.0337848  0.0499012  0.00100445 0.000149111 0.000149561 -0.00103261 -0.00582978 -0.00159114 -0.00399543 -0.00389949  0.00848357  -0.00696312 -0.000976352   -0.0151268 0.998531        0        0 0
             175.801 -0.0959006 -0.0707112 -0.0281931   0.00066763   -0.0010947 -0.000304072 -0.00462735  -0.0115764 -0.00255656 -0.0039671 -0.0038858 0.00850389 -0.00692665 -0.00089331  -0.0150823 0.998534        0        0 7874
             175.801  0.0353818 -0.0373684    0.04484  0.00110231 0.000461187 0.000213111 -1.18646e-05   0.00281312   0.00284781 -0.00400368 -0.00389746  0.00848231 -0.00698216 -0.00109118  -0.0151521 1.00283       0       0 0
             175.902 -0.0326808 -0.0169204  0.0168722  0.000265967 -0.000423071 -0.000506015 -0.00867586 -0.00581897 -0.00575693 -0.00398517 -0.00390377  0.00849141  -0.00686525 -0.000972831    -0.015034 1.00283       0       0 8219
             175.902  0.0298969 -0.0241282  0.0399332  0.00126282 0.000694251  0.00067221 0.00212007  0.0031645 0.00685144 -0.00400211 -0.00390499  0.00848488 -0.00700389 -0.00109425  -0.0151999 1.00324       0       0 0
             176.001 -0.0121706 -0.0685429  0.0122598 0.000593897 4.50196e-05  0.00059881 -0.00836183 -0.00574628 -0.00158434 -0.00399431 -0.00388913  0.00849315  -0.00687639 -0.000969918   -0.0151208 1.00324       0       0 7938
             176.001  0.0361943 -0.0343607  0.0424367  0.00118093 0.000551924 0.000237573 -0.00165328 -0.00116927 -0.00547938 -0.00400795   -0.003901  0.00848417 -0.00695923 -0.00103362  -0.0150682 1.00274       0       0 0
             176.101  -0.0359284  -0.0556291 0.000754461  0.000584444 -0.000283892 -0.000762509 -0.00555695 -0.00956727  -0.0130017 -0.00399173 -0.00389345  0.00849672  -0.00689757 -0.000943908   -0.0150087 1.00274       0       0 8134
             176.101  0.0331559 -0.0253337  0.0433282  0.00113146  0.00050963 0.000631119 0.000681546 -0.00200226  0.00219776 -0.00401119 -0.00390511    0.008484  -0.0069737 -0.00104855  -0.0152085 0.998242        0        0 0
             176.202 -0.0896352  -0.022685  -0.013412  4.67075e-05 -0.000679922  0.000134394  -0.0121933  -0.0112889 -0.00736182  -0.0039788 -0.00390062   0.0085026  -0.00680327 -0.000921636   -0.0150912 0.998243        0        0 8030
             176.202   0.03618 -0.037472 0.0395452  0.00117577 0.000707512 8.92857e-05 0.000167045  0.00114814  -0.0080738 -0.00401402 -0.00389932  0.00848714 -0.00696465 -0.00109498  -0.0150808 0.997761        0        0 0
             176.301  -0.0646464  -0.0418544 -0.00958361  0.000518683  2.39166e-05 -0.000939367 -0.00775391 -0.00468749 -0.00955962 -0.00398679 -0.00389734  0.00850493  -0.00688595 -0.000976622   -0.0150397 0.997762        0        0 8030
             176.301  0.0306348 -0.0288399  0.0427248   0.0012584 0.000524465 0.000434034  0.000741892 -0.000620195    0.0053788 -0.00401495 -0.00390496  0.00848904  -0.0069921 -0.00103898  -0.0152351 1.00224       0       0 0
             176.401 -0.0674748 -0.0729934 -0.0242979  0.000453911 -0.000451228  9.57006e-05 -0.00980925 -0.00790193 -0.00197829 -0.00398988 -0.00388913  0.00850827    -0.006854 -0.000936269   -0.0151265 1.00225       0       0 7879
             176.401  0.0368252 -0.0346312  0.0417447  0.00121282 0.000593305 0.000226888  -0.00129766    0.0014056 -0.000632342 -0.00401964 -0.00390304  0.00848844 -0.00695905 -0.00106642  -0.0151424 1.00239       0       0 0
             176.502 -0.00336376  -0.0679025   0.0104717  0.000142924  4.32299e-05 -0.000279398  -0.0120258 -0.00505817  -0.0051349 -0.00400493 -0.00389227  0.00849942   -0.0068232 -0.000998028   -0.0151064 1.00239       0       0 8046
             176.502  0.0356635 -0.0307024  0.0389631  0.00136891 0.000732447 0.000446643 0.00202063 0.00108385 0.00279143 -0.00401563 -0.00390722  0.00849092 -0.00700124  -0.0010815  -0.0152098 1.00235       0       0 0
             176.601 -0.0261848 -0.0698554 0.00243449  0.00119949 0.000567942 0.000182129 -0.00168154 -0.00190464 -0.00501095  -0.0039952 -0.00389484  0.00850477 -0.00694443 -0.00103905  -0.0151405 1.00235       0       0 7895
             176.601  0.0349507 -0.0331108  0.0416601  0.00133626 0.000619697 0.000265143 5.87508e-05 -0.00179894 -0.00407406 -0.00401389 -0.00390653  0.00849273 -0.00696323 -0.00104717  -0.0151519 1.00298       0       0 0
             176.701 -0.00682682  -0.0553779   0.0316212   0.00038182  -2.7333e-05 -0.000288838  -0.0109515 -0.00718147 -0.00833205  -0.0040003 -0.00389613   0.0084975  -0.00682515 -0.000986833   -0.0151115 1.00298       0       0 7954
             176.701  0.0357575 -0.0295792  0.0413039  0.00110618   0.0006193 0.000468787  -0.00262964  -0.00121843 -0.000126953 -0.00401198 -0.00390668  0.00849485  -0.0069295 -0.00106786  -0.0152189 1.00267       0       0 0
             176.802  -0.0891973 -0.00020376  -0.0120633 -9.74728e-05 -0.000119424 -5.55451e-05  -0.0125018 -0.00611109 -0.00609091  -0.0039793 -0.00391278  0.00851085  -0.00679951 -0.000981417   -0.0151234 1.00267       0       0 8018
             176.802  0.0358466 -0.0410537  0.0382008   0.00144677  0.000751493 -0.000217206  0.00485932  0.00147454 -0.00794723  -0.0040156 -0.00390491  0.00849591 -0.00702782 -0.00109211  -0.0150979 0.998105        0        0 0
             176.901  0.0187815 -0.0753678  0.0377846 0.000878461 0.000456177 -0.00112993 -0.00857807 -0.00114626 -0.00734324 -0.00401489 -0.00389179  0.00849603 -0.00688671 -0.00103293  -0.0150821 0.998103        0        0 8004
             176.901  0.0345713 -0.0202067  0.0386427  0.00137492 0.000810638 0.000952866 -0.00253981  0.00183024   0.0146838 -0.00401898 -0.00391153  0.00849598 -0.00695616 -0.00107246  -0.0153692 1.00237       0       0 0
             177.001  -0.0685313  -0.0109827 -0.00684786  0.000259158 -0.000138111   0.00174974  -0.0118941 -0.00775025     0.01025 -0.00399052 -0.00391207   0.0085087  -0.00681746 -0.000944341   -0.0153002 1.00238       0       0 8116
             177.001  0.0363938 -0.0408442  0.0449763   0.00111213  0.000372074 -0.000145449 -0.00241758 -0.00327005  -0.0104955 -0.00402193  -0.0039039  0.00849286 -0.00694468  -0.0010132   -0.015025 0.998072        0        0 0
             177.102 -0.0319758 -0.0589623   0.022521  0.000200229 -0.000637332  -0.00175836 -0.00996154 -0.00994953  -0.0162449 -0.00400219 -0.00389746  0.00850102  -0.00684502 -0.000935954   -0.0149736 0.99807       0       0 8084
             177.102  0.0306759 -0.0185158  0.0415989  0.00112864 0.000601849  0.00104251 0.000642283  0.00148525   0.0140992 -0.00401874 -0.00391412  0.00849581 -0.00697621  -0.0010906  -0.0153769 0.998218        0        0 0
             177.201  -0.0542251 -0.00212882   0.0105785 0.000367923 3.93617e-05  0.00141148 -0.00844378 -0.00565985 0.000488931 -0.00399867 -0.00391555  0.00850434  -0.00685822 -0.000991531   -0.0152369 0.998215        0        0 8106
             177.201  0.0354023 -0.0381435  0.0463803  0.00115758 0.000314986 -8.5245e-05 0.000365703 -0.00345869  -0.0158481 -0.00402556 -0.00390578  0.00849349 -0.00697654  -0.0010291   -0.015021 0.998163        0        0 0
             177.301  -0.0195014  -0.0572709 -0.00116883   0.00065286 -0.000474566  -0.00171094 -0.00566248 -0.00825184  -0.0190944 -0.00400908 -0.00389734  0.00850968  -0.00689841 -0.000968605   -0.0149957 0.998163        0        0 7995
             177.301  0.0329584 -0.0214435  0.0403908  0.00112287 0.000661006 0.000938121 -0.000383418   0.00206581   0.00952757 -0.00402258 -0.00391158  0.00849741 -0.00696048  -0.0011072  -0.0153737 0.998786        0        0 0
             177.402 -0.00629409  -0.0480269   0.0277491 0.000340455 0.000442845  0.00176835 -0.00902243 -0.00069891   0.0082156 -0.00401046 -0.00390155  0.00850361 -0.00685426  -0.0010491  -0.0153328 0.998786        0        0 8143
             177.402  0.0379431 -0.0395009  0.0455835   0.00122882  0.000323953 -0.000103289 0.00102919 -0.0022219 -0.0113163 -0.00402446 -0.00390557  0.00849801 -0.00698595 -0.00103391  -0.0150717 0.99841       0       0 0
             177.501  -0.119943 -0.0175903 -0.0430903  0.000434073 -0.000954932   -0.0018583 -0.00924728  -0.0103042  -0.0154634 -0.00397859 -0.00391096  0.00852615  -0.00685927 -0.000899863   -0.0149839 0.998411        0        0 7923
             177.501  0.0294281 -0.0394643  0.0334161   0.0013452 0.000911143 -3.4348e-05 0.000504475  0.00660417  0.00394039 -0.00402049 -0.00390783   0.0085035 -0.0069852 -0.0011334 -0.0152397 0.998022        0        0 0
             177.601 -0.0394396 -0.0328217 -0.0235031   0.00039479  0.000807735 -0.000523464 -0.00988847 0.000869312 -0.00327298 -0.00399594 -0.00390954  0.00852228 -0.00684329 -0.00106264  -0.0151604 0.998027        0        0 8164
             177.601   0.030841 -0.0258527    0.03932  0.00104833 0.000734761 0.000603357 -0.00241522 -0.00121596  0.00678426 -0.00401806 -0.00391399  0.00850275  -0.0069377 -0.00104363  -0.0152927 0.998196        0        0 0
             177.702  -0.0287135  -0.0344255 -0.00812166 -6.24301e-05 -0.000560857  0.000640011   -0.0117399   -0.0137744 -0.000901443 -0.00399126  -0.0039097  0.00852057  -0.00681947 -0.000892893    -0.015229 0.998197        0        0 8085
             177.702  0.0348886 -0.0355436  0.0453736  0.00103185 0.000382686   0.0001023  0.00036272 -0.00500608 -0.00676209 -0.00400854 -0.00391212  0.00850459 -0.00697721 -0.00101352  -0.0151496 0.997936        0        0 0
             177.801 -0.0374957 -0.0724847 0.00905334    0.0010598 -0.000303507 -0.000816958 0.000725407 -0.00707137  -0.0108737 -0.00398483 -0.00390136  0.00851794  -0.00698159 -0.000979624   -0.0151032 0.997935        0        0 8126
             177.801  0.0325848 -0.0264898  0.0402437  0.00114606 0.000675834 0.000514543 0.00162323 0.00226579  0.0035434 -0.00400376 -0.00391662  0.00850895 -0.00698759 -0.00110703  -0.0152924 0.997504        0        0 0
             177.901 -0.0813922 -0.0237115 0.00259818  0.000251984 -0.000502827  0.000104446  -0.0103883  -0.0112851 -0.00476907 -0.00397811 -0.00391246  0.00851881  -0.00683653 -0.000924601   -0.0151634 0.997503        0        0 8077
             177.901 0.0332936 -0.034272 0.0392487  0.00126847 0.000691262  0.00019823  0.000892179 -0.000194446  -0.00387435 -0.00401086 -0.00391207  0.00850808 -0.00698341 -0.00107923  -0.0151743 0.997731        0        0 0
             178.002  -0.0421346  -0.0844701 -0.00746093  0.000528937 -0.000127613 -0.000516806 -0.00853282 -0.00622959 -0.00671068 -0.00399036 -0.00389591  0.00852364  -0.00686681 -0.000980861   -0.0151265 0.997729        0        0 8000
             178.002 0.0369232 -0.029743 0.0393619  0.00128778 0.000711294 0.000297586 0.000119012  0.00128187  0.00210126 -0.00401279 -0.00391523  0.00850969 -0.00697312 -0.00108674  -0.0152419 0.997622        0        0 0
             178.101  -0.123996 -0.0631333 -0.0562878   0.00129952 -0.000202659 -6.41016e-05 -0.000434944  -0.00744453  -0.00259466 -0.00396437 -0.00390492  0.00853862  -0.00697742 -0.000952497   -0.0151761 0.997622        0        0 8067
             178.101  0.0402045 -0.0425746  0.0344714  0.00143452 0.000929186 -0.00014331 0.000726552  0.00300129 -0.00359567 -0.00401268  -0.0039115  0.00851097  -0.0069907 -0.00110516  -0.0151621 0.998304        0        0 0
             178.201 -0.0384889 -0.0784339 -0.0269619  0.00109296 0.000658567 -0.00105245 -0.00312369 -0.00153948    -0.00888 -0.00398912 -0.00389936  0.00853026 -0.00693798 -0.00104809  -0.0151059 0.998306        0        0 7944
             178.201   0.036156 -0.0267968  0.0418694  0.00110249 0.000554046  0.00044679 -0.00247484 -0.00311778  0.00705675 -0.00401256 -0.00391629  0.00850882 -0.00693975 -0.00103639  -0.0153169 0.996984        0        0 0
             178.302  -0.121495  0.0240766 -0.0469736 -0.000151588 -0.000453776  0.000419991  -0.0134355  -0.0107682 -0.00190347 -0.00396321  -0.0039275  0.00853787   -0.0067845 -0.000948031   -0.0152212 0.996982        0        0 8164
             178.302  0.0321501 -0.0318612  0.0270396  0.00146661  0.00132044 0.000448543 0.00432216 0.00581697 -0.0018088 -0.00400658 -0.00391458  0.00851593 -0.00702154 -0.00118011   -0.015222 0.99746       0       0 0
             178.401 -0.0524556 -0.0669446 -0.0193715 0.000885548 0.000582373 -0.00090919 -0.00598026 -0.00516929  -0.0132822 -0.00398765 -0.00390164  0.00852972 -0.00689441 -0.00101899  -0.0150806 0.997454        0        0 7997
             178.401  0.0343157 -0.0242875  0.0404067  0.00130005 0.000695636  0.00055573 -0.000950855  -0.00545887 -7.17227e-05 -0.00401453 -0.00391695  0.00851118 -0.00695316 -0.00102469  -0.0152545 1.00078       0       0 0
             178.501  -0.144033  0.0605836 -0.0451697 -0.000121635  -0.00118442 -0.000571248 -0.0161947 -0.0169279 -0.0127305 -0.00396514 -0.00393895  0.00853808   -0.0067577 -0.000836328   -0.0150817 1.00078       0       0 7935
             178.501  0.0291775 -0.0344654  0.0366861  0.00129225 0.000684737 0.000209491 -0.000943655   0.00059088    -0.004498 -0.00401457 -0.00391361  0.00851364 -0.00696398 -0.00108126  -0.0151918 0.997183        0        0 0
             178.602   -0.061031  -0.0361009 -0.00643343 -2.06396e-05 -0.000674083 -0.000871243 -0.0130285 -0.0103581 -0.0088434 -0.00398832 -0.00391145   0.0085272  -0.00680787 -0.000932179    -0.015122 0.997189        0        0 7938
             178.602   0.033197 -0.0304504  0.0493358  0.00113288 0.000180513 0.000284134 -0.000992772  -0.00442899   0.00105138 -0.00401597 -0.00391645   0.0085103 -0.00696256 -0.00101904  -0.0152527 0.997696        0        0 0
             178.701  -0.0760443  -0.0582215 -0.00548518   0.00101905 -0.000738602    0.0002921 -0.00135358  -0.0082471 0.000967669 -0.00398679 -0.00390772  0.00852563  -0.00695222 -0.000961925   -0.0152462 0.997697        0        0 7971
             178.701  0.0367744 -0.0371898  0.0433292  0.000848051  0.000438969 -1.94937e-05 -0.00382585  0.00372286 -0.00259276 -0.00401864 -0.00391335  0.00851121 -0.00691885 -0.00112845  -0.0151987 1.00241       0       0 0
             178.801 -0.0560414 -0.0287991 -0.0134785 -0.000247753 -0.000230635  -0.00102094  -0.0111111 -0.00641181   -0.010489 -0.00398476 -0.00391657  0.00853262  -0.00682586 -0.000997084   -0.0151096 1.00241       0       0 7969
             178.801  0.0344579 -0.0261002  0.0409203  0.00119683  0.00058971 0.000531367  0.00542761 0.000644066  0.00639096 -0.00401109  -0.0039225  0.00851611 -0.00703919 -0.00109827  -0.0153331 0.999243        0        0 0
             178.902 -0.0322193 -0.0421497   0.019522   0.00090484 -0.000194631  0.000636289  -0.00330818  -0.00871383 -0.000307486 -0.00399248  -0.0039145  0.00852345  -0.00691819 -0.000981885   -0.0152655 0.999242        0        0 7977
             178.902  0.0375705 -0.0413272  0.0490108  0.000991445  0.000111361 -0.000302818 -0.00255626 -0.00573622  -0.0105925 -0.00401328 -0.00391435   0.0085145 -0.00692889 -0.00102791  -0.0151282 1.00281       0       0 0
             179.001 -0.0718496 -0.0407351  0.0119248  0.000230107 -0.000954974  -0.00166666 -0.00910102 -0.00941737  -0.0143328 -0.00397913 -0.00391302  0.00852702  -0.00686232 -0.000958603   -0.0150835 1.00281       0       0 8057
             179.001  0.0335277 -0.0309438  0.0418546  0.00110565  0.00054823 0.000386595 0.000614673  0.00406853  0.00725356 -0.00400858 -0.00391974   0.0085185 -0.00698504 -0.00114369  -0.0153692 0.998562        0        0 0
             179.101 -0.0388281 0.00608637 -0.0120989 0.000767744 0.000341382 0.000201669  -0.00346673 -0.000403627  -0.00216753 -0.00398702 -0.00392961  0.00853584 -0.00692101 -0.00106217  -0.0152387 0.998564        0        0 8009
             179.101  0.0328569 -0.0346225   0.041191  0.00123069 0.000571531  0.00018644   0.0015613  0.00123249 -0.00236115 -0.00400903 -0.00391805  0.00851922 -0.00699076  -0.0010916  -0.0152366 1.00234       0       0 0
             179.202 -0.0388791 -0.0405258 0.00169962  0.000646566  9.74702e-05 -0.000339865 -0.00734669 -0.00381767 -0.00586469 -0.00398935 -0.00391522  0.00853086 -0.00689402 -0.00101193  -0.0151939 1.00234       0       0 8137
             179.202  0.0340904 -0.0285793  0.0422593  0.00105312 0.000556202 0.000421469 -0.00274288 0.000319073  0.00242477 -0.00401095 -0.00392035  0.00851853 -0.00695247 -0.00107405  -0.0153045 0.997601        0        0 0
             179.301  -0.0499774  -0.0231912 -0.00816922 -0.000181782 -0.000364045 -2.83519e-05  -0.0135286 -0.00797526 -0.00503582 -0.00398954 -0.00391875  0.00853321   -0.0068058 -0.000960866   -0.0152023 0.997599        0        0 8007
             179.301   0.035838 -0.0337475  0.0488831 0.000958646 0.000134398 0.000173346 -0.000532753  -0.00389674  -0.00287588 -0.00401513 -0.00391884  0.00851572 -0.00697514 -0.00102329    -0.01523 0.997659        0        0 0
             179.401  -0.078405 0.00932596 0.00783619 -0.000176743  -0.00109541 -0.000563598  -0.0126018  -0.0115663 -0.00739641 -0.00398066 -0.00392803  0.00852941   -0.0068211 -0.000916771   -0.0151709 0.99766       0       0 8047
             179.401  0.0368376 -0.0350001   0.046098  0.00116123 0.000297591 6.40361e-05   0.00216024  0.000851157 -0.000739895 -0.00401354 -0.00391821  0.00851828 -0.00701719 -0.00108979  -0.0152594 0.998421        0        0 0
             179.502 -0.00761979  -0.0534431   0.0154922  0.000404456 -7.54415e-05  -0.00119238 -0.00914745 -0.00285721  -0.0103749 -0.00399364 -0.00391041  0.00853073 -0.00686675 -0.00103765  -0.0151186 0.998421        0        0 7934
             179.502  0.0334744 -0.0231357  0.0482249  0.00105391 0.000244444 0.000733256 -0.00125531 -0.00111493  0.00730794 -0.00400601 -0.00392255  0.00852062 -0.00696445 -0.00106481  -0.0153542 1.002     0     0 0
             179.601 -0.0940768 -0.0200966 -0.0150702 -1.53719e-05 -0.000808733  0.000680272   -0.0123817  -0.00938201 -0.000653301 -0.00397618 -0.00392071  0.00853871  -0.00682624 -0.000940671    -0.015254 1.002     0     0 7961
             179.601  0.0359178 -0.0459847  0.0514243   0.00114525 -1.96672e-05 -0.000595114 0.000561626 -0.00199509  -0.0147597 -0.00401471   -0.003915  0.00851851 -0.00699811 -0.00105062  -0.0150647 1.00319       0       0 0
             179.701  -0.0311068  -0.0676599 0.000499321  0.000573585 -0.000727338  -0.00295524 -0.00628869 -0.00571144  -0.0248852 -0.00399572 -0.00390703  0.00853465   -0.0069038 -0.000988539   -0.0149504 1.00319       0       0 7812
             179.701  0.0346444 -0.0300944  0.0422502  0.00120827 0.000519382 0.000375995 0.00107725 0.00514953  0.0100713 -0.00401376 -0.00392236  0.00852217 -0.00699244 -0.00113658  -0.0154152 0.998165        0        0 0
             179.802 -0.0504993 -0.0318334 -0.0142968 0.000676476 0.000351387 0.000758448 -0.00576675 -0.00164183  0.00197463 -0.00399753 -0.00391936  0.00853769 -0.00690735 -0.00104904  -0.0153259 0.998162        0        0 7946
             179.802  0.0335689 -0.0372828  0.0413342  0.00109668  0.00061387 1.55558e-05 -0.00120333 0.000603314 -0.00581162 -0.00402293 -0.00391828  0.00852061 -0.00696833 -0.00108773  -0.0152212 0.997269        0        0 0
             179.901 -0.0613551 -0.0654516 -0.0316972  0.000465679 -3.97891e-05  -0.00101094 -0.00712376 -0.00574291  -0.0114288 -0.00399844 -0.00390663  0.00854263 -0.00689459 -0.00099483  -0.0151457 0.997269        0        0 7820
             179.901  0.0321802 -0.0293433  0.0426293  0.00106499 0.000580478 0.000442468 -0.000198851 -0.000506904   0.00432393 -0.00402627 -0.00392042  0.00851974 -0.00697934 -0.00107327  -0.0153537 0.99771       0       0 0
             180.001 -0.0809706 -0.0121993 -0.0120147 0.000633068 0.000117896  0.00040556 -0.00469409 -0.00434622 -0.00046673 -0.00399652 -0.00392452  0.00853619 -0.00691966  -0.0010138  -0.0152864 0.997709        0        0 8041
             180.001  0.0324278 -0.0348187  0.0375422  0.00126471 0.000803041 0.000191686  0.00215881   0.0016843 -0.00279296 -0.00403065 -0.00391878  0.00852098 -0.00701162 -0.00110441  -0.0152552 0.997317        0        0 0
             180.102 -0.0596081 -0.0301383 -0.0265145  0.000122181  0.000137316 -0.000704078  -0.0130929 -0.00511311 -0.00823527 -0.00400749 -0.00391721  0.00854033  -0.00680991 -0.000998788   -0.0151728 0.997313        0        0 7988
             180.102  0.0322742 -0.0289488  0.0351058  0.00143101 0.000924335 0.000416459 0.00173092 0.00160229 0.00392568 -0.0040345 -0.0039216 0.00852155  -0.0070039 -0.00109712  -0.0153356 1.00178       0       0 0
             180.201 -0.0244086  -0.122084 -0.0082807   0.0014408 0.000301096 0.000542008 -0.00102793 -0.00506493  0.00164118   -0.004022 -0.00389243  0.00853465  -0.00698008 -0.000998688   -0.0153167 1.00178       0       0 7988
             180.201  0.0370321 -0.0328457  0.0325758 0.00154618 0.00102343 0.00038879  0.000307574     0.001828 -1.03473e-05 -0.00403935 -0.00392037  0.00852232 -0.00698902 -0.00109485  -0.0152926 1.00228       0       0 0
             180.301 -0.0633503  -0.043265 -0.0302161  0.000304663  -5.4165e-05 -0.000824632 -0.0133912 -0.0087316 -0.0119875 -0.00400688 -0.00391545  0.00854401  -0.00680776 -0.000937625   -0.0151524 1.00227       0       0 8032
             180.301 0.0325678 -0.030572 0.0514093  0.00109393 7.49485e-05  0.00034259  -0.00413975  -0.00875157 -0.000994724 -0.00403679  -0.0039222  0.00851845  -0.00692595 -0.000948286   -0.0152983 0.997874        0        0 0
             180.402  -0.0488264  -0.0978399 -0.00197748 0.000425176 -0.00106796 0.000221419 -0.00739376  -0.0117324 -0.00308864 -0.00400943 -0.00390055  0.00853708  -0.00688898 -0.000917126   -0.0152876 0.997874        0        0 8106
             180.402  0.0359385 -0.0351112  0.0501745 0.000913903 0.000146334 0.000105113  -0.00196707 -0.000622072  -0.00442168 -0.00403323  -0.0039211  0.00852143 -0.00695408 -0.00107162  -0.0152676 0.997996        0        0 0
             180.501 -0.0800321 -0.0501655 -0.0298226  0.000483613 -0.000219788 -0.000632966 -0.00400233 -0.00347671 -0.00926944 -0.00400234  -0.0039161  0.00854844 -0.00692305 -0.00102451  -0.0152102 0.997994        0        0 7997
             180.501  0.0309619 -0.0299582  0.0460039  0.00108897 0.000323208 0.000386094  0.0028894 0.00122186 0.00187102 -0.00403596 -0.00392451  0.00852491 -0.00700988 -0.00109823   -0.015358 0.998716        0        0 0
             180.601 -0.0769442 -0.0607994 0.00239776  0.00123295 0.000202279 7.88872e-05 0.000717558 4.75508e-06 -0.00342075 -0.00400614 -0.00391365  0.00853837 -0.00699676 -0.00105678  -0.0152787 0.998716        0        0 7853
             180.601 0.0376792 -0.035452 0.0401357  0.00110062 0.000648718 0.000116354 -0.000871739   0.00373284  -0.00307865 -0.00404118 -0.00392126  0.00852675 -0.00697337 -0.00111776  -0.0152828 0.997556        0        0 0
             180.702 -0.0558327 -0.0341297 -0.0172266  2.34189e-05 -4.47248e-05 -0.000527755  -0.0117194 -0.00551683 -0.00304673  -0.0040142 -0.00392062  0.00854407  -0.00682295 -0.000985138   -0.0152329 0.997557        0        0 8044
             180.702  0.0310923 -0.0282368  0.0353125  0.00151416 0.000911363 0.000525724 0.00522336 0.00288454 0.00827042 -0.00403938 -0.00392697  0.00852813 -0.00704433 -0.00110507   -0.015384 1.0025      0      0 0
             180.801 -0.0450752 -0.0805867 -0.0239612  0.00135978 0.000778119  0.00103394  -0.00237355 -0.000507923   0.00498475 -0.00401604 -0.00390958  0.00854711  -0.0069449 -0.00105481  -0.0153533 1.0025      0      0 7832
             180.801  0.0368956 -0.0412364  0.0375429   0.00133697   0.00077664 -0.000146857  -0.00256088 -0.000806008  -0.00780168 -0.00404156 -0.00392104   0.0085279 -0.00693988 -0.00106032  -0.0151817 1.00156       0       0 0
             180.901 -0.00436926  -0.0185715   0.0337689  0.000137762 -7.16602e-05  -0.00177246  -0.0134198 -0.00796978  -0.0186411 -0.00402906 -0.00392597  0.00853068  -0.00680991 -0.000960149   -0.0150697 1.00156       0       0 8062
             180.901  0.0330324 -0.0277326  0.0377505 0.000867339  0.00087028 0.000474288 -0.00526647  0.00044273  0.00557551 -0.00403894 -0.00392603  0.00852987 -0.00691521 -0.00107332  -0.0153939 0.997082        0        0 0
             181.002   -0.048824  -0.0593488 -0.00697765  8.35828e-05 -2.45355e-05  0.000391318 -0.00722272 -0.00910993 -0.00226863 -0.00401781 -0.00391456  0.00854293  -0.00686668 -0.000944111   -0.0152964 0.99708       0       0 8015
             181.002  0.0372907 -0.0390487  0.0426185   0.00111743  0.000508532 -7.39912e-05  0.00449192 -0.00453392 -0.00634462 -0.00404373 -0.00392324  0.00852763  -0.0070201 -0.00101384  -0.0152398 0.997643        0        0 0
             181.101 -0.0140773 -0.0716418  0.0187064   0.00147372 -0.000409726 -0.000906162  0.00281007 -0.00847825 -0.00821669 -0.00402799 -0.00391356  0.00853599  -0.00702973 -0.000946437   -0.0151925 0.997642        0        0 8074
             181.101   0.036057 -0.0255955  0.0409187  0.00145066  0.00059231 0.000655735 0.00243609 0.00114928  0.0083008 -0.00404137 -0.00392875  0.00852959 -0.00701913 -0.00107817  -0.0154141 0.998199        0        0 0
             181.201 -0.0683922 -0.0105905 -0.0268441  0.000496681 -0.000411929  0.000564376  -0.0108988 -0.00725674  0.00114952 -0.00401666 -0.00393051  0.00854918  -0.00683353 -0.000929249   -0.0152866 0.998196        0        0 7935
             181.201  0.0380944 -0.0404988   0.038594   0.00177329  0.000711802 -0.000174375   0.0032579   0.0030428 -0.00699728 -0.00404752 -0.00392405  0.00852922 -0.00702299 -0.00107587  -0.0151762 0.998556        0        0 0
             181.302  -0.0656154  -0.0859272 -0.00114413   0.00157918 -0.000384229  -0.00150579 -0.00285462  -0.0099239  -0.0117862 -0.00402116 -0.00390934  0.00854047  -0.00695364 -0.000916814    -0.015118 0.998566        0        0 8198
             181.302  0.0326678 -0.0243017  0.0418826  0.00108934 0.000568778 0.000775189 -0.00840279 -0.00149993   0.0126159 -0.00404977 -0.00392858   0.0085275 -0.00687202  -0.0010381  -0.0154468 1.00204       0       0 0
             181.401    -0.137876 -0.000916775   -0.0412117 -0.000742669  -0.00098301  0.000587589  -0.0189463  -0.0136403 -0.00379796 -0.00399714  -0.0039351  0.00855497  -0.00672584 -0.000857615    -0.015265 1.00205       0       0 7911
             181.401  0.026666 -0.038502 0.0469521 0.000688343 0.000164086 -0.00011216 -0.00301105 -0.00363265   -0.011592 -0.00404603 -0.00392668  0.00852798 -0.00693768 -0.00100596  -0.0151601 0.996895        0        0 0
             181.501  -0.139555 0.00341952 -0.0352153 -0.000618978  -0.00136276  -0.00179074 -0.0138208 -0.0142162 -0.0201259 -0.00399716 -0.00393618  0.00855392  -0.00680114 -0.000858706   -0.0150853 0.996899        0        0 8106
             181.501  0.028061 -0.027368 0.0287644  0.00114448  0.00129877 0.000702946 0.00429781  0.0087327 0.00595094 -0.00404517 -0.00393137  0.00853486 -0.00703961  -0.0011761  -0.0154351 1.00174       0       0 0
             181.602 -0.0933719 0.00213328 -0.0171857  0.000471196  0.000578074 -0.000143478 -0.00550125 -0.00542358 -0.00850184 -0.00401112 -0.00393773  0.00854953  -0.00689006 -0.000979786   -0.0152316 1.00175       0       0 7986
             181.602 0.0281799  -0.03393 0.0412308  0.00130303 0.000715491 0.000155382  0.00318348 -0.00548265 -0.00562155  -0.0040488 -0.00392838  0.00853139  -0.00700813 -0.000992152   -0.0152707 1.00179       0       0 0
             181.701  -0.151001 -0.0193609 -0.0495958  0.00110108 -0.00035859 -0.00117074 -0.00310784 -0.00891081  -0.0126357 -0.00400274  -0.0039296  0.00855825  -0.00694036 -0.000909812   -0.0151462 1.00179       0       0 8013
             181.701  0.0296749 -0.0460428   0.032007   0.00160128   0.00124502 -0.000388759 0.00199368 0.00601916 -0.0045308 -0.00405555 -0.00392294  0.00853357 -0.00700922 -0.00112441   -0.015255 0.997334        0        0 0
             181.801 -0.0899333 -0.0304411 -0.0296362 0.000714149  0.00019033 -0.00223993 -0.00914218 -0.00615461  -0.0141486  -0.004018 -0.0039267 0.00855345 -0.00686377 -0.00094277  -0.0151052 0.997335        0        0 8061
             181.801 0.0274641  -0.03389 0.0400528  0.00105307 0.000909029 0.000197768 -0.00524721 -0.00162883  0.00722604  -0.0040537 -0.00392748  0.00853184 -0.00691165 -0.00101452  -0.0153909 1.00147       0       0 0
             181.902  -0.126779 -0.0539975  -0.013587 -0.000319804 -0.000728189 -0.000672403  -0.0150975  -0.0144106 -0.00622238 -0.00400722 -0.00391977  0.00854977  -0.00678895 -0.000838556   -0.0152268 1.00146       0       0 8069
             181.902  0.0252212 -0.0299581  0.0439317 0.000854226 0.000621019 0.000417976 -0.00206376 -0.00269893  0.00351901 -0.00405227 -0.00393047  0.00853234 -0.00695728 -0.00100867  -0.0153564 0.997338        0        0 0
             182.001   -0.088906   0.0152275 -0.00547885 -0.000627101 -0.000883493 -0.000220007  -0.0159389  -0.0138047 -0.00816327 -0.00402119 -0.00394083  0.00854672  -0.00676179 -0.000858645   -0.0152355 0.997338        0        0 8165
             182.001  0.0313938 -0.0303002  0.0429254  0.00126751 0.000582357 0.000371878   0.00511553 -0.000910789  -0.00188605 -0.00405591 -0.00393159  0.00853228 -0.00704087  -0.0010399  -0.0153189 0.997147        0        0 0
             182.101  -0.193524  0.0123627 -0.0575784 0.000694032 -0.00124909 -0.00173804 -0.0063448 -0.0165507 -0.0212639 -0.00399057 -0.00394134  0.00856389 -0.00687895 -0.00083199  -0.0150846 0.997157        0        0 8058
             182.101  0.0295159 -0.0331157  0.0415055  0.00120531 0.000596856 0.000414588 -0.000948667   -0.0012367  -0.00255633 -0.00405749 -0.00392901  0.00853341  -0.0069518 -0.00105695  -0.0153374 0.996597        0        0 0
             182.202  -0.120836 0.00185542 0.00858495 2.43346e-05 -0.00103362 -0.00112386 -0.0117682 -0.0115429 -0.0139177  -0.0040127 -0.00393778  0.00854546  -0.00681099 -0.000870892   -0.0151687 0.996607        0        0 8279
             182.202   0.031252 -0.0260646  0.0381932  0.00126737 0.000862512 0.000555404 0.000816606  0.00367817 0.000292798 -0.00405677 -0.00393266  0.00853721 -0.00697779  -0.0010865  -0.0153604 0.997156        0        0 0
             182.301  -0.114329 -0.0599139 -0.0311719  0.000615518 -1.02976e-05 -0.000327985 -0.00805356 -0.00656036 -0.00728361 -0.00402275 -0.00391765  0.00855534  -0.00688183 -0.000904286   -0.0152433 0.997157        0        0 8093
             182.301   0.029002 -0.0343698  0.0425442   0.0010232 0.000673605 0.000288175  -0.00348131 -0.000568582  -0.00141961 -0.00406618  -0.0039271  0.00853253  -0.00693869 -0.000998607   -0.0153211 0.996808        0        0 0
             182.401 -0.0698936 -0.0266854 0.00823542 -7.60605e-05 -0.000574994 -0.000549319  -0.0112057  -0.0121651 -0.00672333 -0.00403943 -0.00392828  0.00854235  -0.00682758 -0.000850778   -0.0152384 0.996803        0        0 8300
             182.401  0.0298172 -0.0321439  0.0440209  0.00104737 0.000572109 0.000381162  0.00117636 -0.00121591  0.00330824 -0.00406822 -0.00392994   0.0085317 -0.00699083  -0.0010053  -0.0153729 0.997285        0        0 0
             182.502  -0.0737575 -0.00749525  -0.0275499  0.000510718 -0.000208907  -0.00031783 -0.00593924  -0.0076359   -0.007833 -0.00403416 -0.00393523   0.0085553  -0.00688615 -0.000933184   -0.0152413 0.997285        0        0 8089
             182.502  0.0300711 -0.0358832  0.0392287    0.001364 0.000817209 0.000168038  0.00338259  0.00131641 -0.00269885 -0.00406462  -0.0039287  0.00853482  -0.0070117 -0.00106285  -0.0153106 0.997987        0        0 0
             182.601   -0.11162 -0.0107765 -0.0108636  0.000366708 -0.000297509  -0.00103674  -0.0115287 -0.00972709  -0.0146081 -0.00402409 -0.00393243  0.00855132  -0.00682531 -0.000898542   -0.0151843 0.997994        0        0 8327
             182.601 0.0294479 -0.037099 0.0446391   0.00134203  0.000516632 -8.90172e-05 -0.000763138  -0.00325643  -0.00476298 -0.00406668 -0.00392718  0.00853438  -0.00696798 -0.000998303   -0.0153162 0.997848        0        0 0
             182.701  -0.122926  0.0133829 -0.0238786   1.2931e-05 -0.000882018  -0.00143925 -0.0143028  -0.012443 -0.0140952 -0.00403035 -0.00393824  0.00855397 -0.00677073 -0.00085733  -0.0151933 0.99785       0       0 8184
             182.701  0.0346146 -0.0426438   0.037947   0.00153689  0.000900274 -0.000115275  0.00270148  0.00292712 -0.00253266 -0.00407653 -0.00392482   0.0085353 -0.00699859 -0.00107567  -0.0153487 0.997293        0        0 0
             182.802 -0.0820219 -0.0156327 0.00749229  0.000308952 -0.000303913  -0.00144823  -0.0132292 -0.00920344  -0.0119086 -0.00404493  -0.0039302  0.00854517  -0.00680448 -0.000895752   -0.0152008 0.997291        0        0 8273
             182.802  0.0286338 -0.0319221  0.0458366  0.00109267 0.000482994    0.000332 -0.00492804 -0.00322195  0.00476182 -0.00407807   -0.003928  0.00853362  -0.00691375 -0.000986074   -0.0154261 0.997423        0        0 0
             182.902  -0.110973 0.00669271 -0.0118433 -0.000383298  -0.00100126 -0.000341456  -0.0163599   -0.011664 -0.00359547 -0.00403663 -0.00393728   0.0085513  -0.00675888 -0.000845369   -0.0152913 0.997427        0        0 8166
             182.902  0.0282147 -0.0319243  0.0366673  0.00109201 0.000947678 0.000378869 -4.83112e-05   0.00573897   0.00242165 -0.00407631 -0.00392927    0.008537 -0.00697517 -0.00108765  -0.0153714 1.00083       0       0 0
             183.001  -0.0799826  -0.0300633 -0.00416319 -0.000430153  0.000165279 -0.000549656  -0.0169734 -0.00661506 -0.00692881 -0.00404817 -0.00392671  0.00854895  -0.00675009 -0.000936721    -0.015253 1.00083       0       0 8046
             183.001  0.0279404 -0.0277519  0.0396892  0.00105465 0.000753383 0.000529332 -8.69895e-05  -0.00240466   0.00293125 -0.00408127 -0.00393128  0.00853534 -0.00697173 -0.00100346  -0.0153845 1.00165       0       0 0
             183.102 -0.0854584  -0.068512 -0.0260906  0.000171166 -0.000501238  -7.2166e-05 -0.00946513  -0.0122297 -0.00728265 -0.00405017 -0.00391656  0.00855657  -0.00684289 -0.000863261   -0.0152745 1.00165       0       0 8239
             183.102 0.0299774 -0.029291 0.0408943  0.00109093 0.000662162  0.00036736 0.000744318 -0.00113704 -0.00259255 -0.00408415 -0.00393123  0.00853601 -0.00697467 -0.00102345  -0.0153365 0.996933        0        0 0
             183.202   -0.051807  -0.0384652 -0.00306066  0.000191707 -8.05863e-05 -0.000648308  -0.0104098 -0.00726673  -0.0130106 -0.00406095 -0.00392405  0.00854916  -0.00683988 -0.000928845   -0.0152273 0.996928        0        0 8057
             183.202  0.0333601 -0.0310842  0.0428253  0.00101967 0.000614457 0.000397924  -0.00113799 -0.000874878  -0.00158646 -0.00408625 -0.00392896  0.00853506 -0.00696009 -0.00102235  -0.0153804 1.00199       0       0 0
             183.301  -0.112654 -0.0106358  -0.044083  0.000246715 -0.000393182 -0.000364381 -0.00766584 -0.00982562 -0.00886425 -0.00404119  -0.0039337  0.00856344   -0.0068605 -0.000888699    -0.015271 1.00198       0       0 8161
             183.301    0.02917 -0.0382795  0.0416698  0.00098915 0.000612849 5.08233e-05  0.000353577 -0.000275138  -0.00450024 -0.00408378 -0.00392679   0.0085369 -0.00696892 -0.00103058    -0.01533 1.00178       0       0 0
             183.402   -0.14925  0.0068757 -0.0122698 -0.000273391  -0.00105232  -0.00161242  -0.013317 -0.0129473 -0.0162356  -0.0040351 -0.00393741   0.0085527  -0.00679658 -0.000834865   -0.0151557 1.00178       0       0 8172
             183.402  0.0317488 -0.0344979  0.0311424    0.001492  0.00127446 0.000326258 0.00460619 0.00622813 0.00317283 -0.00408758 -0.00392935  0.00854013 -0.00703555 -0.00110599  -0.0154179 0.997286        0        0 0
             183.502  -0.137345 0.00963878 -0.0381509 0.000474904 -0.00019623 -0.00109508 -0.0105687 -0.0106541 -0.0115363  -0.0040391 -0.00394068  0.00856188  -0.00682824 -0.000859748   -0.0152103 0.997297        0        0 8134
             183.502  0.0314418 -0.0322273   0.036434  0.00128454 0.000919267  0.00036121 -0.00227852 -0.00196157   0.0017855 -0.00409022 -0.00393011  0.00853882  -0.00693971 -0.000992255   -0.0153903 0.996564        0        0 0
             183.601  -0.140932 -0.0101529 -0.0255161 -0.000472384  -0.00110062  -0.00157325 -0.0186156 -0.0165382 -0.0165688 -0.00404192 -0.00393329  0.00855785  -0.00672372 -0.000794386   -0.0151549 0.99657       0       0 8055
             183.601  0.0353923 -0.0350606   0.035288  0.00154561  0.00106732 0.000274099   0.00272426  0.000856156 -0.000510342 -0.00409394 -0.00393045  0.00853952  -0.0070057 -0.00104197  -0.0153704 0.996634        0        0 0
             183.702  -0.118091 -0.0501746 -0.0522478   0.00062664  -0.00013806 -7.03411e-05 -0.00948227  -0.0102787 -0.00355359 -0.00404829  -0.0039228  0.00856638  -0.00684308 -0.000883545   -0.0153498 0.996636        0        0 8083
             183.702   0.031246 -0.0340689  0.0340933  0.00153296  0.00110694 0.000241203 -0.000156885  0.000226197 -0.000990759 -0.00409293 -0.00392968  0.00853984   -0.006965 -0.00103939  -0.0153832 0.996267        0        0 0
             183.802  -0.108494 0.00198638 -0.0211545  6.13707e-05 -0.000504665 -0.000928249 -0.0155702 -0.0140219  -0.012466 -0.00405739 -0.00393557  0.00855601  -0.00675558 -0.000845388   -0.0152162 0.996269        0        0 8091
             183.802  0.0341818 -0.0300577  0.0394466  0.00119642 0.000817673 0.000481672 -0.00369583 -0.00320991  0.00254455 -0.00409994 -0.00392884  0.00853749 -0.00691412 -0.00100311  -0.0154185 1.00125       0       0 0
             183.901   -0.123738  -0.0207186 -0.00732183 -1.35336e-05  -0.00110641 -0.000391272  -0.0123027  -0.0170549 -0.00789792 -0.00404797 -0.00393074  0.00855587  -0.00679694 -0.000798064   -0.0152814 1.00125       0       0 8128
             183.901   0.031547 -0.0379725  0.0385911  0.00132758  0.00084501 -7.1372e-05  0.00186683 0.000624515 -0.00548629 -0.00409328  -0.0039283  0.00854223 -0.00698539 -0.00104707  -0.0153129 0.99658       0       0 0
             184.002 -0.0825181 -0.0508785 -0.0068469 0.000208111 -0.00032932 -0.00132914  -0.0129624 -0.00973576  -0.0132606 -0.00406592 -0.00392301   0.0085553  -0.00679356 -0.000883311    -0.015205 0.996578        0        0 8121
             184.002  0.0281753 -0.0270717  0.0388019  0.00109847 0.000854975 0.000628613 -0.00318967  0.00127973  0.00746695 -0.00409853 -0.00393329  0.00854146 -0.00691937 -0.00104128  -0.0154854 0.997344        0        0 0
             184.102   -0.128129 0.000513566  -0.0329538  1.59742e-05 -0.000388627  0.000767959 -0.0110041 -0.0113852  0.0010782 -0.00405646 -0.00394019  0.00856198  -0.00680838 -0.000869365   -0.0153976 0.997344        0        0 8103
             184.102  0.0330796 -0.0392215  0.0376883   0.00144071  0.000884286 -7.97792e-05   0.00454418 -2.94702e-05  -0.00822324 -0.00410484 -0.00393042  0.00854029 -0.00701834 -0.00103654  -0.0152712 0.997552        0        0 0
             184.201  -0.112491 0.00649608 -0.0197012  0.000393398 -0.000478885  -0.00204878 -0.0113377 -0.0128622 -0.0206207 -0.00407085  -0.0039402  0.00855556  -0.00680082 -0.000867614   -0.0151089 0.997554        0        0 8220
             184.201  0.0344819 -0.0361342  0.0342192  0.00133568  0.00109311 0.000233859 -0.00142059  0.00118548  0.00385714 -0.00411445 -0.00392971   0.0085392 -0.00693421 -0.00106874  -0.0154412 0.997287        0        0 0
             184.302  -0.132756  -0.025323 -0.0577204  7.30661e-05 -0.000400751 -0.000450951  -0.0129862  -0.0127799 -0.00595702 -0.00406434 -0.00393122  0.00856911    -0.006785 -0.000858973   -0.0153141 0.997292        0        0 8179
             184.302  0.0264803 -0.0353462  0.0376328 0.000826829 0.000780176 0.000128941    -0.005324  -0.00269892 -0.000829069 -0.00411237 -0.00392993  0.00853957  -0.0068872 -0.00101071  -0.0153833 1.00117       0       0 0
             184.402 -0.0854976  0.0194629 -0.0101027  -0.00111837 -0.000959251 -0.000774436 -0.0198558 -0.0145994 -0.0090483 -0.00408432 -0.00394393  0.00855436  -0.00669739 -0.000830164   -0.0152724 1.00116       0       0 8188
             184.402 0.0323009 -0.030964 0.0434502  0.00101998 0.000576634 0.000438927  0.00224466 -0.00242173  0.00376594 -0.00411867 -0.00393367  0.00853814 -0.00699307 -0.00100374   -0.015445 0.996718        0        0 0
             184.501  -0.102022 -0.0476099 -0.0262748  0.000557879 -0.000805664 -0.000146828 -0.00539236  -0.0112554  -0.0046683 -0.00407927 -0.00392748  0.00856025  -0.00689339 -0.000874942     -0.01534 0.99672       0       0 8048
             184.501  0.0299402 -0.0322567  0.0378735  0.00114127 0.000855755 0.000288037 0.000566644  0.00333382 -0.00148049 -0.00411823 -0.00393371   0.0085405 -0.00697016 -0.00108211  -0.0153821 0.996693        0        0 0
             184.602 -0.0679768 -0.0324277  0.0071761  0.000430083 -6.41127e-05 -0.000581667 -0.00768449 -0.00784805 -0.00947124 -0.00408795 -0.00393251  0.00855183  -0.00685483 -0.000920296    -0.015276 0.996698        0        0 8157
             184.602  0.0289543 -0.0288433   0.042077  0.00126688 0.000638674 0.000513955  0.00161168 -0.00183631  0.00239062 -0.00411719 -0.00393573  0.00854117  -0.0069777 -0.00101072  -0.0154371 0.997411        0        0 0
             184.702  -0.116956 -0.0165525 -0.0391931  0.000149418 -0.000452988 -0.000342736 -0.0123414 -0.0100628 -0.0100696 -0.00407316   -0.003938  0.00856684  -0.00679256 -0.000895116   -0.0152795 0.997404        0        0 7957
             184.702 0.0274304 -0.037174 0.0326031  0.00136188  0.00110386 6.90867e-06  0.00091943  0.00427328 -0.00651521 -0.00411581 -0.00393434  0.00854484 -0.00696935 -0.00110008  -0.0153268 1.00211       0       0 0
             184.801  -0.128204 -0.0341235 -0.0508905  0.000268246 -0.000192419  -0.00101991 -0.0117646 -0.0117117 -0.0110671 -0.00406622 -0.00393233  0.00857294  -0.00680335 -0.000876092   -0.0152708 1.00212       0       0 8082
             184.801  0.0283173 -0.0332499  0.0397554 0.000932893 0.000738917  0.00029806 -0.00462846  -0.0039786  0.00276053 -0.00411415 -0.00393467  0.00854457  -0.00689675 -0.000996038   -0.0154582 1.00195       0       0 0
             184.902  -0.0781972   0.0290434 -0.00961149  -0.00119452 -0.000762968 -0.000371324  -0.0225371   -0.012683 -0.00631062 -0.00408075 -0.00395069  0.00856097  -0.00666004 -0.000863781   -0.0153248 1.00195       0       0 7955
             184.902  0.0343886 -0.0321039  0.0392962  0.00127841 0.000841695 0.000338991  0.00393626 0.000604281 0.000819933 -0.00411339  -0.0039372  0.00854625 -0.00701779  -0.0010521  -0.0154209 0.997015        0        0 0
             185.002   -0.17342  0.0584671 -0.0432509 3.14245e-05 -0.00106013 -0.00141493 -0.0136488 -0.0153705 -0.0138768 -0.00404721 -0.00396246  0.00857355  -0.00677833 -0.000803491   -0.0152068 0.997007        0        0 8133
             185.002  0.0247632 -0.0254268  0.0309656  0.00113982  0.00114531 0.000790479 -0.00244027  0.00382112  0.00568791  -0.0041059 -0.00393914  0.00855101 -0.00693194 -0.00107816  -0.0154726 0.997061        0        0 0
             185.101  -0.123872  -0.028361 -0.0319766 -0.000621282 -0.000480723 -0.000267616  -0.0172168   -0.011744 -0.00757468  -0.0040612 -0.00393607  0.00857134  -0.00673128 -0.000865317   -0.0153015 0.997072        0        0 8123
             185.101  0.0309879 -0.0320908  0.0353821  0.00132036 0.000985995 0.000289175  0.00222728 -0.00084296 -0.00292142 -0.00410806 -0.00393876  0.00855049  -0.0069899 -0.00102655  -0.0153631 0.996377        0        0 0
             185.202  -0.130202 -0.0572468 -0.0379738 0.000467177 -0.00112843 -0.00110629 -0.00842436  -0.0203157  -0.0167859 -0.00405963 -0.00392929  0.00857521  -0.00684069 -0.000759768   -0.0152134 0.996386        0        0 8205
             185.202  0.0305536 -0.0278019   0.030531  0.00143699  0.00127762 0.000595136 0.00171986 0.00219439 0.00129974 -0.00410558 -0.00394137  0.00855476 -0.00697236 -0.00107708  -0.0154589 0.997002        0        0 0
             185.302 -0.0982566  0.0206094  0.0017713 -0.000321022 -0.000720134 -0.000534129 -0.0181874 -0.0174649 -0.0133546 -0.00405898 -0.00395238  0.00856786  -0.00670365 -0.000820452   -0.0152685 0.996998        0        0 8163
             185.302 0.0292371   -0.0291 0.0430367 0.000905367 0.000641066 0.000491815 -0.00539195 -0.00628168 -0.00246772 -0.00409671 -0.00394005  0.00855542  -0.00687642 -0.000981402   -0.0154155 0.996715        0        0 0
             185.401   -0.17106 -0.0196981 -0.0453022 -0.000414151  -0.00147963 -0.000806694 -0.0138068 -0.0192824 -0.0116266 -0.00403353 -0.00394159  0.00858498  -0.00675836 -0.000781885   -0.0152811 0.996706        0        0 8194
             185.401  0.0243152 -0.0304841  0.0436706 0.000839729 0.000349654  0.00050301 -6.75889e-05  -0.00306759  3.10003e-05 -0.00409254  -0.0039413  0.00855734 -0.00694053 -0.00101825  -0.0154383 1.00133       0       0 0
             185.502   -0.154996   0.0328089 -0.00395356 -0.000341029  -0.00187667  -0.00153773 -0.0118606 -0.0164943 -0.0160035 -0.00404575 -0.00395981  0.00856998  -0.00677538 -0.000819896   -0.0152007 1.00133       0       0 8241
             185.502  0.0368267 -0.0306346  0.0330657  0.00154674  0.00114116 0.000421836 0.00678739 0.00621018 0.00079972 -0.00410188 -0.00394405  0.00855942 -0.00702842 -0.00114141    -0.01543 1.00198       0       0 0
             185.602  -0.157609 0.00457215 -0.0417015  0.000680493 -0.000174458  -0.00119369 -0.00952523  -0.0094161  -0.0136265 -0.00404916 -0.00395172  0.00858053  -0.00681032 -0.000908177   -0.0152481 1.00201       0       0 7976
             185.602  0.0329592 -0.0325189  0.0311725  0.00163891  0.00125121 0.000425023 0.000232725  0.00211211 0.000967979 -0.00410688 -0.00394257  0.00855813 -0.00694164 -0.00108159  -0.0154466 1.0018      0      0 0
             185.701  -0.110367 -0.0165657 -0.0372199  0.000168611 -0.000200155 -0.000308164  -0.0153913  -0.0128534 -0.00777749 -0.00405687 -0.00394581  0.00858287  -0.00673249 -0.000882523   -0.0153581 1.00181       0       0 8162
             185.701  0.0332042 -0.0440764  0.0394847     0.001247  0.000816192 -0.000271987 -0.00418154 -0.00423144 -0.00772686 -0.00410073 -0.00393933  0.00855886  -0.0068843 -0.00101299  -0.0153583 0.997206        0        0 0
             185.802  -0.120313  0.0188422 -0.0177287 -0.000333081 -0.000814979  -0.00171086  -0.015728 -0.0146926 -0.0165787 -0.00405098 -0.00395584  0.00857894  -0.00671848 -0.000853674   -0.0152538 0.997214        0        0 7923
             185.802  0.0353356 -0.0422998  0.0339873   0.00139676   0.00111256 -0.000119503   0.00275256   0.00186793 -0.000236866 -0.00409652 -0.00394086  0.00856354 -0.00696954 -0.00109017  -0.0154764 1.00161       0       0 0
             185.902   -0.106063 -0.00766573  -0.0106008  0.000279784 -0.000496915 -0.000861248  -0.0113967  -0.0143188 -0.00728981 -0.00406411 -0.00394667  0.00857443  -0.00678716 -0.000861409   -0.0153785 1.00163       0       0 8192
             185.902  0.0308843 -0.0291692  0.0355933  0.00131646  0.00101676 0.000489578 -0.000615104  -0.00158918   0.00472044 -0.00410475 -0.00394261  0.00856044 -0.00692994 -0.00104375  -0.0155405 0.99733       0       0 0
             186.001 -0.0893278  0.0018895 -0.0339295 -0.000374301 -0.000321489   2.0216e-05  -0.0194339  -0.0110685 -0.00285244 -0.00407129 -0.00394943  0.00858392  -0.00669209 -0.000893125   -0.0154143 0.997335        0        0 8023
             186.001     0.0327 -0.0368032  0.0418446  0.00114415 0.000645473 1.87564e-06 -0.00260356 -0.00272398 -0.00309496 -0.00410841 -0.00394031  0.00856018 -0.00691995 -0.00101765  -0.0154104 0.997336        0        0 0
             186.102 -0.0746748 -0.0268439  0.0208757 3.73271e-05 -0.00119562 -0.00125881 -0.0122932 -0.0155227 -0.0104819 -0.00407433 -0.00394169  0.00856818 -0.00678899 -0.00082494  -0.0152948 0.997347        0        0 8305
             186.102  0.0310221 -0.0266622  0.0416398  0.00118518 0.000677586  0.00062324 0.000137037   0.0010897   0.0089366 -0.00410444 -0.00394508  0.00856243 -0.00695435 -0.00105785  -0.0155604 1.00194       0       0 0
             186.202  -0.116885 -0.0162275 -0.0486984  6.42318e-05 -0.000391479  0.000503873   -0.0119303  -0.00950476 -0.000468536 -0.00406079 -0.00394698  0.00858967  -0.00678495 -0.000911147   -0.0154458 1.00193       0       0 8055
             186.202    0.02898 -0.0430393  0.0371277   0.00116611  0.000796765 -0.000309237 6.43831e-05  0.00131971 -0.00916065 -0.00410442 -0.00394088  0.00856312 -0.00694729 -0.00107094  -0.0153273 1.00215       0       0 0
             186.301  -0.0578243   -0.071933 -0.00695313  0.000501271 -0.000350573  -0.00141163 -0.00664275 -0.00987461  -0.0128645 -0.00407491 -0.00393113  0.00857981  -0.00685937 -0.000929543   -0.0153152 1.00215       0       0 8202
             186.301  0.0317808 -0.0241522  0.0405662  0.00107279 0.000688949 0.000754823 -0.000296359  -0.00194403   0.00968578  -0.0041016 -0.00394871   0.0085651  -0.0069369 -0.00104432   -0.015621 1.0023      0      0 0
             186.402   -0.121147 -0.00196415  -0.0328984  0.000212005 -0.000554344  0.000586019 -0.00889191  -0.0121111 -0.00520272 -0.00405621 -0.00395357  0.00858944    -0.006813 -0.000895212   -0.0154421 1.00229       0       0 8109
             186.402  0.032477  -0.03814 0.0370372  0.00141945 0.000872953 4.35652e-05 0.00435726  0.0012331 -0.0111912 -0.00410177 -0.00394456  0.00856807 -0.00699344 -0.00108931  -0.0153601 0.99808       0       0 0
             186.502 -0.0933574 -0.0701768 -0.0355793  0.00112206 -0.00027725 -0.00162375 -0.00391429  -0.0103456  -0.0176608 -0.00406165  -0.0039325  0.00859353  -0.00690782 -0.000910266   -0.0152552 0.998085        0        0 8144
             186.502  0.0308932 -0.0272343   0.037767  0.00132539 0.000854886 0.000626118   -0.0017678 -0.000265024   0.00653374 -0.00409902 -0.00394749  0.00857075 -0.0069298 -0.0010576 -0.0155819 1.00149       0       0 0
             186.601  -0.159062 -0.0443755 -0.0582916  0.000832026 -0.000485197  0.000505709  -0.0049701  -0.0111725 0.000281496 -0.00404834 -0.00394075  0.00859845  -0.00687644 -0.000883948   -0.0154603 1.0015      0      0 7942
             186.601  0.0304944 -0.0499221   0.029658   0.00161158   0.00100555 -0.000597348 0.00308863 0.00235073 -0.0118492 -0.00410597 -0.00393983  0.00857116 -0.00698557 -0.00108469   -0.015294 1.00155       0       0 0
             186.702  -0.0743228  -0.0838609 -0.00301854 0.000593803 -0.00062358 -0.00232853 -0.0104629 -0.0116001  -0.015408 -0.00407513 -0.00392834  0.00858203  -0.00681339 -0.000880731   -0.0152406 1.00156       0       0 8061
             186.702  0.0352765 -0.0263738  0.0411342  0.00139467 0.000565383 0.000648187 -0.00122928 -0.00275141   0.0153093 -0.00410801 -0.00394969  0.00856849 -0.00692778 -0.00100999  -0.0156594 1.00196       0       0 0
             186.802    -0.12888 -0.00483773  -0.0387689  0.000382663 -0.000906359   0.00106435  -0.010976 -0.0143084  0.0035028 -0.00406684 -0.00395365  0.00858936  -0.00679926 -0.000845823   -0.0155173 1.00195       0       0 7972
             186.802  0.0350566 -0.0428794  0.0261999  0.00141372   0.0013809 -0.00027627 -0.000440289   0.00908601   -0.0114634  -0.0041133 -0.00394331  0.00857011 -0.00694379 -0.00117261  -0.0153143 1.00199       0       0 0
             186.901 -0.0941341 -0.0852994  -0.050941 0.000634077 0.000632272 -0.00162565 -0.00730976 -0.00629876  -0.0156998 -0.00407511 -0.00392868  0.00859507   -0.0068404 -0.000964791   -0.0152823 1.00199       0       0 8027
             186.901  0.0324737 -0.0269985   0.039098  0.00143995 0.000645765 0.000655542  0.00235764 -0.00748991  0.00910955 -0.00411541 -0.00394994  0.00856642  -0.00696049 -0.000963641   -0.0156173 1.00222       0       0 0
             187.001  -0.0948876   0.0167195 -0.00667636 0.000305053 -0.00143803  0.00100047 -0.0124909 -0.0205376 0.00114081 -0.00407073  -0.0039631  0.00858563  -0.00676865 -0.000789724    -0.015506 1.00223       0       0 8067
             187.001  0.0369021 -0.0446968  0.0467508   0.00147859  0.000224506 -0.000423225  4.3089e-05 -0.00515766  -0.0146241 -0.00411019 -0.00394496  0.00856918   -0.006944 -0.00100911  -0.0152903 1.00238       0       0 0
             187.102  -0.0456462  -0.0750105 -0.00595192   0.00108926 -0.000636055  -0.00183827 -0.00523658 -0.00617428  -0.0130173 -0.00408997 -0.00393426  0.00858412  -0.0068813 -0.00095775  -0.0152881 1.00238       0       0 8143
             187.102  0.0350805 -0.0282001  0.0450153   0.0010735 0.000368251 0.000557697 -0.00546358  0.00258211   0.0127246 -0.00411417 -0.00395014  0.00856822 -0.00687105 -0.00108484  -0.0156424 0.997106        0        0 0
             187.201   -0.054071 -0.00122184  0.00508792 0.000172279 -0.00020798  0.00127517 -0.00929463 -0.00459893  0.00923165 -0.00409703 -0.00395796  0.00857665  -0.00681526 -0.000977313   -0.0155764 0.997105        0        0 8164
             187.201  0.040184 -0.048258 0.0418651   0.00132874  0.000441062 -0.000583466 0.00324332 0.00147746 -0.0111646 -0.00412575 -0.00394452  0.00856525 -0.00698935 -0.00106874  -0.0152972 1.00242       0       0 0
             187.301  -0.0473841  -0.0474729 -0.00499179  0.000900592 -0.000543785  -0.00231292 -0.00457472 -0.00940057  -0.0162796 -0.00409761 -0.00394439  0.00858036   -0.0068759 -0.000927289   -0.0152397 1.00241       0       0 8080
             187.301  0.0345283 -0.0333107  0.0395249  0.00145981 0.000601901 0.000253733  0.0016068 0.00100041  0.0108903 -0.00412188  -0.0039511  0.00856657  -0.0069546 -0.00107544  -0.0156113 1.00233       0       0 0
             187.402   -0.062396 -0.00257311   -0.031021  0.000499971 -9.93543e-05  0.000766162  -0.0110133 -0.00663042  0.00339914 -0.00409118 -0.00395863  0.00858932  -0.00678468 -0.000968111   -0.0155479 1.00232       0       0 8387
             187.402 0.0357437 -0.041663 0.0343505   0.00141924   0.00103792 -0.000206376 -0.00139975  0.00474423  -0.0062278 -0.00412025 -0.00394757  0.00856901 -0.00691942 -0.00113233  -0.0154152 1.00235       0       0 0
             187.501 -0.0171912 -0.0825752 -0.0243409  0.00101883 0.000685127 -0.00104176  -0.0038092 -0.00336717   -0.011286 -0.00410203 -0.00393381  0.00859144 -0.00688999 -0.00100929  -0.0153714 1.00235       0       0 8123
             187.501  0.0339543 -0.0274314   0.036843  0.00112793 0.000878155 0.000574629 -0.00226577 -0.00201831  0.00631137 -0.00411805 -0.00395242  0.00857197 -0.00690367   -0.001034  -0.0156107 1.00262       0       0 0
             187.601  -0.0666092  -0.0419316 -0.00459632 -0.000124788 -0.000236395  0.000828994 -0.0137057 -0.0109073 0.00112268  -0.0040949 -0.00394569  0.00858359  -0.00675346 -0.000908321   -0.0155297 1.00261       0       0 8255
             187.601  0.032779 -0.039407 0.0440155   0.00107713  0.000434039 -7.18226e-05 3.57484e-05 -0.00498628 -0.00872452  -0.0041255 -0.00394838  0.00856833  -0.00693854 -0.000998648   -0.0153931 1.0024      0      0 0
             187.702 -0.0630359 -0.0778171 -0.0337316  0.000724593 -0.000715319 -0.000794004  -0.0045961   -0.010073 -0.00561256 -0.00410186 -0.00393442  0.00859212  -0.00688439 -0.000914343   -0.0154048 1.0024      0      0 8193
             187.702  0.0343754 -0.0312595  0.0332378  0.00125306  0.00107391 0.000370222 0.00112481  0.0071571 0.00690315 -0.00412962  -0.0039508  0.00857154 -0.00695567 -0.00115737  -0.0155758 0.998605        0        0 0
             187.801  0.0246853 -0.0712978  0.0247445 0.000426057 0.000630694 0.000813721 -0.00913546 -0.00212408  0.00653074 -0.00412902  -0.0039378  0.00857439 -0.00682115 -0.00102675  -0.0155597 0.998605        0        0 8219
             187.801   0.038538 -0.0388872  0.0374762    0.0015744  0.000721118 -6.11484e-05  0.00379624 -0.00197164 -0.00269535  -0.0041334 -0.00395033  0.00857035 -0.00699135 -0.00103049  -0.0154315 0.997636        0        0 0
             187.901   -0.0496399   -0.0389988 -0.000597728   0.00142129 -8.26691e-05  -0.00115321 -0.00177966 -0.00786134  -0.0110197 -0.00410891 -0.00394882  0.00858122  -0.00690972 -0.000962332   -0.0153402 0.997636        0        0 8097
             187.901  0.0333194 -0.0278883  0.0381458  0.00153419 0.000684507 0.000550552 -0.000663879  -0.00110993   0.00731466 -0.00413418 -0.00395333  0.00856911  -0.0069219 -0.00106201  -0.0155915 1.00277       0       0 0
             188.002  0.00181645 -0.00816621  0.00869286 0.000597929 0.000302889 0.000312892  -0.0107194 -0.00326764 -0.00471718 -0.00412346 -0.00395698  0.00857877 -0.00679147 -0.00103036  -0.0154577 1.00277       0       0 8006
             188.002 0.0366558 -0.032423 0.0442086  0.00134574 0.000350649 0.000306558 -0.00224706 -0.00330547 -0.00475803  -0.0041345 -0.00395073  0.00856749 -0.00690791 -0.00103416   -0.015457 0.998179        0        0 0
             188.101 -0.0296765 -0.0626035 0.00370331  0.000204325   -0.0002619 -0.000285476  -0.0128448  -0.0061442 -0.00777072 -0.00412058 -0.00393794  0.00857986 -0.00677085 -0.00098323  -0.0154294 0.998179        0        0 8100
             188.101  0.0391849 -0.0331979  0.0377067  0.00141814 0.000662419 0.000243032   0.0010806  0.00278744 -0.00200979 -0.00414097 -0.00395015  0.00856936 -0.00695397 -0.00111046  -0.0155065 1.0019      0      0 0
             188.201 0.0453669 -0.084789 0.0344837 0.000764991 0.000683914 -0.00040815 -0.00736286 2.85441e-05  -0.0071077 -0.00414644 -0.00393239  0.00857165 -0.00683928 -0.00107458  -0.0154198 1.00189       0       0 7988
             188.201  0.0349507 -0.0225598  0.0372434  0.00135943 0.000797478 0.000782879 -0.000108938  0.000827401    0.0059307 -0.00414296   -0.003954  0.00857081 -0.00692929  -0.0010841  -0.0155973 0.998231        0        0 0
             188.302  -0.0311671  -0.0469654 -0.00796577 0.000866299 0.000539591 0.000974593 -0.00692918 4.00666e-06  0.00299652 -0.00412131 -0.00394602  0.00858585 -0.00685852 -0.00103602  -0.0155315 0.998229        0        0 8118
             188.302  0.0388596 -0.0394606  0.0399408   0.00127179  0.000556787 -0.000156328   -0.0022488 -0.000248805  -0.00924505 -0.00414363 -0.00394869  0.00857056 -0.00692222 -0.00104101  -0.0153613 1.00226       0       0 0
             188.401 0.0122468 -0.100469 0.0173686 0.000528199 0.000255837  -0.0013164 -0.00819349 -0.00300793  -0.0109206 -0.00414155 -0.00392797  0.00857638 -0.00684148 -0.00101643  -0.0153423 1.00226       0       0 8001
             188.401  0.0384828 -0.0242547  0.0348463   0.0014239 0.000806496 0.000751503 0.0025174 0.0017853 0.0117604 -0.00414908 -0.00395513  0.00857105 -0.00697483 -0.00108368  -0.0156505 0.998076        0        0 0
             188.501   -0.0359831   -0.0371618 -0.000105742  0.00113534 0.000607916  0.00138511 -0.00277193 -0.00244171  0.00588057 -0.00412839 -0.00395055  0.00858133 -0.00689649  -0.0010367  -0.0155792 0.998075        0        0 8023
             188.501  0.0389564 -0.0469896  0.0495392   0.00136424  6.22474e-06 -0.000495799 1.64061e-06 -0.00879794  -0.0145488 -0.00415353 -0.00394705  0.00856511  -0.00693662 -0.000960454   -0.0152983 1.00227       0       0 0
             188.602 0.00460751 -0.0779036  0.0503658 0.000836405 -0.00064215 -0.00213646 -0.00728674 -0.00635516  -0.0175061  -0.0041476 -0.00393443  0.00856405  -0.00685494 -0.000986801   -0.0152778 1.00227       0       0 8120
             188.602  0.0343101 -0.0198764  0.0389294  0.00131977 0.000716627 0.000967359 -0.0017797 0.00615911  0.0160337 -0.00415494   -0.003955  0.00856821 -0.00692014 -0.00115754  -0.0157386 1.00201       0       0 0
             188.701  0.0378146 -0.0659824  0.0202018 0.000701882  0.00134892   0.0026135 -0.00679702  0.00654963   0.0159454 -0.00416022 -0.00394019  0.00857375 -0.00685463 -0.00115033  -0.0157407 1.00201       0       0 7993
             188.701  0.0346036 -0.0245962  0.0426617  0.00139789 0.000406437 0.000680373   0.0018185  -0.0031346 -0.00501771 -0.00416088 -0.00395402  0.00856619 -0.00696737 -0.00102108  -0.0154516 0.99727       0       0 0
             188.801 -0.0116356 -0.0511164   0.019545  0.000517514 -0.000135166  0.000248812  -0.0108816 -0.00417608 -0.00447988 -0.00415245 -0.00394411  0.00857249  -0.00680304 -0.000995264   -0.0154531 0.997267        0        0 8022
             188.801  0.0366161 -0.0357292  0.0526081   0.00127606 -0.000146334  4.59793e-05 -0.00210881 -0.00472764 -0.00613432 -0.00416796 -0.00395052  0.00856189  -0.00691971 -0.000993515   -0.0154292 0.997186        0        0 0
             188.902 -0.0357756 -0.0676023  0.0299743  0.000955489 -0.000852915 -0.000710432 -0.00404946 -0.00567096 -0.00726998 -0.00415465 -0.00393982   0.0085664  -0.00689807 -0.000971705   -0.0154079 0.997187        0        0 8002
             188.902  0.0374937 -0.0309876  0.0434396  0.00128932 0.000347775 0.000341228 -0.000403305   0.00552507   0.00399295 -0.00417602  -0.0039526   0.0085626 -0.00694278 -0.00113011  -0.0155623 0.997583        0        0 0
             189.001 0.00780325 -0.0453268  0.0274414 0.000515289  0.00060327 7.36118e-05 -0.00786662  0.00228645 -0.00303508 -0.00417239 -0.00394701  0.00856626 -0.00682689 -0.00110125  -0.0154694 0.99758       0       0 8005
             189.001  0.0359625 -0.0345007  0.0437722  0.00142811 0.000329477   0.0002032  0.00295118 -0.00106135 -0.00152848 -0.00418195 -0.00395236  0.00856091 -0.00697046 -0.00105964  -0.0154888 0.998014        0        0 0
             189.101 0.00457498 -0.0434243    0.05351    0.0012332  0.000189327 -0.000455859  -0.0028738 -0.00160893 -0.00696864 -0.00417489 -0.00394842  0.00855892  -0.0069064 -0.00105561  -0.0154206 0.998012        0        0 7987
             189.101  0.0359198 -0.0301387  0.0409028  0.00122308 0.000557802 0.000415099 -0.00304629  0.00165076  0.00219187 -0.00418444 -0.00395298   0.0085631 -0.00690176 -0.00110229  -0.0155467 0.997683        0        0 0
             189.202 -0.0129505 -0.0109582  0.0111052  8.74408e-05  0.000269347 -0.000118985  -0.0130786 -0.00183756 -0.00599377 -0.00416746 -0.00395636  0.00857226 -0.00676621 -0.00103998  -0.0154403 0.997681        0        0 8085
             189.202  0.0375136 -0.0355586  0.0513696   0.00114257 -7.13633e-05   0.00010437 -0.000764598  -0.00608901  -0.00355525 -0.00418414 -0.00395039  0.00855927    -0.006935 -0.000988669   -0.0154736 1.00225       0       0 0
             189.301  0.0120899 -0.0845348  0.0313771  0.000320671 -0.000754654 -0.000164034 -0.00965967  -0.0064969  -0.0022887 -0.00417139  -0.0039349  0.00856879  -0.00681917 -0.000979012   -0.0154855 1.00225       0       0 8027
             189.301  0.0380846 -0.0318682  0.0428789  0.00132337 0.000335066 0.000361787 0.00192667 0.00374096  0.0033846 -0.00417797 -0.00395384  0.00856554  -0.0069689 -0.00111916  -0.0155612 0.997785        0        0 0
             189.401  0.0213759 -0.0642521  0.0429919 0.000966633 0.000474924 0.000573994 -0.00454726  0.00206954   0.0021322 -0.00417216  -0.0039444  0.00856769 -0.00688475 -0.00109604   -0.015547 0.997785        0        0 8048
             189.401  0.0370888 -0.0339656  0.0482707  0.00140051 7.13994e-05 0.000120037 0.000797074 -0.00210386 -0.00267766 -0.00417788  -0.0039548  0.00856584 -0.00695381 -0.00104178  -0.0154797 0.997378        0        0 0
             189.502 -0.00844204   -0.034411   0.0276494  0.000597953 -0.000174159 -0.000908078 -0.00964355 -0.00130662  -0.0117116 -0.00416154 -0.00395317  0.00857468 -0.00681125 -0.00104548  -0.0153647 0.997373        0        0 8094
             189.502  0.0367429 -0.0296527  0.0386048  0.00136686 0.000677114 0.000426618 -0.000960109   0.00627411   0.00266095 -0.00417476 -0.00395656  0.00857148 -0.00692704 -0.00115246  -0.0155628 0.997779        0        0 0
             189.601 -0.00910676  -0.0683966 -0.00117189  0.00101083 0.000794931 0.000700481 -0.00364559 0.000716718  0.00181634 -0.00416289 -0.00394383  0.00858402 -0.00689265 -0.00108511  -0.0155599 0.997779        0        0 8058
             189.601  0.0357968 -0.0378874   0.050854  0.00124024 -6.9533e-05  3.1759e-05 -0.000512047  -0.00840641  -0.00533663 -0.00417853 -0.00395372  0.00856717  -0.00693192 -0.000968897   -0.0154608 0.997744        0        0 0
             189.701 -0.0233042  -0.094599  0.0112961   0.00070171 -0.000983513 -0.000954318 -0.00667797 -0.00884719  -0.0102577 -0.00416218 -0.00393317  0.00857966  -0.00686281 -0.000955399   -0.0153902 0.997742        0        0 7901
             189.701  0.0346923 -0.0295938  0.0408438  0.00135901 0.000516286 0.000424596 0.000764191  0.00515548  0.00457664 -0.00417865 -0.00395563  0.00857067 -0.00695479 -0.00114937  -0.0155917 1.00223       0       0 0
             189.802  0.0192569 -0.0262535  0.0489571 0.000805001 0.000614838  0.00050019 -0.00748805  0.00196431 0.000933702 -0.00418347 -0.00395261  0.00856431 -0.00685615 -0.00109114   -0.015546 1.00223       0       0 7929
             189.802  0.0377566 -0.0350115   0.039791  0.00143159 0.000597066 9.69959e-05 -0.000240117   0.00149831  -0.00344025 -0.00418941 -0.00395079  0.00856725 -0.00695579 -0.00108638  -0.0154848 1.00216       0       0 0
             189.901 -0.00155004  -0.0381342  0.00409041  0.000631255  0.000427564 -0.000693811 -0.00904847 -0.00066638 -0.00864207 -0.00418264 -0.00394878  0.00857801 -0.00683433 -0.00105524  -0.0154515 1.00216       0       0 7915
             189.901  0.0378253 -0.0274654  0.0359533  0.00139305 0.000764542 0.000534607 -0.000168916    0.0020704   0.00477929 -0.00419478 -0.00395433  0.00856791 -0.00695109 -0.00109676   -0.015635 0.997896        0        0 0
             190.001 0.0261131 -0.070845 0.0401901 0.000543341 0.000473615  0.00107481  -0.0100374 -0.00250693  0.00512445 -0.00418892 -0.00394105  0.00856849 -0.00682486 -0.00103746  -0.0156473 0.997896        0        0 8017
             190.001  0.0348357 -0.0314609  0.0497058   0.0013713 6.17553e-05 0.000364932 -2.55524e-05  -0.00700062  -0.00246597 -0.00419239  -0.0039549  0.00856528  -0.00695661 -0.000977988   -0.0155407 0.99731       0       0 0
             190.102 -0.00317679  -0.0501559   0.0245438  0.000336523 -0.000529127 -0.000275685  -0.0116207   -0.005667 -0.00780276 -0.00418101 -0.00394524   0.0085728  -0.00679409 -0.000993439   -0.0154693 0.997306        0        0 8050
             190.102  0.0376015 -0.0319799  0.0538867  0.000969284 -0.000211746    0.0002532 -0.00427447  -0.0032184 -0.00235343 -0.00419368 -0.00395233  0.00856349 -0.00689149 -0.00103135  -0.0155439 1.00222       0       0 0
             190.201   -0.01807 -0.0653098  0.0228028  0.000158311 -0.000597668  0.000166858 -0.00928307 -0.00375948 -0.00140398 -0.00418217 -0.00393974  0.00857148 -0.00683328 -0.00102426  -0.0155543 1.00222       0       0 8133
             190.201  0.038479 -0.032264 0.0424799  0.00131751 0.000412948 0.000207062   0.0040277  0.00557153 -0.00104229 -0.00419861 -0.00395253   0.0085656 -0.00700911 -0.00115597  -0.0155572 0.997672        0        0 0
             190.301  0.0475335 -0.0945449  0.0460667  0.00085397 0.000961985 0.000147788 -0.00620364  0.00634458 0.000522354 -0.00419849 -0.00393249   0.0085671 -0.00687279 -0.00115956  -0.0155637 0.997671        0        0 8102
             190.301   0.039006 -0.0309299  0.0331745  0.00159864 0.000836664 0.000404765 0.00286045 0.00478513 0.00345359   -0.004196 -0.00395449  0.00857121 -0.00698816 -0.00113724  -0.0156018 0.998009        0        0 0
             190.402   0.010623 -0.0349129  0.0117573 0.000963604  0.00093407 0.000808083 -0.00809356  0.00199899  0.00549654 -0.00418282 -0.00395389  0.00857935 -0.00685388 -0.00109296  -0.0156302 0.998008        0        0 8113
             190.402  0.0392202 -0.0369673  0.0446666   0.00139418   0.00027712 -2.38298e-06 -0.00284817 -0.00487645 -0.00318165 -0.00419306 -0.00395374  0.00856854 -0.00692615 -0.00100359  -0.0155092 1.00235       0       0 0
             190.501 -0.0161512 -0.0292365  0.0215974  2.97423e-05 -0.000412257 -0.000770783  -0.0156365 -0.00588168 -0.00778513 -0.00417521 -0.00395422  0.00857636  -0.00674653 -0.000987325   -0.0154575 1.00235       0       0 8172
             190.501  0.0369758 -0.0347465  0.0564171  0.000965862 -0.000317002  0.000241745 -0.00470373 -0.00581721  0.00332589 -0.00419219 -0.00395473  0.00856521  -0.00689283 -0.000994561   -0.0156096 0.9971      0      0 0
             190.601 0.00574593 -0.0744739  0.0469166  0.000110563 -0.000715832    0.0004297 -0.00903811 -0.00442497 0.000301461  -0.0041803 -0.00394135   0.0085702 -0.00683643 -0.00102514  -0.0155877 0.997098        0        0 7920
             190.601  0.0376541 -0.0395794  0.0525095    0.0012218 -0.000147019 -0.000123425  0.00388083 0.000726087 -0.00574352 -0.00418978 -0.00395405  0.00856859 -0.00700798 -0.00109766  -0.0155021 0.997497        0        0 0
             190.702  0.0402173 -0.0662832   0.077836  0.000696251 -0.000316006  -0.00106978 -0.00622018  -0.0022264  -0.0116603 -0.00418406  -0.0039447  0.00856629 -0.00686802 -0.00106728  -0.0154319 0.997495        0        0 8074
             190.702 0.0375044 -0.024993 0.0389238  0.00148214 0.000605614 0.000628669 0.00279135 0.00611922 0.00613314 -0.00418196 -0.00395989  0.00857902 -0.00698416 -0.00117853  -0.0156769 1.00179       0       0 0
             190.801  0.036589 -0.101233 0.0236273  0.00129154 0.000890498  0.00130417 -0.00315756  0.00303996  0.00608187 -0.00418266 -0.00393413  0.00858461 -0.00692072 -0.00113179  -0.0156657 1.00179       0       0 7855
             190.801  0.0372071 -0.0294293  0.0376383  0.00160677 0.000694826 0.000480749 0.000912123 0.000997611 -0.00278555 -0.00418335 -0.00395747  0.00858013 -0.00696862 -0.00110475  -0.0155417 0.997884        0        0 0
             190.901  0.049906 -0.101721 0.0359644  0.00162083 0.000340779 8.57786e-05 -0.000447045  -0.00243858  -0.00196292 -0.00418662 -0.00393473  0.00858173 -0.00696032 -0.00104213  -0.0155298 0.997885        0        0 8015
             190.901  0.0385328 -0.0328715   0.035891   0.0014746 0.000823868 0.000347383 -0.00194818  0.00241267 0.000373237 -0.00418224 -0.00395669  0.00858194 -0.00693256 -0.00110609  -0.0155603 0.997384        0        0 0
             191.002   0.0276269  -0.0685669 -0.00131777  0.000561229  0.000775312 -0.000142754  -0.0109041 0.000276139 -0.00319504 -0.00417205 -0.00394599  0.00859636 -0.00681693 -0.00108413  -0.0155058 0.997382        0        0 7854
             191.002  0.0392484 -0.0355218   0.050917   0.00118885 -5.80779e-05   0.00015065 -0.00306513  -0.0085856 0.000148841   -0.004177 -0.00395775  0.00857934  -0.00691955 -0.000966674   -0.0155508 1.00181       0       0 0
             191.101   0.006696 -0.0861551  0.0329546  0.000834708 -0.000922984 -0.000332211 -0.00368331 -0.00874826 -0.00526018 -0.00416264  -0.0039431  0.00858767  -0.00691232 -0.000971467   -0.0154984 1.00181       0       0 8077
             191.101   0.033158 -0.0304808  0.0498426    0.0014159 -1.76171e-05  0.000326293   0.00304434 -0.000251453   0.00183472 -0.00416982 -0.00396232  0.00858254 -0.00699696 -0.00108922  -0.0155945 1.00241       0       0 0
             191.201 -0.0259347 -0.0547226  0.0108683   0.00097674 -0.000358805 -8.56155e-05 -0.00551823  -0.0032136 -0.00693035 -0.00415135 -0.00395222  0.00859582 -0.00688135 -0.00104726  -0.0155083 1.00241       0       0 7950
             191.201  0.036637 -0.032186 0.0404111  0.00133525 0.000524917 0.000243866  -0.0015882  0.00490917 -0.00361012 -0.00417033 -0.00396009  0.00858658 -0.00693208 -0.00116427  -0.0155533 0.997493        0        0 0
             191.302  0.0116016 -0.0429845  0.0133911 -2.53542e-05  0.000612379 -0.000537228  -0.0144859 0.000822439 -0.00882936 -0.00415948  -0.0039549  0.00859827 -0.00674601   -0.001112  -0.0154641 0.99749       0       0 8147
             191.302   0.037689 -0.0282157  0.0416775  0.00142118 0.000434728 0.000518412  0.00256282 -0.00189451   0.0027752 -0.00416817 -0.00396242  0.00858914 -0.00697514 -0.00107832  -0.0156237 1.00221       0       0 0
             191.401  0.0161983 -0.0811841  0.0348918   0.00108828 -7.71606e-05   0.00072781 -0.00445306 -0.00471269  0.00259318 -0.00416177 -0.00394532  0.00859269  -0.0068898 -0.00103514  -0.0155862 1.00221       0       0 7982
             191.401  0.0383356 -0.0357984  0.0390591  0.00138068 0.000599338 8.46801e-05  -0.0011684  0.00244248 -0.00452857 -0.00416767 -0.00396016  0.00859164 -0.00693009 -0.00113374  -0.0154865 0.997679        0        0 0
             191.501 -0.0387528 -0.0563862 -0.0120466  0.000860951  0.000449365 -0.000373082  -0.00648612 -0.000147956  -0.00238645 -0.00414692 -0.00395257  0.00860652 -0.00686715 -0.00108586  -0.0154951 0.99768       0       0 8054
             191.501  0.0427363 -0.0353692   0.038815  0.00142762 0.000699259  7.6118e-05 0.000145989  0.00158837  0.00253051 -0.00417297 -0.00396035  0.00859015 -0.00695431 -0.00111902   -0.015562 1.00197       0       0 0
             191.602  0.0140291 -0.0414579  0.0351256  0.000771784  0.000607819 -0.000375317  -0.00770367 -0.000620017  -0.00534545 -0.00416639 -0.00395824  0.00859173 -0.00684293 -0.00109874  -0.0154852 1.00197       0       0 8046
             191.602  0.0363767 -0.0315205  0.0401848  0.00136017 0.000590963 0.000378115 -0.000749218  -0.00127156   0.00288192  -0.0041736 -0.00396247   0.0085901  -0.0069361 -0.00109219  -0.0155993 0.997516        0        0 0
             191.701 0.00924628 -0.0731585  0.0219743 0.000761022 0.000115944 0.000366323 -0.00695039 -0.00500334 -0.00274592 -0.00415814 -0.00394824   0.0085988 -0.00686026 -0.00104649  -0.0155583 0.997515        0        0 7979
             191.701  0.0373993 -0.0355315  0.0410002  0.00141041 0.000447062   0.0001215 0.000677121 -0.00200689  -0.0054012 -0.00416665 -0.00396149  0.00859283 -0.00695946 -0.00109019    -0.01552 1.00232       0       0 0
             191.801  0.0474575 -0.0557011  0.0340579  0.000774176  0.000286535 -0.000442774 -0.00736302 -0.00206591 -0.00795256 -0.00416546   -0.003954  0.00859701 -0.00685156 -0.00108942  -0.0154945 1.00232       0       0 8005
             191.801  0.0387135 -0.0281905  0.0424389  0.00159714 0.000431446 0.000560233  0.00238073 -0.00105223  0.00306856 -0.00416247 -0.00396468  0.00859435  -0.0069794 -0.00110223  -0.0156452 0.997582        0        0 0
             191.902  0.0146561 -0.0997676  0.0282839  0.00143171 0.000235856   0.0011305 -0.00218038 -0.00186234  0.00570884 -0.00416089 -0.00394135  0.00859901 -0.00692102 -0.00108658   -0.015661 0.997582        0        0 7947
             191.902  0.0379511 -0.0252393  0.0417654  0.00143665 0.000459489 0.000712669 -0.00188972 0.000495662  0.00126599 -0.00416802 -0.00396505  0.00859479 -0.00691764 -0.00112132  -0.0155974 0.997895        0        0 0
             192.001  -0.0307604 -0.00554324   0.0326054  0.000406543 -2.53419e-05  0.000405698   -0.0116833  -0.00258362 -0.000671197 -0.00414315 -0.00397195  0.00859959 -0.00679182 -0.00105248  -0.0155452 0.997895        0        0 8041
             192.001  0.0359492 -0.0384221  0.0466677   0.00125136  0.000244858 -3.88999e-05  -0.00230737 -0.000405342  -0.00468679 -0.00416415 -0.00396274  0.00859517 -0.00692199   -0.001089  -0.0154897 0.997508        0        0 0
             192.101 0.00965114 -0.0672246  0.0213757 0.000870245 4.86918e-05 -0.00092649  -0.00499661 -0.000882392  -0.00759519 -0.00415394  -0.0039534  0.00860372 -0.00689682 -0.00107427  -0.0154567 0.997507        0        0 7992
             192.101  0.0328542 -0.0233445  0.0413569  0.00139554 0.000639995 0.000753416 0.00120479 0.00474056  0.0108176 -0.00416061 -0.00396905  0.00859747 -0.00697533 -0.00115317  -0.0157103 1.00186       0       0 0
             192.202  0.0122336 -0.0322483  0.0435068 0.000980299 0.000448814  0.00131556 -0.00482688 -0.00252004  0.00519429 -0.00415591  -0.0039648  0.00859625 -0.00688644   -0.001073  -0.0156587 1.00186       0       0 8266
             192.202  0.0374749 -0.0395325  0.0458271   0.00123766  0.000327636 -7.06064e-05 -0.00187775 -0.00379874  -0.0098779 -0.00416415 -0.00396238  0.00859546 -0.00692868 -0.00105832  -0.0154489 0.997548        0        0 0
             192.301   -0.052764  -0.0636564 -0.00370041   0.00047872 -0.000679326  -0.00160816 -0.00759056  -0.0103537  -0.0177081 -0.00413578  -0.0039539  0.00861256  -0.00685127 -0.000969356    -0.015369 0.997548        0        0 8048
             192.301 0.0305468 -0.023734 0.0427189   0.0011823 0.000513268 0.000659238 0.000356062  0.00105917  0.00692165 -0.00416057 -0.00396895  0.00859812 -0.00695224 -0.00113283  -0.0157077 0.997624        0        0 0
             192.401  -0.0652953  -0.0207265 -0.00601467  0.000100522 -0.000165612  0.000862493  -0.0120763 -0.00611648 -0.00030837 -0.00413508 -0.00396692  0.00861391 -0.00678249 -0.00102166  -0.0156126 0.997624        0        0 8242
             192.401  0.0336847 -0.0377981  0.0428461  0.00121432 0.000525831 1.35991e-05  0.000373735 -0.000210085  -0.00957207   -0.004166 -0.00396298  0.00859838  -0.0069536 -0.00111253  -0.0154837 0.997669        0        0 0
             192.502  -0.0487114  -0.0483372 -0.00757573  0.000612482 -0.000275436  -0.00131959 -0.00679069 -0.00770589  -0.0138221 -0.00413712 -0.00395912  0.00861634   -0.0068633 -0.000999531   -0.0154063 0.997667        0        0 8217
             192.502   0.030166 -0.0246844  0.0418005  0.00123871 0.000651229 0.000735905 0.000333641  0.00113555  0.00865857 -0.00416115 -0.00396837  0.00860079  -0.0069559 -0.00112891  -0.0157182 0.99812       0       0 0
             192.601 -0.0394859 -0.0376109  0.0148089 0.000235503 -0.00026169 0.000745954  -0.0118254 -0.00762264  0.00108601  -0.0041398 -0.00396312  0.00860992  -0.00679519 -0.000991255   -0.0155915 0.998114        0        0 8247
             192.601  0.0328094 -0.0382989  0.0436621  0.00113622 0.000512281 1.71373e-05  -0.00189469 -8.81033e-05  -0.00696089 -0.00416177 -0.00396405  0.00860097 -0.00693004 -0.00110081  -0.0154794 1.0018      0      0 0
             192.701  -0.123014  0.0366485 -0.0280957 -0.000193347  -0.00112183  -0.00184027 -0.0146331 -0.0141616  -0.017435 -0.00411118 -0.00398741  0.00862505 -0.00675499  -0.0008909  -0.0153345 1.0018      0      0 8171
             192.701  0.0313502 -0.0396225  0.0321039   0.00156483   0.00110415 -1.58921e-05 0.00463058 0.00654774 0.00210051 -0.00415793 -0.00396622  0.00860635 -0.00702208 -0.00118762  -0.0156051 0.997755        0        0 0
             192.802  -0.0243508  -0.0553592 -0.00546026   0.00118338  0.000730983 -0.000319392 -0.00363569 -0.00343887 -0.00259312 -0.00413958 -0.00396094  0.00861958 -0.00690133 -0.00106195  -0.0155652 0.997762        0        0 8204
             192.802  0.0336265 -0.0264665  0.0404828  0.00118267 0.000684263 0.000558876 -0.00332403 -0.00462226  0.00568142 -0.00415827  -0.0039705  0.00860483 -0.00690135  -0.0010529  -0.0156796 0.998189        0        0 0
             192.901 -0.0866242 -0.0462339 -0.0281936  0.000196488 -0.000583286  0.000562202   -0.0101642   -0.0134853 -0.000747777 -0.00411708 -0.00396105  0.00862829  -0.00680484 -0.000931953   -0.0155778 0.998187        0        0 8174
             192.901   0.033709 -0.0404429  0.0448567   0.00129454  0.000440845 -0.000158473  0.00209551 -0.00359033 -0.00877813  -0.0041542 -0.00396451  0.00860513 -0.00697004 -0.00107932  -0.0154656 0.997748        0        0 0
             193.001 -0.0270148 -0.0724226 0.00714343  0.000719234 -0.000249213  -0.00127149 -0.00681931 -0.00637181   -0.012439 -0.00412942 -0.00395435  0.00862018 -0.00685059 -0.00102635  -0.0154172 0.997744        0        0 8023
             193.001  0.0307295 -0.0250603  0.0393468  0.00109312 0.000722804 0.000751112 -0.00258257   0.0031294  0.00961882 -0.00414678 -0.00397079  0.00861007 -0.00690136 -0.00116183  -0.0157222 0.997783        0        0 0
             193.102  -0.0302716  -0.0499848 -0.00732696   0.0008045 0.000714904  0.00145826 -0.00275703 0.000818326   0.0079477 -0.00412022 -0.00396455  0.00862836 -0.00690275 -0.00111561  -0.0156701 0.997783        0        0 8072
             193.102  0.0355587 -0.0390637  0.0445418   0.00119605  0.000390412 -0.000124848  0.00192005 -0.00270409 -0.00875342 -0.00414185 -0.00396817  0.00861153 -0.00696721 -0.00107582   -0.015436 0.99797       0       0 0
             193.201  -0.013358 -0.0803686  0.0286597   0.00070808 -0.000137469   -0.0012962 -0.00633412 -0.00451218  -0.0110681 -0.00412854 -0.00395495   0.0086176 -0.00686023 -0.00105056  -0.0154071 0.997968        0        0 7995
             193.201 0.0332673 -0.017688 0.0380178  0.00128771 0.000802591  0.00103677 0.000443663  0.00467894     0.01457 -0.00414225 -0.00397682  0.00861491 -0.00694321 -0.00117993  -0.0157599 0.997407        0        0 0
             193.301  -0.0636233  0.00355606 -0.00830773 0.000584508 0.000471438  0.00192355 -0.00788849 -0.00280316  0.00856685 -0.00411669 -0.00398195   0.0086287 -0.00682444 -0.00107983  -0.0156923 0.997406        0        0 8057
             193.301  0.0390939 -0.0421397  0.0424396  0.00128895  0.00046159 -0.00029149 5.93934e-06 -0.00346602  -0.0156562 -0.00414979 -0.00396751  0.00861234 -0.00693886 -0.00108279  -0.0153558 0.997218        0        0 0
             193.402  0.0311781 -0.0733566  0.0555187  0.000711053 -0.000310935  -0.00214804 -0.00633264 -0.00782911  -0.0194463 -0.00414177 -0.00395732  0.00861036 -0.00685209 -0.00102208  -0.0153194 0.997219        0        0 8117
             193.402  0.0336678 -0.0116448  0.0438992  0.00127174 0.000504754  0.00148813    0.0003513 -0.000676893    0.0200032 -0.00414164 -0.00397927  0.00861432 -0.00693283 -0.00111888  -0.0158664 0.997482        0        0 0
             193.501 -0.0204626  -0.053373  0.0263465  0.000586844 -5.22582e-05   0.00369429 -0.00799022 -0.00536662   0.0215819 -0.00413255 -0.00396418    0.008619 -0.00682952 -0.00104729  -0.0158937 0.997484        0        0 8072
             193.501 0.0335333 -0.028697 0.0467856   0.0011933 0.000217028 0.000529963 -0.00103816 -0.00249837   -0.012106 -0.00414949 -0.00397201  0.00861252 -0.00692462 -0.00109218   -0.015425 1.00173       0       0 0
             193.601 -0.035366 -0.027201 0.0140632  0.000480077 -0.000535995  -0.00137694 -0.00800535 -0.00605696  -0.0185669 -0.00412479 -0.00397304  0.00862586 -0.00682869 -0.00102713  -0.0153297 1.00173       0       0 8108
             193.601  0.0320911 -0.0245367  0.0394807  0.00139577  0.00065335 0.000735618  0.00269154  0.00380028 0.000303137 -0.00414515 -0.00397579    0.008618 -0.00697061 -0.00116772  -0.0155902 0.997556        0        0 0
             193.702  0.0257189 -0.0702796   0.048693  0.00147327 0.000664721  0.00113219 6.70199e-05 0.000599571  0.00424831 -0.00413556 -0.00396372  0.00861956 -0.00694547 -0.00112122  -0.0156471 0.997557        0        0 8195
             193.702    0.03372 -0.0271655  0.0407259  0.00133714 0.000592398 0.000583705  -0.00131814 -5.27086e-05  -0.00170916 -0.00413818 -0.00397713  0.00862212 -0.00692243 -0.00111295   -0.015563 0.997682        0        0 0
             193.801  -0.0388671 -0.00970359  0.00425183  0.000231917 -0.000179651 -0.000125003  -0.0123751 -0.00631802 -0.00687353 -0.00411245 -0.00398141  0.00863467 -0.00676724 -0.00101779  -0.0154908 0.99768       0       0 8056
             193.801  0.0324215 -0.0343063  0.0363695  0.00130878  0.00081716 0.000188406 -0.000332491   0.00284047  -0.00379045 -0.00413395 -0.00397556  0.00862466 -0.00693234 -0.00114957   -0.015533 0.997557        0        0 0
             193.901 -0.0107035 -0.0352136  0.0205006  0.000683955  0.000184092 -0.000109539  -0.0068569 -0.00647314 -0.00251311 -0.00412885 -0.00397356  0.00862647 -0.00684403 -0.00103183  -0.0155524 0.997557        0        0 8009
             193.901  0.0348777 -0.0334967  0.0386256  0.00126228 0.000715692 0.000251385 -0.000347538  -0.00169467   0.00127814 -0.00414289 -0.00397513  0.00862077  -0.0069321 -0.00110171  -0.0156044 0.997375        0        0 0
             194.002 0.00579629 -0.0403641  0.0106873 0.000392656 0.000154844 0.000133562 -0.00938204 -0.00602213 -0.00133338 -0.00413265 -0.00397239  0.00863103 -0.00680362 -0.00104695  -0.0155757 0.997374        0        0 8070
             194.002  0.0343227 -0.0298183  0.0421097  0.00121886 0.000522162 0.000368879 0.000160485 -0.00286241  0.00114233 -0.00414137 -0.00397701  0.00862106 -0.00693255 -0.00109361  -0.0156091 1.00182       0       0 0
             194.101 0.00399168 -0.0991836  0.0196245  0.000996523 -0.000169169  0.000445829 -0.00321931 -0.00677361 0.000342005 -0.0041231 -0.0039552 0.00863305 -0.00690467 -0.00102913   -0.015609 1.00182       0       0 7951
             194.101  0.0339785 -0.0291675  0.0403041  0.00126671 0.000606726 0.000441298 -4.02881e-05  0.000840439  0.000271347 -0.00413172 -0.00397818  0.00862662 -0.00694059 -0.00113589  -0.0156059 1.00197       0       0 0
             194.201 0.00197126 -0.0224745  0.0264559  0.000284297 -8.20854e-05  0.000131704  -0.0112723 -0.00543108  -0.0031572 -0.00411613 -0.00398096  0.00863352 -0.00678562 -0.00103197  -0.0155636 1.00197       0       0 8014
             194.201  0.0368759 -0.0376042  0.0450804  0.00146867 0.000358122  3.4321e-05  0.00231957 -0.00162626 -0.00423724  -0.0041269 -0.00397767  0.00862763 -0.00697282 -0.00108757  -0.0155476 1.00247       0       0 0
             194.302  0.0209956 -0.0553605  0.0512371   0.00097117  -0.00035856 -0.000417786  -0.0062686 -0.00629691  -0.0046818 -0.00411873 -0.00397216  0.00862849 -0.00685971 -0.00102269   -0.015544 1.00247       0       0 8000
             194.302  0.0344792 -0.0280316  0.0411782  0.00122685 0.000555156 0.000561382 -0.00346511  0.00247903  0.00588096 -0.00412199 -0.00398159    0.008632 -0.00689444 -0.00114348  -0.0156907 0.997853        0        0 0
             194.401  -0.010817 -0.0567354  0.0334545 0.000591806 0.000352937  0.00117407  -0.00700854 -0.000926126   0.00507149 -0.00411253 -0.00397197  0.00863147 -0.00685718 -0.00108096  -0.0156895 0.997854        0        0 8078
             194.401   0.035886 -0.0374071  0.0384089   0.00134586  0.000730413 -3.04075e-05   0.0016897  0.00253643 -0.00809934 -0.00412705 -0.00397896  0.00863001 -0.00697448 -0.00113274  -0.0155051 0.997566        0        0 0
             194.501  -0.0437906  -0.0425921 -0.00588931  0.00082496 9.31777e-05 -0.00109721 -0.00632978 -0.00614857  -0.0107758 -0.00411554  -0.0039735  0.00864054 -0.00687735  -0.0010081  -0.0154705 0.997566        0        0 7979
             194.501  0.0334006 -0.0270693  0.0387918  0.00135775  0.00074183 0.000634662 -0.000225999 -0.000504142    0.0080508 -0.00413975 -0.00397993  0.00862625 -0.00695713 -0.00109381  -0.0157317 0.997202        0        0 0
             194.602 -0.0202839 -0.0406611  0.0128802 0.000717389 4.73269e-05  0.00114074 -0.00747157 -0.00610518  0.00618151 -0.00412079 -0.00397649   0.0086361 -0.00686552  -0.0010038  -0.0156942 0.997201        0        0 8181
             194.602  0.0362185 -0.0383775  0.0400169   0.00125781  0.000644622 -3.33443e-05 -0.00158164 -0.00051789 -0.00661389 -0.00413822 -0.00397755  0.00862756 -0.00694692 -0.00108646  -0.0155148 0.997299        0        0 0
             194.701 0.00365676 -0.0274001  0.0171096  3.08403e-05 -0.000187087  -0.00121907  -0.0139992 -0.00719919   -0.011467 -0.00412485 -0.00398041   0.0086375  -0.00677719 -0.000985565   -0.0154499 0.997298        0        0 7976
             194.701  0.0329269 -0.0213371   0.036665  0.00119849  0.00085823 0.000900213 -0.000655824   0.00246127    0.0115783 -0.00413304 -0.00398488  0.00863149 -0.00695554 -0.00111995  -0.0157687 1.00195       0       0 0
             194.801  0.00798112 -0.00929921   0.0369456  0.00051501 0.000307305  0.00148859 -0.00697699 -0.00505163  0.00495679 -0.00412764 -0.00398903  0.00863233 -0.00685851 -0.00102046  -0.0156943 1.00195       0       0 7987
             194.801  0.0350595 -0.0365865  0.0485109    0.0013051  0.000148465 -4.49258e-05  0.00212915 -0.00696276  -0.0117945  -0.0041366 -0.00398092  0.00862854  -0.00698696 -0.000997464   -0.0154607 1.00232       0       0 0
             194.902 -0.0173747 -0.0355036  0.0353209  0.000535951 -0.000934192  -0.00194418 -0.00926446  -0.0103393  -0.0210776 -0.00412321 -0.00397912  0.00863238  -0.00683578 -0.000954538   -0.0153465 1.00232       0       0 7935
             194.902  0.0309145 -0.0221222  0.0438754  0.00130842 0.000424528 0.000836337 -0.000571114   0.00207666   0.00908901 -0.00413714 -0.00398542  0.00863002 -0.00695036 -0.00112867  -0.0157665 1.00237       0       0 0
             195.002 0.0132952 -0.112932 0.0265704  0.00132174 0.000142996  0.00205038 0.000178368 -0.00294581   0.0109572 -0.00413331 -0.00395636  0.00863618 -0.00696708 -0.00106077  -0.0158031 1.00238       0       0 8019
             195.002  0.0388907 -0.0316863  0.0353702  0.00144918 0.000917633 0.000422317 0.00160755 0.00471596  -0.006835 -0.00414056 -0.00398216  0.00863359 -0.00697977 -0.00116753  -0.0155535 0.997396        0        0 0
             195.101 0.0359863 0.0067009 0.0555461 0.000337437 0.000472404 -0.00102944  -0.0123533 -0.00366669  -0.0129879 -0.00413467 -0.00399345  0.00862944 -0.00678576 -0.00104996  -0.0154446 0.99739       0       0 8006
             195.101  0.0311037 -0.0215126  0.0348195  0.00111162 0.000963718 0.000922673 -0.00337399 0.000365227  0.00476305 -0.00413263 -0.00398571  0.00863628 -0.00690877 -0.00110341  -0.0156921 0.997661        0        0 0
             195.202 0.00988938 -0.0781022  0.0169731 0.000462253 0.000202924  0.00125617 -0.00744412 -0.00707936  0.00488834 -0.00412328  -0.0039684  0.00864472   -0.0068643 -0.000993046   -0.0156846 0.997663        0        0 8077
             195.202 0.0364974  -0.03205 0.0525881  0.00112508 -8.8567e-05 0.000208625 0.000465544  -0.0103004 -0.00606224 -0.00413216 -0.00398373   0.0086332 -0.00696852  -0.0009526  -0.0155293 1.00136       0       0 0
             195.302 -0.0295226 -0.0303865  0.0462983  0.000445844  -0.00132786 -0.000816348 -0.0081382 -0.0109563 -0.0093405 -0.00411187 -0.00398407  0.00863528  -0.00684636 -0.000935024   -0.0154945 1.00136       0       0 8132
             195.302  0.0344729 -0.0241325  0.0427193  0.00121577 0.000476101 0.000720378 0.000229005  0.00535553  0.00471607 -0.00413045 -0.00398754  0.00863692 -0.00695748  -0.0011627  -0.0156889 0.997395        0        0 0
             195.401 -0.0213956 -0.0176145  0.0276804 4.01796e-05 0.000344967 0.000263481   -0.0131978 -0.000609725  -0.00621803 -0.00411552 -0.00398795  0.00864155 -0.00677077 -0.00108379  -0.0155633 0.997394        0        0 8018
             195.401  0.0317763 -0.0325108  0.0376933  0.00141525 0.000796013 0.000318188  0.00266434   0.0030333 -0.00564081 -0.00413228 -0.00398515  0.00863842 -0.00698898 -0.00113889  -0.0155704 1.00192       0       0 0
             195.502 -0.0232134 -0.0627171  0.0118881  0.000767266  0.000428387 -0.000240715 -0.00788311 -0.00347006 -0.00751058 -0.00411619 -0.00397373  0.00864704 -0.00684898 -0.00104538  -0.0155634 1.00192       0       0 8269
             195.502  0.0361562 -0.0352639  0.0473926  0.00131091 0.000297736 9.16157e-05 -0.00131674  -0.0054351 -0.00387561 -0.00413556 -0.00398337  0.00863552 -0.00693568  -0.0010256   -0.015613 0.997652        0        0 0
             195.602 -0.0252259 -0.0319012  0.0401941  0.000781794 -0.000490372 -0.000412341  -0.0057816 -0.00819327 -0.00613713 -0.00412723 -0.00398182  0.00863561  -0.00687525 -0.000991635   -0.0155732 0.997652        0        0 7997
             195.602  0.0344166 -0.0294526  0.0403733  0.00129242  0.00065243 0.000443607 -0.00026266  0.00239672  0.00297418 -0.00414524 -0.00398344  0.00863584 -0.00694953   -0.001142  -0.0156998 0.997488        0        0 0
             195.701 -0.00689868  -0.0406265   0.0101405 0.000656087 0.000368855 0.000756992 -0.00673304 -0.00248859  0.00371436 -0.00412973 -0.00398063   0.0086479  -0.0068592 -0.00106524   -0.015696 0.997488        0        0 8131
             195.701  0.0357117 -0.0347252  0.0421865  0.00118762 0.000535867 0.000169618  -0.0005775 -0.00118774 -0.00270785 -0.00414334 -0.00398313  0.00863756 -0.00694308 -0.00108815  -0.0156057 0.997718        0        0 0
             195.802 -0.0624012 -0.0218858 -0.0233034 -0.000185044 -0.000558316 -0.000690612  -0.0167227 -0.00869683 -0.00716155 -0.00411558 -0.00398627  0.00865801  -0.00674802 -0.000959677   -0.0155341 0.99772       0       0 7911
             195.802  0.0317088 -0.0345209    0.04302  0.00133161 0.000541028 0.000138061 0.000489424 0.000807167  0.00169511 -0.00414465 -0.00398438  0.00863698 -0.00698352 -0.00110041  -0.0156564 0.997906        0        0 0
             195.902  -0.0698816 -0.00669935  -0.0021761  0.000697667  -0.00042203 -0.000648117 -0.00683247 -0.00894746 -0.00829761 -0.00411576 -0.00399159   0.0086505  -0.00686593 -0.000963675   -0.0155437 0.997902        0        0 8058
             195.902  0.0316618 -0.0356657  0.0334187  0.00143024  0.00114813 0.000219248 0.000576278  0.00632575  0.00059672 -0.00414662 -0.00398338  0.00863947 -0.00696888 -0.00118223  -0.0156673 1.00223       0       0 0
             196.001 -0.0746358 -0.0322295  -0.048739  0.000514908  0.000515282 -0.000375204 -0.00918969 -0.00637199 -0.00817075 -0.00411277  -0.0039862  0.00866888 -0.00682889 -0.00102442  -0.0155739 1.00223       0       0 7911
             196.001   0.027479 -0.0271785  0.0327658  0.00142037  0.00109013 0.000566656  0.00104028 -0.00186683  0.00176115 -0.00414524 -0.00398914  0.00864263 -0.00696694 -0.00109823  -0.0157113 1.00264       0       0 0
             196.102  -0.0727747  -0.0665775 -0.00225905  0.000868852 -0.000338073  0.000649711 -0.00614552  -0.0132802 -0.00162918 -0.00412135 -0.00397418  0.00865334  -0.00687942 -0.000918679   -0.0156788 1.00265       0       0 8044
             196.102  0.0298953 -0.0372025  0.0418568  0.00116738 0.000656277 3.94358e-05 -0.00315475 -0.00403082  -0.0083309 -0.00415355  -0.0039838  0.00863931 -0.00691798 -0.00105715  -0.0155836 1.00187       0       0 0
             196.202  -0.0747419  -0.0344738 0.000278509  0.000434658 -0.000890039  -0.00119417 -0.00781501  -0.0142453  -0.0123282 -0.00412142  -0.0039837   0.0086537   -0.0068635 -0.000894882   -0.0154882 1.00187       0       0 7974
             196.202 0.0280212  -0.02554 0.0387116  0.00126296 0.000846181 0.000727404 0.00130924 0.00228741 0.00848814 -0.00415249 -0.00398819  0.00864181  -0.0069852 -0.00113168  -0.0157774 1.00221       0       0 0
             196.301 -0.0888964 -0.0110924 -0.0178209  0.000373169 -8.29272e-05  0.000381399   -0.009698 -0.00827563 -0.00191081 -0.00411778 -0.00399278  0.00866078  -0.00682909 -0.000970648   -0.0156056 1.00221       0       0 8144
             196.301  0.030011 -0.041072 0.0428498   0.00117479  0.000665172 -0.000242371 -0.00108185 -0.00135083 -0.00885513 -0.00415539 -0.00398389  0.00864134 -0.00695031  -0.0010787  -0.0155088 1.00197       0       0 0
             196.402  -0.146387 -0.0644037 -0.0567967   0.00106752 -0.000991407  -0.00196939 -0.00165445  -0.0155507  -0.0158596 -0.00410397 -0.00397633  0.00867141  -0.00695308 -0.000867932    -0.015419 1.00197       0       0 8023
             196.402  0.0319831 -0.0334402  0.0350508  0.00127248 0.000974315 0.000259762 -0.00014933   0.0036467  0.00760209 -0.00415918 -0.00398713   0.0086424 -0.00696815 -0.00115166  -0.0157472 0.997558        0        0 0
             196.502 -0.0790452 -0.0550641 0.00678915  0.000387598 -0.000628901 -0.000567611 -0.00772532  -0.0116959 -0.00750425 -0.00412547  -0.0039798  0.00865154 -0.00684585  -0.0009388  -0.0155756 0.997555        0        0 8093
             196.502  0.0319181 -0.0221438  0.0394748  0.00121106 0.000750151 0.000740761 0.000841488 -0.00146761  0.00394889 -0.00416004 -0.00399189  0.00864127 -0.00695698 -0.00108985  -0.0157333 0.997564        0        0 0
             196.601  -0.135367 -0.0222775 -0.0457391  0.000909302 -0.000335742  0.000493232 -0.00327947  -0.0106763 -0.00585141 -0.00411016 -0.00399026  0.00866891  -0.00692079 -0.000939357   -0.0156292 0.997563        0        0 7988
             196.601  0.0297443 -0.0386708  0.0311119   0.00136961   0.00123073 -3.58547e-05 0.00132838 0.00431294 -0.0118437 -0.00416207 -0.00398527  0.00864438 -0.00698594  -0.0011631  -0.0155453 1.00209       0       0 0
             196.702   -0.12263 -0.0220755 -0.0402836 0.000441386 1.35287e-06 -0.00140631 -0.00950068 -0.00976829  -0.0155153 -0.00412151 -0.00398765  0.00866476  -0.00682809 -0.000948338   -0.0154878 1.00208       0       0 8041
             196.702  0.0353388 -0.0311286  0.0308612  0.00137384  0.00129667 0.000468808 0.000532908 0.000869248   0.0047027 -0.00417111  -0.0039864  0.00864217  -0.0069651 -0.00111207  -0.0157711 1.0019      0      0 0
             196.802 -0.0979742 -0.0334929 -0.0414587  0.000740449 -3.19888e-05 -8.03347e-05 -0.00703213  -0.0106169 -0.00263826 -0.00412813 -0.00398524  0.00866749  -0.00687616 -0.000934948   -0.0156365 1.00191       0       0 8011
             196.802  0.0316986 -0.0369485  0.0361389  0.00144616 0.000949912 0.000155823  0.000412204  -0.00256091 -0.000883546 -0.00416883 -0.00398519  0.00864271 -0.00697746 -0.00105991  -0.0156603 1.00225       0       0 0
             196.901  -0.140689 -0.0333645 -0.0222002   0.00081835 -0.000762092  -0.00112304 -0.00658602  -0.0144604  -0.0112029 -0.00411509  -0.0039885  0.00866289  -0.00688516 -0.000866077   -0.0155046 1.00227       0       0 8001
             196.901  0.0255372 -0.0261216  0.0339355  0.00155264  0.00111823 0.000618029 0.00110377 0.00223772  0.0074103  -0.0041669 -0.00399228  0.00864516 -0.00698823 -0.00111216  -0.0157632 0.998066        0        0 0
             197.002   -0.119775 -0.00671444  -0.0424237   0.00128994 -0.000480405  0.000130119 -0.00341105  -0.0138701 -0.00294419  -0.0041196 -0.00399864  0.00867048  -0.00692798 -0.000876931   -0.0156395 0.998068        0        0 8110
             197.002  0.0325906 -0.0491483  0.0360585   0.00170192  0.000945365 -0.000518121  0.000225253 -0.000679458  -0.00913735 -0.00416724  -0.0039852  0.00864555 -0.00698338 -0.00107552  -0.0155533 0.997574        0        0 0
             197.102  -0.100661 -0.0778848 -0.0328036   0.00157595 -0.000419119  -0.00193714 -0.000319972   -0.0123837   -0.0154287 -0.00412388 -0.00397683  0.00866843   -0.0069717 -0.000910716   -0.0155001 0.99758       0       0 8026
             197.102  0.0288701 -0.0187387  0.0329139 0.00163875 0.00111711 0.00108125 3.43871e-05  0.00067729   0.0158149 -0.00416432 -0.00399685  0.00864745 -0.00696778 -0.00110381  -0.0159354 0.997786        0        0 0
             197.201 -0.0866958  0.0144699 -0.0117767  0.000259627 -0.000369436   0.00198768 -0.0141651 -0.0142613 0.00639565 -0.00413087 -0.00400558  0.00866224  -0.00677086 -0.000888284   -0.0158232 0.997792        0        0 8231
             197.201  0.0305632 -0.0455473  0.0426342   0.00143059   0.00056229 -0.000465152 -0.00171726 -0.00602962  -0.0201941 -0.00416795 -0.00398676  0.00864483 -0.00694963 -0.00101417  -0.0154517 1.00203       0       0 0
             197.302 -0.0930272 -0.0506551 -0.0529305    0.0010324 -0.000858748  -0.00263946 -0.00464623  -0.0134474  -0.0230977 -0.00412681  -0.0039853  0.00867752 -0.00692408 -0.00089903   -0.015403 1.00204       0       0 8089
             197.302 0.0313571 -0.035442 0.0349359   0.0013375  0.00089402 0.000105256 -0.00150128  0.00226035  0.00648303 -0.00416533 -0.00399124  0.00864962  -0.0069631 -0.00112937  -0.0158178 1.00231       0       0 0
             197.402 -0.0472889 -0.0124935  0.0179705 0.000228744 -0.00024036 9.39366e-05    -0.01084 -0.00663081   0.0029373 -0.00414197 -0.00399793  0.00865561  -0.00682685 -0.000968941   -0.0157277 1.00231       0       0 8209
             197.402  0.0319377 -0.0350086  0.0366454  0.00140404 0.000907762 0.000187301 0.000897718  0.00213943  0.00389149 -0.00416654 -0.00399215  0.00864981 -0.00698931 -0.00109717  -0.0157404 1.00245       0       0 0
             197.501  -0.129523 -0.0248167 -0.0672368   0.00114881 -0.000321114 -0.000296348 -0.00289934  -0.0111887 -0.00338985 -0.00412172 -0.00399625   0.0086808  -0.00695003 -0.000908025   -0.0156411 1.00246       0       0 8168
             197.501  0.0287542 -0.0425708  0.0331319   0.00162279    0.0010459 -0.000174723  0.00196639   0.0012943 -0.00225489 -0.00417168 -0.00399115  0.00864859 -0.00701849 -0.00109777  -0.0156569 0.998139        0        0 0
             197.602 -0.0714768 -0.0675303 -0.0309101  0.000833622 -0.000788706  -0.00100158  -0.0071031  -0.0138939 -0.00837927 -0.00414522 -0.00398228  0.00866779  -0.00688218 -0.000876415   -0.0155947 0.998138        0        0 8289
             197.602  0.0314904 -0.0301092  0.0389244  0.00161335 0.000797485  0.00043343 0.000727971 -0.00169381  0.00625805 -0.00417716  -0.0039954  0.00864556 -0.00698418  -0.0010554  -0.0157983 0.9978      0      0 0
             197.702  -0.122426 0.00326612 -0.0360596  0.000945262 -0.000981192  0.000290559 -0.00656244  -0.0151592 -0.00377243 -0.00412971 -0.00400534    0.008672  -0.00688717 -0.000858476   -0.0156936 0.997805        0        0 8114
             197.702   0.030084 -0.0448657  0.0366439   0.00147491  0.000869768 -0.000338809  -0.00204205 -9.66425e-05   -0.0107465 -0.00417735 -0.00399009  0.00864889 -0.00695479 -0.00108165  -0.0155968 0.997382        0        0 0
             197.801 -0.0908162  0.0050408 -0.0271721   0.00043846 -0.000312709  -0.00179751  -0.0101765 -0.00955588  -0.0160352 -0.00413681 -0.00400651  0.00867149  -0.00684263 -0.000917165   -0.0155209 0.997386        0        0 8179
             197.801  0.0329664 -0.0387009  0.0354498   0.00144431   0.00104521 -6.41814e-06 0.000207289  0.00151184  0.00229278 -0.00417569 -0.00399397  0.00865147 -0.00698765 -0.00108255  -0.0157775 0.997003        0        0 0
             197.902  -0.0494606  -0.0985667 -0.00862643   0.00107873 -6.59216e-05 -0.000314594 -0.00442055  -0.0097053 -0.00194502 -0.00414952 -0.00397419  0.00866717    -0.006943 -0.000915981   -0.0156968 0.997007        0        0 8098
             197.902  0.0309708 -0.0265741  0.0404459  0.00110596 0.000750268 0.000570486  -0.0042057 -0.00235864  0.00622536 -0.00417463 -0.00399762  0.00865153 -0.00693718 -0.00102634  -0.0158094 1.00147       0       0 0
             198.002 -0.0773508 -0.0510693 -0.0283298   -0.0001282 -0.000728055   0.00016926  -0.0133499  -0.0131318 -0.00312028 -0.00414001 -0.00399053  0.00867552  -0.00680979 -0.000862146   -0.0156624 1.00147       0       0 7934
             198.002  0.0285741 -0.0264329  0.0403905  0.00128334 0.000675359 0.000510041   0.00268276 -6.15643e-05  0.000489653 -0.00417271 -0.00400056  0.00865368 -0.00702535 -0.00105295  -0.0157106 0.997162        0        0 0
             198.101   -0.11092 -0.0350742 -0.0207308  0.000966717 -0.000656585 -0.000136947 -0.00332395  -0.0116915 -0.00582328 -0.00412787 -0.00399886  0.00867427  -0.00694031 -0.000892168   -0.0156326 0.997161        0        0 8032
             198.101  0.0278594 -0.0322296   0.038858  0.00114162 0.000825027 0.000261968 -0.00207722  0.00127196 -0.00157623 -0.00417166      -0.004  0.00865519 -0.00695682  -0.0010855  -0.0156918 1.00237       0       0 0
             198.202  -0.120413  -0.057133 -0.0444119  0.000214367 -0.000635902 -0.000796624 -0.00981464  -0.0132727  -0.0117113 -0.00413056 -0.00399033  0.00868042  -0.00685331 -0.000869627   -0.0155761 1.00237       0       0 7919
             198.202  0.0304704 -0.0285906  0.0346839 0.000978692   0.0010406 0.000442897 -0.0016319 0.00201607 0.00157213 -0.00417781 -0.00400061  0.00865521 -0.00696177 -0.00109734  -0.0157615 0.997517        0        0 0
             198.302  -0.160064  0.0144077 -0.0744575  0.000315634 -0.000389456 -0.000185052 -0.00597094    -0.01226 -0.00836388 -0.00411482 -0.00401299  0.00869182  -0.00689666 -0.000876377   -0.0156396 0.997518        0        0 7956
             198.302 0.0250003 -0.032961 0.0280468 0.00138807 0.00135516 0.00042102  0.00492687  0.00239526 -0.00188967 -0.00417316 -0.00399904    0.008659 -0.00705022 -0.00109848  -0.0157303 0.997641        0        0 0
             198.401  -0.140515  0.0215631 -0.0254163 0.000340092 -0.00116368 -0.00150636 -0.0101847 -0.0184807 -0.0168373 -0.00412546 -0.00401541  0.00867656  -0.00684876 -0.000789314   -0.0155139 0.997642        0        0 8018
             198.401  0.0288079 -0.0307747  0.0282003  0.00161544  0.00136127 0.000403785   0.00223456  0.000517634 -0.000866841 -0.00417827 -0.00400011  0.00865967 -0.00702166 -0.00106709  -0.0157373 1.00201       0       0 0
             198.502 -0.0816285 -0.0410768 -0.0268486   0.00141254 -6.69766e-05  -0.00031678 -0.00199773  -0.0123631 -0.00616866 -0.00414141 -0.00399661  0.00868033  -0.00696204 -0.000862531   -0.0156525 1.00201       0       0 8050
             198.502  0.0303082 -0.0297868  0.0364582  0.00123214 0.000989718 0.000408577 -0.00450012 -0.00260636 0.000398701 -0.00417647 -0.00400011  0.00866013 -0.00692565 -0.00100967  -0.0157445 1.00171       0       0 0
             198.602  -0.0949814  -0.0566404 -0.00118984  0.000436649 -0.000586007  3.84136e-05 -0.00824754   -0.013564 -0.00349306 -0.00413843 -0.00399265  0.00867279  -0.00688175 -0.000844032    -0.015693 1.00172       0       0 8043
             198.602  0.0294788 -0.0312396  0.0464233  0.00100646 0.000379301 0.000247293 -0.00204396 -0.00525054 -0.00135541 -0.00417763 -0.00400153  0.00865765  -0.00696363 -0.000971588   -0.0157216 1.0014      0      0 0
             198.701  -0.127681 -0.0184459 -0.0186811   0.00076391  -0.00117032 -0.000783252 -0.00176594  -0.0148933  -0.0104893 -0.00413291 -0.00400536  0.00867723  -0.00695175 -0.000838817    -0.015598 1.0014      0      0 8073
             198.701  0.0289226 -0.0275158  0.0364805  0.00127889 0.000979791 0.000667044 0.00341126 0.00518394 0.00500816 -0.00418187  -0.0040032  0.00865975 -0.00702256 -0.00113119  -0.0158149 1.00126       0       0 0
             198.802 -0.0993049  0.0135714 -0.0284107  0.000614854 -0.000381104 -0.000877124 -0.00779153   -0.011421  -0.0137788 -0.00414274   -0.004014  0.00868082  -0.00688245 -0.000888036   -0.0155696 1.00125       0       0 8148
             198.802   0.034012 -0.0400846   0.035117   0.00162247  0.000980972 -0.000176157  0.00282199 0.000471788 -0.00766851 -0.00418428 -0.00399804  0.00866074 -0.00703309 -0.00106644  -0.0156557 1.00208       0       0 0
             198.902 -0.0450625 -0.0276236  0.0300988    0.0012434 -0.000321176  -0.00233249 -0.00392836   -0.010217  -0.0199695 -0.00415748 -0.00400104  0.00866301  -0.00693195 -0.000896136   -0.0154904 1.00208       0       0 7994
             198.902  0.0317444 -0.0285965  0.0395435  0.00149991 0.000735277 0.000495864 -0.00121408 -0.00216553    0.004841 -0.00418146 -0.00400181  0.00866019 -0.00696497 -0.00101358   -0.015836 0.998012        0        0 0
             199.001  -0.112014  -0.033333 -0.0422465  0.000579959 -0.000645757  -0.00047606  -0.0104063  -0.0125574 -0.00816342 -0.00413548 -0.00400135  0.00868866  -0.00686065 -0.000852973   -0.0156534 0.998012        0        0 8093
             199.001  0.0260629 -0.0301238  0.0297755  0.00152953  0.00124947 0.000403685  0.000107084   0.00513073 -0.000260155 -0.00417827 -0.00400376   0.0086658 -0.00700338 -0.00111064  -0.0157626 1.00228       0       0 0
             199.101   -0.0249428   -0.0188094 -0.000384165  0.000684041  0.000640249 -0.000120449 -0.00894597 -0.00337466 -0.00562305 -0.00416215 -0.00400619  0.00867747  -0.00686486 -0.000965565   -0.0156964 1.00228       0       0 8015
             199.101  0.0282972 -0.0204142  0.0451067  0.00106317 0.000524161   0.0010294  -0.0044442 -0.00502606  0.00685113 -0.00417964 -0.00400624   0.0086626  -0.00692635 -0.000949738   -0.0158715 1.00234       0       0 0
             199.202 -0.076106 0.0175042 0.0133797  3.10214e-05 -0.000877403  0.000610038  -0.0106015  -0.0129442 -0.00418394 -0.00414456 -0.00401825  0.00867281  -0.00684047 -0.000842355   -0.0157301 1.00234       0       0 7997
             199.202  0.0318192 -0.0441854    0.04684    0.0012538  0.000348461 -0.000347301  0.00285233 -0.00141731   -0.013978 -0.00417859 -0.00399923  0.00866225 -0.00703386 -0.00101338  -0.0155924 0.997506        0        0 0
             199.301 -0.0777821 -0.0765011 -0.0377002   0.00136475 -0.000274855   -0.0022334  0.00136114 -0.00622364   -0.019045 -0.00414682 -0.00398838  0.00869033  -0.00700759 -0.000942746   -0.0155211 0.997508        0        0 7986
             199.301 0.0263468 -0.019976  0.036164 0.00145378 0.00091923 0.00097236 0.00259856 0.00411037   0.014787  -0.0041798 -0.00400762  0.00866647 -0.00701566  -0.0010973  -0.0159937 1.00221       0       0 0
             199.401  -0.038228 -0.0356029 -0.0248639  0.00116258 0.000399775  0.00188446 -0.00425487 -0.00377036  0.00922282 -0.00416331 -0.00400074  0.00868568  -0.00694115 -0.000973919   -0.0159188 1.00221       0       0 8066
             199.401  0.0325907 -0.0397958  0.0407483   0.00146237  0.000690519 -0.000153238 -0.00126821 -0.00112676  -0.0121078 -0.00418609 -0.00399921  0.00866439 -0.00698479 -0.00101963  -0.0156186 0.997118        0        0 0
             199.502 -0.0776449  0.0155516 -0.0187572 0.000800465 -0.00024128  -0.0028626 -0.00662774 -0.00764559  -0.0276672 -0.00415013  -0.0040184  0.00868559 -0.00689736 -0.00090078  -0.0153995 0.997115        0        0 8111
             199.502  0.0354169 -0.0434081  0.0298676   0.00191019   0.00128618 -0.000157028 0.00546752 0.00619849 0.00141671 -0.00418553 -0.00400104  0.00867014 -0.00706825 -0.00110448  -0.0158102 0.996543        0        0 0
             199.601 -0.0437818 -0.0457394 -0.0190321   0.00159763  0.000600945 -0.000678598 -0.00366088 -0.00535651 -0.00453052 -0.00415223 -0.00400076  0.00868901 -0.00695232 -0.00094407  -0.0157368 0.996549        0        0 8098
             199.601 0.0297835 -0.029847 0.0378543  0.00116896 0.000852036 0.000514398 -0.00846554  -0.0034694  0.00661746  -0.0041759 -0.00400571  0.00867059 -0.00688324 -0.00097917  -0.0158931 0.997024        0        0 0
             199.701 -0.0971151  -0.014526 -0.0426114 -0.000375206  -0.00080795  0.000162691   -0.015692  -0.0149511 -0.00426898 -0.00413891 -0.00401056  0.00869517  -0.00677559 -0.000800097   -0.0157455 0.997022        0        0 7967
             199.701 0.0271519 -0.033746 0.0326131  0.00109828  0.00106574 0.000177994  0.00044183  0.00257078 -0.00427451 -0.00417785 -0.00400566  0.00867107 -0.00699987 -0.00105555  -0.0157443 1.00181       0       0 0
             199.802 -0.0546866 -0.0299383 -0.0103621  0.000465612  0.000102786 -0.000770336 -0.00662065 -0.00866319  -0.0109733 -0.00415027 -0.00400646  0.00868589  -0.00690797 -0.000896698   -0.0156608 1.00181       0       0 8203
             199.802 0.0296163 -0.026298 0.0443945  0.00114558 0.000472921  0.00061418 0.000950314 -0.00615078  0.00403136 -0.00417728 -0.00400864  0.00866824  -0.00701077 -0.000941474   -0.0158716 0.997618        0        0 0
             199.901 -0.100263 0.0324679 -0.014991 -2.99351e-05  -0.00109502  8.13837e-05  -0.0129172  -0.0153962 -0.00689518 -0.00413056  -0.0040272  0.00869058  -0.00681404 -0.000811295   -0.0157188 0.997614        0        0 7944
             199.901  0.0332267 -0.0294369  0.0352891  0.00157743 0.000986277 0.000489137  0.00434352  0.00521758 -0.00269005 -0.00417181 -0.00400898  0.00867473  -0.0070568 -0.00110862  -0.0157775 1.00213       0       0 0
             200.001  -0.0913533  -0.0372955 -0.00431535   0.00151806  0.000244912 -0.000214608 -0.00120301 -0.00404953 -0.00542393 -0.00414854 -0.00400339  0.00868135  -0.00698592 -0.000940714   -0.0157271 1.00213       0       0 8045
             200.001  0.0294436 -0.0334174  0.0387302  0.00151987 0.000744446 0.000285036  -0.00143119 -0.000374741  -0.00113737 -0.00418746 -0.00400471  0.00866744 -0.00698164 -0.00100501   -0.015787 0.997217        0        0 0
             200.102  -0.147914  0.0411672 -0.0556266 0.000295146 -0.00107095 -0.00136797 -0.0124835 -0.0163685 -0.0160053  -0.0041299 -0.00402892  0.00869787  -0.00681641 -0.000774595    -0.015567 0.997221        0        0 8012
             200.102  0.0307614 -0.0343534  0.0361519  0.00139997 0.000900015 0.000438433 -0.000754649   0.00111843   0.00326625 -0.00418669  -0.0040055  0.00866837 -0.00698555 -0.00103691  -0.0158401 1.00164       0       0 0
             200.201 -0.0933189 -0.0495596 -0.0425781  0.000583866 -0.000256087 -0.000450264 -0.00841238  -0.0085166  -0.0066298 -0.00414542 -0.00400141   0.0086969  -0.00688788 -0.000892174   -0.0157142 1.00164       0       0 8097
             200.201  0.0274351 -0.0287061  0.0377006  0.00117867 0.000919223 0.000373712 -0.00241843 0.000806286 0.000143286  -0.0041837 -0.00400875   0.0086711 -0.00696675 -0.00103456  -0.0158081 0.997135        0        0 0
             200.301 -0.0867994  0.0119562 0.00333316 -0.000613473 -0.000257633 -8.38479e-05  -0.0192369 -0.00968036 -0.00623702 -0.00414831 -0.00401939  0.00868234  -0.00672201 -0.000870807   -0.0157461 0.997144        0        0 8020
             200.301  0.0273866 -0.0298079  0.0395972   0.0011634 0.000730967   0.0005933 5.07615e-05 -0.00163628 0.000989411 -0.00418482 -0.00400756  0.00867071  -0.00699115 -0.000993807   -0.0158469 1.00172       0       0 0
             200.402  -0.0947142  -0.0259985 -0.00227107  0.000588182 -0.000337221  0.000226829 -0.00514567  -0.0115308 -0.00476433 -0.00414459  -0.0040097  0.00868646  -0.00692139 -0.000859173   -0.0157739 1.00172       0       0 8126
             200.402  0.0288612 -0.0349379  0.0384432  0.00151825 0.000815652 0.000142711   0.00502252 -0.000282968  -0.00577182 -0.00418352  -0.0040077  0.00867355 -0.00706318  -0.0010285   -0.015759 1.00198       0       0 0
             200.501 -0.0468671 -0.0388368 0.00874792   0.00093416 -0.000191818 -0.000818203 -0.00685748  -0.0103841  -0.0107222 -0.00415227 -0.00400425  0.00868726  -0.00688715 -0.000889775   -0.0156827 1.00197       0       0 8153
             200.501  0.0306628 -0.0311201  0.0458376  0.00120415  0.00046049 0.000389942 -0.00390152  -0.0041243   0.0025248 -0.00417687 -0.00400738  0.00867531  -0.00692598 -0.000984653    -0.015868 0.997635        0        0 0
             200.601 -0.0929375 -0.0418691 -0.0193404  0.000561427 -0.000363209  0.000179492  -0.00786932  -0.00605776 -0.000771499 -0.00413597 -0.00400488  0.00869689  -0.00689715 -0.000927312   -0.0158096 0.997637        0        0 8004
             200.601 0.0297107 -0.036694 0.0378808  0.00133563 0.000865035 4.19403e-05 0.000563758  0.00479792 -0.00241405 -0.00417513 -0.00400717  0.00867847 -0.00701313 -0.00109098  -0.0157855 1.00205       0       0 0
             200.702  -0.0727896   0.0266373 -0.00113864 0.000320228 5.14821e-05 -0.00126274  -0.0104747 -0.00705632   -0.014097 -0.00413529 -0.00402863  0.00869422  -0.00683092 -0.000916134   -0.0156534 1.00204       0       0 8302
             200.702  0.0304985 -0.0397788  0.0423096   0.00100394  0.000605316 -0.000115981 -0.00303238 -0.00252709 -0.00173447  -0.0041684 -0.00400795  0.00868024 -0.00693968 -0.00099058  -0.0158288 0.997144        0        0 0
             200.801 -0.0868966 -0.0247234 -0.0261903  0.000468307 -0.000506821  -0.00118641 -0.00623257  -0.0102662  -0.0113395 -0.00413056 -0.00401164  0.00870248  -0.00691237 -0.000881152   -0.0157247 0.997146        0        0 7919
             200.801  0.0327332 -0.0338833   0.043921  0.00133431 0.000534284 0.000266345  0.00345046 -0.00166413  0.00195156 -0.00416859 -0.00400987  0.00867989 -0.00704429 -0.00101336  -0.0159105 0.997259        0        0 0
             200.901 -0.0285592 -0.0153273 0.00511981   0.00080598 -0.000369578 -0.000441456 -0.00513964 -0.00763922 -0.00784865 -0.00415122  -0.0040142  0.00869257  -0.00690563 -0.000918729   -0.0157822 0.997258        0        0 8056
             200.901  0.0291674 -0.0275938  0.0407809  0.00122786 0.000658005 0.000523772 -0.000713232   0.00118115  0.000583986 -0.00416928 -0.00401072  0.00868111 -0.00696661 -0.00104657  -0.0159004 0.997373        0        0 0
             201.002 -0.0788519 -0.0125908 -0.0106079  0.000255599 -0.000289889 -7.90425e-05  -0.0104788 -0.00907453 -0.00743637 -0.00413444 -0.00401469  0.00870021  -0.00684189 -0.000897865   -0.0157804 0.997377        0        0 7867
             201.002 0.0293702 -0.031049 0.0391856  0.00132288 0.000752715  0.00036907   0.00136973 -5.77639e-05  -0.00270868 -0.00416892 -0.00400951  0.00868421  -0.0070075 -0.00103485  -0.0158466 0.997361        0        0 0
             201.101  -0.0706345  -0.0733913 -0.00858933   0.00105502  7.86284e-05 -0.000105274 -0.00349779 -0.00500041 -0.00366929 -0.00413285  -0.0039967  0.00870146 -0.00694902 -0.00093833  -0.0158083 0.997361        0        0 8047
             201.101  0.0320182 -0.0337339  0.0421405  0.00107675 0.000570538 0.000156458  -0.00322232 -0.000697231 -0.000824599 -0.00416597 -0.00400963  0.00868499 -0.00694841 -0.00100989  -0.0158473 0.997323        0        0 0
             201.201 -0.0904735 -0.0510626 -0.0524656  0.000375504 -0.000438681 -0.000575207 -0.00824438 -0.00827017 -0.00566547 -0.00412048 -0.00400522  0.00871809  -0.00688978 -0.000883597   -0.0157716 0.997322        0        0 7885
             201.201  0.0284843 -0.0289877  0.0348716  0.00125352 0.000916417  0.00059216 0.00158454 0.00405571 0.00651742  -0.0041583 -0.00401325  0.00868986  -0.0070221 -0.00106839  -0.0159419 0.996878        0        0 0
             201.302  -0.109263 -0.0252751 -0.0325453 0.000470617 3.81582e-05 0.000549361  -0.00763047  -0.00633396 -0.000199204 -0.00411967 -0.00401478  0.00871045   -0.0068855 -0.000916359   -0.0158652 0.996881        0        0 8173
             201.302   0.029592 -0.0372711  0.0503209    0.0012612  0.000163728 -1.40316e-05 0.000783279 -0.00651337 -0.00607379  -0.0041645 -0.00401142  0.00868368  -0.00700348 -0.000930901   -0.0157819 0.997036        0        0 0
             201.401  -0.100597 -0.0618829 -0.0363376 0.00066642 -0.0011682 -0.0013821 -0.00721818  -0.0126933  -0.0159195 -0.00412618  -0.0040012  0.00871117  -0.00689889 -0.000839005   -0.0156783 0.997036        0        0 7909
             201.401 0.0311083  -0.02929 0.0327298  0.00140274  0.00112819 0.000496273 0.000806551  0.00844614  0.00428839 -0.00416701 -0.00401291  0.00868916 -0.00700397  -0.0011442  -0.0159602 0.997034        0        0 0
             201.501 -0.0688688 -0.0280504 -0.0132945  0.00042546 0.000581242 9.54838e-05 -0.00935863 -0.00342274 -0.00694973 -0.00413889 -0.00401214  0.00870336    -0.006858 -0.000962887   -0.0158168 0.997032        0        0 8081
             201.501   0.030115 -0.0260094  0.0345655   0.0013795  0.00106114 0.000547788    0.0011301 -0.000212875  -0.00206881 -0.00417095 -0.00401361   0.0086878 -0.00700188  -0.0010185  -0.0158845 1.00176       0       0 0
             201.602 -0.0986786 -0.0210279 -0.0312349  0.000626722  4.03158e-05 -5.14587e-05 -0.00880993 -0.00963329 -0.00727145 -0.00412925 -0.00401472  0.00871067  -0.00687166 -0.000866929   -0.0157977 1.00176       0       0 8100
             201.602  0.0306833 -0.0371311  0.0338944  0.00148565  0.00104574 0.000173513  0.000736378 -0.000506871  -0.00492619 -0.00417056 -0.00401007  0.00868973 -0.00700563 -0.00100864  -0.0158304 0.997218        0        0 0
             201.701 -0.0863738 -0.0485717  0.0041793  0.000225695 -0.000288586  -0.00106313 -0.0140499 -0.0105211 -0.0111227 -0.00413047 -0.00400728    0.008702  -0.00680696 -0.000842068   -0.0157115 0.997221        0        0 8038
             201.701  0.0313698 -0.0302405  0.0381706  0.00115502 0.000840923 0.000412273  -0.00374655 -0.000669546   0.00474909 -0.00416786 -0.00401459  0.00869114  -0.00694527 -0.000990777   -0.0159333 0.997544        0        0 0
             201.801   -0.122016 -0.00545056  -0.0513158  0.000116871 -0.000215249 -0.000132582  -0.0118906 -0.00830253 -0.00380989 -0.00412357 -0.00402113  0.00871674  -0.00683792 -0.000862561   -0.0158023 0.997546        0        0 8046
             201.801  0.0316953 -0.0460053  0.0320629   0.00164357   0.00117722 -0.000248829  0.00504297  0.00382371 -0.00523081 -0.00417249 -0.00400927  0.00868987 -0.00707588  -0.0010476  -0.0157817 0.997427        0        0 0
             201.902 -0.0767137 -0.0190124 -0.0183872 0.000974968 0.000443881 -0.00187196 -0.00689865 -0.00566896  -0.0159083 -0.00414418 -0.00401818   0.0087047  -0.00690325 -0.000918275   -0.0156549 0.997423        0        0 7976
             201.902  0.0293979 -0.0305614  0.0426744  0.00137747 0.000595023 0.000382071 -0.00237086 -0.00565206  0.00742134 -0.00417851 -0.00401508  0.00868492  -0.00696447 -0.000931085   -0.0159835 0.997602        0        0 0
             202.001 -0.0792636 -0.0299341 -0.0161635  0.000741554 -0.000933802 -0.000131013 -0.0066847 -0.0142725 -0.0052681 -0.00413461 -0.00401397  0.00870828  -0.00690029 -0.000803652   -0.0158238 0.997609        0        0 8052
             202.001  0.0320359 -0.0357976  0.0421121  0.00149252 0.000582409 0.000239313   0.00136751 -0.000783197  -0.00242984 -0.00416987 -0.00401266  0.00868953 -0.00701127 -0.00100217  -0.0158631 0.997058        0        0 0
             202.101  -0.0908828  -0.0446528 -0.00229958   0.00107568 -0.000173578 -0.000224903 -0.00412363 -0.00637898 -0.00578112 -0.00412887 -0.00400968  0.00870519  -0.00694126 -0.000894456   -0.0157951 0.997064        0        0 8000
             202.101  0.0307659 -0.0274943   0.040504  0.00122795 0.000702344 0.000498258 -0.00263761  0.00123534  0.00192031 -0.00416799 -0.00401543  0.00869138 -0.00695958  -0.0010135  -0.0159031 1.0016      0      0 0
             202.202  -0.106982 -0.0406032 -0.0359918 0.000494631 4.05645e-05 0.000396938 -0.00782518 -0.00525631 0.000276025 -0.00412767 -0.00401089  0.00871519  -0.00688904 -0.000895489   -0.0158428 1.00161       0       0 8155
             202.202 0.0322139 -0.038466 0.0389444  0.00125236 0.000787904 3.61095e-05 0.000701312  0.00108638 -0.00375736  -0.0041723 -0.00401201  0.00869104  -0.00700704 -0.000999854    -0.015785 1.00145       0       0 0
             202.301  -0.115627 0.00425365 -0.0529365  0.000119294 -0.000305972  -0.00103263  -0.0127133 -0.00873913 -0.00912346 -0.00412534 -0.00402632  0.00872178 -0.00682458 -0.00085144  -0.0157005 1.00145       0       0 7972
             202.301  0.0250512 -0.0354707  0.0321532  0.00129001  0.00108349 0.000124758 7.51707e-05  0.00362723  0.00336884 -0.00417016 -0.00401465  0.00869429 -0.00700381 -0.00103844  -0.0158761 0.996929        0        0 0
             202.401 -0.0577403 -0.0384515 -0.0129774  0.000664297  0.000349065 -0.000510739 -0.00651906 -0.00526841  -0.0048597 -0.00413882 -0.00401362  0.00871138  -0.00690734 -0.000899504   -0.0157814 0.996932        0        0 8248
             202.401  0.0293938 -0.0306173  0.0394517  0.00119065 0.000763415 0.000434168 -0.000779862  -0.00253742   0.00359286   -0.004167 -0.00401668  0.00869433  -0.00698447 -0.000947513   -0.0158998 1.00167       0       0 0
             202.502 -0.0739834 -0.0458014 -0.0397046  0.000691591 -0.000408116   0.00026079 -0.00544736  -0.0114335 -0.00365289 -0.00413258 -0.00401241  0.00872204  -0.00692977 -0.000823602   -0.0158274 1.00168       0       0 8146
             202.502   0.032342 -0.0363546  0.0294301  0.00153523  0.00131832 9.42425e-05  0.00366833   0.0045273 -0.00568285 -0.00416592 -0.00401619  0.00869993 -0.00705516 -0.00105705  -0.0157974 1.00155       0       0 0
             202.601 -0.0667499 -0.0495441 -0.0167374    0.0011345  0.000240973 -0.000818721 -0.00366804 -0.00896504    -0.01131 -0.00413286 -0.00401101  0.00871743  -0.00694131 -0.000854678   -0.0157266 1.00155       0       0 8199
             202.601  0.0315612 -0.0306137  0.0445708  0.00132227 0.000475117 0.000473929 -0.00145622 -0.00758091  0.00260156 -0.0041647 -0.0040176 0.00869752  -0.00696841 -0.000885608   -0.0159212 0.996999        0        0 0
             202.701   -0.093295 -0.00647495  -0.0288082 -0.000155788  -0.00122138  0.000199591   -0.016397  -0.0156602 -0.00385132 -0.00411887 -0.00402688  0.00872555  -0.00677074 -0.000757684   -0.0158169 0.996999        0        0 8139
             202.701 0.0299348 -0.032468 0.0356739  0.00157375 0.000932978 0.000294323  0.00272692  0.00411315 -0.00306678 -0.00415771 -0.00401954  0.00870484 -0.00703764 -0.00104432  -0.0158268 0.996824        0        0 0
             202.802 -0.0892777 -0.0490189 -0.0367019  0.000997302  0.000403457 -0.000988851 -0.00662466 -0.00266024  -0.0124459 -0.00412285 -0.00401428  0.00872751  -0.00690772 -0.000920047   -0.0156738 0.996828        0        0 8177
             202.802  0.0300322 -0.0313248  0.0334077  0.00139986  0.00114954 0.000406183 -0.00219811  0.00332277  0.00254872 -0.00416114 -0.00402047  0.00870489 -0.00696577 -0.00101716   -0.015885 1.0014      0      0 0
             202.901  -0.112834 -0.0445696 -0.0438058  0.000640265  0.000142146 -0.000137994 -0.00872024 -0.00810414  -0.0045787 -0.00411953 -0.00401534   0.0087292  -0.00688743 -0.000845287   -0.0157806 1.00141       0       0 8123
             202.901  0.0325415 -0.0358168  0.0344998  0.00122925  0.00103684 0.000199849  -0.00232097 -0.000403703 -0.000973835 -0.00416622  -0.0040188  0.00870383  -0.00697436 -0.000968741   -0.0158304 0.996944        0        0 0
             203.001 -0.0594925 -0.0286726 -0.0223766  0.000136906  0.000193678 -0.000952913  -0.0112085 -0.00720027  -0.0114987 -0.00413143 -0.00402232  0.00872541  -0.00683548 -0.000870532   -0.0156927 0.996946        0        0 7949
             203.001  0.0282239 -0.0271494  0.0426959  0.00125721 0.000590495 0.000639741  0.00148642 -0.00463762  0.00580438 -0.00415986 -0.00402381   0.0087042  -0.00700917 -0.000916726   -0.0159357 0.997181        0        0 0
             203.102   -0.12995 -0.0532832 -0.0623974  0.000960769 -0.000926629  0.000549065 -0.00354988  -0.0148901 -0.00228787 -0.00410324 -0.00401488  0.00874268  -0.00695417 -0.000764585   -0.0158453 0.997181        0        0 8054
             203.102  0.0282653 -0.0405305  0.0412537   0.00139589  0.000527464 -7.79751e-05 0.000896599 -0.00133403 -0.00926153 -0.00415393 -0.00401924  0.00870926  -0.00701515 -0.000971812   -0.0157456 0.997745        0        0 0
             203.201  -0.121165  -0.083243 -0.0292566 0.000913368 -0.00079451 -0.00165804 -0.00460218   -0.010334  -0.0175395 -0.00410553 -0.00400492  0.00873353  -0.00693763 -0.000821691   -0.0156379 0.997751        0        0 7914
             203.201 0.0290797 -0.027407 0.0311841  0.00148449  0.00123206 0.000571544 0.00144132 0.00574934 0.00590902  -0.0041534 -0.00402371   0.0087141 -0.00701264  -0.0010598  -0.0159656 1.00168       0       0 0
             203.301  -0.154772 -0.0273506 -0.0783867  0.00126844 0.000659786 0.000408061 -0.00241334 -0.00361264 -0.00285529  -0.0041012 -0.00402312  0.00874931  -0.00696773 -0.000895264    -0.015832 1.00168       0       0 7944
             203.301   0.029148 -0.0428543  0.0238748    0.0020004   0.00160976 -0.000103231  0.00542779  0.00401899 -0.00844109 -0.00416054 -0.00401851  0.00871625 -0.00707813 -0.00102253  -0.0157528 1.00175       0       0 0
             203.402  -0.144284 -0.0302346 -0.0139546  0.000672549 -0.000672794  -0.00195401 -0.0134809 -0.0160946 -0.0188618  -0.0041059 -0.00402259  0.00872857  -0.00681829 -0.000716247   -0.0155965 1.00176       0       0 7966
             203.402  0.0313294 -0.0329282  0.0363455  0.00143657 0.000958488 0.000323663  -0.0055003 -0.00375173  0.00502999 -0.00416202 -0.00402255  0.00871247  -0.00692658 -0.000905821   -0.0159332 1.00169       0       0 0
             203.501 -0.0835537 -0.0340927 -0.0215272  0.000491207 -0.000510203  0.000207864 -0.0102737  -0.012797  0.0005333 -0.00412098 -0.00402216  0.00873327  -0.00686247 -0.000769599    -0.015863 1.0017      0      0 8012
             203.501  0.0315306 -0.0364383  0.0417011  0.00140476 0.000633554 0.000135911 -0.000378725  -0.00248379  -0.00038459 -0.00415766 -0.00402217  0.00871284  -0.00699895 -0.000925185   -0.0158491 0.996815        0        0 0
             203.601   -0.103625 -0.00844247  -0.0148852 0.000225457 -0.00101497 -0.00115194 -0.0125417 -0.0150079 -0.0137567 -0.00411423  -0.0040308  0.00873085 -0.00683306  -0.0007436  -0.0156855 0.996822        0        0 8056
             203.601  0.0284503 -0.0311105  0.0425221  0.00118241 0.000596289 0.000379363  -0.00227743 -0.000902438   0.00258473 -0.00415638 -0.00402429  0.00871238  -0.00697656 -0.000953719   -0.0159159 1.00091       0       0 0
             203.702  -0.145309  0.0088631 -0.0346153  0.000293481 -0.000733613 -0.000362237  -0.0093613  -0.0112847 -0.00647332 -0.00410363 -0.00403579  0.00873644   -0.0068781 -0.000786111   -0.0157955 1.00092       0       0 8122
             203.702  0.0263295 -0.0294607  0.0317792  0.00130194  0.00115266 0.000613932 0.00138335 0.00490729 0.00160807  -0.0041582 -0.00402409  0.00871523 -0.00702969 -0.00102956  -0.0159095 0.996554        0        0 0
             203.801  -0.079946 -0.0548137 -0.0419497 0.000923706 0.000363438 0.000111682 -0.00356299 -0.00589598 -0.00417396 -0.00412226 -0.00401644  0.00874099  -0.00696477 -0.000854526   -0.0158233 0.996556        0        0 8081
             203.801  0.0317135 -0.0340949   0.037107  0.00156508 0.000918635 0.000248226  0.00334109 -0.00165551 -0.00298474 -0.00415817 -0.00402368   0.0087154  -0.00705715 -0.000926559   -0.0158388 0.997064        0        0 0
             203.901   -0.102835  -0.0253801 -0.00829716    0.0012684 -0.000535376 -0.000426128 -0.00322945  -0.0136366 -0.00677073 -0.00411417 -0.00402682  0.00873154  -0.00696939 -0.000741765   -0.0157843 0.997069        0        0 8062
             203.901  0.0279451 -0.0355269  0.0342887  0.00156558  0.00105581 0.000182183  -0.00074643   0.00210271 -0.000453474 -0.00415594 -0.00402375  0.00871784  -0.00700456 -0.000973748   -0.0158733 0.997383        0        0 0
             204.002  -0.0684569  0.00636723 -0.00363011   0.00011191 -0.000117853 -0.000968422 -0.0155729 -0.0098435 -0.0119177 -0.00411841 -0.00403876  0.00873462  -0.00679462 -0.000799671   -0.0157143 0.997382        0        0 8118
             204.002  0.0283321 -0.0304899  0.0449086   0.0012075 0.000456125 0.000375406 -0.00338209 -0.00549322  0.00211745  -0.0041495 -0.00402763  0.00871897   -0.0069661 -0.000871265   -0.0159126 0.997235        0        0 0
             204.101   -0.11337 0.00521954  -0.027215 -0.000235874 -0.000941726 -0.000878428 -0.0160109 -0.0121109 -0.0113174 -0.00411223 -0.00403768  0.00874054 -0.00678901 -0.00077066  -0.0157273 0.997237        0        0 7972
             204.101  0.0297038 -0.0285543  0.0386041  0.00127883 0.000810659 0.000561042 0.00107859 0.00283608 0.00132967 -0.00415796 -0.00402793  0.00871929  -0.00702634 -0.000993202   -0.0159047 1.0014      0      0 0
             204.201  -0.0723783  -0.0280431 -0.00932263  0.000621792 -0.000246481 -0.000362205 -0.00661225 -0.00855276 -0.00781455 -0.00412171 -0.00402819  0.00873666  -0.00692169 -0.000821955   -0.0157772 1.0014      0      0 7978
             204.201  0.0277053 -0.0272803  0.0416318  0.00107658 0.000672163 0.000535701 -0.00190933 -0.00121882 3.04006e-05 -0.00415386 -0.00402871  0.00872019  -0.00698542 -0.000934831   -0.0158873 0.996563        0        0 0
             204.302 -0.0704413 -0.0744784 -0.0317616 0.000498636 -0.00010194  0.00015401  -0.0068434 -0.00686976 -0.00371207 -0.00411906 -0.00401379  0.00874515  -0.00692639 -0.000841208   -0.0158319 0.996565        0        0 7940
             204.302  0.0289152 -0.0346398  0.0429129  0.00114576 0.000581883 0.000247784 0.000550276 -0.00106349 -0.00271748 -0.00415115 -0.00402704  0.00872089  -0.00702454 -0.000934091   -0.0158443 1.0006      0      0 0
             204.401 -0.0762234 -0.0470738 -0.0339284  0.000546574  -0.00029186 -0.000622287 -0.00668065 -0.00784642 -0.00882461  -0.0041259 -0.00402252  0.00874373  -0.00692176 -0.000822762   -0.0157616 1.0006      0      0 7984
             204.401   0.029196 -0.0305127  0.0333423  0.00156324  0.00110843 0.000375557 0.00463469 0.00588655 0.00207427 -0.00415939 -0.00402875  0.00872202 -0.00707574 -0.00102539  -0.0159142 1.00083       0       0 0
             204.501 -0.0894602  0.0120721 -0.0313632  0.000833356  0.000530929 -0.000548169 -0.00857972 -0.00350518  -0.0103619 -0.00412478 -0.00404159  0.00874247 -0.00689438 -0.00087658  -0.0157477 1.00084       0       0 7923
             204.501  0.0325603 -0.0329542  0.0364635  0.00151375 0.000979904 0.000301169  -0.00112708 -0.000410837   -0.0012377 -0.00416431  -0.0040275  0.00872044  -0.00700143 -0.000933974    -0.015877 1.00103       0       0 0
             204.602  -0.106326 -0.0525005 -0.0491346  0.000815513 -0.000369552  -0.00108698 -0.00723646  -0.0117638  -0.0135407 -0.00411979 -0.00402162  0.00874836  -0.00692354 -0.000769957   -0.0157167 1.00103       0       0 8166
             204.602   0.027232 -0.0266729  0.0353694  0.00131016 0.000976884 0.000637782  -0.00200027 -0.000228525   0.00201547 -0.00416248 -0.00403042  0.00872109  -0.00699082 -0.000945414   -0.0159351 1.00161       0       0 0
             204.701  -0.0787583  -0.0513329 -0.00215445  9.34136e-05 -0.000527197  1.72495e-05  -0.0128044  -0.0119012 -0.00762121 -0.00413683 -0.00402074  0.00873227  -0.00683853 -0.000770125   -0.0158052 1.00162       0       0 7936
             204.701   0.028954 -0.0337602  0.0410612  0.00107108 0.000676531  0.00029089 -0.00235871 -0.00257523 -0.00471741 -0.00417132 -0.00402717  0.00871832  -0.00698063 -0.000911027   -0.0158447 1.00152       0       0 0
             204.801   -0.105557  -0.0557544 -0.00819015  0.000522936 -0.000438772 -0.000739327 -0.00595913   -0.010402  -0.0107966 -0.00412709 -0.00402018  0.00873586  -0.00694144 -0.000779904   -0.0157529 1.00152       0       0 8027
             204.801  0.0286386 -0.0305261  0.0420621  0.00120011 0.000648724 0.000351076   0.00172554 -0.000452552   0.00106106 -0.00417023 -0.00402897  0.00871962  -0.00704418 -0.000932999   -0.0159192 1.00157       0       0 0
             204.902 -0.0652379 -0.0153792 -0.0120748  0.000402634 -0.000382689 -0.000708947 -0.00927291 -0.00934516  -0.0103684 -0.00413952  -0.0040344  0.00873796  -0.00688647 -0.000797392   -0.0157453 1.00156       0       0 8057
             204.902   0.029179 -0.0271465  0.0360426   0.0014726 0.000940696 0.000557235  0.0026605 0.00280209 0.00338111 -0.00416951 -0.00403134  0.00872251  -0.00705195 -0.000976546   -0.0159391 0.997243        0        0 0
             205.001 -0.0992483 -0.0190565 -0.0200401  0.000947554  -8.6407e-06 -8.27474e-05 -0.00594061 -0.00738514 -0.00644181 -0.00412689 -0.00403495  0.00874263  -0.00693274 -0.000812021     -0.01581 0.997246        0        0 7983
             205.001  0.0309624 -0.0327359  0.0349071  0.00151239  0.00102665 0.000270403 -2.69864e-05   0.00179219  -0.00273734  -0.0041687 -0.00403084  0.00872489  -0.00701556 -0.000953741    -0.015862 0.997203        0        0 0
             205.101  -0.100117 -0.0108935 -0.0238003  0.000753153 -5.26199e-05  -0.00114282 -0.00761425 -0.00947919  -0.0153189 -0.00412862 -0.00403756  0.00874305  -0.00689403 -0.000791758   -0.0156932 0.997204        0        0 7976
             205.101   0.028631 -0.0327264  0.0325532  0.00158889  0.00118252 0.000365138  0.00138077  0.00142683 0.000885127 -0.00417027 -0.00403105  0.00872469  -0.00701985 -0.000957771   -0.0159226 0.99729       0       0 0
             205.202   -0.13129 -0.0554079 -0.0609541  0.000774584 -0.000229522 -0.000944336 -0.0090534 -0.0125399 -0.0138859 -0.00412418 -0.00402314  0.00875448  -0.00688153 -0.000746792   -0.0157373 0.997296        0        0 8015
             205.202  0.0229626 -0.0253844  0.0368615  0.00118302 0.000861262 0.000734596 -0.00435734 -0.00337866  0.00142942 -0.00417387 -0.00403317  0.00872282  -0.00694124 -0.000892807   -0.0159531 0.996817        0        0 0
             205.301   -0.115494  -0.0258435 -0.00666744  -0.00030166 -0.000825608  0.000243042  -0.0152583   -0.013875 -0.00569325 -0.00413418 -0.00403126  0.00873732  -0.00678954 -0.000733148   -0.0158443 0.996825        0        0 8006
             205.301 0.0294313 -0.037308 0.0461434  0.00103874 0.000423053 1.50772e-05 -0.00159809 -0.00464475 -0.00786086 -0.00418083 -0.00402824  0.00872026  -0.00697981 -0.000877468   -0.0158128 0.997558        0        0 0
             205.401  -0.131736 -0.0431551 -0.0279012  0.000517702 -0.000868904  -0.00173803 -0.0055679 -0.0108776 -0.0169762 -0.00413271 -0.00402571  0.00874249  -0.00692042 -0.000766251   -0.0156664 0.99756       0       0 7950
             205.401  0.0304691 -0.0319631  0.0354906  0.00145964 0.000952655 0.000348523 0.00493126 0.00533358 0.00563052 -0.00418468 -0.00403018  0.00872203 -0.00706261 -0.00100872  -0.0159843 0.997521        0        0 0
             205.502  -0.0952074   0.0059833 -0.00720806 0.000330555 -1.3651e-05 -0.00113289  -0.0135481 -0.00670208  -0.0119464 -0.00413995 -0.00404388  0.00873925  -0.00681485 -0.000822241   -0.0157402 0.99752       0       0 8231
             205.502  0.0296384 -0.0457155  0.0439403   0.00139686  0.000476139 -0.000479852 -0.00170255  -0.0033223 -0.00592724 -0.00418031 -0.00402762  0.00872269  -0.00698373 -0.000883574   -0.0158255 0.996054        0        0 0
             205.601 -0.0444036 -0.0879161  0.0077019  0.000736053 -0.000499137  -0.00156733 -0.00785722 -0.00827613  -0.0104782 -0.00414932 -0.00401522  0.00873883  -0.00690575 -0.000801555   -0.0157828 0.996057        0        0 7988
             205.601  0.0281286 -0.0197576  0.0382444  0.00100678  0.00092902 0.000971634 -0.00440583  0.00390073    0.012071 -0.00417234 -0.00403783  0.00872901  -0.00694266 -0.000977733   -0.0160988 0.994889        0        0 0
             205.701  -0.106577 -0.0131284 -0.0256182 -0.000135138  7.84759e-05   0.00155842  -0.0116604 -0.00833318  0.00387651 -0.00413021 -0.00403899  0.00874884  -0.00682866 -0.000809999   -0.0160044 0.994887        0        0 8184
             205.701  0.0317419 -0.0464605  0.0435409  0.000980745  0.000534143 -0.000452527 0.000900341 -0.00478797  -0.0181223 -0.00417504 -0.00402843   0.0087264  -0.00700702 -0.000875349   -0.0156931 0.995317        0        0 0
             205.802 -0.0871134 -0.0860963  -0.028892    0.0006709 -0.000381063  -0.00224452 -0.00272483   -0.009017  -0.0197498 -0.00413931 -0.00401572  0.00875158  -0.00695948 -0.000802942   -0.0156788 0.995317        0        0 8037
             205.802 0.0271737 -0.020413 0.0405271  0.00144659 0.000711978 0.000913138  0.00643934 0.000630814   0.0145864 -0.00417597  -0.0040378  0.00872913  -0.00707659 -0.000950299   -0.0161626 0.995656        0        0 0
             205.901 -0.0766328 -0.0249932 -0.0169825  0.00104146 4.82999e-05  0.00152616 -0.00596475 -0.00521195  0.00560714 -0.00414252 -0.00403494  0.00874762  -0.00692478 -0.000839758   -0.0160191 0.995654        0        0 8079
             205.901  0.0327382 -0.0428869  0.0411754  0.00085863 0.000692979 -0.00030031 -0.00865981 0.000961086  -0.0138063 -0.00417778  -0.0040287  0.00872875  -0.00689161 -0.000938185    -0.015746 0.995029        0        0 0
             206.001 -0.0814687 -0.0158547 -0.0321048 -0.000550522   1.2251e-05  -0.00243839  -0.0151354 -0.00490284  -0.0203482 -0.00414461 -0.00403685  0.00875148  -0.00679762 -0.000836262   -0.0156338 0.995026        0        0 7886
             206.001  0.0329186 -0.0475653  0.0467135   0.00125354    0.0004204 -0.000496615  0.00570515 -0.00261021 0.000830258 -0.00418183 -0.00402753  0.00872578  -0.00708788 -0.000882048   -0.0159322 1.00076       0       0 0
             206.102 -0.0655493  -0.106318 0.00709666    0.0018569 -0.000680419 -0.000700975   0.00585493     -0.00981 -0.000211907 -0.00415211 -0.00400912  0.00873837  -0.00710152 -0.000767636   -0.0159251 1.00076       0       0 8001
             206.102  0.0329155 -0.0295124    0.03783  0.00100098 0.000867201  0.00048769 -0.00429288  0.00490889    0.010199 -0.00418361 -0.00403383   0.0087285  -0.00695043 -0.000983104   -0.0160713 0.995407        0        0 0
             206.201   -0.11093 -0.0248764 -0.0456613 -0.000161542 -3.25653e-05   0.00058207  -0.0121064 -0.00799686 0.000206857 -0.00413458 -0.00403667  0.00875734  -0.00683558 -0.000803269   -0.0159571 0.995404        0        0 7813
             206.201  0.0292679 -0.0385297  0.0403299   0.00124367  0.000688298 -8.93125e-05  0.00387962 -0.00203104 -0.00719337 -0.00417993 -0.00403294   0.0087294  -0.00705853 -0.000902887   -0.0158513 1.0009      0      0 0
             206.301  -0.072052 -0.0450933 -0.0303433  0.000954394 -0.000415574  -0.00136874 -0.00303096  -0.0103789  -0.0154161  -0.0041455 -0.00403096  0.00875555  -0.00696335 -0.000778549   -0.0157633 1.00091       0       0 8053
             206.301 0.0310413 -0.026183 0.0306857  0.00151219  0.00127292 0.000686124 0.00277822 0.00465382 0.00667424 -0.00417853  -0.0040376  0.00873574  -0.00704009 -0.000998793   -0.0160749 0.99698       0       0 0
             206.402  -0.106653  -0.030123 -0.0373607 0.000966444 0.000138838 0.000330616 -0.00558265  -0.0101246 -0.00600002  -0.0041332 -0.00403571  0.00875793  -0.00693013 -0.000767812    -0.015898 0.996983        0        0 7868
             206.402  0.0290302 -0.0359117  0.0361325   0.0014406 0.000957931 0.000171706 -0.000599825  -0.00298824  -0.00778775 -0.00417696   -0.004034  0.00873414  -0.00700026 -0.000883264   -0.0158722 0.997133        0        0 0
             206.501   -0.149384 -0.00771015  -0.0623916  0.000443489 -0.000337495   -0.0011691 -0.0108955 -0.0108469  -0.013295 -0.00412254   -0.004042  0.00876613   -0.0068589 -0.000749479   -0.0157644 0.99714       0       0 8064
             206.501  0.0273634 -0.0303519  0.0337266  0.00124484  0.00111004 0.000623872 -0.00233629  0.00135013  0.00590906 -0.00417965 -0.00403524   0.0087349  -0.00697792 -0.000939188    -0.016035 1.00162       0       0 0
             206.601 -0.104841 -0.047182 -0.042845  0.00059187 0.000227634 0.000204765  -0.00711492  -0.00603226 -0.000888539 -0.00413738 -0.00402887  0.00875979  -0.00692548 -0.000807709   -0.0159209 1.00162       0       0 7943
             206.601  0.0316807 -0.0346856  0.0377943   0.0012318 0.000908293 4.90493e-05 -0.000602935 -0.000630599   -0.0023393 -0.00418169  -0.0040331  0.00873355  -0.00701456 -0.000899259   -0.0158995 0.997345        0        0 0
             206.702  -0.157356 -0.0258837 -0.0630846  0.000361942 -0.000260156  -0.00122023 -0.0096124 -0.0106097 -0.0132702 -0.00412067 -0.00403473   0.0087653  -0.00688006 -0.000741017   -0.0157674 0.997342        0        0 8080
             206.702  0.0258863 -0.0282913  0.0272107  0.00150865  0.00143225 0.000698443 0.00275033  0.0053278 0.00754172 -0.00417966 -0.00403443  0.00873611  -0.00705074 -0.000983922   -0.0160614 1.00164       0       0 0
             206.802   -0.165467 -0.00423486  -0.0855093  0.000964497 -0.000101083  -0.00047465 -0.00465558  -0.0120339  -0.0110732 -0.00412222 -0.00404226  0.00877259  -0.00693924 -0.000741667    -0.015843 1.00165       0       0 7960
