# Image list with two lines of data per image:
#   IMAGE_ID, QW, QX, QY, QZ, TX, TY, TZ, CAMERA_ID, NAME
#   POINTS2D[] as (X, Y, POINT3D_ID)
1 0.494861 0.500591 -0.491336 0.512937 0.176133 -0.202682 -0.012285 1 00001.png
0.0 0.0 -1
2 0.494954 0.500555 -0.491402 0.512818 0.175490 -0.202806 -0.012769 1 00002.png
0.0 0.0 -1
3 0.495058 0.500477 -0.491472 0.512728 0.175196 -0.203119 -0.013465 1 00003.png
0.0 0.0 -1
4 0.495190 0.500302 -0.491583 0.512665 0.175044 -0.203860 -0.012632 1 00004.png
0.0 0.0 -1
5 0.495108 0.500401 -0.491501 0.512726 0.175311 -0.203734 -0.013801 1 00005.png
0.0 0.0 -1
6 0.495148 0.500399 -0.491511 0.512678 0.174698 -0.203312 -0.012020 1 00006.png
0.0 0.0 -1
7 0.495165 0.500374 -0.491520 0.512679 0.174583 -0.203240 -0.011029 1 00007.png
0.0 0.0 -1
8 0.495052 0.500500 -0.491426 0.512755 0.174944 -0.203004 -0.012325 1 00008.png
0.0 0.0 -1
9 0.495168 0.500357 -0.491531 0.512682 0.174874 -0.203604 -0.012443 1 00009.png
0.0 0.0 -1
10 0.495106 0.500414 -0.491469 0.512745 0.175292 -0.203274 -0.012829 1 00010.png
0.0 0.0 -1
11 0.495141 0.500385 -0.491491 0.512719 0.174963 -0.203440 -0.012569 1 00011.png
0.0 0.0 -1
12 0.495058 0.500490 -0.491413 0.512772 0.175195 -0.203195 -0.013160 1 00012.png
0.0 0.0 -1
13 0.495082 0.500464 -0.491438 0.512750 0.175145 -0.203227 -0.012822 1 00013.png
0.0 0.0 -1
14 0.495110 0.500456 -0.491430 0.512738 0.174994 -0.203332 -0.013004 1 00014.png
0.0 0.0 -1
15 0.495031 0.500537 -0.491365 0.512798 0.175425 -0.203308 -0.014491 1 00015.png
0.0 0.0 -1
16 0.495060 0.500519 -0.491377 0.512775 0.175162 -0.203150 -0.013435 1 00016.png
0.0 0.0 -1
17 0.495063 0.500517 -0.491394 0.512758 0.175068 -0.203150 -0.012979 1 00017.png
0.0 0.0 -1
18 0.495043 0.500535 -0.491378 0.512776 0.175067 -0.202925 -0.012315 1 00018.png
0.0 0.0 -1
19 0.495107 0.500482 -0.491394 0.512751 0.175113 -0.203341 -0.013147 1 00019.png
0.0 0.0 -1
20 0.495133 0.500484 -0.491380 0.512737 0.174682 -0.202956 -0.011472 1 00020.png
0.0 0.0 -1
21 0.495095 0.500509 -0.491366 0.512762 0.175005 -0.203044 -0.012168 1 00021.png
0.0 0.0 -1
22 0.495092 0.500506 -0.491363 0.512771 0.175311 -0.203401 -0.013949 1 00022.png
0.0 0.0 -1
23 0.495064 0.500542 -0.491327 0.512797 0.175181 -0.202951 -0.012904 1 00023.png
0.0 0.0 -1
24 0.495124 0.500497 -0.491349 0.512762 0.175059 -0.203291 -0.013043 1 00024.png
0.0 0.0 -1
25 0.495073 0.500530 -0.491345 0.512783 0.175030 -0.202955 -0.012607 1 00025.png
0.0 0.0 -1
26 0.495128 0.500482 -0.491383 0.512740 0.174561 -0.202808 -0.010633 1 00026.png
0.0 0.0 -1
27 0.495161 0.500455 -0.491400 0.512719 0.174691 -0.203163 -0.011407 1 00027.png
0.0 0.0 -1
28 0.495106 0.500495 -0.491387 0.512745 0.174914 -0.203070 -0.012102 1 00028.png
0.0 0.0 -1
29 0.495092 0.500514 -0.491369 0.512757 0.175094 -0.203276 -0.013282 1 00029.png
0.0 0.0 -1
30 0.495095 0.500513 -0.491373 0.512752 0.175082 -0.203248 -0.013237 1 00030.png
0.0 0.0 -1
31 0.495056 0.500556 -0.491356 0.512763 0.175182 -0.203149 -0.013435 1 00031.png
0.0 0.0 -1
32 0.495094 0.500518 -0.491386 0.512735 0.174884 -0.203075 -0.012343 1 00032.png
0.0 0.0 -1
33 0.495120 0.500496 -0.491399 0.512719 0.174707 -0.203022 -0.011645 1 00033.png
0.0 0.0 -1
34 0.495076 0.500531 -0.491379 0.512746 0.175005 -0.203065 -0.012640 1 00034.png
0.0 0.0 -1
35 0.495090 0.500528 -0.491385 0.512731 0.174733 -0.202890 -0.011677 1 00035.png
0.0 0.0 -1
36 0.495096 0.500516 -0.491392 0.512729 0.175096 -0.203267 -0.013296 1 00036.png
0.0 0.0 -1
37 0.495117 0.500489 -0.491409 0.512720 0.175022 -0.203329 -0.013186 1 00037.png
0.0 0.0 -1
38 0.495124 0.500494 -0.491411 0.512707 0.174700 -0.203122 -0.012077 1 00038.png
0.0 0.0 -1
39 0.495115 0.500490 -0.491407 0.512722 0.174839 -0.203196 -0.012291 1 00039.png
0.0 0.0 -1
40 0.495108 0.500503 -0.491401 0.512722 0.174842 -0.203162 -0.012400 1 00040.png
0.0 0.0 -1
41 0.495101 0.500513 -0.491393 0.512727 0.174883 -0.203169 -0.012543 1 00041.png
0.0 0.0 -1
42 0.495105 0.500499 -0.491398 0.512731 0.174758 -0.203030 -0.011789 1 00042.png
0.0 0.0 -1
43 0.495102 0.500497 -0.491406 0.512729 0.174888 -0.203152 -0.012494 1 00043.png
0.0 0.0 -1
44 0.495079 0.500522 -0.491387 0.512745 0.175007 -0.203089 -0.012651 1 00044.png
0.0 0.0 -1
45 0.495102 0.500508 -0.491401 0.512722 0.174777 -0.203046 -0.012202 1 00045.png
0.0 0.0 -1
46 0.495083 0.500520 -0.491390 0.512740 0.174973 -0.203097 -0.012559 1 00046.png
0.0 0.0 -1
47 0.495097 0.500520 -0.491391 0.512726 0.174785 -0.203015 -0.012057 1 00047.png
0.0 0.0 -1
48 0.495090 0.500528 -0.491387 0.512729 0.174979 -0.203262 -0.013472 1 00048.png
0.0 0.0 -1
49 0.495088 0.500515 -0.491394 0.512735 0.175163 -0.203436 -0.013910 1 00049.png
0.0 0.0 -1
50 0.495113 0.500502 -0.491407 0.512712 0.174778 -0.203160 -0.012378 1 00050.png
0.0 0.0 -1
51 0.495144 0.500484 -0.491416 0.512692 0.174454 -0.203034 -0.010971 1 00051.png
0.0 0.0 -1
52 0.495100 0.500516 -0.491395 0.512722 0.174822 -0.203171 -0.012349 1 00052.png
0.0 0.0 -1
53 0.495090 0.500519 -0.491384 0.512739 0.175072 -0.203291 -0.013249 1 00053.png
0.0 0.0 -1
54 0.495092 0.500525 -0.491387 0.512730 0.174975 -0.203168 -0.012591 1 00054.png
0.0 0.0 -1
55 0.495120 0.500502 -0.491408 0.512704 0.174735 -0.203064 -0.011824 1 00055.png
0.0 0.0 -1
56 0.495127 0.500490 -0.491420 0.512698 0.174661 -0.203089 -0.011616 1 00056.png
0.0 0.0 -1
57 0.495131 0.500492 -0.491402 0.512709 0.174633 -0.203042 -0.011330 1 00057.png
0.0 0.0 -1
58 0.495126 0.500487 -0.491426 0.512696 0.174640 -0.203179 -0.011831 1 00058.png
0.0 0.0 -1
59 0.495106 0.500512 -0.491428 0.512689 0.174812 -0.203179 -0.012420 1 00059.png
0.0 0.0 -1
60 0.495126 0.500457 -0.491447 0.512705 0.174838 -0.203219 -0.012370 1 00060.png
0.0 0.0 -1
61 0.495095 0.500511 -0.491423 0.512705 0.174875 -0.203235 -0.012795 1 00061.png
0.0 0.0 -1
62 0.495122 0.500509 -0.491429 0.512676 0.174788 -0.203220 -0.012434 1 00062.png
0.0 0.0 -1
63 0.495108 0.500517 -0.491389 0.512720 0.174794 -0.203029 -0.012004 1 00063.png
0.0 0.0 -1
64 0.495107 0.500504 -0.491423 0.512700 0.174974 -0.203414 -0.013377 1 00064.png
0.0 0.0 -1
65 0.495103 0.500522 -0.491419 0.512691 0.174761 -0.203168 -0.012549 1 00065.png
0.0 0.0 -1
66 0.495125 0.500511 -0.491402 0.512697 0.174815 -0.203218 -0.012502 1 00066.png
0.0 0.0 -1
67 0.495122 0.500485 -0.491423 0.512705 0.174711 -0.203133 -0.011935 1 00067.png
0.0 0.0 -1
68 0.495082 0.500522 -0.491401 0.512729 0.174889 -0.203046 -0.012249 1 00068.png
0.0 0.0 -1
69 0.495096 0.500522 -0.491396 0.512719 0.174900 -0.203165 -0.012621 1 00069.png
0.0 0.0 -1
70 0.495128 0.500477 -0.491420 0.512710 0.174744 -0.203298 -0.012206 1 00070.png
0.0 0.0 -1
71 0.495077 0.500531 -0.491388 0.512737 0.174927 -0.203159 -0.012594 1 00071.png
0.0 0.0 -1
72 0.495128 0.500491 -0.491422 0.512695 0.174731 -0.203225 -0.012188 1 00072.png
0.0 0.0 -1
73 0.495086 0.500522 -0.491400 0.512725 0.174773 -0.203014 -0.011959 1 00073.png
0.0 0.0 -1
74 0.495114 0.500503 -0.491416 0.512702 0.174646 -0.203003 -0.011724 1 00074.png
0.0 0.0 -1
75 0.495088 0.500525 -0.491399 0.512722 0.174751 -0.202974 -0.011919 1 00075.png
0.0 0.0 -1
76 0.495106 0.500492 -0.491425 0.512711 0.174859 -0.203200 -0.012459 1 00076.png
0.0 0.0 -1
77 0.495107 0.500506 -0.491412 0.512710 0.174715 -0.203092 -0.011992 1 00077.png
0.0 0.0 -1
78 0.495062 0.500562 -0.491371 0.512738 0.174766 -0.202828 -0.011816 1 00078.png
0.0 0.0 -1
79 0.495098 0.500509 -0.491419 0.512708 0.174521 -0.202755 -0.010569 1 00079.png
0.0 0.0 -1
80 0.495116 0.500505 -0.491417 0.512697 0.174517 -0.202947 -0.010960 1 00080.png
0.0 0.0 -1
81 0.495080 0.500525 -0.491402 0.512727 0.174952 -0.203114 -0.012408 1 00081.png
0.0 0.0 -1
82 0.495081 0.500526 -0.491406 0.512721 0.174905 -0.203105 -0.012592 1 00082.png
0.0 0.0 -1
83 0.495079 0.500528 -0.491397 0.512730 0.174936 -0.203156 -0.012593 1 00083.png
0.0 0.0 -1
84 0.495083 0.500515 -0.491406 0.512729 0.174931 -0.203155 -0.012695 1 00084.png
0.0 0.0 -1
85 0.495120 0.500495 -0.491420 0.512700 0.174587 -0.203012 -0.011574 1 00085.png
0.0 0.0 -1
86 0.495065 0.500549 -0.491386 0.512734 0.174968 -0.203066 -0.012528 1 00086.png
0.0 0.0 -1
87 0.495039 0.500575 -0.491369 0.512748 0.174996 -0.202989 -0.012851 1 00087.png
0.0 0.0 -1
88 0.495075 0.500539 -0.491391 0.512727 0.174870 -0.203060 -0.012315 1 00088.png
0.0 0.0 -1
89 0.495087 0.500515 -0.491416 0.512715 0.174664 -0.202936 -0.011470 1 00089.png
0.0 0.0 -1
90 0.495027 0.500581 -0.491369 0.512755 0.174731 -0.202499 -0.010946 1 00090.png
0.0 0.0 -1
91 0.495079 0.500522 -0.491414 0.512719 0.174713 -0.202857 -0.011428 1 00091.png
0.0 0.0 -1
92 0.495108 0.500500 -0.491421 0.512705 0.174816 -0.203188 -0.012533 1 00092.png
0.0 0.0 -1
93 0.495082 0.500514 -0.491416 0.512722 0.174980 -0.203159 -0.012677 1 00093.png
0.0 0.0 -1
94 0.495092 0.500508 -0.491427 0.512708 0.174761 -0.203058 -0.012023 1 00094.png
0.0 0.0 -1
95 0.495132 0.500435 -0.491495 0.512675 0.174800 -0.203427 -0.012569 1 00095.png
0.0 0.0 -1
96 0.495242 0.500469 -0.491459 0.512570 0.174242 -0.203060 -0.010911 1 00096.png
0.0 0.0 -1
97 0.495291 0.500484 -0.491420 0.512545 0.174971 -0.203319 -0.012761 1 00097.png
0.0 0.0 -1
98 0.495306 0.500519 -0.491382 0.512534 0.175432 -0.203447 -0.014003 1 00098.png
0.0 0.0 -1
99 0.495445 0.500494 -0.491384 0.512422 0.174871 -0.203633 -0.013449 1 00099.png
0.0 0.0 -1
100 0.495415 0.500491 -0.491410 0.512428 0.174735 -0.203621 -0.012326 1 00100.png
0.0 0.0 -1
101 0.495382 0.500461 -0.491427 0.512473 0.174720 -0.203363 -0.010864 1 00101.png
0.0 0.0 -1
102 0.495468 0.500330 -0.491520 0.512430 0.174750 -0.203802 -0.010904 1 00102.png
0.0 0.0 -1
103 0.495422 0.500372 -0.491534 0.512420 0.174970 -0.203552 -0.011143 1 00103.png
0.0 0.0 -1
104 0.495414 0.500387 -0.491516 0.512429 0.175388 -0.203777 -0.012518 1 00104.png
0.0 0.0 -1
105 0.495472 0.500326 -0.491530 0.512419 0.175668 -0.204423 -0.013829 1 00105.png
0.0 0.0 -1
106 0.495479 0.500388 -0.491491 0.512390 0.175199 -0.204103 -0.013307 1 00106.png
0.0 0.0 -1
107 0.495513 0.500407 -0.491413 0.512412 0.174671 -0.204140 -0.012380 1 00107.png
0.0 0.0 -1
108 0.496141 0.500084 -0.491731 0.511815 0.174356 -0.204861 -0.012794 1 00108.png
0.0 0.0 -1
109 0.497111 0.499475 -0.492152 0.511063 0.179507 -0.208870 -0.017968 1 00109.png
0.0 0.0 -1
110 0.497688 0.500302 -0.491097 0.510707 0.182243 -0.208657 -0.017180 1 00110.png
0.0 0.0 -1
111 0.499761 0.500584 -0.490959 0.508535 0.188651 -0.211562 -0.021069 1 00111.png
0.0 0.0 -1
112 0.499797 0.500786 -0.489915 0.509306 0.202443 -0.210716 -0.007853 1 00112.png
0.0 0.0 -1
113 0.497720 0.500205 -0.491241 0.510632 0.230338 -0.202946 -0.001265 1 00113.png
0.0 0.0 -1
114 0.499521 0.501479 -0.490110 0.508707 0.244646 -0.202003 -0.002784 1 00114.png
0.0 0.0 -1
115 0.496933 0.499544 -0.491027 0.512249 0.285635 -0.205601 -0.002641 1 00115.png
0.0 0.0 -1
116 0.496377 0.499402 -0.491418 0.512552 0.328855 -0.203801 -0.005582 1 00116.png
0.0 0.0 -1
117 0.497075 0.499131 -0.490851 0.512682 0.364945 -0.208653 -0.008522 1 00117.png
0.0 0.0 -1
118 0.498223 0.498373 -0.490616 0.512531 0.392418 -0.211630 -0.009829 1 00118.png
0.0 0.0 -1
119 0.497695 0.498987 -0.490557 0.512504 0.419541 -0.202490 0.000525 1 00119.png
0.0 0.0 -1
120 0.499530 0.498328 -0.490799 0.511126 0.448180 -0.207547 0.005073 1 00120.png
0.0 0.0 -1
121 0.500590 0.498081 -0.490579 0.510549 0.476660 -0.210491 0.006630 1 00121.png
0.0 0.0 -1
122 0.500719 0.498682 -0.490282 0.510122 0.505973 -0.206809 0.006855 1 00122.png
0.0 0.0 -1
123 0.502428 0.498254 -0.490712 0.508443 0.535395 -0.210031 0.009889 1 00123.png
0.0 0.0 -1
124 0.505382 0.498898 -0.489757 0.505798 0.567454 -0.215875 0.004738 1 00124.png
0.0 0.0 -1
125 0.506835 0.500208 -0.489494 0.503299 0.620415 -0.218329 -0.001801 1 00125.png
0.0 0.0 -1
126 0.511347 0.503057 -0.487428 0.497872 0.667734 -0.223181 -0.012634 1 00126.png
0.0 0.0 -1
127 0.515987 0.504066 -0.485954 0.493485 0.712681 -0.235374 -0.019249 1 00127.png
0.0 0.0 -1
128 0.520009 0.506578 -0.483557 0.489026 0.774662 -0.235991 -0.020634 1 00128.png
0.0 0.0 -1
129 0.526533 0.507534 -0.479558 0.484974 0.827195 -0.243088 -0.021341 1 00129.png
0.0 0.0 -1
130 0.527907 0.511071 -0.474156 0.485078 0.879345 -0.237569 -0.031565 1 00130.png
0.0 0.0 -1
131 0.531026 0.510663 -0.475191 0.481074 0.917410 -0.241760 -0.039901 1 00131.png
0.0 0.0 -1
132 0.529485 0.511977 -0.475905 0.480670 0.934999 -0.232343 -0.048741 1 00132.png
0.0 0.0 -1
133 0.531287 0.510112 -0.475677 0.480889 0.939076 -0.248196 -0.050605 1 00133.png
0.0 0.0 -1
134 0.532961 0.509368 -0.475413 0.480087 0.932677 -0.259852 -0.053680 1 00134.png
0.0 0.0 -1
135 0.532126 0.509615 -0.476488 0.479684 0.926837 -0.249427 -0.029979 1 00135.png
0.0 0.0 -1
136 0.532589 0.510107 -0.475976 0.479155 0.925872 -0.242537 -0.022948 1 00136.png
0.0 0.0 -1
137 0.531764 0.510833 -0.475948 0.479325 0.939339 -0.239474 -0.030352 1 00137.png
0.0 0.0 -1
138 0.532858 0.509551 -0.475455 0.479965 0.948155 -0.248945 -0.037427 1 00138.png
0.0 0.0 -1
139 0.533541 0.508727 -0.475760 0.479778 0.955386 -0.255952 -0.039599 1 00139.png
0.0 0.0 -1
140 0.532597 0.508477 -0.475760 0.481090 0.964665 -0.255528 -0.041797 1 00140.png
0.0 0.0 -1
141 0.532317 0.508777 -0.475731 0.481111 0.981531 -0.250951 -0.040149 1 00141.png
0.0 0.0 -1
142 0.530048 0.509134 -0.476701 0.482277 1.003689 -0.241281 -0.040264 1 00142.png
0.0 0.0 -1
143 0.529669 0.508367 -0.477072 0.483135 1.027499 -0.241290 -0.045427 1 00143.png
0.0 0.0 -1
144 0.531041 0.508630 -0.476813 0.481606 1.033777 -0.245318 -0.044530 1 00144.png
0.0 0.0 -1
145 0.528910 0.507054 -0.477971 0.484455 1.066851 -0.243373 -0.036436 1 00145.png
0.0 0.0 -1
146 0.528602 0.505759 -0.478777 0.485349 1.111712 -0.246268 -0.028105 1 00146.png
0.0 0.0 -1
147 0.524317 0.505113 -0.480770 0.488689 1.170780 -0.233815 -0.019735 1 00147.png
0.0 0.0 -1
148 0.522157 0.504101 -0.481887 0.490941 1.255760 -0.224404 -0.003234 1 00148.png
0.0 0.0 -1
149 0.518039 0.504435 -0.483921 0.492955 1.356245 -0.209772 0.017599 1 00149.png
0.0 0.0 -1
150 0.516770 0.504436 -0.484297 0.493917 1.453182 -0.199053 0.028649 1 00150.png
0.0 0.0 -1
151 0.517142 0.504457 -0.481771 0.495971 1.520954 -0.192157 0.040882 1 00151.png
0.0 0.0 -1
152 0.517897 0.503441 -0.482220 0.495779 1.615968 -0.199803 0.042231 1 00152.png
0.0 0.0 -1
153 0.518128 0.503586 -0.482823 0.494804 1.731982 -0.201923 0.050827 1 00153.png
0.0 0.0 -1
154 0.517132 0.505355 -0.482043 0.494802 1.837740 -0.194285 0.038988 1 00154.png
0.0 0.0 -1
155 0.519273 0.506411 -0.480590 0.492889 1.921668 -0.196263 0.019183 1 00155.png
0.0 0.0 -1
156 0.522136 0.507127 -0.480591 0.489113 2.003962 -0.200481 0.009662 1 00156.png
0.0 0.0 -1
157 0.524323 0.509068 -0.478972 0.486338 2.097514 -0.205226 -0.002227 1 00157.png
0.0 0.0 -1
158 0.529325 0.508657 -0.476163 0.484103 2.192345 -0.217608 -0.014647 1 00158.png
0.0 0.0 -1
159 0.532659 0.509868 -0.475174 0.480127 2.296754 -0.232907 -0.031582 1 00159.png
0.0 0.0 -1
160 0.534318 0.511171 -0.474677 0.477382 2.409562 -0.234655 -0.039515 1 00160.png
0.0 0.0 -1
161 0.536988 0.512325 -0.470810 0.476979 2.518046 -0.230985 -0.046533 1 00161.png
0.0 0.0 -1
162 0.540021 0.513221 -0.468530 0.474831 2.624697 -0.236785 -0.061340 1 00162.png
0.0 0.0 -1
163 0.542357 0.514120 -0.468392 0.471319 2.740851 -0.250993 -0.074936 1 00163.png
0.0 0.0 -1
164 0.542289 0.515242 -0.468404 0.470158 2.841506 -0.257129 -0.087855 1 00164.png
0.0 0.0 -1
165 0.543398 0.516287 -0.465172 0.470941 2.959890 -0.253001 -0.115897 1 00165.png
0.0 0.0 -1
166 0.542114 0.515891 -0.464250 0.473755 3.064025 -0.240523 -0.104193 1 00166.png
0.0 0.0 -1
167 0.543465 0.511646 -0.465559 0.475522 3.191921 -0.248099 -0.083050 1 00167.png
0.0 0.0 -1
168 0.537929 0.510392 -0.468762 0.479998 3.343765 -0.209837 -0.023574 1 00168.png
0.0 0.0 -1
169 0.530446 0.509382 -0.473328 0.484892 3.488314 -0.166004 0.041208 1 00169.png
0.0 0.0 -1
170 0.526321 0.504990 -0.477353 0.490010 3.627396 -0.163628 0.113788 1 00170.png
0.0 0.0 -1
171 0.519410 0.499019 -0.483011 0.497893 3.719038 -0.153810 0.225125 1 00171.png
0.0 0.0 -1
172 0.506470 0.494953 -0.488759 0.509537 3.819221 -0.092031 0.350679 1 00172.png
0.0 0.0 -1
173 0.498527 0.488369 -0.491904 0.520568 3.923198 -0.049955 0.456263 1 00173.png
0.0 0.0 -1
174 0.488486 0.483664 -0.496303 0.530215 4.017795 -0.012754 0.571163 1 00174.png
0.0 0.0 -1
175 0.478765 0.478515 -0.501088 0.539178 4.144913 0.020892 0.684902 1 00175.png
0.0 0.0 -1
176 0.467943 0.474983 -0.506030 0.547129 4.266895 0.071632 0.795336 1 00176.png
0.0 0.0 -1
177 0.460892 0.470409 -0.508803 0.554444 4.408398 0.120683 0.889901 1 00177.png
0.0 0.0 -1
178 0.453561 0.468578 -0.512509 0.558611 4.532046 0.154734 0.966584 1 00178.png
0.0 0.0 -1
179 0.451874 0.464458 -0.513134 0.562830 4.634672 0.151296 1.020344 1 00179.png
0.0 0.0 -1
180 0.450385 0.465566 -0.512100 0.564048 4.728887 0.157383 1.033888 1 00180.png
0.0 0.0 -1
181 0.450218 0.465674 -0.512958 0.563313 4.828208 0.175799 1.027945 1 00181.png
0.0 0.0 -1
182 0.451342 0.464362 -0.513631 0.562883 4.939611 0.176959 1.039170 1 00182.png
0.0 0.0 -1
183 0.451081 0.465101 -0.516347 0.559990 5.062569 0.150013 1.049901 1 00183.png
0.0 0.0 -1
184 0.449519 0.465993 -0.518023 0.558954 5.205097 0.133198 1.058431 1 00184.png
0.0 0.0 -1
185 0.451937 0.464337 -0.518878 0.557589 5.348657 0.093122 1.055160 1 00185.png
0.0 0.0 -1
186 0.451303 0.463886 -0.520922 0.556570 5.466102 0.080151 1.061563 1 00186.png
0.0 0.0 -1
187 0.452116 0.462697 -0.519082 0.558617 5.561957 0.099573 1.066929 1 00187.png
0.0 0.0 -1
188 0.451622 0.463683 -0.519503 0.557807 5.676069 0.102940 1.066248 1 00188.png
0.0 0.0 -1
189 0.453134 0.462533 -0.518138 0.558803 5.800806 0.088711 1.061395 1 00189.png
0.0 0.0 -1
190 0.455306 0.462414 -0.517034 0.558159 5.930923 0.070894 1.049047 1 00190.png
0.0 0.0 -1
191 0.455905 0.463350 -0.516370 0.557508 6.067248 0.070693 1.035052 1 00191.png
0.0 0.0 -1
192 0.457936 0.462898 -0.516359 0.556227 6.208879 0.050626 1.018802 1 00192.png
0.0 0.0 -1
193 0.458214 0.464238 -0.518836 0.552564 6.350503 0.030485 1.011154 1 00193.png
0.0 0.0 -1
194 0.461987 0.464149 -0.517762 0.550500 6.483475 -0.016348 0.963074 1 00194.png
0.0 0.0 -1
195 0.465706 0.464767 -0.516177 0.548331 6.585718 -0.044397 0.913299 1 00195.png
0.0 0.0 -1
196 0.468060 0.467501 -0.514841 0.545249 6.699136 -0.052607 0.849063 1 00196.png
0.0 0.0 -1
197 0.471108 0.469153 -0.512198 0.543691 6.824865 -0.048472 0.800702 1 00197.png
0.0 0.0 -1
198 0.473145 0.471658 -0.508759 0.542983 6.953135 -0.025358 0.740101 1 00198.png
0.0 0.0 -1
199 0.474950 0.472151 -0.507688 0.541982 7.099410 -0.037467 0.712104 1 00199.png
0.0 0.0 -1
200 0.476558 0.472398 -0.504672 0.543170 7.246622 -0.032065 0.684074 1 00200.png
0.0 0.0 -1
201 0.476697 0.472296 -0.507273 0.540708 7.371720 -0.052785 0.689514 1 00201.png
0.0 0.0 -1
202 0.476509 0.472887 -0.505493 0.542022 7.497385 -0.016466 0.687649 1 00202.png
0.0 0.0 -1
203 0.476034 0.473443 -0.507519 0.540057 7.613236 -0.025016 0.696138 1 00203.png
0.0 0.0 -1
204 0.476878 0.473144 -0.509153 0.538033 7.727510 -0.058850 0.700780 1 00204.png
0.0 0.0 -1
205 0.477633 0.471265 -0.510534 0.537704 7.845303 -0.097093 0.725073 1 00205.png
0.0 0.0 -1
206 0.476292 0.471658 -0.509865 0.539181 7.971243 -0.069782 0.732194 1 00206.png
0.0 0.0 -1
207 0.478447 0.470107 -0.508759 0.539672 8.097105 -0.089418 0.730602 1 00207.png
0.0 0.0 -1
208 0.477674 0.470051 -0.509142 0.540046 8.220650 -0.083735 0.747406 1 00208.png
0.0 0.0 -1
209 0.478109 0.469730 -0.508181 0.540844 8.342311 -0.077622 0.744552 1 00209.png
0.0 0.0 -1
210 0.477899 0.470313 -0.506182 0.542395 8.436225 -0.047361 0.724055 1 00210.png
0.0 0.0 -1
211 0.478032 0.471988 -0.506369 0.540646 8.560648 -0.049825 0.701748 1 00211.png
0.0 0.0 -1
212 0.477566 0.473295 -0.503949 0.542174 8.696394 -0.000948 0.697608 1 00212.png
0.0 0.0 -1
213 0.477202 0.472893 -0.503137 0.543597 8.814070 0.025834 0.708111 1 00213.png
0.0 0.0 -1
214 0.477637 0.473160 -0.504647 0.541580 8.946752 0.001218 0.715675 1 00214.png
0.0 0.0 -1
215 0.478469 0.472291 -0.505419 0.540883 9.077959 -0.028811 0.729215 1 00215.png
0.0 0.0 -1
216 0.478813 0.472199 -0.504626 0.541399 9.189884 -0.018702 0.730796 1 00216.png
0.0 0.0 -1
217 0.479326 0.472384 -0.503804 0.541550 9.297131 -0.019992 0.715174 1 00217.png
0.0 0.0 -1
218 0.477716 0.473030 -0.504826 0.541457 9.414344 0.001293 0.732029 1 00218.png
0.0 0.0 -1
219 0.477705 0.473574 -0.504194 0.541580 9.517436 0.008641 0.703962 1 00219.png
0.0 0.0 -1
220 0.479954 0.471862 -0.502979 0.542215 9.637172 -0.019587 0.679689 1 00220.png
0.0 0.0 -1
221 0.480264 0.471933 -0.503852 0.541067 9.783524 -0.044527 0.674678 1 00221.png
0.0 0.0 -1
222 0.478416 0.473419 -0.503258 0.541958 9.923808 0.007593 0.699157 1 00222.png
0.0 0.0 -1
223 0.478176 0.472499 -0.505478 0.540906 10.057414 -0.010591 0.744835 1 00223.png
0.0 0.0 -1
224 0.476374 0.473948 -0.510129 0.536847 10.191014 -0.046863 0.761281 1 00224.png
0.0 0.0 -1
225 0.475048 0.475097 -0.507545 0.539449 10.333184 0.037582 0.774332 1 00225.png
0.0 0.0 -1
226 0.473455 0.477250 -0.508146 0.538382 10.460267 0.066508 0.775369 1 00226.png
0.0 0.0 -1
227 0.476388 0.476009 -0.505958 0.538954 10.595648 0.047772 0.740517 1 00227.png
0.0 0.0 -1
228 0.478819 0.473717 -0.506340 0.538459 10.699915 -0.020102 0.739843 1 00228.png
0.0 0.0 -1
229 0.477489 0.475623 -0.505890 0.538384 10.802021 0.014986 0.724101 1 00229.png
0.0 0.0 -1
230 0.479440 0.475417 -0.506502 0.536252 10.923999 -0.033916 0.690598 1 00230.png
0.0 0.0 -1
231 0.477937 0.476868 -0.504522 0.538168 11.056074 0.054928 0.698129 1 00231.png
0.0 0.0 -1
232 0.478294 0.477524 -0.504862 0.536950 11.203065 0.049029 0.680364 1 00232.png
0.0 0.0 -1
233 0.474532 0.481206 -0.499622 0.541879 11.332275 0.244525 0.681882 1 00233.png
0.0 0.0 -1
234 0.476134 0.482626 -0.498359 0.540372 11.422583 0.237383 0.635829 1 00234.png
0.0 0.0 -1
235 0.475048 0.484351 -0.496893 0.541134 11.490855 0.289628 0.613361 1 00235.png
0.0 0.0 -1
236 0.475306 0.485678 -0.496148 0.540401 11.520066 0.300511 0.570784 1 00236.png
0.0 0.0 -1
237 0.476100 0.484494 -0.497858 0.539190 11.529403 0.245462 0.575624 1 00237.png
0.0 0.0 -1
238 0.475790 0.484038 -0.498283 0.539482 11.532405 0.244568 0.593263 1 00238.png
0.0 0.0 -1
239 0.474909 0.483766 -0.499106 0.539740 11.539362 0.247607 0.612428 1 00239.png
0.0 0.0 -1
240 0.475668 0.483683 -0.498263 0.539925 11.537590 0.242713 0.594310 1 00240.png
0.0 0.0 -1
241 0.475317 0.483711 -0.498942 0.539582 11.538608 0.240025 0.603188 1 00241.png
0.0 0.0 -1
242 0.474931 0.483403 -0.499021 0.540125 11.545061 0.245307 0.617368 1 00242.png
0.0 0.0 -1
243 0.475591 0.483904 -0.498530 0.539549 11.536711 0.242802 0.599482 1 00243.png
0.0 0.0 -1
244 0.475152 0.483430 -0.499157 0.539782 11.541880 0.239240 0.616082 1 00244.png
0.0 0.0 -1
245 0.475035 0.483593 -0.498842 0.540028 11.543176 0.247895 0.614005 1 00245.png
0.0 0.0 -1
246 0.474583 0.483286 -0.499438 0.540150 11.548851 0.244693 0.624833 1 00246.png
0.0 0.0 -1
247 0.475363 0.483647 -0.498544 0.539967 11.542773 0.244313 0.601444 1 00247.png
0.0 0.0 -1
248 0.474877 0.483268 -0.499537 0.539817 11.545903 0.237000 0.623183 1 00248.png
0.0 0.0 -1
249 0.474586 0.483386 -0.499527 0.539976 11.546556 0.245714 0.626426 1 00249.png
0.0 0.0 -1
250 0.475286 0.483607 -0.498934 0.539711 11.541384 0.240780 0.609270 1 00250.png
0.0 0.0 -1
251 0.475016 0.483463 -0.499079 0.539943 11.544261 0.242996 0.615284 1 00251.png
0.0 0.0 -1
252 0.474988 0.483635 -0.499151 0.539747 11.542911 0.244238 0.615045 1 00252.png
0.0 0.0 -1
253 0.475251 0.483703 -0.498853 0.539730 11.542060 0.242777 0.605645 1 00253.png
0.0 0.0 -1
254 0.475444 0.483421 -0.498827 0.539836 11.541403 0.237341 0.609472 1 00254.png
0.0 0.0 -1
255 0.475447 0.483650 -0.498970 0.539497 11.539711 0.236770 0.605538 1 00255.png
0.0 0.0 -1
256 0.475673 0.483861 -0.498766 0.539297 11.537831 0.237021 0.595069 1 00256.png
0.0 0.0 -1
257 0.475486 0.483468 -0.498856 0.539730 11.540320 0.236637 0.607415 1 00257.png
0.0 0.0 -1
258 0.475515 0.483589 -0.498909 0.539546 11.539850 0.235532 0.605596 1 00258.png
0.0 0.0 -1
259 0.475209 0.483016 -0.499176 0.540083 11.545857 0.233927 0.621972 1 00259.png
0.0 0.0 -1
260 0.477060 0.482372 -0.500101 0.538168 11.552468 0.172440 0.596720 1 00260.png
0.0 0.0 -1
261 0.476538 0.482913 -0.499246 0.538938 11.581004 0.202487 0.590767 1 00261.png
0.0 0.0 -1
262 0.476316 0.483179 -0.498474 0.539610 11.621998 0.228458 0.596900 1 00262.png
0.0 0.0 -1
263 0.474756 0.483927 -0.497200 0.541487 11.681090 0.296068 0.613794 1 00263.png
0.0 0.0 -1
264 0.474739 0.484159 -0.497193 0.541301 11.744106 0.296419 0.602131 1 00264.png
0.0 0.0 -1
265 0.475695 0.483158 -0.496884 0.541640 11.808316 0.279277 0.604849 1 00265.png
0.0 0.0 -1
266 0.476984 0.482568 -0.495295 0.542487 11.870869 0.277851 0.587310 1 00266.png
0.0 0.0 -1
267 0.479810 0.481971 -0.497288 0.538689 11.932341 0.177277 0.550605 1 00267.png
0.0 0.0 -1
268 0.481154 0.481253 -0.497375 0.538051 11.983430 0.157363 0.543746 1 00268.png
0.0 0.0 -1
269 0.485351 0.480243 -0.497606 0.534961 12.004296 0.045825 0.516674 1 00269.png
0.0 0.0 -1
270 0.485308 0.481265 -0.498656 0.533101 12.060443 0.026391 0.488667 1 00270.png
0.0 0.0 -1
271 0.485459 0.481436 -0.500532 0.531047 12.139394 -0.020989 0.460259 1 00271.png
0.0 0.0 -1
272 0.486502 0.480857 -0.502727 0.528538 12.231697 -0.099732 0.438706 1 00272.png
0.0 0.0 -1
273 0.487574 0.479287 -0.504050 0.527715 12.309917 -0.168093 0.446649 1 00273.png
0.0 0.0 -1
274 0.489908 0.477368 -0.506850 0.524601 12.393986 -0.298639 0.442734 1 00274.png
0.0 0.0 -1
275 0.492616 0.476134 -0.506404 0.523617 12.502428 -0.360115 0.411804 1 00275.png
0.0 0.0 -1
276 0.492496 0.477195 -0.502479 0.526537 12.612123 -0.255705 0.403542 1 00276.png
0.0 0.0 -1
277 0.494264 0.476852 -0.500724 0.526863 12.723440 -0.258645 0.377695 1 00277.png
0.0 0.0 -1
278 0.493345 0.478566 -0.502357 0.524611 12.849879 -0.272275 0.341355 1 00278.png
0.0 0.0 -1
279 0.493709 0.478120 -0.502525 0.524514 12.977690 -0.282654 0.347556 1 00279.png
0.0 0.0 -1
280 0.492564 0.479631 -0.503528 0.523248 13.095442 -0.271764 0.348944 1 00280.png
0.0 0.0 -1
281 0.493241 0.479094 -0.503248 0.523372 13.226042 -0.284260 0.355402 1 00281.png
0.0 0.0 -1
282 0.493876 0.479103 -0.500298 0.525588 13.366535 -0.225265 0.353284 1 00282.png
0.0 0.0 -1
283 0.492304 0.480769 -0.499804 0.526011 13.530087 -0.156908 0.357096 1 00283.png
0.0 0.0 -1
284 0.489003 0.485455 -0.495635 0.528725 13.715822 0.053146 0.318114 1 00284.png
0.0 0.0 -1
285 0.488023 0.487212 -0.497187 0.526552 13.870169 0.045380 0.295415 1 00285.png
0.0 0.0 -1
286 0.484862 0.488249 -0.498236 0.527520 14.025681 0.125959 0.356830 1 00286.png
0.0 0.0 -1
287 0.487036 0.486781 -0.495992 0.528987 14.188500 0.115774 0.343098 1 00287.png
0.0 0.0 -1
288 0.489178 0.485243 -0.496759 0.527701 14.336916 0.030138 0.334226 1 00288.png
0.0 0.0 -1
289 0.489656 0.484371 -0.494975 0.529732 14.478352 0.069736 0.357398 1 00289.png
0.0 0.0 -1
290 0.487564 0.484191 -0.498968 0.528077 14.595185 0.024965 0.434162 1 00290.png
0.0 0.0 -1
291 0.484285 0.479105 -0.501106 0.533680 14.719707 0.066554 0.680163 1 00291.png
0.0 0.0 -1
292 0.477470 0.473652 -0.505543 0.540460 14.853134 0.132386 1.032267 1 00292.png
0.0 0.0 -1
293 0.466150 0.466548 -0.509880 0.552317 14.952844 0.311647 1.554986 1 00293.png
0.0 0.0 -1
294 0.450541 0.457382 -0.517910 0.565313 15.047513 0.508099 2.240315 1 00294.png
0.0 0.0 -1
295 0.434455 0.443191 -0.530260 0.577624 15.047465 0.541703 3.075716 1 00295.png
0.0 0.0 -1
296 0.409505 0.430656 -0.543569 0.592764 14.971078 0.744257 4.058871 1 00296.png
0.0 0.0 -1
297 0.386028 0.403017 -0.560485 0.611893 14.723599 0.734316 5.382085 1 00297.png
0.0 0.0 -1
298 0.357624 0.382640 -0.571006 0.632172 14.377947 1.020852 6.568855 1 00298.png
0.0 0.0 -1
299 0.325565 0.363069 -0.581806 0.650913 13.895343 1.331041 7.733785 1 00299.png
0.0 0.0 -1
300 0.292416 0.340421 -0.592566 0.668931 13.253410 1.592903 8.923213 1 00300.png
0.0 0.0 -1
301 0.255794 0.318812 -0.599847 0.687829 12.494725 1.988544 10.082639 1 00301.png
0.0 0.0 -1
302 0.221300 0.296237 -0.604876 0.705261 11.691446 2.338396 11.110508 1 00302.png
0.0 0.0 -1
303 0.187047 0.272882 -0.610692 0.719445 10.799696 2.587161 12.061274 1 00303.png
0.0 0.0 -1
304 0.152666 0.249702 -0.614894 0.732288 9.821843 2.820668 12.933064 1 00304.png
0.0 0.0 -1
305 0.119668 0.225699 -0.617111 0.744252 8.757082 3.057661 13.695410 1 00305.png
0.0 0.0 -1
306 0.089824 0.205340 -0.618545 0.753106 7.807026 3.244659 14.295510 1 00306.png
0.0 0.0 -1
307 0.063861 0.187526 -0.618027 0.760787 6.984191 3.420602 14.759215 1 00307.png
0.0 0.0 -1
308 0.044852 0.173336 -0.617957 0.765553 6.399369 3.513375 15.077744 1 00308.png
0.0 0.0 -1
309 0.028825 0.162313 -0.615741 0.770510 5.957897 3.659141 15.300925 1 00309.png
0.0 0.0 -1
310 0.019805 0.155023 -0.615017 0.772871 5.750044 3.711997 15.426054 1 00310.png
0.0 0.0 -1
311 0.015574 0.153613 -0.613325 0.774592 5.803695 3.793900 15.469507 1 00311.png
0.0 0.0 -1
312 0.013828 0.152297 -0.613076 0.775082 5.895673 3.814258 15.504083 1 00312.png
0.0 0.0 -1
313 0.012699 0.152408 -0.613489 0.774752 5.997705 3.809957 15.520478 1 00313.png
0.0 0.0 -1
314 0.012326 0.151848 -0.613039 0.775224 6.151946 3.820490 15.524556 1 00314.png
0.0 0.0 -1
315 0.012392 0.151629 -0.612921 0.775359 6.319612 3.821847 15.534626 1 00315.png
0.0 0.0 -1
316 0.012444 0.152520 -0.612562 0.775468 6.497319 3.841275 15.531376 1 00316.png
0.0 0.0 -1
317 0.012208 0.151353 -0.612574 0.775690 6.629071 3.838306 15.546676 1 00317.png
0.0 0.0 -1
318 0.008785 0.149466 -0.611914 0.776623 6.669139 3.877324 15.579469 1 00318.png
0.0 0.0 -1
319 0.004503 0.145708 -0.611662 0.777571 6.636788 3.899996 15.664375 1 00319.png
0.0 0.0 -1
320 -0.001637 0.139977 -0.611283 0.778933 6.517815 3.927067 15.783961 1 00320.png
0.0 0.0 -1
321 -0.009463 0.134905 -0.610462 0.780414 6.372411 3.979061 15.897324 1 00321.png
0.0 0.0 -1
322 -0.018182 0.127897 -0.611105 0.780936 6.170062 3.970190 16.055546 1 00322.png
0.0 0.0 -1
323 -0.027574 0.122498 -0.610527 0.781978 5.966132 4.020358 16.197457 1 00323.png
0.0 0.0 -1
324 -0.036575 0.117479 -0.608917 0.783633 5.777206 4.103222 16.299360 1 00324.png
0.0 0.0 -1
325 -0.043020 0.109868 -0.607920 0.785182 5.577836 4.122742 16.405855 1 00325.png
0.0 0.0 -1
326 -0.050607 0.103871 -0.606387 0.786730 5.399310 4.184978 16.505269 1 00326.png
0.0 0.0 -1
327 -0.058466 0.097521 -0.605934 0.787347 5.215536 4.193983 16.616487 1 00327.png
0.0 0.0 -1
328 -0.065468 0.093294 -0.605252 0.787832 5.123188 4.228665 16.697830 1 00328.png
0.0 0.0 -1
329 -0.070662 0.087982 -0.604070 0.788901 5.024725 4.256889 16.773748 1 00329.png
0.0 0.0 -1
330 -0.075483 0.085494 -0.603327 0.789296 5.001596 4.285791 16.821389 1 00330.png
0.0 0.0 -1
331 -0.080096 0.082579 -0.602080 0.790104 4.988933 4.332936 16.865785 1 00331.png
0.0 0.0 -1
332 -0.082889 0.081628 -0.603152 0.789097 5.082200 4.297151 16.908187 1 00332.png
0.0 0.0 -1
333 -0.084267 0.080096 -0.602287 0.789768 5.195880 4.333326 16.928068 1 00333.png
0.0 0.0 -1
334 -0.084201 0.080418 -0.601841 0.790082 5.377273 4.356735 16.929588 1 00334.png
0.0 0.0 -1
335 -0.085195 0.079828 -0.602483 0.789546 5.512066 4.330753 16.961303 1 00335.png
0.0 0.0 -1
336 -0.084298 0.080484 -0.601717 0.790160 5.707286 4.358179 16.937939 1 00336.png
0.0 0.0 -1
337 -0.084410 0.080046 -0.602650 0.789481 5.859842 4.317525 16.948050 1 00337.png
0.0 0.0 -1
338 -0.083897 0.080896 -0.601657 0.790206 6.047395 4.362206 16.928372 1 00338.png
0.0 0.0 -1
339 -0.082026 0.083307 -0.603020 0.789112 6.310240 4.319212 16.907012 1 00339.png
0.0 0.0 -1
340 -0.080222 0.083191 -0.603016 0.789313 6.522867 4.308722 16.881034 1 00340.png
0.0 0.0 -1
341 -0.079958 0.084188 -0.602179 0.789873 6.707902 4.354517 16.880321 1 00341.png
0.0 0.0 -1
342 -0.078459 0.083345 -0.603094 0.789414 6.922303 4.319491 16.896352 1 00342.png
0.0 0.0 -1
343 -0.078779 0.083192 -0.604088 0.788638 7.127240 4.297984 16.926638 1 00343.png
0.0 0.0 -1
344 -0.077995 0.081983 -0.605108 0.788060 7.347099 4.239903 16.960241 1 00344.png
0.0 0.0 -1
345 -0.077532 0.082352 -0.605277 0.787937 7.530695 4.231679 16.968822 1 00345.png
0.0 0.0 -1
346 -0.077808 0.082769 -0.605034 0.788054 7.701082 4.250879 16.972236 1 00346.png
0.0 0.0 -1
347 -0.077056 0.082710 -0.605216 0.787994 7.877684 4.229122 16.957498 1 00347.png
0.0 0.0 -1
348 -0.076390 0.082717 -0.603788 0.789153 8.040049 4.280916 16.933730 1 00348.png
0.0 0.0 -1
349 -0.075448 0.081596 -0.603798 0.789353 8.204247 4.257302 16.936119 1 00349.png
0.0 0.0 -1
350 -0.075063 0.082176 -0.604674 0.788658 8.397561 4.223711 16.938817 1 00350.png
0.0 0.0 -1
351 -0.075008 0.082178 -0.604051 0.789140 8.574855 4.252055 16.943278 1 00351.png
0.0 0.0 -1
352 -0.075129 0.082452 -0.606239 0.787421 8.767787 4.176209 16.977872 1 00352.png
0.0 0.0 -1
353 -0.074772 0.083292 -0.604215 0.788921 8.970319 4.271083 16.952205 1 00353.png
0.0 0.0 -1
354 -0.075137 0.083032 -0.605630 0.787827 9.139195 4.209736 16.970753 1 00354.png
0.0 0.0 -1
355 -0.074052 0.082488 -0.605404 0.788161 9.316317 4.204430 16.970978 1 00355.png
0.0 0.0 -1
356 -0.074638 0.083116 -0.604168 0.788988 9.462476 4.269697 16.959269 1 00356.png
0.0 0.0 -1
357 -0.074553 0.082874 -0.604725 0.788594 9.620231 4.242723 16.967479 1 00357.png
0.0 0.0 -1
358 -0.073495 0.082663 -0.605339 0.788245 9.826608 4.210608 16.973393 1 00358.png
0.0 0.0 -1
359 -0.073480 0.082104 -0.605189 0.788420 9.975472 4.206323 16.984848 1 00359.png
0.0 0.0 -1
360 -0.072991 0.081887 -0.605230 0.788456 10.152890 4.194847 16.984507 1 00360.png
0.0 0.0 -1
361 -0.073169 0.083191 -0.604847 0.788597 10.348888 4.234069 16.967685 1 00361.png
0.0 0.0 -1
362 -0.073310 0.082740 -0.605079 0.788453 10.520347 4.222356 16.985478 1 00362.png
0.0 0.0 -1
363 -0.071957 0.082307 -0.604013 0.789440 10.712578 4.246547 16.968361 1 00363.png
0.0 0.0 -1
364 -0.072079 0.082728 -0.603452 0.789813 10.874453 4.280583 16.965841 1 00364.png
0.0 0.0 -1
365 -0.071797 0.082591 -0.603942 0.789479 11.046810 4.256913 16.970534 1 00365.png
0.0 0.0 -1
366 -0.070318 0.081757 -0.603684 0.789896 11.237520 4.238393 16.968607 1 00366.png
0.0 0.0 -1
367 -0.070669 0.082479 -0.604338 0.789290 11.423881 4.230387 16.981061 1 00367.png
0.0 0.0 -1
368 -0.070240 0.082720 -0.602394 0.790787 11.589182 4.308514 16.958091 1 00368.png
0.0 0.0 -1
369 -0.069052 0.082320 -0.602556 0.790810 11.767149 4.274461 16.947466 1 00369.png
0.0 0.0 -1
370 -0.068947 0.082198 -0.602126 0.791159 11.939416 4.295101 16.950182 1 00370.png
0.0 0.0 -1
371 -0.068954 0.081838 -0.602093 0.791222 12.104766 4.295166 16.963701 1 00371.png
0.0 0.0 -1
372 -0.067813 0.081968 -0.602571 0.790942 12.315091 4.262639 16.959607 1 00372.png
0.0 0.0 -1
373 -0.068498 0.082119 -0.602572 0.790867 12.473084 4.281099 16.977781 1 00373.png
0.0 0.0 -1
374 -0.068663 0.082338 -0.603585 0.790057 12.650364 4.246291 16.990704 1 00374.png
0.0 0.0 -1
375 -0.068405 0.082341 -0.603039 0.790496 12.831861 4.266615 16.981830 1 00375.png
0.0 0.0 -1
376 -0.068865 0.084037 -0.603190 0.790162 13.017450 4.295581 16.958824 1 00376.png
0.0 0.0 -1
377 -0.069207 0.084184 -0.603944 0.789541 13.179696 4.274043 16.975629 1 00377.png
0.0 0.0 -1
378 -0.067512 0.083601 -0.603606 0.790008 13.396278 4.252384 16.965702 1 00378.png
0.0 0.0 -1
379 -0.068254 0.083492 -0.603335 0.790163 13.576477 4.274325 16.981019 1 00379.png
0.0 0.0 -1
380 -0.068504 0.083551 -0.603981 0.789641 13.749422 4.258299 16.998433 1 00380.png
0.0 0.0 -1
381 -0.067169 0.084324 -0.604732 0.789098 13.980611 4.223771 16.969970 1 00381.png
0.0 0.0 -1
382 -0.065238 0.085880 -0.605327 0.788636 14.224202 4.195246 16.906804 1 00382.png
0.0 0.0 -1
383 -0.064205 0.087342 -0.605472 0.788449 14.440310 4.202978 16.871568 1 00383.png
0.0 0.0 -1
384 -0.064040 0.087681 -0.606463 0.787663 14.613199 4.163778 16.871687 1 00384.png
0.0 0.0 -1
385 -0.062381 0.087672 -0.605230 0.788745 14.820644 4.181853 16.829545 1 00385.png
0.0 0.0 -1
386 -0.063842 0.089099 -0.605869 0.787977 14.979828 4.217170 16.839223 1 00386.png
0.0 0.0 -1
387 -0.063518 0.088745 -0.606142 0.787833 15.145685 4.195211 16.845201 1 00387.png
0.0 0.0 -1
388 -0.065008 0.090254 -0.605581 0.787972 15.276266 4.271627 16.832634 1 00388.png
0.0 0.0 -1
389 -0.064452 0.090130 -0.606016 0.787697 15.421196 4.241585 16.828433 1 00389.png
0.0 0.0 -1
390 -0.063276 0.088663 -0.606633 0.787484 15.533989 4.167323 16.846644 1 00390.png
0.0 0.0 -1
391 -0.062763 0.087611 -0.606216 0.787964 15.587248 4.157317 16.870296 1 00391.png
0.0 0.0 -1
392 -0.063945 0.087826 -0.606062 0.787963 15.628844 4.188480 16.886040 1 00392.png
0.0 0.0 -1
393 -0.065248 0.086319 -0.606668 0.787557 15.642188 4.163539 16.958065 1 00393.png
0.0 0.0 -1
394 -0.066199 0.084056 -0.606523 0.787833 15.651230 4.147395 17.030628 1 00394.png
0.0 0.0 -1
395 -0.069778 0.080660 -0.606779 0.787683 15.577783 4.148557 17.196261 1 00395.png
0.0 0.0 -1
396 -0.074977 0.075349 -0.605948 0.788370 15.429606 4.184199 17.424474 1 00396.png
0.0 0.0 -1
397 -0.083309 0.068604 -0.604695 0.789111 15.170811 4.264553 17.741413 1 00397.png
0.0 0.0 -1
398 -0.092229 0.062556 -0.602814 0.790060 14.909298 4.399209 18.042530 1 00398.png
0.0 0.0 -1
399 -0.103166 0.055015 -0.601243 0.790466 14.536244 4.527443 18.413090 1 00399.png
0.0 0.0 -1
400 -0.112889 0.046676 -0.601267 0.789655 14.161098 4.546259 18.795978 1 00400.png
0.0 0.0 -1
401 -0.121686 0.039363 -0.598702 0.790695 13.797883 4.664759 19.093559 1 00401.png
0.0 0.0 -1
402 -0.130621 0.033659 -0.597448 0.790481 13.502903 4.752423 19.375579 1 00402.png
0.0 0.0 -1
403 -0.137036 0.030644 -0.596705 0.790079 13.370694 4.841462 19.565903 1 00403.png
0.0 0.0 -1
404 -0.139608 0.027752 -0.596999 0.789513 13.366352 4.818045 19.686871 1 00404.png
0.0 0.0 -1
405 -0.141457 0.028436 -0.594978 0.790685 13.455959 4.958395 19.683890 1 00405.png
0.0 0.0 -1
406 -0.142163 0.027456 -0.595742 0.790017 13.566966 4.919958 19.721964 1 00406.png
0.0 0.0 -1
407 -0.141220 0.029843 -0.594892 0.790740 13.815479 4.995240 19.645969 1 00407.png
0.0 0.0 -1
408 -0.136430 0.032904 -0.595268 0.791177 14.180269 4.956854 19.496477 1 00408.png
0.0 0.0 -1
409 -0.132880 0.036052 -0.596281 0.790880 14.512938 4.911489 19.362239 1 00409.png
0.0 0.0 -1
410 -0.127868 0.039798 -0.597146 0.790875 14.913457 4.863508 19.185975 1 00410.png
0.0 0.0 -1
411 -0.123557 0.041039 -0.598187 0.790710 15.240328 4.766669 19.096315 1 00411.png
0.0 0.0 -1
412 -0.121204 0.044404 -0.598380 0.790745 15.524675 4.781916 18.971335 1 00412.png
0.0 0.0 -1
413 -0.117802 0.044128 -0.599277 0.790596 15.773183 4.670083 18.929903 1 00413.png
0.0 0.0 -1
414 -0.116488 0.046485 -0.599220 0.790699 16.027688 4.706299 18.849568 1 00414.png
0.0 0.0 -1
415 -0.115287 0.045711 -0.599326 0.790839 16.202602 4.656382 18.841959 1 00415.png
0.0 0.0 -1
416 -0.114924 0.047047 -0.598400 0.791515 16.414724 4.718961 18.792986 1 00416.png
0.0 0.0 -1
417 -0.114665 0.046091 -0.598990 0.791162 16.543089 4.660073 18.815378 1 00417.png
0.0 0.0 -1
418 -0.114349 0.045943 -0.599146 0.791099 16.700045 4.648736 18.818901 1 00418.png
0.0 0.0 -1
419 -0.113769 0.045084 -0.599044 0.791309 16.868188 4.623284 18.838673 1 00419.png
0.0 0.0 -1
420 -0.114968 0.046130 -0.598277 0.791656 17.006551 4.707378 18.828376 1 00420.png
0.0 0.0 -1
421 -0.114603 0.045666 -0.598718 0.791402 17.142983 4.669300 18.842718 1 00421.png
0.0 0.0 -1
422 -0.113989 0.045634 -0.597949 0.792074 17.311750 4.693266 18.831672 1 00422.png
0.0 0.0 -1
423 -0.113448 0.043897 -0.598450 0.791871 17.436226 4.617679 18.876278 1 00423.png
0.0 0.0 -1
424 -0.114631 0.044360 -0.598379 0.791728 17.546979 4.665058 18.901922 1 00424.png
0.0 0.0 -1
425 -0.113624 0.044830 -0.597766 0.792310 17.692770 4.679433 18.864154 1 00425.png
0.0 0.0 -1
426 -0.113661 0.045094 -0.598230 0.791939 17.836333 4.666290 18.861663 1 00426.png
0.0 0.0 -1
427 -0.113352 0.044831 -0.598604 0.791716 17.995627 4.642258 18.868980 1 00427.png
0.0 0.0 -1
428 -0.113676 0.046077 -0.597936 0.792103 18.160615 4.709167 18.837530 1 00428.png
0.0 0.0 -1
429 -0.111087 0.046803 -0.598586 0.791937 18.391856 4.630977 18.761727 1 00429.png
0.0 0.0 -1
430 -0.109493 0.047484 -0.598457 0.792215 18.601258 4.616006 18.706670 1 00430.png
0.0 0.0 -1
431 -0.107165 0.048711 -0.598103 0.792727 18.836442 4.602642 18.615976 1 00431.png
0.0 0.0 -1
432 -0.104991 0.049537 -0.599110 0.792205 19.083033 4.528702 18.556993 1 00432.png
0.0 0.0 -1
433 -0.103635 0.051955 -0.598512 0.792681 19.330341 4.582367 18.448328 1 00433.png
0.0 0.0 -1
434 -0.100952 0.051982 -0.599766 0.792077 19.565802 4.461080 18.398371 1 00434.png
0.0 0.0 -1
435 -0.101057 0.053419 -0.599673 0.792039 19.751736 4.508850 18.365521 1 00435.png
0.0 0.0 -1
436 -0.099579 0.054649 -0.599378 0.792366 19.963444 4.510579 18.285577 1 00436.png
0.0 0.0 -1
437 -0.098366 0.055920 -0.599485 0.792347 20.167376 4.509272 18.215954 1 00437.png
0.0 0.0 -1
438 -0.097011 0.056317 -0.600129 0.791999 20.372511 4.454550 18.177551 1 00438.png
0.0 0.0 -1
439 -0.095576 0.056612 -0.599702 0.792476 20.572205 4.439080 18.130843 1 00439.png
0.0 0.0 -1
440 -0.094776 0.057741 -0.599146 0.792910 20.765699 4.469594 18.077111 1 00440.png
0.0 0.0 -1
441 -0.093660 0.057592 -0.600187 0.792267 20.949884 4.395264 18.065779 1 00441.png
0.0 0.0 -1
442 -0.094749 0.058388 -0.599363 0.792702 21.077484 4.488200 18.069880 1 00442.png
0.0 0.0 -1
443 -0.093727 0.058698 -0.599899 0.792395 21.269731 4.443105 18.040190 1 00443.png
0.0 0.0 -1
444 -0.095137 0.058880 -0.600208 0.791980 21.382387 4.480474 18.077866 1 00444.png
0.0 0.0 -1
445 -0.093547 0.058070 -0.599683 0.792627 21.552927 4.428913 18.062106 1 00445.png
0.0 0.0 -1
446 -0.093947 0.058835 -0.600171 0.792153 21.708586 4.446523 18.052049 1 00446.png
0.0 0.0 -1
447 -0.093443 0.058067 -0.600357 0.792129 21.842456 4.400439 18.068374 1 00447.png
0.0 0.0 -1
448 -0.093601 0.058286 -0.600827 0.791738 21.990725 4.400334 18.078468 1 00448.png
0.0 0.0 -1
449 -0.093547 0.057813 -0.600337 0.792150 22.115799 4.405154 18.097956 1 00449.png
0.0 0.0 -1
450 -0.093068 0.057998 -0.600386 0.792155 22.271173 4.392764 18.084987 1 00450.png
0.0 0.0 -1
451 -0.094127 0.059222 -0.599624 0.792517 22.399927 4.495783 18.066955 1 00451.png
0.0 0.0 -1
452 -0.093118 0.058115 -0.599257 0.792996 22.537429 4.441815 18.071480 1 00452.png
0.0 0.0 -1
453 -0.093888 0.059188 -0.601281 0.791292 22.680647 4.423207 18.075204 1 00453.png
0.0 0.0 -1
454 -0.093102 0.058708 -0.600698 0.791863 22.824346 4.404620 18.067271 1 00454.png
0.0 0.0 -1
455 -0.092993 0.058898 -0.600188 0.792248 22.963533 4.425556 18.057854 1 00455.png
0.0 0.0 -1
456 -0.092013 0.058569 -0.600712 0.791990 23.121524 4.359339 18.038680 1 00456.png
0.0 0.0 -1
457 -0.091955 0.058428 -0.600402 0.792242 23.255216 4.370394 18.048671 1 00457.png
0.0 0.0 -1
458 -0.091780 0.058280 -0.601287 0.791602 23.394994 4.327400 18.061212 1 00458.png
0.0 0.0 -1
459 -0.091070 0.058384 -0.601647 0.791403 23.544825 4.292466 18.045068 1 00459.png
0.0 0.0 -1
460 -0.091987 0.058575 -0.600273 0.792325 23.642816 4.387812 18.065171 1 00460.png
0.0 0.0 -1
461 -0.091148 0.058960 -0.600881 0.791933 23.810946 4.343413 18.024245 1 00461.png
0.0 0.0 -1
462 -0.091163 0.059172 -0.600940 0.791870 23.953433 4.350772 18.024348 1 00462.png
0.0 0.0 -1
463 -0.091732 0.059266 -0.600978 0.791769 24.073550 4.370965 18.042074 1 00463.png
0.0 0.0 -1
464 -0.090891 0.059333 -0.600779 0.792012 24.227282 4.355862 18.023280 1 00464.png
0.0 0.0 -1
465 -0.090692 0.059054 -0.601833 0.791255 24.360941 4.295716 18.035295 1 00465.png
0.0 0.0 -1
466 -0.090534 0.059160 -0.601555 0.791477 24.492812 4.314487 18.033937 1 00466.png
0.0 0.0 -1
467 -0.090352 0.058990 -0.601462 0.791580 24.620238 4.309181 18.043094 1 00467.png
0.0 0.0 -1
468 -0.089597 0.058714 -0.601617 0.791569 24.756623 4.268132 18.031188 1 00468.png
0.0 0.0 -1
469 -0.089341 0.057893 -0.601063 0.792079 24.884805 4.260716 18.054888 1 00469.png
0.0 0.0 -1
470 -0.090395 0.059326 -0.601016 0.791889 25.036338 4.358219 18.031680 1 00470.png
0.0 0.0 -1
471 -0.089193 0.058494 -0.601997 0.791342 25.175445 4.262022 18.039340 1 00471.png
0.0 0.0 -1
472 -0.089284 0.058392 -0.601756 0.791523 25.285251 4.275762 18.049354 1 00472.png
0.0 0.0 -1
473 -0.089327 0.058495 -0.602405 0.791016 25.414927 4.235933 18.056542 1 00473.png
0.0 0.0 -1
474 -0.089161 0.059294 -0.601894 0.791364 25.544474 4.277511 18.024137 1 00474.png
0.0 0.0 -1
475 -0.088505 0.058719 -0.602854 0.790750 25.662521 4.192768 18.028153 1 00475.png
0.0 0.0 -1
476 -0.088127 0.058258 -0.602460 0.791126 25.774571 4.183693 18.035467 1 00476.png
0.0 0.0 -1
477 -0.088199 0.058367 -0.602013 0.791450 25.876692 4.218647 18.031174 1 00477.png
0.0 0.0 -1
478 -0.087274 0.058100 -0.602243 0.791398 26.010593 4.173027 18.023214 1 00478.png
0.0 0.0 -1
479 -0.089032 0.059065 -0.602094 0.791244 26.094951 4.276492 18.046307 1 00479.png
0.0 0.0 -1
480 -0.086716 0.058369 -0.602428 0.791298 26.242164 4.153070 18.004188 1 00480.png
0.0 0.0 -1
481 -0.088394 0.059021 -0.602338 0.791133 26.314720 4.247192 18.034887 1 00481.png
0.0 0.0 -1
482 -0.088269 0.059306 -0.602096 0.791310 26.434630 4.265001 18.021776 1 00482.png
0.0 0.0 -1
483 -0.087448 0.058661 -0.601811 0.791666 26.551796 4.218855 18.018742 1 00483.png
0.0 0.0 -1
484 -0.088068 0.059513 -0.602064 0.791341 26.658354 4.254997 17.993339 1 00484.png
0.0 0.0 -1
485 -0.087621 0.059782 -0.601952 0.791456 26.762253 4.256277 17.972169 1 00485.png
0.0 0.0 -1
486 -0.086789 0.059345 -0.603337 0.790525 26.905430 4.159546 17.983900 1 00486.png
0.0 0.0 -1
487 -0.087282 0.060034 -0.603021 0.790660 27.026464 4.217891 17.975150 1 00487.png
0.0 0.0 -1
488 -0.087174 0.059693 -0.601990 0.791483 27.126011 4.240126 17.981804 1 00488.png
0.0 0.0 -1
489 -0.086444 0.059515 -0.602693 0.791041 27.250241 4.176653 17.969091 1 00489.png
0.0 0.0 -1
490 -0.086096 0.059511 -0.602739 0.791044 27.391733 4.167605 17.965165 1 00490.png
0.0 0.0 -1
491 -0.085939 0.059888 -0.602174 0.791463 27.520917 4.194317 17.940793 1 00491.png
0.0 0.0 -1
492 -0.086374 0.059578 -0.601796 0.791727 27.612726 4.217897 17.974771 1 00492.png
0.0 0.0 -1
493 -0.085670 0.059194 -0.602222 0.791508 27.745423 4.164125 17.976455 1 00493.png
0.0 0.0 -1
494 -0.086157 0.059796 -0.602263 0.791379 27.859313 4.206997 17.972479 1 00494.png
0.0 0.0 -1
495 -0.086446 0.059895 -0.603033 0.790753 27.972609 4.190455 17.985239 1 00495.png
0.0 0.0 -1
496 -0.086952 0.060661 -0.602139 0.791320 28.098842 4.278352 17.968560 1 00496.png
0.0 0.0 -1
497 -0.085868 0.060066 -0.603312 0.790590 28.241587 4.162116 17.966026 1 00497.png
0.0 0.0 -1
498 -0.085443 0.059742 -0.603863 0.790240 28.370649 4.115196 17.974267 1 00498.png
0.0 0.0 -1
499 -0.086191 0.060832 -0.603192 0.790588 28.483101 4.214744 17.956979 1 00499.png
0.0 0.0 -1
500 -0.085014 0.060222 -0.603447 0.790567 28.603393 4.134170 17.945256 1 00500.png
0.0 0.0 -1
501 -0.085356 0.060481 -0.603870 0.790188 28.717140 4.140932 17.947991 1 00501.png
0.0 0.0 -1
502 -0.084943 0.060056 -0.604159 0.790044 28.835211 4.097223 17.958137 1 00502.png
0.0 0.0 -1
503 -0.085746 0.060784 -0.603660 0.790283 28.944306 4.181167 17.954510 1 00503.png
0.0 0.0 -1
504 -0.084894 0.059751 -0.603406 0.790648 29.048231 4.106339 17.967309 1 00504.png
0.0 0.0 -1
505 -0.084644 0.059943 -0.603241 0.790786 29.168066 4.105396 17.947295 1 00505.png
0.0 0.0 -1
506 -0.085439 0.060190 -0.604124 0.790007 29.263700 4.116566 17.964775 1 00506.png
0.0 0.0 -1
507 -0.085174 0.061145 -0.603826 0.790190 29.405334 4.161471 17.918082 1 00507.png
0.0 0.0 -1
508 -0.084359 0.060421 -0.604779 0.789604 29.532207 4.065174 17.935361 1 00508.png
0.0 0.0 -1
509 -0.084427 0.061038 -0.604749 0.789572 29.661304 4.094832 17.910844 1 00509.png
0.0 0.0 -1
510 -0.083249 0.060779 -0.604810 0.789671 29.787847 4.036913 17.875402 1 00510.png
0.0 0.0 -1
511 -0.082886 0.060571 -0.604063 0.790296 29.907963 4.042233 17.861398 1 00511.png
0.0 0.0 -1
512 -0.083548 0.061032 -0.604488 0.789866 30.014246 4.061991 17.873273 1 00512.png
0.0 0.0 -1
513 -0.082481 0.060146 -0.604329 0.790168 30.128178 3.981836 17.883397 1 00513.png
0.0 0.0 -1
514 -0.082418 0.061051 -0.604584 0.789910 30.268076 4.009943 17.849158 1 00514.png
0.0 0.0 -1
515 -0.082440 0.061175 -0.604633 0.789861 30.396679 4.026990 17.841151 1 00515.png
0.0 0.0 -1
516 -0.082248 0.060732 -0.604951 0.789671 30.524970 4.001959 17.860219 1 00516.png
0.0 0.0 -1
517 -0.082134 0.061463 -0.604871 0.789688 30.665823 4.021505 17.817288 1 00517.png
0.0 0.0 -1
518 -0.082992 0.061373 -0.604395 0.789969 30.758070 4.068932 17.859698 1 00518.png
0.0 0.0 -1
519 -0.082075 0.061336 -0.605633 0.789120 30.889914 3.970976 17.835344 1 00519.png
0.0 0.0 -1
520 -0.083580 0.063373 -0.604340 0.789792 31.000016 4.175338 17.784568 1 00520.png
0.0 0.0 -1
521 -0.081896 0.061836 -0.604574 0.789911 31.113627 4.027466 17.798467 1 00521.png
0.0 0.0 -1
522 -0.082479 0.061807 -0.603969 0.790315 31.186279 4.082376 17.827946 1 00522.png
0.0 0.0 -1
523 -0.081445 0.060979 -0.604385 0.790168 31.283006 3.991302 17.840206 1 00523.png
0.0 0.0 -1
524 -0.081330 0.061167 -0.604415 0.790143 31.356092 3.991473 17.829675 1 00524.png
0.0 0.0 -1
525 -0.080619 0.060582 -0.604040 0.790548 31.426022 3.945108 17.824075 1 00525.png
0.0 0.0 -1
526 -0.080431 0.060221 -0.603615 0.790919 31.497036 3.937148 17.831005 1 00526.png
0.0 0.0 -1
527 -0.078363 0.058703 -0.604302 0.790716 31.598969 3.755704 17.830680 1 00527.png
0.0 0.0 -1
528 -0.079997 0.060290 -0.604435 0.790331 31.675415 3.897260 17.823244 1 00528.png
0.0 0.0 -1
529 -0.079460 0.059857 -0.604273 0.790542 31.778920 3.862318 17.829889 1 00529.png
0.0 0.0 -1
530 -0.080293 0.060307 -0.605076 0.789809 31.875389 3.885770 17.845867 1 00530.png
0.0 0.0 -1
531 -0.079530 0.061183 -0.604780 0.790045 32.016554 3.902394 17.771309 1 00531.png
0.0 0.0 -1
532 -0.079448 0.060341 -0.604740 0.790150 32.090106 3.861421 17.813293 1 00532.png
0.0 0.0 -1
533 -0.079223 0.060978 -0.605296 0.789697 32.212448 3.852962 17.776141 1 00533.png
0.0 0.0 -1
534 -0.079249 0.060523 -0.605386 0.789661 32.312021 3.835340 17.807205 1 00534.png
0.0 0.0 -1
535 -0.079300 0.060697 -0.604961 0.789967 32.417740 3.860341 17.802705 1 00535.png
0.0 0.0 -1
536 -0.079229 0.060782 -0.605303 0.789706 32.513230 3.848626 17.797816 1 00536.png
0.0 0.0 -1
537 -0.078533 0.060526 -0.605211 0.789866 32.610815 3.806443 17.782015 1 00537.png
0.0 0.0 -1
538 -0.078895 0.061216 -0.604455 0.790356 32.702896 3.880132 17.755712 1 00538.png
0.0 0.0 -1
539 -0.078158 0.060065 -0.604047 0.790829 32.788155 3.810194 17.785958 1 00539.png
0.0 0.0 -1
540 -0.078716 0.061022 -0.604514 0.790343 32.885515 3.864124 17.763604 1 00540.png
0.0 0.0 -1
541 -0.078399 0.061690 -0.603060 0.791433 32.986490 3.937385 17.708298 1 00541.png
0.0 0.0 -1
542 -0.077630 0.061382 -0.603568 0.791145 33.085493 3.861319 17.697173 1 00542.png
0.0 0.0 -1
543 -0.077919 0.062029 -0.603796 0.790893 33.180959 3.892707 17.679841 1 00543.png
0.0 0.0 -1
544 -0.079063 0.062369 -0.604384 0.790303 33.257438 3.948463 17.717575 1 00544.png
0.0 0.0 -1
545 -0.078760 0.062773 -0.603440 0.791022 33.374009 3.988975 17.685726 1 00545.png
0.0 0.0 -1
546 -0.077699 0.061524 -0.603777 0.790968 33.487022 3.867383 17.707497 1 00546.png
0.0 0.0 -1
547 -0.077512 0.061290 -0.604489 0.790461 33.593258 3.822998 17.713932 1 00547.png
0.0 0.0 -1
548 -0.077548 0.060610 -0.604505 0.790497 33.669190 3.794516 17.758668 1 00548.png
0.0 0.0 -1
549 -0.076117 0.060932 -0.604814 0.790375 33.796245 3.727578 17.688948 1 00549.png
0.0 0.0 -1
550 -0.075665 0.060410 -0.604959 0.790347 33.881979 3.680641 17.702947 1 00550.png
0.0 0.0 -1
551 -0.074999 0.059594 -0.604446 0.790865 33.979905 3.631770 17.717770 1 00551.png
0.0 0.0 -1
552 -0.074873 0.058937 -0.605159 0.790381 34.079411 3.575540 17.749668 1 00552.png
0.0 0.0 -1
553 -0.074547 0.059143 -0.605494 0.790140 34.201491 3.558024 17.732238 1 00553.png
0.0 0.0 -1
554 -0.075187 0.059890 -0.604669 0.790655 34.281625 3.660096 17.723512 1 00554.png
0.0 0.0 -1
555 -0.075182 0.059563 -0.605701 0.789890 34.372701 3.600963 17.746293 1 00555.png
0.0 0.0 -1
556 -0.075808 0.059587 -0.605480 0.789997 34.456200 3.643656 17.778315 1 00556.png
0.0 0.0 -1
557 -0.076354 0.061224 -0.605573 0.789748 34.572647 3.740035 17.714608 1 00557.png
0.0 0.0 -1
558 -0.076473 0.061052 -0.605230 0.790013 34.655906 3.755835 17.733899 1 00558.png
0.0 0.0 -1
559 -0.076002 0.061722 -0.606324 0.789167 34.783184 3.713025 17.672887 1 00559.png
0.0 0.0 -1
560 -0.074967 0.061102 -0.606032 0.789539 34.893582 3.642452 17.655843 1 00560.png
0.0 0.0 -1
561 -0.075564 0.061374 -0.605811 0.789630 34.984826 3.697342 17.672181 1 00561.png
0.0 0.0 -1
562 -0.075667 0.062578 -0.605494 0.789769 35.096634 3.776352 17.617538 1 00562.png
0.0 0.0 -1
563 -0.074254 0.060012 -0.607175 0.788811 35.177867 3.518262 17.706411 1 00563.png
0.0 0.0 -1
564 -0.078045 0.064250 -0.602831 0.791439 35.250098 4.091523 17.638016 1 00564.png
0.0 0.0 -1
565 -0.077798 0.064825 -0.604310 0.790287 35.369001 4.029557 17.584795 1 00565.png
0.0 0.0 -1
566 -0.079103 0.066138 -0.604080 0.790225 35.463526 4.171329 17.570166 1 00566.png
0.0 0.0 -1
567 -0.079513 0.067822 -0.603051 0.790827 35.584786 4.320605 17.500983 1 00567.png
0.0 0.0 -1
568 -0.077806 0.065289 -0.602670 0.791500 35.673074 4.143246 17.576075 1 00568.png
0.0 0.0 -1
569 -0.078140 0.067215 -0.602026 0.791796 35.809568 4.274870 17.480288 1 00569.png
0.0 0.0 -1
570 -0.075227 0.063002 -0.600804 0.793351 35.893511 3.980827 17.595813 1 00570.png
0.0 0.0 -1
571 -0.070854 0.058811 -0.603564 0.791979 36.034981 3.438530 17.653988 1 00571.png
0.0 0.0 -1
572 -0.069838 0.055593 -0.606875 0.789769 36.104686 3.100318 17.794626 1 00572.png
0.0 0.0 -1
573 -0.069751 0.055797 -0.604175 0.791829 36.200506 3.228372 17.785424 1 00573.png
0.0 0.0 -1
574 -0.068660 0.055432 -0.605869 0.790655 36.327170 3.077210 17.759970 1 00574.png
0.0 0.0 -1
575 -0.069233 0.055635 -0.604432 0.791690 36.422730 3.183632 17.781337 1 00575.png
0.0 0.0 -1
576 -0.069524 0.056170 -0.602919 0.792780 36.533353 3.282129 17.766543 1 00576.png
0.0 0.0 -1
577 -0.073121 0.060466 -0.607767 0.788426 36.684855 3.466263 17.681207 1 00577.png
0.0 0.0 -1
578 -0.074578 0.061677 -0.607794 0.788175 36.786898 3.607201 17.680023 1 00578.png
0.0 0.0 -1
579 -0.073344 0.062648 -0.607976 0.788074 36.943637 3.579602 17.574763 1 00579.png
0.0 0.0 -1
580 -0.071742 0.063065 -0.608062 0.788122 37.103170 3.500065 17.477458 1 00580.png
0.0 0.0 -1
581 -0.071218 0.064031 -0.607979 0.788156 37.248462 3.521523 17.400648 1 00581.png
0.0 0.0 -1
582 -0.069673 0.065060 -0.608245 0.788004 37.424189 3.473302 17.272671 1 00582.png
0.0 0.0 -1
583 -0.067878 0.064778 -0.609086 0.787534 37.580524 3.328878 17.207425 1 00583.png
0.0 0.0 -1
584 -0.066517 0.067064 -0.608600 0.787835 37.785726 3.383474 17.015304 1 00584.png
0.0 0.0 -1
585 -0.065364 0.068804 -0.608877 0.787567 37.977108 3.387909 16.857969 1 00585.png
0.0 0.0 -1
586 -0.064619 0.070801 -0.608526 0.787722 38.149294 3.456174 16.706558 1 00586.png
0.0 0.0 -1
587 -0.064014 0.071553 -0.608351 0.787839 38.293615 3.471287 16.639248 1 00587.png
0.0 0.0 -1
588 -0.062690 0.073014 -0.608901 0.787387 38.471495 3.449604 16.496532 1 00588.png
0.0 0.0 -1
589 -0.060919 0.072973 -0.609463 0.787094 38.628170 3.327455 16.424665 1 00589.png
0.0 0.0 -1
590 -0.060655 0.074055 -0.607515 0.788519 38.771485 3.442718 16.348423 1 00590.png
0.0 0.0 -1
591 -0.058566 0.074101 -0.609146 0.787413 38.938525 3.254760 16.250498 1 00591.png
0.0 0.0 -1
592 -0.057118 0.074946 -0.608533 0.787914 39.095221 3.241764 16.131797 1 00592.png
0.0 0.0 -1
593 -0.055160 0.076702 -0.607720 0.788511 39.279675 3.244445 15.933488 1 00593.png
0.0 0.0 -1
594 -0.053245 0.076966 -0.608590 0.787946 39.445746 3.107918 15.828707 1 00594.png
0.0 0.0 -1
595 -0.051401 0.077427 -0.609228 0.787530 39.629346 2.999103 15.710581 1 00595.png
0.0 0.0 -1
596 -0.049254 0.078547 -0.609933 0.787010 39.828850 2.906081 15.540623 1 00596.png
0.0 0.0 -1
597 -0.048878 0.077956 -0.609459 0.787460 39.940308 2.872854 15.560036 1 00597.png
0.0 0.0 -1
598 -0.046014 0.079569 -0.608776 0.787999 40.151227 2.801410 15.323499 1 00598.png
0.0 0.0 -1
599 -0.044420 0.080493 -0.608830 0.787955 40.311947 2.744647 15.188277 1 00599.png
0.0 0.0 -1
600 -0.042879 0.080819 -0.609929 0.787157 40.459567 2.629445 15.084946 1 00600.png
0.0 0.0 -1
601 -0.041854 0.081455 -0.609611 0.787393 40.599847 2.623359 15.001866 1 00601.png
0.0 0.0 -1
602 -0.041955 0.082007 -0.609763 0.787212 40.732585 2.653759 14.980051 1 00602.png
0.0 0.0 -1
603 -0.042567 0.081048 -0.609710 0.787319 40.821432 2.647148 15.078774 1 00603.png
0.0 0.0 -1
604 -0.041810 0.082035 -0.609840 0.787157 40.968057 2.647750 14.983098 1 00604.png
0.0 0.0 -1
605 -0.041948 0.081986 -0.610501 0.786643 41.088898 2.633538 14.998483 1 00605.png
0.0 0.0 -1
606 -0.042764 0.083376 -0.608975 0.787635 41.213241 2.803471 14.952124 1 00606.png
0.0 0.0 -1
607 -0.041898 0.083391 -0.608382 0.788138 41.345208 2.773368 14.910654 1 00607.png
0.0 0.0 -1
608 -0.041255 0.082480 -0.608224 0.788389 41.454127 2.693538 14.937728 1 00608.png
0.0 0.0 -1
609 -0.039935 0.083055 -0.607780 0.788740 41.601368 2.661776 14.840793 1 00609.png
0.0 0.0 -1
610 -0.039846 0.083508 -0.608018 0.788512 41.733798 2.670981 14.811978 1 00610.png
0.0 0.0 -1
611 -0.039861 0.083254 -0.609152 0.787663 41.872013 2.615638 14.833705 1 00611.png
0.0 0.0 -1
612 -0.039340 0.084206 -0.607516 0.788851 42.034167 2.697047 14.756832 1 00612.png
0.0 0.0 -1
613 -0.039118 0.083641 -0.607599 0.788858 42.153231 2.655333 14.785679 1 00613.png
0.0 0.0 -1
614 -0.039421 0.084190 -0.607331 0.788990 42.275283 2.715879 14.772539 1 00614.png
0.0 0.0 -1
615 -0.039030 0.083450 -0.608247 0.788383 42.389792 2.618830 14.803599 1 00615.png
0.0 0.0 -1
616 -0.039334 0.083992 -0.609762 0.787139 42.520764 2.606996 14.779414 1 00616.png
0.0 0.0 -1
617 -0.039175 0.084155 -0.607536 0.788849 42.643476 2.694302 14.765652 1 00617.png
0.0 0.0 -1
618 -0.038400 0.084252 -0.608697 0.787981 42.788220 2.608023 14.730136 1 00618.png
0.0 0.0 -1
619 -0.038774 0.083845 -0.608385 0.788247 42.898027 2.626403 14.788161 1 00619.png
0.0 0.0 -1
620 -0.038184 0.083843 -0.607494 0.788963 43.036363 2.624486 14.763767 1 00620.png
0.0 0.0 -1
621 -0.038103 0.083738 -0.608327 0.788336 43.166882 2.582446 14.764392 1 00621.png
0.0 0.0 -1
622 -0.037767 0.084736 -0.606849 0.789384 43.320302 2.671158 14.674874 1 00622.png
0.0 0.0 -1
623 -0.037870 0.085019 -0.607699 0.788694 43.471683 2.659611 14.661263 1 00623.png
0.0 0.0 -1
624 -0.038461 0.084971 -0.607492 0.788831 43.598199 2.706970 14.705062 1 00624.png
0.0 0.0 -1
625 -0.038681 0.084582 -0.606776 0.789412 43.723216 2.730807 14.756903 1 00625.png
0.0 0.0 -1
626 -0.038768 0.083382 -0.608727 0.788032 43.841437 2.598039 14.846229 1 00626.png
0.0 0.0 -1
627 -0.040659 0.081713 -0.606619 0.789736 43.893453 2.721449 15.074807 1 00627.png
0.0 0.0 -1
628 -0.041899 0.079920 -0.607352 0.789291 43.955694 2.678080 15.266136 1 00628.png
0.0 0.0 -1
629 -0.044282 0.077111 -0.606395 0.790175 43.972814 2.727653 15.598357 1 00629.png
0.0 0.0 -1
630 -0.047271 0.074076 -0.606807 0.789977 43.972433 2.748178 15.978444 1 00630.png
0.0 0.0 -1
631 -0.051997 0.070665 -0.605954 0.790647 43.914554 2.917653 16.474538 1 00631.png
0.0 0.0 -1
632 -0.056850 0.067418 -0.606755 0.789982 43.850472 3.031505 16.963698 1 00632.png
0.0 0.0 -1
633 -0.065174 0.060086 -0.605097 0.791201 43.577760 3.257320 17.923423 1 00633.png
0.0 0.0 -1
634 -0.077530 0.052215 -0.603770 0.791659 43.169251 3.696602 19.122379 1 00634.png
0.0 0.0 -1
635 -0.092177 0.039885 -0.603904 0.790704 42.527991 3.964566 20.726508 1 00635.png
0.0 0.0 -1
636 -0.109067 0.026607 -0.600674 0.791572 41.704128 4.469089 22.488142 1 00636.png
0.0 0.0 -1
637 -0.126076 0.013472 -0.598470 0.791048 40.805650 4.921755 24.213559 1 00637.png
0.0 0.0 -1
638 -0.143917 -0.001551 -0.595513 0.790348 39.729292 5.332144 26.065453 1 00638.png
0.0 0.0 -1
639 -0.162544 -0.014107 -0.591795 0.789404 38.620632 5.947543 27.747837 1 00639.png
0.0 0.0 -1
640 -0.179841 -0.029264 -0.589199 0.787175 37.394346 6.248000 29.488111 1 00640.png
0.0 0.0 -1
641 -0.198308 -0.040737 -0.585524 0.784968 36.174322 6.855287 31.007998 1 00641.png
0.0 0.0 -1
642 -0.214119 -0.054289 -0.582767 0.782041 34.934486 7.110724 32.490347 1 00642.png
0.0 0.0 -1
643 -0.230716 -0.065975 -0.579681 0.778709 33.674165 7.496615 33.855192 1 00643.png
0.0 0.0 -1
644 -0.246444 -0.077636 -0.575004 0.776279 32.393024 7.916986 35.131168 1 00644.png
0.0 0.0 -1
645 -0.259533 -0.087617 -0.572037 0.773136 31.303907 8.167788 36.185004 1 00645.png
0.0 0.0 -1
646 -0.271423 -0.096024 -0.568410 0.770726 30.323789 8.476293 37.077459 1 00646.png
0.0 0.0 -1
647 -0.280217 -0.102837 -0.566059 0.768427 29.597932 8.625614 37.757962 1 00647.png
0.0 0.0 -1
648 -0.288415 -0.109217 -0.561986 0.767503 28.901763 8.885165 38.357907 1 00648.png
0.0 0.0 -1
649 -0.294897 -0.112813 -0.559535 0.766308 28.465643 9.121125 38.764134 1 00649.png
0.0 0.0 -1
650 -0.298632 -0.115915 -0.557399 0.765956 28.222040 9.255487 39.046238 1 00650.png
0.0 0.0 -1
651 -0.301526 -0.117031 -0.557453 0.764612 28.152182 9.310669 39.217314 1 00651.png
0.0 0.0 -1
652 -0.302272 -0.117167 -0.556338 0.765109 28.266402 9.418305 39.253823 1 00652.png
0.0 0.0 -1
653 -0.302783 -0.117989 -0.557500 0.763933 28.382348 9.314800 39.339391 1 00653.png
0.0 0.0 -1
654 -0.302010 -0.117923 -0.557165 0.764494 28.600724 9.308554 39.304982 1 00654.png
0.0 0.0 -1
655 -0.300372 -0.115772 -0.558027 0.764839 28.988129 9.299308 39.143146 1 00655.png
0.0 0.0 -1
656 -0.297240 -0.111228 -0.559249 0.765844 29.595279 9.344729 38.796424 1 00656.png
0.0 0.0 -1
657 -0.289886 -0.107129 -0.561794 0.767383 30.455540 9.087525 38.317641 1 00657.png
0.0 0.0 -1
658 -0.285201 -0.101273 -0.563308 0.768822 31.229357 9.114951 37.836374 1 00658.png
0.0 0.0 -1
659 -0.276790 -0.096810 -0.565921 0.770551 32.158705 8.807034 37.279169 1 00659.png
0.0 0.0 -1
660 -0.268968 -0.092441 -0.568626 0.771864 33.025923 8.506756 36.735188 1 00660.png
0.0 0.0 -1
661 -0.261302 -0.086016 -0.571447 0.773156 33.968566 8.326147 36.061815 1 00661.png
0.0 0.0 -1
662 -0.252106 -0.081155 -0.573984 0.774853 34.909073 7.979762 35.399716 1 00662.png
0.0 0.0 -1
663 -0.243740 -0.074402 -0.576206 0.776558 35.868423 7.797519 34.643649 1 00663.png
0.0 0.0 -1
664 -0.236216 -0.068105 -0.578726 0.777586 36.752369 7.609560 33.937233 1 00664.png
0.0 0.0 -1
665 -0.227219 -0.062165 -0.580422 0.779498 37.670339 7.362973 33.163631 1 00665.png
0.0 0.0 -1
666 -0.219007 -0.055888 -0.583480 0.780041 38.553821 7.085260 32.397461 1 00666.png
0.0 0.0 -1
667 -0.210893 -0.050799 -0.584476 0.781877 39.355801 6.855282 31.688152 1 00667.png
0.0 0.0 -1
668 -0.202262 -0.045800 -0.586388 0.783033 40.167377 6.526674 30.948190 1 00668.png
0.0 0.0 -1
669 -0.196192 -0.042140 -0.588038 0.783546 40.783105 6.283369 30.409479 1 00669.png
0.0 0.0 -1
670 -0.191920 -0.039554 -0.589211 0.783857 41.271723 6.114943 30.028064 1 00670.png
0.0 0.0 -1
671 -0.189968 -0.039506 -0.589660 0.783998 41.540171 5.973657 29.935313 1 00671.png
0.0 0.0 -1
672 -0.188856 -0.037887 -0.589645 0.784357 41.822605 6.004087 29.770423 1 00672.png
0.0 0.0 -1
673 -0.188065 -0.038786 -0.589348 0.784727 41.985126 5.918479 29.802417 1 00673.png
0.0 0.0 -1
674 -0.187464 -0.038418 -0.590213 0.784238 42.201997 5.855767 29.755067 1 00674.png
0.0 0.0 -1
675 -0.187443 -0.039198 -0.589889 0.784449 42.342345 5.831748 29.815757 1 00675.png
0.0 0.0 -1
676 -0.186293 -0.039519 -0.590602 0.784170 42.556125 5.699573 29.780730 1 00676.png
0.0 0.0 -1
677 -0.187104 -0.039817 -0.589676 0.784659 42.671208 5.788576 29.846495 1 00677.png
0.0 0.0 -1
678 -0.184039 -0.038824 -0.590268 0.784988 43.017410 5.619099 29.620923 1 00678.png
0.0 0.0 -1
679 -0.179844 -0.034140 -0.590360 0.786108 43.560776 5.630897 29.070893 1 00679.png
0.0 0.0 -1
680 -0.171810 -0.028568 -0.591328 0.787398 44.297731 5.392875 28.250200 1 00680.png
0.0 0.0 -1
681 -0.163928 -0.021292 -0.593960 0.787328 45.078223 5.175901 27.296271 1 00681.png
0.0 0.0 -1
682 -0.154645 -0.014038 -0.594991 0.788589 45.882421 4.937848 26.254221 1 00682.png
0.0 0.0 -1
683 -0.142690 -0.004837 -0.597016 0.789422 46.828530 4.572064 24.897055 1 00683.png
0.0 0.0 -1
684 -0.131974 0.003068 -0.598737 0.789992 47.637470 4.213629 23.683380 1 00684.png
0.0 0.0 -1
685 -0.121306 0.009714 -0.599863 0.790793 48.366320 3.803271 22.551246 1 00685.png
0.0 0.0 -1
686 -0.112122 0.015957 -0.601881 0.790514 49.011415 3.425258 21.522736 1 00686.png
0.0 0.0 -1
687 -0.104302 0.020652 -0.602848 0.790739 49.534465 3.095057 20.689025 1 00687.png
0.0 0.0 -1
688 -0.099264 0.026697 -0.602846 0.791208 49.995513 3.099138 19.915702 1 00688.png
0.0 0.0 -1
689 -0.093024 0.030293 -0.604429 0.790629 50.425046 2.784521 19.246532 1 00689.png
0.0 0.0 -1
690 -0.091947 0.035771 -0.604631 0.790371 50.752185 3.046717 18.740342 1 00690.png
0.0 0.0 -1
691 -0.087669 0.036982 -0.605019 0.790505 51.028808 2.777890 18.378348 1 00691.png
0.0 0.0 -1
692 -0.086806 0.035891 -0.605534 0.790256 51.117354 2.614481 18.414848 1 00692.png
0.0 0.0 -1
693 -0.085389 0.035740 -0.605433 0.790495 51.232472 2.501953 18.346795 1 00693.png
0.0 0.0 -1
694 -0.085475 0.034960 -0.605720 0.790300 51.282836 2.449203 18.419302 1 00694.png
0.0 0.0 -1
695 -0.084912 0.035507 -0.605437 0.790554 51.382369 2.453888 18.344754 1 00695.png
0.0 0.0 -1
696 -0.084890 0.035106 -0.605533 0.790500 51.442686 2.423630 18.376095 1 00696.png
0.0 0.0 -1
697 -0.083463 0.033957 -0.605458 0.790760 51.533025 2.236963 18.378380 1 00697.png
0.0 0.0 -1
698 -0.084700 0.034558 -0.605539 0.790540 51.605510 2.369570 18.408913 1 00698.png
0.0 0.0 -1
699 -0.084682 0.034590 -0.605505 0.790567 51.695164 2.372892 18.411293 1 00699.png
0.0 0.0 -1
700 -0.084850 0.035543 -0.604705 0.791118 51.795627 2.484065 18.353594 1 00700.png
0.0 0.0 -1
701 -0.085019 0.035954 -0.604513 0.791228 51.880162 2.533665 18.332081 1 00701.png
0.0 0.0 -1
702 -0.084492 0.034987 -0.604559 0.791293 51.944554 2.425093 18.378531 1 00702.png
0.0 0.0 -1
703 -0.086461 0.037549 -0.604756 0.790813 52.024253 2.742169 18.291542 1 00703.png
0.0 0.0 -1
704 -0.085657 0.037071 -0.605031 0.790712 52.077425 2.635949 18.281402 1 00704.png
0.0 0.0 -1
705 -0.085182 0.037116 -0.605026 0.790765 52.114925 2.603387 18.252559 1 00705.png
0.0 0.0 -1
706 -0.085000 0.036071 -0.605233 0.790674 52.113382 2.512985 18.326037 1 00706.png
0.0 0.0 -1
707 -0.084888 0.035828 -0.605275 0.790666 52.124268 2.485036 18.337381 1 00707.png
0.0 0.0 -1
708 -0.082925 0.033557 -0.605481 0.790816 52.137144 2.169418 18.398030 1 00708.png
0.0 0.0 -1
709 -0.084052 0.034511 -0.605176 0.790889 52.173054 2.333169 18.391095 1 00709.png
0.0 0.0 -1
710 -0.084178 0.034750 -0.605369 0.790718 52.231708 2.353047 18.379767 1 00710.png
0.0 0.0 -1
711 -0.084301 0.035521 -0.605353 0.790682 52.314730 2.415617 18.327925 1 00711.png
0.0 0.0 -1
712 -0.084378 0.035750 -0.605150 0.790820 52.379404 2.445473 18.317474 1 00712.png
0.0 0.0 -1
713 -0.084203 0.035402 -0.605016 0.790956 52.424840 2.412354 18.336563 1 00713.png
0.0 0.0 -1
714 -0.084039 0.035394 -0.605249 0.790796 52.487218 2.391464 18.327013 1 00714.png
0.0 0.0 -1
715 -0.085397 0.037163 -0.605072 0.790705 52.545459 2.624974 18.268983 1 00715.png
0.0 0.0 -1
716 -0.083831 0.035609 -0.604998 0.791000 52.571892 2.397438 18.299074 1 00716.png
0.0 0.0 -1
717 -0.083863 0.035346 -0.605315 0.790766 52.593158 2.370667 18.324709 1 00717.png
0.0 0.0 -1
718 -0.084175 0.035395 -0.605118 0.790881 52.609842 2.408924 18.341445 1 00718.png
0.0 0.0 -1
719 -0.082960 0.033981 -0.605390 0.790863 52.637051 2.208840 18.380242 1 00719.png
0.0 0.0 -1
720 -0.084001 0.035024 -0.605218 0.790840 52.677391 2.369542 18.360927 1 00720.png
0.0 0.0 -1
721 -0.083625 0.035051 -0.605339 0.790786 52.729968 2.334463 18.334953 1 00721.png
0.0 0.0 -1
722 -0.083074 0.034957 -0.605471 0.790747 52.784814 2.279222 18.308330 1 00722.png
0.0 0.0 -1
723 -0.083865 0.035559 -0.605468 0.790639 52.829440 2.382649 18.308352 1 00723.png
0.0 0.0 -1
724 -0.083310 0.035018 -0.605779 0.790484 52.889485 2.289335 18.318372 1 00724.png
0.0 0.0 -1
725 -0.083362 0.035342 -0.605816 0.790435 52.942517 2.312611 18.297544 1 00725.png
0.0 0.0 -1
726 -0.083216 0.034935 -0.605588 0.790644 52.975400 2.283304 18.324436 1 00726.png
0.0 0.0 -1
727 -0.082456 0.034713 -0.605508 0.790794 53.036815 2.211139 18.296363 1 00727.png
0.0 0.0 -1
728 -0.083367 0.035399 -0.605306 0.790823 53.082956 2.341870 18.297632 1 00728.png
0.0 0.0 -1
729 -0.082791 0.035414 -0.605257 0.790920 53.157991 2.301486 18.264510 1 00729.png
0.0 0.0 -1
730 -0.082999 0.035383 -0.605446 0.790755 53.214154 2.309554 18.284358 1 00730.png
0.0 0.0 -1
731 -0.082830 0.035273 -0.605401 0.790812 53.278232 2.291904 18.285085 1 00731.png
0.0 0.0 -1
732 -0.082362 0.035182 -0.606127 0.790309 53.358875 2.218140 18.262980 1 00732.png
0.0 0.0 -1
733 -0.082436 0.035349 -0.606089 0.790323 53.434498 2.237397 18.254785 1 00733.png
0.0 0.0 -1
734 -0.082529 0.035493 -0.606474 0.790012 53.508165 2.241392 18.247330 1 00734.png
0.0 0.0 -1
735 -0.081113 0.035054 -0.606408 0.790228 53.603513 2.095868 18.197276 1 00735.png
0.0 0.0 -1
736 -0.081648 0.035090 -0.606497 0.790103 53.663359 2.138510 18.228651 1 00736.png
0.0 0.0 -1
737 -0.081126 0.034400 -0.606396 0.790265 53.733323 2.054328 18.257458 1 00737.png
0.0 0.0 -1
738 -0.080836 0.034059 -0.606267 0.790409 53.811515 2.012916 18.269443 1 00738.png
0.0 0.0 -1
739 -0.080735 0.033811 -0.606398 0.790329 53.885482 1.984430 18.289458 1 00739.png
0.0 0.0 -1
740 -0.080597 0.034287 -0.606122 0.790534 53.988944 2.018534 18.241581 1 00740.png
0.0 0.0 -1
741 -0.080795 0.034190 -0.606361 0.790335 54.073608 2.017799 18.265435 1 00741.png
0.0 0.0 -1
742 -0.080167 0.035097 -0.606482 0.790266 54.194023 2.023912 18.148405 1 00742.png
0.0 0.0 -1
743 -0.080804 0.033684 -0.606479 0.790265 54.220941 1.980079 18.309848 1 00743.png
0.0 0.0 -1
744 -0.082216 0.033695 -0.606438 0.790150 54.274637 2.101121 18.407258 1 00744.png
0.0 0.0 -1
745 -0.086000 0.032067 -0.605492 0.790541 54.221967 2.346311 18.802802 1 00745.png
0.0 0.0 -1
746 -0.089165 0.028830 -0.605758 0.790111 54.143044 2.376356 19.289967 1 00746.png
0.0 0.0 -1
747 -0.095752 0.024353 -0.605100 0.789995 53.915650 2.645320 20.113170 1 00747.png
0.0 0.0 -1
748 -0.102321 0.019312 -0.604840 0.789510 53.666902 2.852777 20.977226 1 00748.png
0.0 0.0 -1
749 -0.109150 0.013379 -0.603196 0.789975 53.369285 3.080334 21.937645 1 00749.png
0.0 0.0 -1
750 -0.116594 0.006599 -0.602996 0.789150 53.005790 3.229420 22.996564 1 00750.png
0.0 0.0 -1
751 -0.123085 0.000776 -0.601642 0.789225 52.684637 3.415545 23.912450 1 00751.png
0.0 0.0 -1
752 -0.128919 -0.003181 -0.600330 0.789287 52.432492 3.675117 24.621519 1 00752.png
0.0 0.0 -1
753 -0.132399 -0.005095 -0.599757 0.789136 52.344659 3.852587 25.009536 1 00753.png
0.0 0.0 -1
754 -0.133353 -0.006493 -0.599682 0.789022 52.366126 3.839115 25.192741 1 00754.png
0.0 0.0 -1
755 -0.133572 -0.006567 -0.599350 0.789237 52.462320 3.868244 25.216729 1 00755.png
0.0 0.0 -1
756 -0.134354 -0.007121 -0.599617 0.788896 52.525489 3.881787 25.319725 1 00756.png
0.0 0.0 -1
757 -0.134755 -0.005625 -0.599624 0.788835 52.677584 4.022281 25.224620 1 00757.png
0.0 0.0 -1
758 -0.133705 -0.005721 -0.598804 0.789635 52.824522 3.972532 25.171003 1 00758.png
0.0 0.0 -1
759 -0.133085 -0.005303 -0.599456 0.789248 52.977940 3.916765 25.093504 1 00759.png
0.0 0.0 -1
760 -0.132173 -0.004957 -0.599483 0.789383 53.135290 3.865761 25.007077 1 00760.png
0.0 0.0 -1
761 -0.130920 -0.003798 -0.599538 0.789556 53.324490 3.847661 24.836238 1 00761.png
0.0 0.0 -1
762 -0.129139 -0.002702 -0.599547 0.789848 53.531500 3.780420 24.634344 1 00762.png
0.0 0.0 -1
763 -0.126442 -0.001661 -0.599780 0.790109 53.776003 3.618994 24.371937 1 00763.png
0.0 0.0 -1
764 -0.122803 0.000388 -0.599700 0.790746 54.088088 3.465374 23.961680 1 00764.png
0.0 0.0 -1
765 -0.119152 0.003244 -0.600533 0.790665 54.427348 3.322927 23.471611 1 00765.png
0.0 0.0 -1
766 -0.114095 0.006792 -0.601409 0.790723 54.830726 3.114620 22.828922 1 00766.png
0.0 0.0 -1
767 -0.108428 0.010680 -0.601859 0.791135 55.249324 2.892439 22.113559 1 00767.png
0.0 0.0 -1
768 -0.103313 0.016557 -0.602763 0.791030 55.711264 2.832868 21.250675 1 00768.png
0.0 0.0 -1
769 -0.096704 0.021448 -0.602021 0.792312 56.169860 2.647540 20.379731 1 00769.png
0.0 0.0 -1
770 -0.091962 0.025646 -0.603692 0.791480 56.552650 2.461372 19.669600 1 00770.png
0.0 0.0 -1
771 -0.085399 0.029498 -0.604202 0.791692 56.951645 2.144867 18.872793 1 00771.png
0.0 0.0 -1
772 -0.080292 0.032507 -0.604314 0.792023 57.272752 1.906648 18.252856 1 00772.png
0.0 0.0 -1
773 -0.076505 0.035177 -0.605738 0.791196 57.556285 1.705377 17.738567 1 00773.png
0.0 0.0 -1
774 -0.074095 0.035854 -0.605988 0.791203 57.755419 1.535095 17.510187 1 00774.png
0.0 0.0 -1
775 -0.072855 0.036389 -0.606157 0.791164 57.913760 1.456557 17.374619 1 00775.png
0.0 0.0 -1
776 -0.072550 0.037246 -0.606148 0.791159 58.057143 1.493953 17.280175 1 00776.png
0.0 0.0 -1
777 -0.072397 0.037217 -0.607122 0.790428 58.185411 1.441627 17.268805 1 00777.png
0.0 0.0 -1
778 -0.071292 0.036595 -0.606860 0.790758 58.306324 1.303886 17.253018 1 00778.png
0.0 0.0 -1
779 -0.072713 0.037410 -0.606304 0.791017 58.410036 1.514333 17.288721 1 00779.png
0.0 0.0 -1
780 -0.073392 0.036585 -0.605882 0.791316 58.493807 1.533993 17.417973 1 00780.png
0.0 0.0 -1
781 -0.076051 0.035038 -0.607107 0.790195 58.512000 1.617562 17.739436 1 00781.png
0.0 0.0 -1
782 -0.078022 0.033440 -0.607902 0.789461 58.546656 1.652244 18.023292 1 00782.png
0.0 0.0 -1
783 -0.081534 0.030577 -0.607857 0.789257 58.498906 1.760889 18.540774 1 00783.png
0.0 0.0 -1
784 -0.084266 0.027994 -0.607589 0.789272 58.469265 1.827269 18.980728 1 00784.png
0.0 0.0 -1
785 -0.088565 0.024268 -0.606431 0.789816 58.347726 1.982569 19.642150 1 00785.png
0.0 0.0 -1
786 -0.092496 0.021406 -0.606414 0.789460 58.268272 2.125547 20.194415 1 00786.png
0.0 0.0 -1
787 -0.097307 0.019072 -0.604825 0.790161 58.162764 2.450784 20.757774 1 00787.png
0.0 0.0 -1
788 -0.099668 0.016886 -0.605264 0.789580 58.144936 2.484036 21.125037 1 00788.png
0.0 0.0 -1
789 -0.101828 0.013819 -0.604943 0.789610 58.098734 2.463645 21.565778 1 00789.png
0.0 0.0 -1
790 -0.104688 0.014736 -0.605444 0.788835 58.167496 2.769359 21.689429 1 00790.png
0.0 0.0 -1
791 -0.105189 0.013283 -0.604684 0.789377 58.229892 2.745143 21.873915 1 00791.png
0.0 0.0 -1
792 -0.105263 0.015205 -0.605563 0.788658 58.414383 2.854609 21.690624 1 00792.png
0.0 0.0 -1
793 -0.104011 0.016532 -0.605667 0.788718 58.612301 2.840143 21.476146 1 00793.png
0.0 0.0 -1
794 -0.101090 0.018873 -0.605724 0.789001 58.895117 2.749984 21.057722 1 00794.png
0.0 0.0 -1
795 -0.096360 0.020846 -0.607008 0.788556 59.224524 2.412978 20.531755 1 00795.png
0.0 0.0 -1
796 -0.091861 0.023177 -0.606924 0.789093 59.550963 2.182733 19.994370 1 00796.png
0.0 0.0 -1
797 -0.088114 0.025916 -0.606715 0.789595 59.857219 2.051012 19.466737 1 00797.png
0.0 0.0 -1
798 -0.085018 0.028093 -0.607993 0.788877 60.130612 1.878839 19.025722 1 00798.png
0.0 0.0 -1
799 -0.082082 0.028948 -0.608625 0.788670 60.355688 1.648945 18.730603 1 00799.png
0.0 0.0 -1
800 -0.081239 0.031000 -0.608482 0.788789 60.562728 1.737041 18.479191 1 00800.png
0.0 0.0 -1
801 -0.078496 0.030374 -0.608134 0.789359 60.738422 1.455581 18.347661 1 00801.png
0.0 0.0 -1
802 -0.078251 0.031593 -0.609325 0.788417 60.909634 1.477158 18.202401 1 00802.png
0.0 0.0 -1
803 -0.077142 0.030902 -0.609146 0.788692 61.036916 1.328100 18.190986 1 00803.png
0.0 0.0 -1
804 -0.077162 0.030647 -0.609025 0.788794 61.148761 1.312594 18.219269 1 00804.png
0.0 0.0 -1
805 -0.076531 0.030130 -0.608396 0.789360 61.276780 1.235170 18.234618 1 00805.png
0.0 0.0 -1
806 -0.077041 0.030428 -0.608388 0.789305 61.397543 1.311291 18.252873 1 00806.png
0.0 0.0 -1
807 -0.076661 0.029943 -0.608957 0.788921 61.523241 1.216256 18.269749 1 00807.png
0.0 0.0 -1
808 -0.076715 0.028573 -0.609549 0.788510 61.613222 1.097711 18.407468 1 00808.png
0.0 0.0 -1
809 -0.075678 0.028000 -0.609730 0.788491 61.742273 0.951736 18.389825 1 00809.png
0.0 0.0 -1
810 -0.075988 0.028416 -0.608630 0.789295 61.858941 1.054950 18.384710 1 00810.png
0.0 0.0 -1
811 -0.075396 0.028492 -0.608520 0.789434 62.000525 1.005966 18.337946 1 00811.png
0.0 0.0 -1
812 -0.075863 0.029237 -0.610604 0.787752 62.140820 1.022240 18.280538 1 00812.png
0.0 0.0 -1
813 -0.076187 0.029536 -0.611600 0.786936 62.263818 1.039932 18.267413 1 00813.png
0.0 0.0 -1
814 -0.079371 0.032447 -0.614949 0.783890 62.400578 1.440105 18.192668 1 00814.png
0.0 0.0 -1
815 -0.080040 0.031609 -0.614472 0.784231 62.488751 1.459941 18.336779 1 00815.png
0.0 0.0 -1
816 -0.081079 0.034338 -0.614790 0.783760 62.668666 1.762987 18.154511 1 00816.png
0.0 0.0 -1
817 -0.079549 0.033323 -0.615908 0.783083 62.806835 1.488676 18.125692 1 00817.png
0.0 0.0 -1
818 -0.077888 0.032033 -0.613988 0.784809 62.928625 1.309736 18.148610 1 00818.png
0.0 0.0 -1
819 -0.077618 0.033372 -0.620670 0.779507 63.112190 1.110402 17.924875 1 00819.png
0.0 0.0 -1
820 -0.070512 0.026797 -0.618374 0.782255 63.203914 -0.008199 18.050412 1 00820.png
0.0 0.0 -1
821 -0.072304 0.028942 -0.617579 0.782643 63.323936 0.372848 17.991243 1 00821.png
0.0 0.0 -1
822 -0.067866 0.024173 -0.619481 0.781698 63.412132 -0.531601 18.095992 1 00822.png
0.0 0.0 -1
823 -0.071236 0.026875 -0.615899 0.784137 63.524525 0.173140 18.144129 1 00823.png
0.0 0.0 -1
824 -0.066512 0.024308 -0.618118 0.782889 63.677716 -0.591005 18.005587 1 00824.png
0.0 0.0 -1
825 -0.069875 0.024209 -0.615202 0.784893 63.716869 -0.138613 18.322355 1 00825.png
0.0 0.0 -1
826 -0.067840 0.025226 -0.611760 0.787725 63.900580 -0.115213 18.109079 1 00826.png
0.0 0.0 -1
827 -0.068770 0.025057 -0.611443 0.787896 63.996415 -0.025879 18.205859 1 00827.png
0.0 0.0 -1
828 -0.068924 0.026047 -0.608947 0.789781 64.133889 0.179035 18.152140 1 00828.png
0.0 0.0 -1
829 -0.067323 0.024319 -0.609277 0.789720 64.236409 -0.137646 18.197409 1 00829.png
0.0 0.0 -1
830 -0.068984 0.025255 -0.605671 0.792317 64.327741 0.259076 18.282851 1 00830.png
0.0 0.0 -1
831 -0.067742 0.025276 -0.605618 0.792463 64.466272 0.142570 18.191462 1 00831.png
0.0 0.0 -1
832 -0.068608 0.026739 -0.604880 0.792905 64.599705 0.383371 18.123319 1 00832.png
0.0 0.0 -1
833 -0.069940 0.028389 -0.604366 0.793123 64.731210 0.674919 18.065863 1 00833.png
0.0 0.0 -1
834 -0.069801 0.029183 -0.603071 0.794092 64.866983 0.775918 17.988681 1 00834.png
0.0 0.0 -1
835 -0.071290 0.031031 -0.601507 0.795075 64.999301 1.143985 17.940893 1 00835.png
0.0 0.0 -1
836 -0.071401 0.031456 -0.601157 0.795313 65.121671 1.202194 17.908910 1 00836.png
0.0 0.0 -1
837 -0.071985 0.032231 -0.600443 0.795768 65.237416 1.355813 17.884279 1 00837.png
0.0 0.0 -1
838 -0.071721 0.031779 -0.601772 0.794806 65.354650 1.240017 17.903778 1 00838.png
0.0 0.0 -1
839 -0.071985 0.032863 -0.602095 0.794493 65.494085 1.345421 17.813117 1 00839.png
0.0 0.0 -1
840 -0.071453 0.032165 -0.602420 0.794323 65.605196 1.226033 17.845853 1 00840.png
0.0 0.0 -1
841 -0.071472 0.032155 -0.601588 0.794952 65.707144 1.256479 17.856812 1 00841.png
0.0 0.0 -1
842 -0.071779 0.033326 -0.602778 0.793974 65.840613 1.335795 17.751314 1 00842.png
0.0 0.0 -1
843 -0.072289 0.033265 -0.602817 0.793901 65.942156 1.384323 17.798931 1 00843.png
0.0 0.0 -1
844 -0.073788 0.033685 -0.603376 0.793320 66.031529 1.548980 17.872590 1 00844.png
0.0 0.0 -1
845 -0.075556 0.031819 -0.604402 0.792450 66.056927 1.535444 18.203044 1 00845.png
0.0 0.0 -1
846 -0.079916 0.028597 -0.603772 0.792625 65.968980 1.742960 18.894076 1 00846.png
0.0 0.0 -1
847 -0.085249 0.024979 -0.604566 0.791586 65.838064 1.955032 19.691935 1 00847.png
0.0 0.0 -1
848 -0.091797 0.019795 -0.603872 0.791530 65.605606 2.226591 20.765863 1 00848.png
0.0 0.0 -1
849 -0.098125 0.014808 -0.603085 0.791480 65.364426 2.492978 21.797387 1 00849.png
0.0 0.0 -1
850 -0.104665 0.008941 -0.602563 0.791128 65.082806 2.691399 22.932105 1 00850.png
0.0 0.0 -1
851 -0.110062 0.003660 -0.602966 0.790129 64.844054 2.774860 23.899775 1 00851.png
0.0 0.0 -1
852 -0.116194 -0.002447 -0.602303 0.789762 64.523682 2.914982 25.013011 1 00852.png
0.0 0.0 -1
853 -0.121297 -0.007046 -0.601287 0.789741 64.277476 3.089941 25.890626 1 00853.png
0.0 0.0 -1
854 -0.124540 -0.010521 -0.600863 0.789520 64.140793 3.141680 26.501493 1 00854.png
0.0 0.0 -1
855 -0.124959 -0.012105 -0.600098 0.790013 64.177694 3.092552 26.711641 1 00855.png
0.0 0.0 -1
856 -0.125428 -0.013145 -0.600797 0.789391 64.253299 3.014992 26.857129 1 00856.png
0.0 0.0 -1
857 -0.126119 -0.014203 -0.602270 0.788139 64.328879 2.923118 27.010500 1 00857.png
0.0 0.0 -1
858 -0.126294 -0.013065 -0.602887 0.787658 64.500205 3.005900 26.900921 1 00858.png
0.0 0.0 -1
859 -0.125450 -0.011590 -0.602978 0.787747 64.719901 3.038088 26.684399 1 00859.png
0.0 0.0 -1
860 -0.125927 -0.008616 -0.603147 0.787580 64.951108 3.334029 26.423346 1 00860.png
0.0 0.0 -1
861 -0.125719 -0.007469 -0.604833 0.786331 65.144013 3.328628 26.280957 1 00861.png
0.0 0.0 -1
862 -0.125039 -0.007705 -0.605385 0.786012 65.292185 3.219111 26.251110 1 00862.png
0.0 0.0 -1
863 -0.124196 -0.007773 -0.606925 0.784957 65.459306 3.052877 26.182875 1 00863.png
0.0 0.0 -1
864 -0.123103 -0.010257 -0.607155 0.784922 65.535635 2.712618 26.349430 1 00864.png
0.0 0.0 -1
865 -0.122220 -0.010728 -0.606666 0.785432 65.674750 2.601634 26.334713 1 00865.png
0.0 0.0 -1
866 -0.121092 -0.012101 -0.607508 0.784935 65.793261 2.319858 26.381590 1 00866.png
0.0 0.0 -1
867 -0.120536 -0.013303 -0.608380 0.784327 65.904500 2.124015 26.465124 1 00867.png
0.0 0.0 -1
868 -0.120433 -0.013208 -0.608722 0.784078 66.035296 2.113789 26.443521 1 00868.png
0.0 0.0 -1
869 -0.120004 -0.014124 -0.608515 0.784289 66.136150 2.005295 26.508837 1 00869.png
0.0 0.0 -1
870 -0.119229 -0.012986 -0.608624 0.784342 66.325919 2.016603 26.329218 1 00870.png
0.0 0.0 -1
871 -0.117562 -0.012371 -0.609247 0.784120 66.531561 1.861894 26.125544 1 00871.png
0.0 0.0 -1
872 -0.115353 -0.009129 -0.608944 0.784728 66.850061 1.934786 25.618367 1 00872.png
0.0 0.0 -1
873 -0.110356 -0.005706 -0.609818 0.784800 67.264962 1.678272 24.837123 1 00873.png
0.0 0.0 -1
874 -0.106442 -0.003213 -0.609534 0.785574 67.592955 1.505433 24.255317 1 00874.png
0.0 0.0 -1
875 -0.100692 -0.000049 -0.608936 0.786802 67.989500 1.210971 23.453986 1 00875.png
0.0 0.0 -1
876 -0.095783 0.004223 -0.610593 0.786119 68.400571 0.989168 22.568708 1 00876.png
0.0 0.0 -1
877 -0.089069 0.008643 -0.610978 0.786573 68.856695 0.648550 21.534042 1 00877.png
0.0 0.0 -1
878 -0.083451 0.011519 -0.610735 0.787341 69.209638 0.310438 20.755612 1 00878.png
0.0 0.0 -1
879 -0.079898 0.014998 -0.612009 0.786661 69.541639 0.183508 20.060407 1 00879.png
0.0 0.0 -1
880 -0.079095 0.016958 -0.611613 0.787011 69.741369 0.292165 19.784169 1 00880.png
0.0 0.0 -1
881 -0.078428 0.019256 -0.611879 0.786818 69.947897 0.414807 19.477959 1 00881.png
0.0 0.0 -1
882 -0.078506 0.020231 -0.611751 0.786885 70.095332 0.512343 19.384299 1 00882.png
0.0 0.0 -1
883 -0.078214 0.020491 -0.610916 0.787556 70.223298 0.534576 19.341749 1 00883.png
0.0 0.0 -1
884 -0.075813 0.018752 -0.611679 0.787241 70.349944 0.095064 19.326514 1 00884.png
0.0 0.0 -1
885 -0.074661 0.015656 -0.612054 0.787128 70.402212 -0.314538 19.571743 1 00885.png
0.0 0.0 -1
886 -0.072291 0.014612 -0.609976 0.788980 70.530138 -0.578889 19.518522 1 00886.png
0.0 0.0 -1
887 -0.071493 0.012443 -0.610020 0.789056 70.595652 -0.867054 19.692174 1 00887.png
0.0 0.0 -1
888 -0.069632 0.010822 -0.609825 0.789397 70.698589 -1.210060 19.718451 1 00888.png
0.0 0.0 -1
889 -0.070072 0.010904 -0.608624 0.790283 70.810764 -1.104562 19.768646 1 00889.png
0.0 0.0 -1
890 -0.071905 0.013022 -0.608869 0.789897 70.958097 -0.721675 19.686405 1 00890.png
0.0 0.0 -1
891 -0.073356 0.014474 -0.608523 0.790006 71.097525 -0.412429 19.656513 1 00891.png
0.0 0.0 -1
892 -0.075628 0.017266 -0.608335 0.789880 71.258586 0.101144 19.543298 1 00892.png
0.0 0.0 -1
893 -0.077078 0.019355 -0.607900 0.790026 71.405735 0.467955 19.440492 1 00893.png
0.0 0.0 -1
894 -0.078648 0.020804 -0.607180 0.790388 71.536608 0.805376 19.428244 1 00894.png
0.0 0.0 -1
895 -0.076340 0.018513 -0.606579 0.791133 71.650766 0.371753 19.501511 1 00895.png
0.0 0.0 -1
896 -0.077430 0.019254 -0.606792 0.790845 71.773130 0.554323 19.516585 1 00896.png
0.0 0.0 -1
897 -0.076850 0.019139 -0.606668 0.791000 71.909276 0.485219 19.482031 1 00897.png
0.0 0.0 -1
898 -0.077138 0.019782 -0.607171 0.790570 72.041527 0.550523 19.425698 1 00898.png
0.0 0.0 -1
899 -0.076730 0.018533 -0.607391 0.790471 72.136014 0.381512 19.534819 1 00899.png
0.0 0.0 -1
900 -0.077007 0.019610 -0.607467 0.790360 72.282238 0.507603 19.437474 1 00900.png
0.0 0.0 -1
901 -0.076907 0.019648 -0.607138 0.790621 72.402294 0.520277 19.435562 1 00901.png
0.0 0.0 -1
902 -0.075691 0.018187 -0.606600 0.791186 72.505412 0.276653 19.506811 1 00902.png
0.0 0.0 -1
903 -0.074597 0.017241 -0.607186 0.790862 72.624115 0.039240 19.510010 1 00903.png
0.0 0.0 -1
904 -0.074738 0.017662 -0.607108 0.790899 72.748967 0.096660 19.475894 1 00904.png
0.0 0.0 -1
905 -0.074227 0.017984 -0.606626 0.791310 72.880864 0.086292 19.403569 1 00905.png
0.0 0.0 -1
906 -0.073975 0.017602 -0.607353 0.790784 72.994496 -0.007077 19.424258 1 00906.png
0.0 0.0 -1
907 -0.074770 0.019000 -0.605394 0.792178 73.127075 0.299381 19.363270 1 00907.png
0.0 0.0 -1
908 -0.075253 0.019874 -0.605246 0.792224 73.255778 0.443758 19.310543 1 00908.png
0.0 0.0 -1
909 -0.075664 0.021060 -0.605277 0.792131 73.400847 0.599748 19.212502 1 00909.png
0.0 0.0 -1
910 -0.074473 0.020499 -0.606295 0.791480 73.534393 0.373667 19.160711 1 00910.png
0.0 0.0 -1
911 -0.074402 0.019847 -0.606449 0.791385 73.639992 0.299240 19.229355 1 00911.png
0.0 0.0 -1
912 -0.073857 0.019417 -0.606964 0.791051 73.759363 0.177540 19.230214 1 00912.png
0.0 0.0 -1
913 -0.073703 0.019096 -0.606209 0.791653 73.867787 0.164084 19.267139 1 00913.png
0.0 0.0 -1
914 -0.072480 0.018591 -0.606061 0.791890 73.995633 -0.019183 19.226178 1 00914.png
0.0 0.0 -1
915 -0.072738 0.018980 -0.606764 0.791319 74.115610 0.020438 19.198325 1 00915.png
0.0 0.0 -1
916 -0.072396 0.019727 -0.606835 0.791278 74.249309 0.047149 19.080301 1 00916.png
0.0 0.0 -1
917 -0.071777 0.019052 -0.607850 0.790572 74.340476 -0.130956 19.093090 1 00917.png
0.0 0.0 -1
918 -0.067800 0.015489 -0.613551 0.786587 74.422440 -1.166594 19.062247 1 00918.png
0.0 0.0 -1
919 -0.064492 0.009545 -0.618451 0.783114 74.390539 -2.310986 19.371826 1 00919.png
0.0 0.0 -1
920 -0.062048 0.006406 -0.616121 0.785178 74.390915 -2.786340 19.557832 1 00920.png
0.0 0.0 -1
921 -0.060567 0.002316 -0.610171 0.789947 74.327895 -3.082252 20.019404 1 00921.png
0.0 0.0 -1
922 -0.066738 0.013565 -0.608168 0.790882 74.662300 -1.241970 19.287834 1 00922.png
0.0 0.0 -1
923 -0.075455 0.025797 -0.607022 0.790673 74.951693 0.959611 18.650436 1 00923.png
0.0 0.0 -1
924 -0.064479 0.016793 -0.605496 0.793054 75.039792 -1.094288 18.752084 1 00924.png
0.0 0.0 -1
925 -0.064202 0.019361 -0.610241 0.789372 75.243508 -1.076555 18.348070 1 00925.png
0.0 0.0 -1
926 -0.066549 0.030083 -0.622672 0.779067 75.632624 -0.284588 17.098439 1 00926.png
0.0 0.0 -1
927 -0.060862 0.022750 -0.631231 0.772868 75.644057 -1.990730 17.278715 1 00927.png
0.0 0.0 -1
928 -0.064997 0.017270 -0.628477 0.774915 75.470529 -1.935869 18.365109 1 00928.png
0.0 0.0 -1
929 -0.069080 0.020188 -0.609606 0.789430 75.517399 -0.399963 18.724130 1 00929.png
0.0 0.0 -1
930 -0.063635 0.014469 -0.607940 0.791296 75.554041 -1.505726 18.940166 1 00930.png
0.0 0.0 -1
931 -0.078011 0.023563 -0.608078 0.789683 75.617034 1.044335 19.173997 1 00931.png
0.0 0.0 -1
932 -0.068779 0.020586 -0.604771 0.793157 75.825031 -0.176877 18.735342 1 00932.png
0.0 0.0 -1
933 -0.072236 0.024528 -0.611277 0.787731 75.978481 0.326508 18.488120 1 00933.png
0.0 0.0 -1
934 -0.068313 0.020248 -0.607831 0.790863 76.021044 -0.391496 18.693194 1 00934.png
0.0 0.0 -1
935 -0.067530 0.020979 -0.609457 0.789659 76.145902 -0.484594 18.509218 1 00935.png
0.0 0.0 -1
936 -0.068619 0.021687 -0.609023 0.789880 76.236682 -0.272741 18.537320 1 00936.png
0.0 0.0 -1
937 -0.067512 0.020895 -0.608515 0.790389 76.329135 -0.467395 18.536985 1 00937.png
0.0 0.0 -1
938 -0.066759 0.020562 -0.610682 0.788789 76.435241 -0.674350 18.475736 1 00938.png
0.0 0.0 -1
939 -0.067185 0.020744 -0.609571 0.789606 76.526720 -0.555731 18.512123 1 00939.png
0.0 0.0 -1
940 -0.065819 0.019730 -0.611712 0.788090 76.635910 -0.905324 18.479298 1 00940.png
0.0 0.0 -1
941 -0.068965 0.022694 -0.609618 0.789363 76.756246 -0.149732 18.450801 1 00941.png
0.0 0.0 -1
942 -0.068253 0.022945 -0.609279 0.789679 76.896264 -0.195126 18.360677 1 00942.png
0.0 0.0 -1
943 -0.067214 0.022322 -0.609112 0.789915 77.014705 -0.375764 18.349157 1 00943.png
0.0 0.0 -1
944 -0.069015 0.023616 -0.609558 0.789378 77.124152 -0.050127 18.363647 1 00944.png
0.0 0.0 -1
945 -0.068929 0.024506 -0.610281 0.788800 77.264998 0.002886 18.241457 1 00945.png
0.0 0.0 -1
946 -0.068452 0.024774 -0.610793 0.788437 77.393723 -0.047407 18.160315 1 00946.png
0.0 0.0 -1
947 -0.067906 0.023905 -0.610884 0.788440 77.495378 -0.198890 18.214229 1 00947.png
0.0 0.0 -1
948 -0.067442 0.024068 -0.611146 0.788272 77.617744 -0.252074 18.148143 1 00948.png
0.0 0.0 -1
949 -0.067726 0.022767 -0.611383 0.788102 77.688276 -0.356775 18.332320 1 00949.png
0.0 0.0 -1
950 -0.067270 0.023000 -0.612111 0.787569 77.819058 -0.417437 18.254652 1 00950.png
0.0 0.0 -1
951 -0.066936 0.023181 -0.612897 0.786981 77.937966 -0.467782 18.195475 1 00951.png
0.0 0.0 -1
952 -0.065785 0.023406 -0.613598 0.786525 78.081541 -0.611934 18.051399 1 00952.png
0.0 0.0 -1
953 -0.065608 0.023369 -0.613644 0.786505 78.189005 -0.633606 18.041470 1 00953.png
0.0 0.0 -1
954 -0.064500 0.022088 -0.614002 0.786354 78.299258 -0.906520 18.095023 1 00954.png
0.0 0.0 -1
955 -0.065366 0.023252 -0.614510 0.785852 78.435725 -0.706274 18.025300 1 00955.png
0.0 0.0 -1
956 -0.063758 0.022243 -0.615164 0.785501 78.563860 -1.028683 17.985952 1 00956.png
0.0 0.0 -1
957 -0.062463 0.020891 -0.615180 0.785630 78.667849 -1.320538 18.034171 1 00957.png
0.0 0.0 -1
958 -0.061170 0.019551 -0.615406 0.785589 78.775475 -1.619593 18.079866 1 00958.png
0.0 0.0 -1
959 -0.061486 0.019542 -0.616387 0.784795 78.890478 -1.621848 18.099087 1 00959.png
0.0 0.0 -1
960 -0.061467 0.019801 -0.617006 0.784304 79.020264 -1.619548 18.057912 1 00960.png
0.0 0.0 -1
961 -0.061226 0.020020 -0.618173 0.783398 79.162771 -1.670265 17.995286 1 00961.png
0.0 0.0 -1
962 -0.061547 0.020528 -0.618390 0.783188 79.296150 -1.586289 17.964420 1 00962.png
0.0 0.0 -1
963 -0.062813 0.021971 -0.618198 0.783200 79.436808 -1.276200 17.914262 1 00963.png
0.0 0.0 -1
964 -0.062616 0.022923 -0.618778 0.782731 79.590538 -1.224136 17.767866 1 00964.png
0.0 0.0 -1
965 -0.062554 0.023576 -0.619472 0.782167 79.731098 -1.189220 17.677710 1 00965.png
0.0 0.0 -1
966 -0.063066 0.024144 -0.618800 0.782641 79.859632 -1.039781 17.672722 1 00966.png
0.0 0.0 -1
967 -0.061613 0.023648 -0.619021 0.782596 79.987782 -1.275323 17.590416 1 00967.png
0.0 0.0 -1
968 -0.060401 0.021814 -0.618939 0.782809 80.075119 -1.607198 17.705514 1 00968.png
0.0 0.0 -1
969 -0.059382 0.020542 -0.619157 0.782749 80.188406 -1.871203 17.766424 1 00969.png
0.0 0.0 -1
970 -0.060438 0.018206 -0.619924 0.782119 80.229950 -2.005558 18.158092 1 00970.png
0.0 0.0 -1
971 -0.063023 0.016202 -0.619557 0.782250 80.238689 -1.873767 18.672766 1 00971.png
0.0 0.0 -1
972 -0.066502 0.011479 -0.619271 0.782272 80.131844 -1.909588 19.619678 1 00972.png
0.0 0.0 -1
973 -0.072842 0.008858 -0.618381 0.782445 80.011203 -1.352527 20.588342 1 00973.png
0.0 0.0 -1
974 -0.077254 0.004224 -0.616868 0.783254 79.851180 -1.210104 21.633443 1 00974.png
0.0 0.0 -1
975 -0.082176 -0.001736 -0.617043 0.782624 79.634300 -1.216201 22.862261 1 00975.png
0.0 0.0 -1
976 -0.087405 -0.007395 -0.616027 0.782826 79.405258 -1.103908 24.097323 1 00976.png
0.0 0.0 -1
977 -0.092948 -0.013841 -0.615610 0.782428 79.111293 -1.060576 25.444056 1 00977.png
0.0 0.0 -1
978 -0.099773 -0.019132 -0.614011 0.782732 78.802695 -0.686146 26.787930 1 00978.png
0.0 0.0 -1
979 -0.105187 -0.022566 -0.611463 0.783925 78.594973 -0.240533 27.781284 1 00979.png
0.0 0.0 -1
980 -0.110136 -0.026565 -0.612048 0.782663 78.393676 -0.075387 28.752031 1 00980.png
0.0 0.0 -1
981 -0.114683 -0.025652 -0.611057 0.782815 78.408428 0.627014 29.100047 1 00981.png
0.0 0.0 -1
982 -0.117223 -0.025163 -0.610783 0.782668 78.479006 1.005586 29.294099 1 00982.png
0.0 0.0 -1
983 -0.117395 -0.026174 -0.609104 0.783917 78.563812 1.010922 29.456520 1 00983.png
0.0 0.0 -1
984 -0.118419 -0.024327 -0.609706 0.783354 78.765759 1.295950 29.326693 1 00984.png
0.0 0.0 -1
985 -0.118201 -0.023423 -0.610167 0.783056 78.967561 1.338901 29.189497 1 00985.png
0.0 0.0 -1
986 -0.115708 -0.021556 -0.609857 0.783723 79.290055 1.244955 28.727524 1 00986.png
0.0 0.0 -1
987 -0.111893 -0.020732 -0.609930 0.784242 79.611410 0.861208 28.258830 1 00987.png
0.0 0.0 -1
988 -0.108092 -0.021333 -0.610768 0.784106 79.856697 0.289883 27.956208 1 00988.png
0.0 0.0 -1
989 -0.107601 -0.022311 -0.611904 0.783261 79.989354 0.069132 28.023556 1 00989.png
0.0 0.0 -1
990 -0.105667 -0.022434 -0.612726 0.782878 80.201418 -0.230833 27.833354 1 00990.png
0.0 0.0 -1
991 -0.104518 -0.020748 -0.612444 0.783299 80.460015 -0.185722 27.512461 1 00991.png
0.0 0.0 -1
992 -0.102104 -0.018029 -0.612438 0.783690 80.792096 -0.200275 26.934894 1 00992.png
0.0 0.0 -1
993 -0.098534 -0.015474 -0.613769 0.783160 81.145647 -0.444716 26.244815 1 00993.png
0.0 0.0 -1
994 -0.094047 -0.010739 -0.613541 0.783969 81.611348 -0.496326 25.207970 1 00994.png
0.0 0.0 -1
995 -0.085980 -0.005424 -0.614521 0.784182 82.172063 -1.008794 23.699427 1 00995.png
0.0 0.0 -1
996 -0.077959 0.000230 -0.615300 0.784428 82.712001 -1.476806 22.142146 1 00996.png
0.0 0.0 -1
997 -0.070048 0.005828 -0.616159 0.784479 83.221140 -1.940945 20.597461 1 00997.png
0.0 0.0 -1
998 -0.060471 0.011245 -0.617034 0.784529 83.733530 -2.647547 18.896095 1 00998.png
0.0 0.0 -1
999 -0.051977 0.017006 -0.618123 0.784176 84.202263 -3.187835 17.249214 1 00999.png
0.0 0.0 -1
1000 -0.042705 0.023737 -0.618717 0.784093 84.671741 -3.709783 15.394216 1 01000.png
0.0 0.0 -1
1001 -0.035627 0.028630 -0.619215 0.783890 85.024932 -4.141735 14.000693 1 01001.png
0.0 0.0 -1
1002 -0.029713 0.033838 -0.619729 0.783523 85.355749 -4.382635 12.679373 1 01002.png
0.0 0.0 -1
1003 -0.026138 0.034999 -0.620047 0.783348 85.550497 -4.742925 12.141857 1 01003.png
0.0 0.0 -1
1004 -0.025927 0.037615 -0.619780 0.783445 85.762156 -4.479239 11.778800 1 01004.png
0.0 0.0 -1
1005 -0.023991 0.038213 -0.619830 0.783438 85.941649 -4.670192 11.500678 1 01005.png
0.0 0.0 -1
1006 -0.024459 0.038116 -0.619561 0.783640 86.072152 -4.611248 11.569624 1 01006.png
0.0 0.0 -1
1007 -0.024880 0.036998 -0.619982 0.783348 86.189002 -4.686279 11.762164 1 01007.png
0.0 0.0 -1
1008 -0.026854 0.037789 -0.620044 0.783196 86.330561 -4.336436 11.870058 1 01008.png
0.0 0.0 -1
1009 -0.026630 0.038205 -0.619941 0.783265 86.476377 -4.313187 11.800140 1 01009.png
0.0 0.0 -1
1010 -0.026894 0.038605 -0.620078 0.783128 86.616412 -4.235343 11.771642 1 01010.png
0.0 0.0 -1
1011 -0.026992 0.039507 -0.619548 0.783499 86.762736 -4.108302 11.670185 1 01011.png
0.0 0.0 -1
1012 -0.025884 0.038444 -0.620602 0.782755 86.881773 -4.402896 11.678641 1 01012.png
0.0 0.0 -1
1013 -0.027556 0.037212 -0.619704 0.783468 86.970960 -4.281246 12.049512 1 01013.png
0.0 0.0 -1
1014 -0.029397 0.035710 -0.619912 0.783307 87.050971 -4.200396 12.455088 1 01014.png
0.0 0.0 -1
1015 -0.032296 0.032797 -0.619578 0.783584 87.070551 -4.109909 13.176296 1 01015.png
0.0 0.0 -1
1016 -0.036198 0.030897 -0.619686 0.783405 87.107795 -3.787477 13.860781 1 01016.png
0.0 0.0 -1
1017 -0.040077 0.027100 -0.619956 0.783143 87.086980 -3.685523 14.789773 1 01017.png
0.0 0.0 -1
1018 -0.044159 0.025586 -0.619752 0.783137 87.117541 -3.292986 15.437302 1 01018.png
0.0 0.0 -1
1019 -0.047322 0.024136 -0.619997 0.782803 87.158837 -3.028228 15.973222 1 01019.png
0.0 0.0 -1
1020 -0.048857 0.024320 -0.619296 0.783259 87.268744 -2.776240 16.124165 1 01020.png
0.0 0.0 -1
1021 -0.050118 0.023939 -0.619457 0.783063 87.377010 -2.650281 16.315846 1 01021.png
0.0 0.0 -1
1022 -0.050030 0.024464 -0.619957 0.782657 87.527582 -2.621168 16.232216 1 01022.png
0.0 0.0 -1
1023 -0.050332 0.024425 -0.618976 0.783415 87.658470 -2.541436 16.299575 1 01023.png
0.0 0.0 -1
1024 -0.049554 0.024615 -0.619528 0.783022 87.825087 -2.641083 16.191199 1 01024.png
0.0 0.0 -1
1025 -0.049789 0.024319 -0.619416 0.783105 87.954526 -2.636718 16.263173 1 01025.png
0.0 0.0 -1
1026 -0.048130 0.023492 -0.619752 0.782968 88.095555 -2.964616 16.191177 1 01026.png
0.0 0.0 -1
1027 -0.048275 0.023606 -0.620001 0.782758 88.233889 -2.943586 16.186437 1 01027.png
0.0 0.0 -1
1028 -0.047515 0.022774 -0.619560 0.783179 88.358416 -3.126525 16.227323 1 01028.png
0.0 0.0 -1
1029 -0.048113 0.024188 -0.619965 0.782779 88.530861 -2.898053 16.097310 1 01029.png
0.0 0.0 -1
1030 -0.048604 0.024680 -0.619617 0.783009 88.678686 -2.759539 16.099574 1 01030.png
0.0 0.0 -1
1031 -0.048813 0.025569 -0.620243 0.782472 88.833782 -2.649793 15.992730 1 01031.png
0.0 0.0 -1
1032 -0.050219 0.027600 -0.619560 0.782854 88.994861 -2.201410 15.882354 1 01032.png
0.0 0.0 -1
1033 -0.049882 0.027758 -0.619563 0.782868 89.139847 -2.226624 15.824841 1 01033.png
0.0 0.0 -1
1034 -0.049438 0.028017 -0.619500 0.782937 89.276616 -2.254813 15.745404 1 01034.png
0.0 0.0 -1
1035 -0.049752 0.028196 -0.618751 0.783503 89.403377 -2.165634 15.768305 1 01035.png
0.0 0.0 -1
1036 -0.049216 0.027698 -0.618965 0.783385 89.525107 -2.306500 15.775498 1 01036.png
0.0 0.0 -1
1037 -0.049229 0.027436 -0.618986 0.783377 89.642497 -2.333241 15.815091 1 01037.png
0.0 0.0 -1
1038 -0.049217 0.027221 -0.619268 0.783162 89.764583 -2.367036 15.844171 1 01038.png
0.0 0.0 -1
1039 -0.049099 0.028060 -0.618865 0.783459 89.910691 -2.269242 15.729394 1 01039.png
0.0 0.0 -1
1040 -0.047404 0.025980 -0.619371 0.783235 90.006799 -2.755738 15.831697 1 01040.png
0.0 0.0 -1
1041 -0.050244 0.025600 -0.619426 0.783027 90.081559 -2.401501 16.200638 1 01041.png
0.0 0.0 -1
1042 -0.053994 0.023183 -0.618914 0.783257 90.082614 -2.129025 16.972383 1 01042.png
0.0 0.0 -1
1043 -0.057501 0.020647 -0.618110 0.783713 90.069127 -1.896233 17.737531 1 01043.png
0.0 0.0 -1
1044 -0.060913 0.016765 -0.618310 0.783391 90.012054 -1.867348 18.658757 1 01044.png
0.0 0.0 -1
1045 -0.066348 0.013768 -0.617647 0.783530 89.927672 -1.420382 19.698582 1 01045.png
0.0 0.0 -1
1046 -0.072271 0.012320 -0.618035 0.782725 89.875554 -0.774829 20.555566 1 01046.png
0.0 0.0 -1
1047 -0.079333 0.013088 -0.618174 0.781918 89.864973 0.290936 21.237543 1 01047.png
0.0 0.0 -1
1048 -0.084364 0.015246 -0.617668 0.781752 89.936138 1.265514 21.503799 1 01048.png
0.0 0.0 -1
1049 -0.088164 0.017944 -0.617619 0.781314 90.052211 2.109764 21.545813 1 01049.png
0.0 0.0 -1
1050 -0.090207 0.020666 -0.618000 0.780712 90.225327 2.693699 21.390138 1 01050.png
0.0 0.0 -1
1051 -0.087298 0.016661 -0.620306 0.779308 90.332942 1.723509 21.598643 1 01051.png
0.0 0.0 -1
1052 -0.083788 0.014374 -0.619191 0.780625 90.502613 1.020095 21.550416 1 01052.png
0.0 0.0 -1
1053 -0.077403 0.009962 -0.619607 0.781022 90.671441 -0.402023 21.459593 1 01053.png
0.0 0.0 -1
1054 -0.072166 0.008391 -0.620023 0.781212 90.892454 -1.336549 21.095825 1 01054.png
0.0 0.0 -1
1055 -0.067839 0.008065 -0.621980 0.780047 91.130937 -2.068468 20.623263 1 01055.png
0.0 0.0 -1
1056 -0.068364 0.010440 -0.623845 0.778482 91.347800 -1.795612 20.314436 1 01056.png
0.0 0.0 -1
1057 -0.067004 0.010662 -0.623703 0.778711 91.531229 -1.954168 20.135280 1 01057.png
0.0 0.0 -1
1058 -0.065979 0.010273 -0.623985 0.778578 91.685461 -2.157304 20.070743 1 01058.png
0.0 0.0 -1
1059 -0.066518 0.009677 -0.623502 0.778927 91.798558 -2.129377 20.229755 1 01059.png
0.0 0.0 -1
1060 -0.066296 0.008089 -0.623326 0.779104 91.878782 -2.336758 20.441313 1 01060.png
0.0 0.0 -1
1061 -0.068342 0.008159 -0.623306 0.778943 91.958190 -2.035900 20.668408 1 01061.png
0.0 0.0 -1
1062 -0.068675 0.006016 -0.623904 0.778454 92.006604 -2.265459 21.002532 1 01062.png
0.0 0.0 -1
1063 -0.072541 0.004656 -0.624468 0.777661 91.993546 -1.902366 21.632264 1 01063.png
0.0 0.0 -1
1064 -0.074072 0.003201 -0.624325 0.777638 92.027784 -1.847271 22.023529 1 01064.png
0.0 0.0 -1
1065 -0.077638 0.001253 -0.624932 0.776808 91.994337 -1.596639 22.707357 1 01065.png
0.0 0.0 -1
1066 -0.078768 -0.001234 -0.623623 0.777745 91.983467 -1.669472 23.219110 1 01066.png
0.0 0.0 -1
1067 -0.080182 -0.004372 -0.622564 0.778438 91.935008 -1.792152 23.848582 1 01067.png
0.0 0.0 -1
1068 -0.083138 -0.006290 -0.624369 0.776667 91.913889 -1.687128 24.428200 1 01068.png
0.0 0.0 -1
1069 -0.084146 -0.010586 -0.623937 0.776859 91.832471 -2.034077 25.164516 1 01069.png
0.0 0.0 -1
1070 -0.086749 -0.014220 -0.623078 0.777204 91.721160 -2.054823 25.997914 1 01070.png
0.0 0.0 -1
1071 -0.090112 -0.017688 -0.621073 0.778354 91.588149 -1.885999 26.923326 1 01071.png
0.0 0.0 -1
1072 -0.092524 -0.021480 -0.620248 0.778633 91.459962 -1.953933 27.756657 1 01072.png
0.0 0.0 -1
1073 -0.094202 -0.023781 -0.619110 0.779271 91.419646 -1.929963 28.300040 1 01073.png
0.0 0.0 -1
1074 -0.096053 -0.024615 -0.618621 0.779407 91.440873 -1.739422 28.637269 1 01074.png
0.0 0.0 -1
1075 -0.095971 -0.025454 -0.618052 0.779842 91.525552 -1.818758 28.764297 1 01075.png
0.0 0.0 -1
1076 -0.094799 -0.023613 -0.616847 0.780996 91.773893 -1.698613 28.395349 1 01076.png
0.0 0.0 -1
1077 -0.091111 -0.020926 -0.616645 0.781671 92.147703 -1.890943 27.608372 1 01077.png
0.0 0.0 -1
1078 -0.086936 -0.017916 -0.616638 0.782227 92.541707 -2.129553 26.707647 1 01078.png
0.0 0.0 -1
1079 -0.082722 -0.013794 -0.617345 0.782209 92.979019 -2.279239 25.616892 1 01079.png
0.0 0.0 -1
1080 -0.080071 -0.011637 -0.616700 0.783028 93.271800 -2.372430 25.014205 1 01080.png
0.0 0.0 -1
1081 -0.078576 -0.010635 -0.615974 0.783765 93.488136 -2.432755 24.712353 1 01081.png
0.0 0.0 -1
1082 -0.077966 -0.009465 -0.615941 0.783868 93.693938 -2.378256 24.475203 1 01082.png
0.0 0.0 -1
1083 -0.077668 -0.008730 -0.615280 0.784424 93.876659 -2.299931 24.353716 1 01083.png
0.0 0.0 -1
1084 -0.077679 -0.009455 -0.615659 0.784117 93.996351 -2.399881 24.462669 1 01084.png
0.0 0.0 -1
1085 -0.079357 -0.011296 -0.615235 0.784258 94.021056 -2.352675 24.940113 1 01085.png
0.0 0.0 -1
1086 -0.081739 -0.012923 -0.615494 0.783785 94.036478 -2.210730 25.452577 1 01086.png
0.0 0.0 -1
1087 -0.085585 -0.016917 -0.615352 0.783409 93.899082 -2.121153 26.490588 1 01087.png
0.0 0.0 -1
1088 -0.089116 -0.020358 -0.615317 0.782961 93.782904 -2.015042 27.409319 1 01088.png
0.0 0.0 -1
1089 -0.096103 -0.024069 -0.613737 0.783270 93.527997 -1.355015 28.795012 1 01089.png
0.0 0.0 -1
1090 -0.101199 -0.026822 -0.612378 0.783602 93.360396 -0.872615 29.810065 1 01090.png
0.0 0.0 -1
1091 -0.106103 -0.031067 -0.612300 0.782857 93.117060 -0.670210 30.995518 1 01091.png
0.0 0.0 -1
1092 -0.110394 -0.031703 -0.612800 0.781847 93.066029 -0.152175 31.575474 1 01092.png
0.0 0.0 -1
1093 -0.112803 -0.032386 -0.613104 0.781236 93.083786 0.097491 31.948274 1 01093.png
0.0 0.0 -1
1094 -0.115088 -0.026971 -0.614315 0.780156 93.411000 1.024093 31.404646 1 01094.png
0.0 0.0 -1
1095 -0.107900 -0.024038 -0.614541 0.781101 93.977728 0.329181 30.146230 1 01095.png
0.0 0.0 -1
1096 -0.102112 -0.016619 -0.616191 0.780772 94.679898 0.306341 28.357534 1 01096.png
0.0 0.0 -1
1097 -0.093710 -0.011989 -0.617007 0.781266 95.316409 -0.404647 26.670874 1 01097.png
0.0 0.0 -1
1098 -0.084329 -0.006666 -0.618571 0.781162 95.976287 -1.217530 24.743473 1 01098.png
0.0 0.0 -1
1099 -0.077001 -0.000397 -0.620120 0.780718 96.582771 -1.607994 22.908255 1 01099.png
0.0 0.0 -1
1100 -0.068758 0.003836 -0.619854 0.781690 97.090809 -2.305865 21.293864 1 01100.png
0.0 0.0 -1
1101 -0.061938 0.004862 -0.623706 0.779186 97.429313 -3.369528 20.234658 1 01101.png
0.0 0.0 -1
1102 -0.050858 -0.005836 -0.630711 0.774327 97.369524 -6.668246 20.323536 1 01102.png
0.0 0.0 -1
1103 -0.054959 -0.001904 -0.626324 0.777621 97.579341 -5.381187 20.352837 1 01103.png
0.0 0.0 -1
1104 -0.058979 0.009037 -0.620811 0.781686 98.022337 -3.182636 19.316752 1 01104.png
0.0 0.0 -1
1105 -0.056311 0.007389 -0.621764 0.781143 98.148075 -3.823515 19.228134 1 01105.png
0.0 0.0 -1
1106 -0.057547 0.011225 -0.625044 0.778384 98.397120 -3.283343 18.716525 1 01106.png
0.0 0.0 -1
1107 -0.060807 0.021000 -0.633033 0.771447 98.787717 -1.865728 17.449234 1 01107.png
0.0 0.0 -1
1108 -0.055176 0.012338 -0.634840 0.770572 98.735856 -3.892681 18.021193 1 01108.png
0.0 0.0 -1
1109 -0.056426 0.004370 -0.622268 0.780756 98.529338 -4.201983 19.699445 1 01109.png
0.0 0.0 -1
1110 -0.053029 0.004256 -0.618559 0.783935 98.706183 -4.576040 19.407774 1 01110.png
0.0 0.0 -1
1111 -0.053268 0.006478 -0.624361 0.779290 98.926544 -4.502537 18.957222 1 01111.png
0.0 0.0 -1
1112 -0.051359 0.008830 -0.621941 0.781328 99.157230 -4.394616 18.419905 1 01112.png
0.0 0.0 -1
1113 -0.050000 0.014430 -0.622839 0.780617 99.493966 -3.936406 17.366245 1 01113.png
0.0 0.0 -1
1114 -0.046157 0.019564 -0.620994 0.782210 99.845593 -3.814739 16.140524 1 01114.png
0.0 0.0 -1
1115 -0.040257 0.024888 -0.623075 0.780728 100.205541 -4.133983 14.538495 1 01115.png
0.0 0.0 -1
1116 -0.032388 0.031797 -0.624309 0.779857 100.590802 -4.527412 12.450838 1 01116.png
0.0 0.0 -1
1117 -0.021853 0.038036 -0.625264 0.779179 100.911792 -5.411020 10.132118 1 01117.png
0.0 0.0 -1
1118 -0.010030 0.044918 -0.626431 0.778117 101.187925 -6.420608 7.537305 1 01118.png
0.0 0.0 -1
1119 0.001980 0.051354 -0.625963 0.778157 101.367723 -7.476762 5.017589 1 01119.png
0.0 0.0 -1
1120 0.015727 0.057690 -0.625371 0.778033 101.459665 -8.823902 2.293941 1 01120.png
0.0 0.0 -1
1121 0.027255 0.066001 -0.624444 0.777798 101.527623 -9.579753 -0.461815 1 01121.png
0.0 0.0 -1
1122 0.040727 0.074063 -0.624706 0.776272 101.486256 -10.692575 -3.462815 1 01122.png
0.0 0.0 -1
1123 0.050781 0.081581 -0.624982 0.774701 101.439992 -11.331367 -5.955229 1 01123.png
0.0 0.0 -1
1124 0.058789 0.086596 -0.624015 0.774371 101.396345 -11.950237 -7.747189 1 01124.png
0.0 0.0 -1
1125 0.063304 0.090708 -0.623465 0.773987 101.417806 -12.135949 -8.967786 1 01125.png
0.0 0.0 -1
1126 0.068138 0.092369 -0.623119 0.773658 101.415168 -12.690201 -9.836894 1 01126.png
0.0 0.0 -1
1127 0.070229 0.094671 -0.622873 0.773391 101.493863 -12.722831 -10.459406 1 01127.png
0.0 0.0 -1
1128 0.071450 0.093118 -0.624249 0.772357 101.603840 -13.121381 -10.404363 1 01128.png
0.0 0.0 -1
1129 0.072022 0.094206 -0.622774 0.773362 101.743670 -13.061253 -10.591537 1 01129.png
0.0 0.0 -1
1130 0.071357 0.093399 -0.623788 0.772704 101.905700 -13.060855 -10.403968 1 01130.png
0.0 0.0 -1
1131 0.070990 0.093210 -0.623468 0.773020 102.063275 -13.023453 -10.311367 1 01131.png
0.0 0.0 -1
1132 0.066269 0.093979 -0.625793 0.771465 102.355277 -12.173297 -9.910069 1 01132.png
0.0 0.0 -1
1133 0.066299 0.089211 -0.623950 0.773519 102.502189 -12.784286 -9.065918 1 01133.png
0.0 0.0 -1
1134 0.061617 0.085980 -0.626568 0.772154 102.771390 -12.466217 -8.015890 1 01134.png
0.0 0.0 -1
1135 0.057381 0.082089 -0.626383 0.773054 103.017024 -12.283866 -6.818665 1 01135.png
0.0 0.0 -1
1136 0.052848 0.076887 -0.625623 0.774526 103.244858 -12.223760 -5.348289 1 01136.png
0.0 0.0 -1
1137 0.046802 0.072241 -0.626449 0.774694 103.491725 -11.856331 -3.826493 1 01137.png
0.0 0.0 -1
1138 0.040089 0.066222 -0.625195 0.776619 103.719301 -11.536489 -1.923024 1 01138.png
0.0 0.0 -1
1139 0.033551 0.062342 -0.626360 0.776312 103.932141 -11.002572 -0.475215 1 01139.png
0.0 0.0 -1
1140 0.025233 0.057576 -0.626550 0.776842 104.133610 -10.273722 1.391236 1 01140.png
0.0 0.0 -1
1141 0.017847 0.052823 -0.626733 0.777236 104.295231 -9.699299 3.133377 1 01141.png
0.0 0.0 -1
1142 0.010302 0.047912 -0.626794 0.777642 104.423752 -9.115644 4.924699 1 01142.png
0.0 0.0 -1
1143 0.003854 0.042923 -0.626999 0.777827 104.500467 -8.726329 6.581474 1 01143.png
0.0 0.0 -1
1144 -0.001540 0.038765 -0.626420 0.778519 104.552885 -8.378738 7.982756 1 01144.png
0.0 0.0 -1
1145 -0.007925 0.034057 -0.625346 0.779564 104.582294 -7.926804 9.616038 1 01145.png
0.0 0.0 -1
1146 -0.012208 0.030360 -0.625234 0.779750 104.618866 -7.712994 10.781091 1 01146.png
0.0 0.0 -1
1147 -0.016488 0.026377 -0.625117 0.779910 104.638700 -7.532044 11.997192 1 01147.png
0.0 0.0 -1
1148 -0.019117 0.023717 -0.625300 0.779789 104.688920 -7.457649 12.774496 1 01148.png
0.0 0.0 -1
1149 -0.023271 0.021005 -0.625183 0.779848 104.721970 -7.132835 13.768008 1 01149.png
0.0 0.0 -1
1150 -0.024946 0.020148 -0.625755 0.779360 104.827528 -6.996458 14.112703 1 01150.png
0.0 0.0 -1
1151 -0.026750 0.018876 -0.624995 0.779941 104.909310 -6.844008 14.575657 1 01151.png
0.0 0.0 -1
1152 -0.026795 0.018205 -0.625183 0.779806 105.036090 -6.931251 14.691479 1 01152.png
0.0 0.0 -1
1153 -0.027261 0.018364 -0.625421 0.779595 105.176619 -6.838874 14.723355 1 01153.png
0.0 0.0 -1
1154 -0.026078 0.017470 -0.624793 0.780159 105.289481 -7.125243 14.739677 1 01154.png
0.0 0.0 -1
1155 -0.026233 0.017330 -0.625418 0.779656 105.420361 -7.142602 14.769220 1 01155.png
0.0 0.0 -1
1156 -0.025579 0.017578 -0.624460 0.780439 105.571753 -7.183812 14.671111 1 01156.png
0.0 0.0 -1
1157 -0.026248 0.018167 -0.625169 0.779836 105.731042 -7.020250 14.648168 1 01157.png
0.0 0.0 -1
1158 -0.025787 0.018387 -0.625489 0.779589 105.879952 -7.078215 14.540852 1 01158.png
0.0 0.0 -1
1159 -0.025772 0.018826 -0.625357 0.779685 106.037895 -7.016707 14.474769 1 01159.png
0.0 0.0 -1
1160 -0.025674 0.019002 -0.625952 0.779206 106.182181 -7.029621 14.421428 1 01160.png
0.0 0.0 -1
1161 -0.025568 0.019399 -0.626013 0.779152 106.331912 -6.992194 14.344553 1 01161.png
0.0 0.0 -1
1162 -0.024946 0.019451 -0.626541 0.778746 106.477335 -7.107488 14.242169 1 01162.png
0.0 0.0 -1
1163 -0.025092 0.019732 -0.625408 0.779644 106.622614 -7.001734 14.253893 1 01163.png
0.0 0.0 -1
1164 -0.024658 0.019816 -0.626364 0.778888 106.766560 -7.091576 14.163334 1 01164.png
0.0 0.0 -1
1165 -0.025050 0.019943 -0.626191 0.779011 106.903060 -7.000982 14.200280 1 01165.png
0.0 0.0 -1
1166 -0.024996 0.020478 -0.626091 0.779080 107.060106 -6.935033 14.106501 1 01166.png
0.0 0.0 -1
1167 -0.025854 0.020745 -0.626891 0.778401 107.206376 -6.785725 14.160722 1 01167.png
0.0 0.0 -1
1168 -0.026912 0.022046 -0.626173 0.778907 107.378478 -6.406389 14.111004 1 01168.png
0.0 0.0 -1
1169 -0.026229 0.022330 -0.626613 0.778568 107.524173 -6.497633 13.958819 1 01169.png
0.0 0.0 -1
1170 -0.026501 0.023083 -0.626236 0.778841 107.680379 -6.332847 13.882648 1 01170.png
0.0 0.0 -1
1171 -0.025730 0.022460 -0.627623 0.777768 107.809979 -6.593672 13.850328 1 01171.png
0.0 0.0 -1
1172 -0.025750 0.022306 -0.626594 0.778601 107.943325 -6.571539 13.915296 1 01172.png
0.0 0.0 -1
1173 -0.025448 0.021869 -0.626952 0.778335 108.074554 -6.690897 13.945943 1 01173.png
0.0 0.0 -1
1174 -0.026223 0.022171 -0.627381 0.777955 108.218472 -6.533794 13.992187 1 01174.png
0.0 0.0 -1
1175 -0.024777 0.022934 -0.626729 0.778505 108.382760 -6.645695 13.690115 1 01175.png
0.0 0.0 -1
1176 -0.023567 0.022468 -0.627825 0.777673 108.515670 -6.951814 13.575950 1 01176.png
0.0 0.0 -1
1177 -0.023274 0.024631 -0.626953 0.778319 108.713894 -6.674449 13.195911 1 01177.png
0.0 0.0 -1
1178 -0.020968 0.025766 -0.628419 0.777165 108.901916 -6.953322 12.655714 1 01178.png
0.0 0.0 -1
1179 -0.020659 0.027389 -0.628768 0.776835 109.077335 -6.788602 12.339100 1 01179.png
0.0 0.0 -1
1180 -0.018480 0.028251 -0.629007 0.776666 109.244774 -7.046278 11.890515 1 01180.png
0.0 0.0 -1
1181 -0.017726 0.028750 -0.628835 0.776805 109.402692 -7.100225 11.710019 1 01181.png
0.0 0.0 -1
1182 -0.016142 0.029485 -0.628938 0.776728 109.562730 -7.267913 11.368659 1 01182.png
0.0 0.0 -1
1183 -0.015312 0.030378 -0.629392 0.776342 109.726081 -7.296917 11.091285 1 01183.png
0.0 0.0 -1
1184 -0.013931 0.030802 -0.629021 0.776653 109.873452 -7.459573 10.846662 1 01184.png
0.0 0.0 -1
1185 -0.013213 0.031398 -0.630283 0.775617 110.030374 -7.536768 10.615814 1 01185.png
0.0 0.0 -1
1186 -0.011913 0.030690 -0.630391 0.775579 110.148838 -7.856709 10.562190 1 01186.png
0.0 0.0 -1
1187 -0.012498 0.031617 -0.630519 0.775428 110.309203 -7.631043 10.485699 1 01187.png
0.0 0.0 -1
1188 -0.012104 0.031192 -0.631111 0.774970 110.438359 -7.773517 10.488318 1 01188.png
0.0 0.0 -1
1189 -0.011822 0.031226 -0.630358 0.775586 110.572589 -7.794196 10.466591 1 01189.png
0.0 0.0 -1
1190 -0.009918 0.031982 -0.631035 0.775031 110.722952 -8.032495 10.055999 1 01190.png
0.0 0.0 -1
1191 -0.009105 0.032649 -0.629544 0.776225 110.866261 -8.031505 9.877753 1 01191.png
0.0 0.0 -1
1192 -0.006761 0.033927 -0.629958 0.775858 111.029528 -8.269576 9.324439 1 01192.png
0.0 0.0 -1
1193 -0.005913 0.034311 -0.629969 0.775839 111.178973 -8.358643 9.142973 1 01193.png
0.0 0.0 -1
1194 -0.004422 0.035732 -0.629563 0.776115 111.349004 -8.401410 8.702874 1 01194.png
0.0 0.0 -1
1195 -0.003079 0.036687 -0.630436 0.775367 111.512045 -8.522653 8.327021 1 01195.png
0.0 0.0 -1
1196 -0.003028 0.037903 -0.629761 0.775857 111.678034 -8.338463 8.137685 1 01196.png
0.0 0.0 -1
1197 -0.001380 0.037396 -0.630645 0.775168 111.792262 -8.718679 7.974188 1 01197.png
0.0 0.0 -1
1198 -0.002669 0.037822 -0.630273 0.775447 111.938544 -8.424147 8.097924 1 01198.png
0.0 0.0 -1
1199 -0.002378 0.038065 -0.630700 0.775089 112.077126 -8.450898 8.000467 1 01199.png
0.0 0.0 -1
1200 -0.003048 0.037918 -0.629627 0.775966 112.208988 -8.324553 8.152875 1 01200.png
0.0 0.0 -1
1201 -0.002152 0.038147 -0.629693 0.775904 112.346499 -8.447732 7.994689 1 01201.png
0.0 0.0 -1
1202 -0.002804 0.038352 -0.630149 0.775521 112.482625 -8.312920 8.044734 1 01202.png
0.0 0.0 -1
1203 -0.001836 0.037842 -0.629416 0.776144 112.598839 -8.530011 8.023055 1 01203.png
0.0 0.0 -1
1204 -0.001927 0.038222 -0.630092 0.775576 112.739783 -8.480382 7.949760 1 01204.png
0.0 0.0 -1
1205 -0.002524 0.038618 -0.629741 0.775840 112.882352 -8.307882 7.976332 1 01205.png
0.0 0.0 -1
1206 -0.001215 0.037972 -0.630480 0.775275 112.999424 -8.645945 7.885362 1 01206.png
0.0 0.0 -1
1207 -0.001205 0.038061 -0.630573 0.775195 113.133367 -8.634202 7.872654 1 01207.png
0.0 0.0 -1
1208 -0.000284 0.037732 -0.631152 0.774741 113.255527 -8.852198 7.788738 1 01208.png
0.0 0.0 -1
1209 -0.000489 0.037323 -0.630638 0.775178 113.383933 -8.860039 7.908427 1 01209.png
0.0 0.0 -1
1210 -0.000351 0.037098 -0.629999 0.775708 113.517476 -8.898373 7.952266 1 01210.png
0.0 0.0 -1
1211 -0.000266 0.037191 -0.630362 0.775410 113.660539 -8.909527 7.919652 1 01211.png
0.0 0.0 -1
1212 -0.000948 0.037294 -0.629042 0.776475 113.804074 -8.738645 8.044221 1 01212.png
0.0 0.0 -1
1213 -0.000532 0.036809 -0.629524 0.776108 113.931294 -8.895793 8.058472 1 01213.png
0.0 0.0 -1
1214 -0.000558 0.037084 -0.629013 0.776509 114.076324 -8.836957 8.032619 1 01214.png
0.0 0.0 -1
1215 -0.000855 0.037578 -0.629670 0.775952 114.231399 -8.729767 7.971654 1 01215.png
0.0 0.0 -1
1216 -0.000940 0.037147 -0.629404 0.776189 114.365696 -8.766703 8.077209 1 01216.png
0.0 0.0 -1
1217 -0.000620 0.037553 -0.629405 0.776169 114.512256 -8.758138 7.966722 1 01217.png
0.0 0.0 -1
1218 0.000234 0.036914 -0.629241 0.776333 114.638609 -8.995919 7.965993 1 01218.png
0.0 0.0 -1
1219 0.000186 0.036983 -0.627783 0.777509 114.785130 -8.935744 8.007919 1 01219.png
0.0 0.0 -1
1220 0.001388 0.035984 -0.627876 0.777479 114.889803 -9.300224 8.010956 1 01220.png
0.0 0.0 -1
1221 0.000938 0.036120 -0.626483 0.778597 115.039970 -9.162016 8.098058 1 01221.png
0.0 0.0 -1
1222 0.000407 0.035654 -0.627317 0.777947 115.168765 -9.160652 8.235624 1 01222.png
0.0 0.0 -1
1223 -0.000316 0.035479 -0.626989 0.778219 115.311609 -9.046919 8.386299 1 01223.png
0.0 0.0 -1
1224 -0.001492 0.035396 -0.626678 0.778472 115.456227 -8.835004 8.581497 1 01224.png
0.0 0.0 -1
1225 -0.004014 0.034295 -0.627733 0.777663 115.587800 -8.566882 9.116537 1 01225.png
0.0 0.0 -1
1226 -0.006232 0.032415 -0.627343 0.778043 115.683562 -8.427575 9.795655 1 01226.png
0.0 0.0 -1
1227 -0.010024 0.029583 -0.626582 0.778729 115.742818 -8.132758 10.883101 1 01227.png
0.0 0.0 -1
1228 -0.013890 0.026103 -0.625720 0.779487 115.790668 -7.914413 12.099735 1 01228.png
0.0 0.0 -1
1229 -0.018567 0.022653 -0.625956 0.779308 115.825514 -7.580080 13.393069 1 01229.png
0.0 0.0 -1
1230 -0.024551 0.017593 -0.625031 0.780015 115.773891 -7.203392 15.198461 1 01230.png
0.0 0.0 -1
1231 -0.030834 0.012449 -0.624712 0.780147 115.686750 -6.811502 17.041058 1 01231.png
0.0 0.0 -1
1232 -0.037624 0.007967 -0.623583 0.780811 115.576512 -6.195563 18.858834 1 01232.png
0.0 0.0 -1
1233 -0.046316 0.000962 -0.624374 0.779750 115.309518 -5.690989 21.346282 1 01233.png
0.0 0.0 -1
1234 -0.055936 -0.004053 -0.624674 0.778869 115.051334 -4.711929 23.620675 1 01234.png
0.0 0.0 -1
1235 -0.063639 -0.010504 -0.623381 0.779253 114.721062 -4.219395 25.907058 1 01235.png
0.0 0.0 -1
1236 -0.071392 -0.015518 -0.622547 0.779165 114.402808 -3.537939 27.925947 1 01236.png
0.0 0.0 -1
1237 -0.078834 -0.021082 -0.620749 0.779750 114.036076 -2.935380 30.016921 1 01237.png
0.0 0.0 -1
1238 -0.085049 -0.024822 -0.620008 0.779577 113.770095 -2.340419 31.579235 1 01238.png
0.0 0.0 -1
1239 -0.091777 -0.030315 -0.620701 0.778067 113.381781 -1.999437 33.494117 1 01239.png
0.0 0.0 -1
1240 -0.096860 -0.032920 -0.619826 0.778042 113.174957 -1.430878 34.692427 1 01240.png
0.0 0.0 -1
1241 -0.101251 -0.037225 -0.618978 0.777964 112.881104 -1.245137 36.087311 1 01241.png
0.0 0.0 -1
1242 -0.105209 -0.038630 -0.619514 0.776943 112.765464 -0.796327 36.887499 1 01242.png
0.0 0.0 -1
1243 -0.107751 -0.041362 -0.620094 0.775991 112.629461 -0.790043 37.714830 1 01243.png
0.0 0.0 -1
1244 -0.110985 -0.043587 -0.619634 0.775781 112.474291 -0.520850 38.569406 1 01244.png
0.0 0.0 -1
1245 -0.112732 -0.044231 -0.618573 0.776339 112.485613 -0.235733 38.949909 1 01245.png
0.0 0.0 -1
1246 -0.112758 -0.045133 -0.617146 0.777419 112.588074 -0.271840 39.142741 1 01246.png
0.0 0.0 -1
1247 -0.112257 -0.045438 -0.617448 0.777234 112.745647 -0.428957 39.130867 1 01247.png
0.0 0.0 -1
1248 -0.110829 -0.045707 -0.616838 0.777906 112.943740 -0.678234 38.996038 1 01248.png
0.0 0.0 -1
1249 -0.109250 -0.044347 -0.617595 0.777608 113.260124 -0.797835 38.525949 1 01249.png
0.0 0.0 -1
1250 -0.106647 -0.045335 -0.620020 0.775981 113.482242 -1.561414 38.291259 1 01250.png
0.0 0.0 -1
1251 -0.107326 -0.044161 -0.619263 0.776559 113.660219 -1.216235 38.194843 1 01251.png
0.0 0.0 -1
1252 -0.105930 -0.045602 -0.619491 0.776486 113.780986 -1.698973 38.248781 1 01252.png
0.0 0.0 -1
1253 -0.108457 -0.046105 -0.618160 0.777168 113.769399 -1.242176 38.723802 1 01253.png
0.0 0.0 -1
1254 -0.110843 -0.047621 -0.617531 0.777240 113.700939 -1.005870 39.347133 1 01254.png
0.0 0.0 -1
1255 -0.113484 -0.050919 -0.616832 0.777204 113.503716 -0.992284 40.323776 1 01255.png
0.0 0.0 -1
1256 -0.118663 -0.053685 -0.616858 0.776223 113.214527 -0.498329 41.548897 1 01256.png
0.0 0.0 -1
1257 -0.125000 -0.058596 -0.614945 0.776392 112.680739 0.014768 43.348964 1 01257.png
0.0 0.0 -1
1258 -0.132693 -0.065069 -0.615942 0.773805 111.938097 0.306967 45.547551 1 01258.png
0.0 0.0 -1
1259 -0.142323 -0.072165 -0.613941 0.773054 110.963486 1.058777 48.166396 1 01259.png
0.0 0.0 -1
1260 -0.151283 -0.078460 -0.614051 0.770648 110.046497 1.635510 50.499574 1 01260.png
0.0 0.0 -1
1261 -0.163710 -0.086866 -0.611265 0.769421 108.631385 2.708856 53.694219 1 01261.png
0.0 0.0 -1
1262 -0.175502 -0.095083 -0.609367 0.767353 107.190290 3.607368 56.722374 1 01262.png
0.0 0.0 -1
1263 -0.188776 -0.106050 -0.606531 0.765008 105.283093 4.387953 60.384163 1 01263.png
0.0 0.0 -1
1264 -0.202130 -0.114852 -0.603446 0.762761 103.432087 5.516507 63.646935 1 01264.png
0.0 0.0 -1
1265 -0.214884 -0.125877 -0.601617 0.758971 101.313343 6.048716 67.131034 1 01265.png
0.0 0.0 -1
1266 -0.228949 -0.134301 -0.598762 0.755665 99.187412 7.268724 70.317656 1 01266.png
0.0 0.0 -1
1267 -0.240946 -0.144507 -0.595483 0.752637 96.975512 7.890694 73.471739 1 01267.png
0.0 0.0 -1
1268 -0.253149 -0.152824 -0.593245 0.748747 94.853335 8.691483 76.294396 1 01268.png
0.0 0.0 -1
1269 -0.260843 -0.159549 -0.590005 0.747261 93.328125 9.148411 78.280159 1 01269.png
0.0 0.0 -1
1270 -0.266021 -0.161554 -0.589225 0.745619 92.643319 9.691895 79.221451 1 01270.png
0.0 0.0 -1
1271 -0.266364 -0.162329 -0.588293 0.746064 92.674150 9.737125 79.392829 1 01271.png
0.0 0.0 -1
1272 -0.261637 -0.157981 -0.589793 0.747484 93.919961 9.551759 78.157850 1 01272.png
0.0 0.0 -1
1273 -0.254477 -0.150697 -0.590667 0.750763 95.730523 9.537792 76.152007 1 01273.png
0.0 0.0 -1
1274 -0.245497 -0.144696 -0.593125 0.752992 97.583082 8.829725 74.081599 1 01274.png
0.0 0.0 -1
1275 -0.235316 -0.137461 -0.594820 0.756254 99.621535 8.190818 71.630116 1 01275.png
0.0 0.0 -1
1276 -0.224459 -0.129668 -0.598267 0.758209 101.737924 7.319936 68.950140 1 01276.png
0.0 0.0 -1
1277 -0.212717 -0.121389 -0.600089 0.761518 103.877850 6.534952 66.037699 1 01277.png
0.0 0.0 -1
1278 -0.202084 -0.113164 -0.601625 0.764463 105.815466 5.919270 63.235939 1 01278.png
0.0 0.0 -1
1279 -0.189178 -0.105574 -0.604630 0.766478 107.819206 4.657791 60.179916 1 01279.png
0.0 0.0 -1
1280 -0.177790 -0.096520 -0.605671 0.769569 109.700631 4.039845 57.054122 1 01280.png
0.0 0.0 -1
1281 -0.165113 -0.086416 -0.608373 0.771461 111.673314 3.180264 53.495105 1 01281.png
0.0 0.0 -1
1282 -0.150897 -0.078106 -0.610877 0.773278 113.481561 1.762932 49.988020 1 01282.png
0.0 0.0 -1
1283 -0.137798 -0.068665 -0.613035 0.774910 115.183620 0.723896 46.392170 1 01283.png
0.0 0.0 -1
1284 -0.124601 -0.059209 -0.615131 0.776262 116.758378 -0.344607 42.732173 1 01284.png
0.0 0.0 -1
1285 -0.110412 -0.051229 -0.616780 0.777668 118.161189 -1.813681 39.165271 1 01285.png
0.0 0.0 -1
1286 -0.098195 -0.041975 -0.618134 0.778785 119.437820 -2.721883 35.625398 1 01286.png
0.0 0.0 -1
1287 -0.088772 -0.036124 -0.619070 0.779465 120.301782 -3.620785 33.115131 1 01287.png
0.0 0.0 -1
1288 -0.083212 -0.033463 -0.620873 0.778763 120.806778 -4.348145 31.744635 1 01288.png
0.0 0.0 -1
1289 -0.082191 -0.032026 -0.620410 0.779301 121.077059 -4.287821 31.339980 1 01289.png
0.0 0.0 -1
1290 -0.081704 -0.034760 -0.621131 0.778661 121.103522 -4.847379 31.765367 1 01290.png
0.0 0.0 -1
1291 -0.083271 -0.035707 -0.621533 0.778130 121.160481 -4.721021 32.174895 1 01291.png
0.0 0.0 -1
1292 -0.085682 -0.037576 -0.621673 0.777669 121.141892 -4.564886 32.892106 1 01292.png
0.0 0.0 -1
1293 -0.086560 -0.039357 -0.621162 0.777892 121.176214 -4.648482 33.375148 1 01293.png
0.0 0.0 -1
1294 -0.088190 -0.040685 -0.620455 0.778205 121.210722 -4.507446 33.894983 1 01294.png
0.0 0.0 -1
1295 -0.088715 -0.040944 -0.620069 0.778439 121.346004 -4.422605 34.040806 1 01295.png
0.0 0.0 -1
1296 -0.089132 -0.039966 -0.620327 0.778237 121.551101 -4.200241 33.918709 1 01296.png
0.0 0.0 -1
1297 -0.085366 -0.037777 -0.620527 0.778609 121.985258 -4.576914 32.938680 1 01297.png
0.0 0.0 -1
1298 -0.081919 -0.034582 -0.621300 0.778511 122.454857 -4.774899 31.791720 1 01298.png
0.0 0.0 -1
1299 -0.076253 -0.030698 -0.621847 0.778812 123.014096 -5.271799 30.174309 1 01299.png
0.0 0.0 -1
1300 -0.070096 -0.026451 -0.621780 0.779600 123.578989 -5.773593 28.424509 1 01300.png
0.0 0.0 -1
1301 -0.063106 -0.021034 -0.622527 0.779766 124.193231 -6.300592 26.290233 1 01301.png
0.0 0.0 -1
1302 -0.055320 -0.015700 -0.622932 0.780159 124.782328 -6.978689 24.048401 1 01302.png
0.0 0.0 -1
1303 -0.050369 -0.012091 -0.623396 0.780188 125.202570 -7.389256 22.570130 1 01303.png
0.0 0.0 -1
1304 -0.046159 -0.010388 -0.623049 0.780750 125.510434 -7.922473 21.596981 1 01304.png
0.0 0.0 -1
1305 -0.044608 -0.009217 -0.624094 0.780020 125.750580 -8.078350 21.104022 1 01305.png
0.0 0.0 -1
1306 -0.042491 -0.009526 -0.624797 0.779572 125.936456 -8.571122 20.815242 1 01306.png
0.0 0.0 -1
1307 -0.042801 -0.010118 -0.625035 0.779357 126.080714 -8.613477 20.976887 1 01307.png
0.0 0.0 -1
1308 -0.043232 -0.008922 -0.624571 0.779719 126.287083 -8.313870 20.831914 1 01308.png
0.0 0.0 -1
1309 -0.041824 -0.010567 -0.624369 0.779937 126.392420 -8.845534 20.942247 1 01309.png
0.0 0.0 -1
1310 -0.042337 -0.010234 -0.624309 0.779962 126.561996 -8.683520 20.966126 1 01310.png
0.0 0.0 -1
1311 -0.042776 -0.009641 -0.624976 0.779411 126.739135 -8.527781 20.903453 1 01311.png
0.0 0.0 -1
1312 -0.041655 -0.010505 -0.624045 0.780207 126.878335 -8.848094 20.934225 1 01312.png
0.0 0.0 -1
1313 -0.041831 -0.009800 -0.626218 0.778463 127.070605 -8.788869 20.757390 1 01313.png
0.0 0.0 -1
1314 -0.041920 -0.010749 -0.626283 0.778394 127.188412 -8.924764 20.959941 1 01314.png
0.0 0.0 -1
1315 -0.041319 -0.010113 -0.626870 0.777962 127.388607 -8.963190 20.722634 1 01315.png
0.0 0.0 -1
1316 -0.041376 -0.010858 -0.626856 0.777960 127.514877 -9.069319 20.884808 1 01316.png
0.0 0.0 -1
1317 -0.041154 -0.010952 -0.626937 0.777905 127.672916 -9.131543 20.871739 1 01317.png
0.0 0.0 -1
1318 -0.040481 -0.010768 -0.627174 0.777752 127.851773 -9.244049 20.722269 1 01318.png
0.0 0.0 -1
1319 -0.041444 -0.010191 -0.627580 0.777381 128.021198 -8.972675 20.754304 1 01319.png
0.0 0.0 -1
1320 -0.040447 -0.010377 -0.626998 0.777900 128.181423 -9.175632 20.659502 1 01320.png
0.0 0.0 -1
1321 -0.040301 -0.010557 -0.627856 0.777213 128.338026 -9.268704 20.650388 1 01321.png
0.0 0.0 -1
1322 -0.039737 -0.010947 -0.627838 0.777252 128.481452 -9.440163 20.644328 1 01322.png
0.0 0.0 -1
1323 -0.039536 -0.010492 -0.627844 0.777263 128.661143 -9.405040 20.523011 1 01323.png
0.0 0.0 -1
1324 -0.039343 -0.011681 -0.627166 0.777804 128.761362 -9.610745 20.753914 1 01324.png
0.0 0.0 -1
1325 -0.038758 -0.012017 -0.626510 0.778356 128.903099 -9.755053 20.751771 1 01325.png
0.0 0.0 -1
1326 -0.038937 -0.011809 -0.626353 0.778476 129.059589 -9.676434 20.751076 1 01326.png
0.0 0.0 -1
1327 -0.039480 -0.011513 -0.626652 0.778213 129.217616 -9.530925 20.774475 1 01327.png
0.0 0.0 -1
1328 -0.040168 -0.010555 -0.625710 0.778949 129.399828 -9.194722 20.728500 1 01328.png
0.0 0.0 -1
1329 -0.039493 -0.010997 -0.626714 0.778170 129.541686 -9.442498 20.679896 1 01329.png
0.0 0.0 -1
1330 -0.038302 -0.012032 -0.626369 0.778492 129.657797 -9.837189 20.710962 1 01330.png
0.0 0.0 -1
1331 -0.040648 -0.010137 -0.626585 0.778226 129.866742 -9.061973 20.708497 1 01331.png
0.0 0.0 -1
1332 -0.040272 -0.012714 -0.626425 0.778337 129.905986 -9.554651 21.174356 1 01332.png
0.0 0.0 -1
1333 -0.041145 -0.014398 -0.625863 0.778713 129.971472 -9.630202 21.680137 1 01333.png
0.0 0.0 -1
1334 -0.043208 -0.014964 -0.625745 0.778686 130.067413 -9.298075 22.139209 1 01334.png
0.0 0.0 -1
1335 -0.043187 -0.017515 -0.625302 0.778990 130.096706 -9.704940 22.668373 1 01335.png
0.0 0.0 -1
1336 -0.045533 -0.017056 -0.625445 0.778751 130.239275 -9.158666 22.957361 1 01336.png
0.0 0.0 -1
1337 -0.046065 -0.018971 -0.625752 0.778429 130.291439 -9.378843 23.425718 1 01337.png
0.0 0.0 -1
1338 -0.047477 -0.019966 -0.626122 0.778021 130.367039 -9.273742 23.849862 1 01338.png
0.0 0.0 -1
1339 -0.049497 -0.021042 -0.626154 0.777842 130.427082 -9.041321 24.401696 1 01339.png
0.0 0.0 -1
1340 -0.050714 -0.022330 -0.626391 0.777536 130.485290 -9.017173 24.855860 1 01340.png
0.0 0.0 -1
1341 -0.053805 -0.025326 -0.625994 0.777557 130.421286 -8.869310 25.981372 1 01341.png
0.0 0.0 -1
1342 -0.057302 -0.027181 -0.625656 0.777516 130.398501 -8.454554 26.941408 1 01342.png
0.0 0.0 -1
1343 -0.060392 -0.030025 -0.624727 0.777925 130.321467 -8.254119 28.052072 1 01343.png
0.0 0.0 -1
1344 -0.064601 -0.032825 -0.624786 0.777426 130.220961 -7.868594 29.306869 1 01344.png
0.0 0.0 -1
1345 -0.068109 -0.034345 -0.623713 0.777922 130.189953 -7.352457 30.218926 1 01345.png
0.0 0.0 -1
1346 -0.070479 -0.038093 -0.624297 0.777068 130.058885 -7.532170 31.345353 1 01346.png
0.0 0.0 -1
1347 -0.073645 -0.040229 -0.623584 0.777239 129.987571 -7.208480 32.315632 1 01347.png
0.0 0.0 -1
1348 -0.076365 -0.042034 -0.623779 0.776724 129.947708 -6.974208 33.118653 1 01348.png
0.0 0.0 -1
1349 -0.078552 -0.043307 -0.623008 0.777055 129.947550 -6.697772 33.761353 1 01349.png
0.0 0.0 -1
1350 -0.078040 -0.045191 -0.623305 0.776762 129.998679 -7.134126 34.050952 1 01350.png
0.0 0.0 -1
1351 -0.075699 -0.046486 -0.623110 0.777073 130.134409 -7.811365 33.943696 1 01351.png
0.0 0.0 -1
1352 -0.071153 -0.044576 -0.622459 0.778135 130.531298 -8.376625 32.840607 1 01352.png
0.0 0.0 -1
1353 -0.064809 -0.039720 -0.623145 0.778404 131.154334 -8.894597 30.803885 1 01353.png
0.0 0.0 -1
1354 -0.058656 -0.035691 -0.623860 0.778514 131.698322 -9.515996 28.955537 1 01354.png
0.0 0.0 -1
1355 -0.054134 -0.029180 -0.624467 0.778626 132.314144 -9.378285 26.863967 1 01355.png
0.0 0.0 -1
1356 -0.049457 -0.023724 -0.625148 0.778576 132.847844 -9.450602 24.951523 1 01356.png
0.0 0.0 -1
1357 -0.045133 -0.020602 -0.625458 0.778679 133.234735 -9.829715 23.581930 1 01357.png
0.0 0.0 -1
1358 -0.042051 -0.020266 -0.625281 0.779002 133.446909 -10.406893 23.007092 1 01358.png
0.0 0.0 -1
1359 -0.041539 -0.019474 -0.625435 0.778926 133.648340 -10.381114 22.759659 1 01359.png
0.0 0.0 -1
1360 -0.041915 -0.019825 -0.624998 0.779248 133.779453 -10.343548 22.912699 1 01360.png
0.0 0.0 -1
1361 -0.043858 -0.020840 -0.624758 0.779307 133.855425 -10.098236 23.457616 1 01361.png
0.0 0.0 -1
1362 -0.044890 -0.022819 -0.625329 0.778735 133.901230 -10.241558 24.028850 1 01362.png
0.0 0.0 -1
1363 -0.046731 -0.024337 -0.625301 0.778602 133.959507 -10.112642 24.657457 1 01363.png
0.0 0.0 -1
1364 -0.047196 -0.024076 -0.625334 0.778556 134.117132 -9.972075 24.681265 1 01364.png
0.0 0.0 -1
1365 -0.047566 -0.025432 -0.625354 0.778474 134.196984 -10.126394 25.027817 1 01365.png
0.0 0.0 -1
1366 -0.047121 -0.025118 -0.624381 0.779292 134.374387 -10.121757 24.922585 1 01366.png
0.0 0.0 -1
1367 -0.047015 -0.025463 -0.624972 0.778813 134.513601 -10.224786 24.963879 1 01367.png
0.0 0.0 -1
1368 -0.046223 -0.025656 -0.623923 0.779695 134.671742 -10.374128 24.911689 1 01368.png
0.0 0.0 -1
1369 -0.046850 -0.025050 -0.624482 0.779230 134.854289 -10.163830 24.875709 1 01369.png
0.0 0.0 -1
1370 -0.046132 -0.024949 -0.624424 0.779322 135.030807 -10.293214 24.740077 1 01370.png
0.0 0.0 -1
1371 -0.046942 -0.024364 -0.624527 0.779210 135.205385 -10.026101 24.754264 1 01371.png
0.0 0.0 -1
1372 -0.046117 -0.023864 -0.625239 0.778704 135.404989 -10.142880 24.493572 1 01372.png
0.0 0.0 -1
1373 -0.047084 -0.022518 -0.625778 0.778253 135.625026 -9.728979 24.364121 1 01373.png
0.0 0.0 -1
1374 -0.046747 -0.022828 -0.626109 0.777997 135.774852 -9.865954 24.368552 1 01374.png
0.0 0.0 -1
1375 -0.046535 -0.022344 -0.624489 0.779325 135.956800 -9.753037 24.286831 1 01375.png
0.0 0.0 -1
1376 -0.046850 -0.022647 -0.624902 0.778967 136.094111 -9.755970 24.395521 1 01376.png
0.0 0.0 -1
1377 -0.046260 -0.022333 -0.623976 0.779753 136.271414 -9.784772 24.266079 1 01377.png
0.0 0.0 -1
1378 -0.045354 -0.023081 -0.625137 0.778854 136.407278 -10.157808 24.239664 1 01378.png
0.0 0.0 -1
1379 -0.044816 -0.023100 -0.625202 0.778833 136.576064 -10.275476 24.156997 1 01379.png
0.0 0.0 -1
1380 -0.043790 -0.024282 -0.625345 0.778740 136.688535 -10.703549 24.231906 1 01380.png
0.0 0.0 -1
1381 -0.043006 -0.025666 -0.625127 0.778914 136.779935 -11.103670 24.402556 1 01381.png
0.0 0.0 -1
1382 -0.041890 -0.026834 -0.624631 0.779333 136.887331 -11.521595 24.481583 1 01382.png
0.0 0.0 -1
1383 -0.042307 -0.026678 -0.625028 0.778998 137.044437 -11.422080 24.511535 1 01383.png
0.0 0.0 -1
1384 -0.043541 -0.025146 -0.624693 0.779250 137.266013 -10.872583 24.413354 1 01384.png
0.0 0.0 -1
1385 -0.044932 -0.022619 -0.624931 0.779058 137.532566 -10.141387 24.110290 1 01385.png
0.0 0.0 -1
1386 -0.045048 -0.022399 -0.625533 0.778574 137.696038 -10.101962 24.070324 1 01386.png
0.0 0.0 -1
1387 -0.046027 -0.023245 -0.626056 0.778071 137.791600 -10.058822 24.412911 1 01387.png
0.0 0.0 -1
1388 -0.046943 -0.022797 -0.626616 0.777578 137.943806 -9.808071 24.459844 1 01388.png
0.0 0.0 -1
1389 -0.048140 -0.025247 -0.626859 0.777234 137.941824 -9.990072 25.184733 1 01389.png
0.0 0.0 -1
1390 -0.050528 -0.026659 -0.626234 0.777539 137.974891 -9.694914 25.921823 1 01390.png
0.0 0.0 -1
1391 -0.053825 -0.029392 -0.626397 0.777088 137.918055 -9.477928 27.075263 1 01391.png
0.0 0.0 -1
1392 -0.058891 -0.031740 -0.625481 0.777366 137.832051 -8.756959 28.485396 1 01392.png
0.0 0.0 -1
1393 -0.064141 -0.037331 -0.624659 0.777363 137.541056 -8.573830 30.608739 1 01393.png
0.0 0.0 -1
1394 -0.070344 -0.041834 -0.624900 0.776402 137.261806 -8.054540 32.628511 1 01394.png
0.0 0.0 -1
1395 -0.078520 -0.047813 -0.624667 0.775461 136.787113 -7.354845 35.310472 1 01395.png
0.0 0.0 -1
1396 -0.086375 -0.052905 -0.624180 0.774686 136.326262 -6.557270 37.755259 1 01396.png
0.0 0.0 -1
1397 -0.094751 -0.060316 -0.623196 0.773957 135.629686 -6.035689 40.782425 1 01397.png
0.0 0.0 -1
1398 -0.102199 -0.064859 -0.621954 0.773641 135.118378 -5.187035 43.039268 1 01398.png
0.0 0.0 -1
1399 -0.109012 -0.070045 -0.622000 0.772221 134.556958 -4.682132 45.282030 1 01399.png
0.0 0.0 -1
1400 -0.112602 -0.073002 -0.620673 0.772500 134.288644 -4.361471 46.542156 1 01400.png
0.0 0.0 -1
1401 -0.116410 -0.072234 -0.619902 0.772627 134.295657 -3.363814 47.050376 1 01401.png
0.0 0.0 -1
1402 -0.115833 -0.073593 -0.620234 0.772319 134.384263 -3.750486 47.235360 1 01402.png
0.0 0.0 -1
1403 -0.116445 -0.074599 -0.620563 0.771866 134.439164 -3.824739 47.548033 1 01403.png
0.0 0.0 -1
1404 -0.115789 -0.073931 -0.620646 0.771962 134.688222 -3.848652 47.301005 1 01404.png
0.0 0.0 -1
1405 -0.116881 -0.075806 -0.620101 0.772054 134.645872 -3.918869 47.893226 1 01405.png
0.0 0.0 -1
1406 -0.120041 -0.077627 -0.620054 0.771426 134.489629 -3.574409 48.814559 1 01406.png
0.0 0.0 -1
1407 -0.123707 -0.081043 -0.619846 0.770662 134.158908 -3.402767 50.156951 1 01407.png
0.0 0.0 -1
1408 -0.129553 -0.083999 -0.618593 0.770391 133.710351 -2.610291 51.793847 1 01408.png
0.0 0.0 -1
1409 -0.135476 -0.088616 -0.617637 0.769622 133.094214 -2.130577 53.777190 1 01409.png
0.0 0.0 -1
1410 -0.141007 -0.093344 -0.617316 0.768326 132.469445 -1.812276 55.692651 1 01410.png
0.0 0.0 -1
1411 -0.148210 -0.097705 -0.616690 0.766929 131.733287 -1.059380 57.815354 1 01411.png
0.0 0.0 -1
1412 -0.152008 -0.101822 -0.616133 0.766098 131.230798 -0.981591 59.307827 1 01412.png
0.0 0.0 -1
1413 -0.153698 -0.102370 -0.614840 0.766726 131.199938 -0.616006 59.731718 1 01413.png
0.0 0.0 -1
1414 -0.151483 -0.099337 -0.615428 0.767094 131.811499 -0.571034 58.730743 1 01414.png
0.0 0.0 -1
1415 -0.142532 -0.094938 -0.616302 0.768663 133.015315 -1.705291 56.303889 1 01415.png
0.0 0.0 -1
1416 -0.131617 -0.084274 -0.618126 0.770386 134.839308 -2.187108 52.205580 1 01416.png
0.0 0.0 -1
1417 -0.115012 -0.075116 -0.619133 0.773178 136.727814 -4.120029 47.418679 1 01417.png
0.0 0.0 -1
1418 -0.101326 -0.064878 -0.621056 0.774476 138.359870 -5.334685 42.822378 1 01418.png
0.0 0.0 -1
1419 -0.085675 -0.054361 -0.622436 0.776066 139.913905 -6.909548 37.788547 1 01419.png
0.0 0.0 -1
1420 -0.070485 -0.044573 -0.623944 0.777006 141.209748 -8.548013 32.941102 1 01420.png
0.0 0.0 -1
1421 -0.057391 -0.035836 -0.624677 0.777946 142.218590 -9.885876 28.686261 1 01421.png
0.0 0.0 -1
1422 -0.047936 -0.029614 -0.625202 0.778426 142.906719 -10.879653 25.613222 1 01422.png
0.0 0.0 -1
1423 -0.041636 -0.028887 -0.625643 0.778461 143.198694 -12.170166 24.312447 1 01423.png
0.0 0.0 -1
1424 -0.041845 -0.025882 -0.625634 0.778564 143.522284 -11.572606 23.686351 1 01424.png
0.0 0.0 -1
1425 -0.040033 -0.024759 -0.625432 0.778857 143.752452 -11.760830 23.124431 1 01425.png
0.0 0.0 -1
1426 -0.038621 -0.025010 -0.625673 0.778727 143.922333 -12.134302 22.922787 1 01426.png
0.0 0.0 -1
1427 -0.039005 -0.024006 -0.625721 0.778701 144.143115 -11.865684 22.770356 1 01427.png
0.0 0.0 -1
1428 -0.039460 -0.026935 -0.626645 0.777838 144.161973 -12.336873 23.471689 1 01428.png
0.0 0.0 -1
1429 -0.044009 -0.028587 -0.625215 0.778686 144.180221 -11.550506 24.720376 1 01429.png
0.0 0.0 -1
1430 -0.046375 -0.030944 -0.625913 0.777897 144.182879 -11.480013 25.658461 1 01430.png
0.0 0.0 -1
1431 -0.048659 -0.031220 -0.625380 0.778175 144.285598 -10.987333 26.160906 1 01431.png
0.0 0.0 -1
1432 -0.048957 -0.032254 -0.625253 0.778217 144.376094 -11.102520 26.457870 1 01432.png
0.0 0.0 -1
1433 -0.050275 -0.031511 -0.625699 0.777804 144.548001 -10.685306 26.515932 1 01433.png
0.0 0.0 -1
1434 -0.048532 -0.032817 -0.625290 0.778190 144.649023 -11.298155 26.509803 1 01434.png
0.0 0.0 -1
1435 -0.048932 -0.032255 -0.625935 0.777670 144.823860 -11.134215 26.437025 1 01435.png
0.0 0.0 -1
1436 -0.048558 -0.032307 -0.625921 0.777703 144.966221 -11.225611 26.384122 1 01436.png
0.0 0.0 -1
1437 -0.047967 -0.032843 -0.626130 0.777548 145.087165 -11.467104 26.393405 1 01437.png
0.0 0.0 -1
1438 -0.047917 -0.033087 -0.625972 0.777669 145.210561 -11.513864 26.452800 1 01438.png
0.0 0.0 -1
1439 -0.047323 -0.033187 -0.626259 0.777469 145.351964 -11.679425 26.363407 1 01439.png
0.0 0.0 -1
1440 -0.048600 -0.032184 -0.625779 0.777819 145.527984 -11.179166 26.391572 1 01440.png
0.0 0.0 -1
1441 -0.047468 -0.032594 -0.625931 0.777749 145.660626 -11.515474 26.277527 1 01441.png
0.0 0.0 -1
1442 -0.047818 -0.032217 -0.626621 0.777188 145.812835 -11.396591 26.234844 1 01442.png
0.0 0.0 -1
1443 -0.047871 -0.031557 -0.626403 0.777388 145.984248 -11.249780 26.109368 1 01443.png
0.0 0.0 -1
1444 -0.047378 -0.031764 -0.627262 0.776716 146.119986 -11.437228 26.039784 1 01444.png
0.0 0.0 -1
1445 -0.046855 -0.032000 -0.627246 0.776751 146.257216 -11.597708 25.997209 1 01445.png
0.0 0.0 -1
1446 -0.046867 -0.032436 -0.627295 0.776693 146.367844 -11.676980 26.098687 1 01446.png
0.0 0.0 -1
1447 -0.047228 -0.031765 -0.627374 0.776635 146.536287 -11.472278 26.015272 1 01447.png
0.0 0.0 -1
1448 -0.045832 -0.032952 -0.627022 0.776953 146.625659 -11.995371 26.050362 1 01448.png
0.0 0.0 -1
1449 -0.046922 -0.032168 -0.627072 0.776881 146.784777 -11.599122 26.079831 1 01449.png
0.0 0.0 -1
1450 -0.046358 -0.031655 -0.626494 0.777402 146.951818 -11.599208 25.887253 1 01450.png
0.0 0.0 -1
1451 -0.045537 -0.032373 -0.627060 0.776965 147.055462 -11.946610 25.876955 1 01451.png
0.0 0.0 -1
1452 -0.045773 -0.032295 -0.626363 0.777516 147.187981 -11.847811 25.929560 1 01452.png
0.0 0.0 -1
1453 -0.045498 -0.032151 -0.627113 0.776933 147.335449 -11.917996 25.822519 1 01453.png
0.0 0.0 -1
1454 -0.045432 -0.032972 -0.627322 0.776734 147.417871 -12.096525 25.992978 1 01454.png
0.0 0.0 -1
1455 -0.045104 -0.032106 -0.626971 0.777073 147.600750 -11.989507 25.754916 1 01455.png
0.0 0.0 -1
1456 -0.045679 -0.033570 -0.626951 0.776993 147.638515 -12.129168 26.202853 1 01456.png
0.0 0.0 -1
1457 -0.047057 -0.034024 -0.627089 0.776780 147.728231 -11.899734 26.563253 1 01457.png
0.0 0.0 -1
1458 -0.048550 -0.034720 -0.627619 0.776229 147.799542 -11.708136 26.985594 1 01458.png
0.0 0.0 -1
1459 -0.050982 -0.035293 -0.627130 0.776442 147.851044 -11.229670 27.589752 1 01459.png
0.0 0.0 -1
1460 -0.051336 -0.036884 -0.626944 0.776495 147.879108 -11.441361 28.024825 1 01460.png
0.0 0.0 -1
1461 -0.053648 -0.037338 -0.626881 0.776368 147.936102 -10.994193 28.562542 1 01461.png
0.0 0.0 -1
1462 -0.055376 -0.040190 -0.626535 0.776384 147.858262 -11.119438 29.550843 1 01462.png
0.0 0.0 -1
1463 -0.059094 -0.043288 -0.627396 0.775247 147.720562 -10.893735 30.923530 1 01463.png
0.0 0.0 -1
1464 -0.064389 -0.047278 -0.627020 0.774896 147.465109 -10.411730 32.835079 1 01464.png
0.0 0.0 -1
1465 -0.068735 -0.050570 -0.626923 0.774394 147.250887 -10.030675 34.398435 1 01465.png
0.0 0.0 -1
1466 -0.074125 -0.054677 -0.626313 0.774111 146.922696 -9.544278 36.349857 1 01466.png
0.0 0.0 -1
1467 -0.079107 -0.058231 -0.626281 0.773384 146.629610 -9.079828 38.080351 1 01467.png
0.0 0.0 -1
1468 -0.081939 -0.062044 -0.626087 0.772950 146.367463 -9.152999 39.472769 1 01468.png
0.0 0.0 -1
1469 -0.085725 -0.063577 -0.625274 0.773073 146.235163 -8.531031 40.549871 1 01469.png
0.0 0.0 -1
1470 -0.087289 -0.064522 -0.624806 0.773197 146.234250 -8.321670 41.072767 1 01470.png
0.0 0.0 -1
1471 -0.087917 -0.065239 -0.625449 0.772546 146.289386 -8.355281 41.331644 1 01471.png
0.0 0.0 -1
1472 -0.087958 -0.065569 -0.624627 0.773179 146.403721 -8.352451 41.446153 1 01472.png
0.0 0.0 -1
1473 -0.087245 -0.065040 -0.625299 0.772761 146.617951 -8.459225 41.175335 1 01473.png
0.0 0.0 -1
1474 -0.086766 -0.065512 -0.625655 0.772486 146.747917 -8.680117 41.190608 1 01474.png
0.0 0.0 -1
1475 -0.086815 -0.064552 -0.625344 0.772813 146.945665 -8.461899 40.998975 1 01475.png
0.0 0.0 -1
1476 -0.087784 -0.063732 -0.625766 0.772431 147.101377 -8.107151 40.984736 1 01476.png
0.0 0.0 -1
1477 -0.087122 -0.064105 -0.625418 0.772756 147.233660 -8.305789 40.961453 1 01477.png
0.0 0.0 -1
1478 -0.087412 -0.063837 -0.625711 0.772508 147.383479 -8.206742 40.946606 1 01478.png
0.0 0.0 -1
1479 -0.088107 -0.062905 -0.624479 0.773503 147.560152 -7.784578 40.907186 1 01479.png
0.0 0.0 -1
1480 -0.087724 -0.062704 -0.625608 0.772649 147.733615 -7.905961 40.756801 1 01480.png
0.0 0.0 -1
1481 -0.087585 -0.062818 -0.624959 0.773181 147.868544 -7.914497 40.782625 1 01481.png
0.0 0.0 -1
1482 -0.087824 -0.061963 -0.625440 0.772834 148.059892 -7.721685 40.626695 1 01482.png
0.0 0.0 -1
1483 -0.086719 -0.063175 -0.626181 0.772260 148.148767 -8.258513 40.679851 1 01483.png
0.0 0.0 -1
1484 -0.087259 -0.062445 -0.625681 0.772664 148.307953 -7.957818 40.636546 1 01484.png
0.0 0.0 -1
1485 -0.086320 -0.063511 -0.625716 0.772654 148.389709 -8.386049 40.701476 1 01485.png
0.0 0.0 -1
1486 -0.085677 -0.064089 -0.625463 0.772883 148.492633 -8.630435 40.719153 1 01486.png
0.0 0.0 -1
1487 -0.085624 -0.064169 -0.625592 0.772777 148.604644 -8.666785 40.724875 1 01487.png
0.0 0.0 -1
1488 -0.085873 -0.064038 -0.625141 0.773126 148.721760 -8.554920 40.761065 1 01488.png
0.0 0.0 -1
1489 -0.084320 -0.063714 -0.625351 0.773154 148.932663 -8.863290 40.400279 1 01489.png
0.0 0.0 -1
1490 -0.080921 -0.062638 -0.625888 0.773170 149.269441 -9.473954 39.506156 1 01490.png
0.0 0.0 -1
1491 -0.077297 -0.059300 -0.626394 0.773394 149.768009 -9.693351 38.040067 1 01491.png
0.0 0.0 -1
1492 -0.069969 -0.056051 -0.626644 0.774132 150.345621 -10.789960 35.888627 1 01492.png
0.0 0.0 -1
1493 -0.061627 -0.050893 -0.627638 0.774391 151.033775 -11.801578 33.066273 1 01493.png
0.0 0.0 -1
1494 -0.054155 -0.045733 -0.627798 0.775142 151.639514 -12.566707 30.434611 1 01494.png
0.0 0.0 -1
1495 -0.044574 -0.040686 -0.627755 0.776068 152.221084 -13.851429 27.422387 1 01495.png
0.0 0.0 -1
1496 -0.035756 -0.034746 -0.627811 0.776767 152.776810 -14.793032 24.335839 1 01496.png
0.0 0.0 -1
1497 -0.026699 -0.028487 -0.628483 0.776842 153.293085 -15.758241 21.091121 1 01497.png
0.0 0.0 -1
1498 -0.019839 -0.024142 -0.628753 0.776976 153.640565 -16.558751 18.727303 1 01498.png
0.0 0.0 -1
1499 -0.016530 -0.021362 -0.628573 0.777281 153.897179 -16.802857 17.435805 1 01499.png
0.0 0.0 -1
1500 -0.015440 -0.020659 -0.628547 0.777343 154.058028 -16.928388 17.057432 1 01500.png
0.0 0.0 -1
1501 -0.014468 -0.019305 -0.628847 0.777155 154.244765 -16.907183 16.534179 1 01501.png
0.0 0.0 -1
1502 -0.015145 -0.018972 -0.628869 0.777132 154.392777 -16.678170 16.590682 1 01502.png
0.0 0.0 -1
1503 -0.014347 -0.018773 -0.629668 0.776505 154.520607 -16.854327 16.360268 1 01503.png
0.0 0.0 -1
1504 -0.015510 -0.018759 -0.629324 0.776761 154.646067 -16.556687 16.605511 1 01504.png
0.0 0.0 -1
1505 -0.016164 -0.020376 -0.629508 0.776559 154.698890 -16.718341 17.115933 1 01505.png
0.0 0.0 -1
1506 -0.018835 -0.021686 -0.628860 0.776987 154.770524 -16.309050 17.981623 1 01506.png
0.0 0.0 -1
1507 -0.020233 -0.023752 -0.629045 0.776742 154.795051 -16.386598 18.739478 1 01507.png
0.0 0.0 -1
1508 -0.022379 -0.025884 -0.629065 0.776599 154.814675 -16.292229 19.670014 1 01508.png
0.0 0.0 -1
1509 -0.025151 -0.025673 -0.628294 0.777145 154.950266 -15.553965 20.197352 1 01509.png
0.0 0.0 -1
1510 -0.026342 -0.026847 -0.628451 0.776939 155.013096 -15.498179 20.709602 1 01510.png
0.0 0.0 -1
1511 -0.027501 -0.027474 -0.628439 0.776886 155.101886 -15.335998 21.092052 1 01511.png
0.0 0.0 -1
1512 -0.028079 -0.027554 -0.627669 0.777485 155.210535 -15.179556 21.261037 1 01512.png
0.0 0.0 -1
1513 -0.029223 -0.026762 -0.629341 0.776118 155.372875 -14.809231 21.230407 1 01513.png
0.0 0.0 -1
1514 -0.028867 -0.027690 -0.628939 0.776425 155.444420 -15.065555 21.400087 1 01514.png
0.0 0.0 -1
1515 -0.030267 -0.028686 -0.629120 0.776189 155.516372 -14.931846 21.909375 1 01515.png
0.0 0.0 -1
1516 -0.031450 -0.029761 -0.628981 0.776214 155.576363 -14.852503 22.408143 1 01516.png
0.0 0.0 -1
1517 -0.034585 -0.030996 -0.629098 0.775937 155.610073 -14.340179 23.319499 1 01517.png
0.0 0.0 -1
1518 -0.036223 -0.032950 -0.629323 0.775599 155.602556 -14.337505 24.104323 1 01518.png
0.0 0.0 -1
1519 -0.039692 -0.034724 -0.628959 0.775647 155.587009 -13.831077 25.229187 1 01519.png
0.0 0.0 -1
1520 -0.041803 -0.037178 -0.628711 0.775624 155.543020 -13.795280 26.245739 1 01520.png
0.0 0.0 -1
1521 -0.045500 -0.039446 -0.629423 0.774726 155.478571 -13.382869 27.489932 1 01521.png
0.0 0.0 -1
1522 -0.048194 -0.042277 -0.628662 0.775031 155.385082 -13.259872 28.730317 1 01522.png
0.0 0.0 -1
1523 -0.050864 -0.044238 -0.629069 0.774421 155.343234 -13.023948 29.711102 1 01523.png
0.0 0.0 -1
1524 -0.053573 -0.046513 -0.629431 0.773810 155.275578 -12.843701 30.774135 1 01524.png
0.0 0.0 -1
1525 -0.057326 -0.048166 -0.628695 0.774038 155.218621 -12.226103 31.938050 1 01525.png
0.0 0.0 -1
1526 -0.058699 -0.050893 -0.628857 0.773630 155.130050 -12.444325 32.859618 1 01526.png
0.0 0.0 -1
1527 -0.061426 -0.052888 -0.628576 0.773512 155.055934 -12.167697 33.887290 1 01527.png
0.0 0.0 -1
1528 -0.062864 -0.054664 -0.628674 0.773194 155.018704 -12.179749 34.596417 1 01528.png
0.0 0.0 -1
1529 -0.064640 -0.055396 -0.628421 0.773201 155.037698 -11.882639 35.132046 1 01529.png
0.0 0.0 -1
1530 -0.064390 -0.056597 -0.627985 0.773489 155.079458 -12.161658 35.383306 1 01530.png
0.0 0.0 -1
1531 -0.065602 -0.056021 -0.628393 0.773097 155.225743 -11.771246 35.472379 1 01531.png
0.0 0.0 -1
1532 -0.065420 -0.056360 -0.627262 0.774006 155.345487 -11.822540 35.563794 1 01532.png
0.0 0.0 -1
1533 -0.065648 -0.055985 -0.627997 0.773418 155.503827 -11.728354 35.504396 1 01533.png
0.0 0.0 -1
1534 -0.065445 -0.055070 -0.628597 0.773013 155.702782 -11.622385 35.229994 1 01534.png
0.0 0.0 -1
1535 -0.065435 -0.055010 -0.628305 0.773256 155.837121 -11.592611 35.226914 1 01535.png
0.0 0.0 -1
1536 -0.063896 -0.055643 -0.628055 0.773542 155.960524 -12.079203 35.085081 1 01536.png
0.0 0.0 -1
1537 -0.063968 -0.056143 -0.627419 0.774016 156.055472 -12.129424 35.245045 1 01537.png
0.0 0.0 -1
1538 -0.064345 -0.055119 -0.628085 0.773519 156.253010 -11.867495 35.053476 1 01538.png
0.0 0.0 -1
